2026-02-26 14:26:09,095 [INFO] Starting RL Training
2026-02-26 14:26:09,095 [INFO] Using device: cuda
2026-02-26 14:26:09,107 [INFO] GPU name: NVIDIA GeForce RTX 4080
2026-02-26 14:26:09,108 [INFO] TensorBoard logging enabled (tensorboard/)
2026-02-26 14:26:10,116 [INFO] Resumed training from checkpoint: checkpoints/ppo_ep_01710.pt | episode = 1710, global_step = 1369449
2026-02-26 14:26:12,577 [INFO] Step 0: reward=-2.205, dist=2.25
2026-02-26 14:26:19,257 [INFO] Step 200: reward=-2.205, dist=1.42
2026-02-26 14:26:20,487 [INFO] Episode 1710 COMPLETE | Reward -356.98 | Steps 251 | Terminated True | Truncated False
2026-02-26 14:26:20,523 [INFO] Checkpoint saved: checkpoints/ppo_ep_01710.pt
2026-02-26 14:26:20,545 [INFO] New BEST model saved! Reward = -356.98 (episode 1710)
2026-02-26 14:26:24,344 [INFO] Step 0: reward=-9.205, dist=2.87
2026-02-26 14:26:35,143 [INFO] Step 200: reward=-2.205, dist=2.02
2026-02-26 14:26:38,455 [INFO] Policy action (normalized): v = -0.998, w = -1.000 | Cmd_vel (scaled): v = -0.998 m/s, w = -1.000 rad/s
2026-02-26 14:26:42,128 [INFO] Step 400: reward=-2.205, dist=3.79
2026-02-26 14:26:42,611 [INFO] Performing PPO update at global step 1370112
2026-02-26 14:26:42,879 [INFO] PPO losses — policy: 0.2431, value: 8817.5631, entropy: 4.2242
2026-02-26 14:26:42,881 [INFO] PPO update completed. Buffer cleared.
2026-02-26 14:26:51,643 [INFO] Step 600: reward=-4.666, dist=2.55
2026-02-26 14:26:57,899 [INFO] Step 800: reward=-2.122, dist=3.70
2026-02-26 14:27:05,978 [INFO] Episode 1711 COMPLETE | Reward -2932.46 | Steps 1000 | Terminated False | Truncated True
2026-02-26 14:27:09,837 [INFO] Step 0: reward=-2.205, dist=2.02
2026-02-26 14:27:14,333 [INFO] Episode 1712 COMPLETE | Reward -97.85 | Steps 144 | Terminated True | Truncated False
2026-02-26 14:27:14,371 [INFO] New BEST model saved! Reward = -97.85 (episode 1712)
2026-02-26 14:27:17,356 [INFO] Step 0: reward=-9.205, dist=2.24
2026-02-26 14:27:25,851 [INFO] Step 200: reward=-1.906, dist=1.90
2026-02-26 14:27:33,744 [INFO] Step 400: reward=-2.309, dist=3.27
2026-02-26 14:27:40,550 [INFO] Step 600: reward=-2.099, dist=1.43
2026-02-26 14:27:47,442 [INFO] Step 800: reward=-2.365, dist=2.88
2026-02-26 14:27:53,383 [INFO] Episode 1713 COMPLETE | Reward -2946.01 | Steps 1000 | Terminated False | Truncated True
2026-02-26 14:27:56,870 [INFO] Step 0: reward=-9.209, dist=2.99
2026-02-26 14:28:03,132 [INFO] Step 200: reward=-2.197, dist=3.39
2026-02-26 14:28:05,346 [INFO] Performing PPO update at global step 1372160
2026-02-26 14:28:05,597 [INFO] PPO losses — policy: 0.2376, value: 9477.2667, entropy: 4.2242
2026-02-26 14:28:05,601 [INFO] PPO update completed. Buffer cleared.
2026-02-26 14:28:08,267 [INFO] Step 400: reward=-4.262, dist=2.69
2026-02-26 14:28:11,602 [INFO] Step 600: reward=-4.205, dist=3.88
2026-02-26 14:28:17,467 [INFO] Step 800: reward=-4.205, dist=2.21
2026-02-26 14:28:23,647 [INFO] Episode 1714 COMPLETE | Reward -3189.53 | Steps 1000 | Terminated False | Truncated True
2026-02-26 14:28:27,442 [INFO] Step 0: reward=-2.205, dist=2.98
2026-02-26 14:28:32,317 [INFO] Step 200: reward=-1.870, dist=4.50
2026-02-26 14:28:38,315 [INFO] Step 400: reward=-4.205, dist=2.92
2026-02-26 14:28:42,263 [INFO] Step 600: reward=-2.009, dist=4.43
2026-02-26 14:28:46,050 [INFO] Step 800: reward=-2.205, dist=3.90
2026-02-26 14:28:49,330 [INFO] Episode 1715 COMPLETE | Reward -2989.29 | Steps 1000 | Terminated False | Truncated True
2026-02-26 14:28:49,367 [INFO] Checkpoint saved: checkpoints/ppo_ep_01715.pt
2026-02-26 14:28:54,388 [INFO] Step 0: reward=-2.205, dist=3.89
2026-02-26 14:28:58,243 [INFO] Step 200: reward=-2.559, dist=3.34
2026-02-26 14:29:01,734 [INFO] Performing PPO update at global step 1374208
2026-02-26 14:29:01,997 [INFO] PPO losses — policy: 0.2694, value: 8209.5009, entropy: 4.2242
2026-02-26 14:29:02,002 [INFO] PPO update completed. Buffer cleared.
2026-02-26 14:29:02,909 [INFO] Step 400: reward=-1.949, dist=4.87
2026-02-26 14:29:06,759 [INFO] Step 600: reward=-2.047, dist=3.83
2026-02-26 14:29:11,927 [INFO] Step 800: reward=-9.567, dist=3.59
2026-02-26 14:29:16,395 [INFO] Episode 1716 COMPLETE | Reward -3061.81 | Steps 1000 | Terminated False | Truncated True
2026-02-26 14:29:19,503 [INFO] Step 0: reward=-2.176, dist=3.49
2026-02-26 14:29:23,500 [INFO] Step 200: reward=-9.011, dist=4.06
2026-02-26 14:29:27,324 [INFO] Step 400: reward=-1.831, dist=4.95
2026-02-26 14:29:31,814 [INFO] Step 600: reward=-2.205, dist=3.20
2026-02-26 14:29:36,250 [INFO] Step 800: reward=-6.100, dist=4.27
2026-02-26 14:29:41,309 [INFO] Episode 1717 COMPLETE | Reward -2815.11 | Steps 1000 | Terminated False | Truncated True
2026-02-26 14:29:45,361 [INFO] Step 0: reward=-9.202, dist=3.13
2026-02-26 14:29:50,329 [INFO] Step 200: reward=-2.111, dist=3.96
2026-02-26 14:29:54,472 [INFO] Step 400: reward=-4.205, dist=2.29
2026-02-26 14:29:54,559 [INFO] Performing PPO update at global step 1376256
2026-02-26 14:29:54,939 [INFO] PPO losses — policy: 0.2772, value: 5174.3107, entropy: 4.2242
2026-02-26 14:29:54,946 [INFO] PPO update completed. Buffer cleared.
2026-02-26 14:30:00,779 [INFO] Step 600: reward=-6.225, dist=2.84
2026-02-26 14:30:05,458 [INFO] Step 800: reward=-2.045, dist=4.79
2026-02-26 14:30:10,814 [INFO] Episode 1718 COMPLETE | Reward -2867.43 | Steps 1000 | Terminated False | Truncated True
2026-02-26 14:30:15,298 [INFO] Step 0: reward=5.362, dist=3.04
2026-02-26 14:30:20,388 [INFO] Step 200: reward=-4.083, dist=2.71
2026-02-26 14:30:25,812 [INFO] Step 400: reward=-3.892, dist=4.65
2026-02-26 14:30:31,890 [INFO] Step 600: reward=-2.069, dist=3.92
2026-02-26 14:30:36,570 [INFO] Step 800: reward=-2.061, dist=2.05
2026-02-26 14:30:42,179 [INFO] Episode 1719 COMPLETE | Reward -2355.49 | Steps 1000 | Terminated False | Truncated True
2026-02-26 14:30:45,254 [INFO] Step 0: reward=-2.205, dist=2.56
2026-02-26 14:30:49,337 [INFO] Step 200: reward=0.243, dist=2.94
2026-02-26 14:30:53,759 [INFO] Step 400: reward=-4.396, dist=3.74
2026-02-26 14:30:55,469 [INFO] Performing PPO update at global step 1378304
2026-02-26 14:30:55,724 [INFO] PPO losses — policy: 0.2832, value: 5422.7050, entropy: 4.2242
2026-02-26 14:30:55,730 [INFO] PPO update completed. Buffer cleared.
2026-02-26 14:30:57,593 [INFO] Step 600: reward=-2.106, dist=3.94
2026-02-26 14:31:04,310 [INFO] Step 800: reward=-7.883, dist=3.20
2026-02-26 14:31:10,616 [INFO] Episode 1720 COMPLETE | Reward -2467.99 | Steps 1000 | Terminated False | Truncated True
2026-02-26 14:31:10,651 [INFO] Checkpoint saved: checkpoints/ppo_ep_01720.pt
2026-02-26 14:31:15,644 [INFO] Step 0: reward=-2.205, dist=2.75
2026-02-26 14:31:20,922 [INFO] Step 200: reward=-1.992, dist=4.33
2026-02-26 14:31:25,563 [INFO] Step 400: reward=-2.205, dist=3.17
2026-02-26 14:31:29,698 [INFO] Step 600: reward=-4.334, dist=3.04
2026-02-26 14:31:35,867 [INFO] Step 800: reward=-1.905, dist=5.44
2026-02-26 14:31:43,315 [INFO] Episode 1721 COMPLETE | Reward -3041.11 | Steps 1000 | Terminated False | Truncated True
2026-02-26 14:31:48,303 [INFO] Step 0: reward=-2.205, dist=3.95
2026-02-26 14:31:53,537 [INFO] Policy action (normalized): v = -1.000, w = -1.000 | Cmd_vel (scaled): v = -1.000 m/s, w = -1.000 rad/s
2026-02-26 14:31:54,230 [INFO] Step 200: reward=-3.771, dist=4.46
2026-02-26 14:31:57,918 [INFO] Step 400: reward=-4.296, dist=3.26
2026-02-26 14:32:00,899 [INFO] Performing PPO update at global step 1380352
2026-02-26 14:32:01,239 [INFO] PPO losses — policy: 0.2684, value: 4252.8171, entropy: 4.2242
2026-02-26 14:32:01,244 [INFO] PPO update completed. Buffer cleared.
2026-02-26 14:32:03,534 [INFO] Step 600: reward=-2.074, dist=4.73
2026-02-26 14:32:08,942 [INFO] Step 800: reward=-2.054, dist=3.76
2026-02-26 14:32:15,753 [INFO] Episode 1722 COMPLETE | Reward -2916.51 | Steps 1000 | Terminated False | Truncated True
2026-02-26 14:32:18,335 [INFO] Step 0: reward=-2.205, dist=3.43
2026-02-26 14:32:25,002 [INFO] Step 200: reward=-1.905, dist=4.81
2026-02-26 14:32:29,425 [INFO] Step 400: reward=-2.110, dist=3.11
2026-02-26 14:32:35,238 [INFO] Step 600: reward=-3.905, dist=4.74
2026-02-26 14:32:41,605 [INFO] Step 800: reward=-1.969, dist=3.36
2026-02-26 14:32:47,697 [INFO] Episode 1723 COMPLETE | Reward -2932.03 | Steps 1000 | Terminated False | Truncated True
2026-02-26 14:32:51,935 [INFO] Step 0: reward=-2.205, dist=3.03
2026-02-26 14:32:58,909 [INFO] Step 200: reward=-4.900, dist=3.43
2026-02-26 14:33:05,523 [INFO] Step 400: reward=-2.068, dist=2.44
2026-02-26 14:33:10,561 [INFO] Performing PPO update at global step 1382400
2026-02-26 14:33:10,822 [INFO] PPO losses — policy: 0.3043, value: 7210.2023, entropy: 4.2242
2026-02-26 14:33:10,826 [INFO] PPO update completed. Buffer cleared.
2026-02-26 14:33:12,396 [INFO] Step 600: reward=-2.517, dist=3.72
2026-02-26 14:33:18,868 [INFO] Step 800: reward=-2.205, dist=2.36
2026-02-26 14:33:25,065 [INFO] Episode 1724 COMPLETE | Reward -3029.75 | Steps 1000 | Terminated False | Truncated True
2026-02-26 14:33:50,273 [INFO] Step 0: reward=-100.000, dist=3963.28
2026-02-26 14:33:50,273 [INFO] Episode 1725 COMPLETE | Reward -100.00 | Steps 1 | Terminated False | Truncated True
2026-02-26 14:33:50,313 [INFO] Checkpoint saved: checkpoints/ppo_ep_01725.pt
2026-02-26 14:34:15,526 [INFO] Step 0: reward=-100.000, dist=348.71
2026-02-26 14:34:15,526 [INFO] Episode 1726 COMPLETE | Reward -100.00 | Steps 1 | Terminated False | Truncated True
2026-02-26 14:34:18,631 [INFO] Step 0: reward=-2.205, dist=2.41
2026-02-26 14:34:22,908 [INFO] Step 200: reward=-2.205, dist=3.98
2026-02-26 14:34:25,795 [INFO] Step 400: reward=-2.205, dist=3.54
2026-02-26 14:34:30,061 [INFO] Step 600: reward=-2.446, dist=2.31
2026-02-26 14:34:35,566 [INFO] Step 800: reward=-2.205, dist=3.84
2026-02-26 14:34:39,367 [INFO] Episode 1727 COMPLETE | Reward -2972.79 | Steps 1000 | Terminated False | Truncated True
2026-02-26 14:34:50,802 [INFO] Step 0: reward=-1.905, dist=4.24
2026-02-26 14:34:55,938 [INFO] Step 200: reward=-1.829, dist=5.86
2026-02-26 14:35:01,283 [INFO] Step 400: reward=-2.205, dist=3.96
2026-02-26 14:35:05,102 [INFO] Step 600: reward=-1.905, dist=5.38
2026-02-26 14:35:05,198 [INFO] Performing PPO update at global step 1384448
2026-02-26 14:35:05,460 [INFO] PPO losses — policy: 0.2186, value: 5051.7336, entropy: 4.2242
2026-02-26 14:35:05,465 [INFO] PPO update completed. Buffer cleared.
2026-02-26 14:35:11,016 [INFO] Step 800: reward=-1.606, dist=4.63
2026-02-26 14:35:17,404 [INFO] Episode 1728 COMPLETE | Reward -2223.36 | Steps 1000 | Terminated False | Truncated True
2026-02-26 14:35:21,823 [INFO] Step 0: reward=-2.205, dist=2.30
2026-02-26 14:35:25,957 [INFO] Episode 1729 COMPLETE | Reward -54.39 | Steps 132 | Terminated True | Truncated False
2026-02-26 14:35:25,989 [INFO] New BEST model saved! Reward = -54.39 (episode 1729)
2026-02-26 14:35:29,083 [INFO] Step 0: reward=-2.205, dist=3.16
2026-02-26 14:35:34,223 [INFO] Step 200: reward=-1.983, dist=4.86
2026-02-26 14:35:41,026 [INFO] Step 400: reward=-2.333, dist=3.19
2026-02-26 14:35:46,270 [INFO] Step 600: reward=-1.887, dist=4.95
2026-02-26 14:35:52,454 [INFO] Step 800: reward=-2.205, dist=3.12
2026-02-26 14:35:58,372 [INFO] Episode 1730 COMPLETE | Reward -3120.45 | Steps 1000 | Terminated False | Truncated True
2026-02-26 14:35:58,408 [INFO] Checkpoint saved: checkpoints/ppo_ep_01730.pt
2026-02-26 14:36:01,390 [INFO] Step 0: reward=-2.205, dist=3.93
2026-02-26 14:36:05,423 [INFO] Step 200: reward=-9.034, dist=4.52
2026-02-26 14:36:10,091 [INFO] Step 400: reward=-1.905, dist=5.17
2026-02-26 14:36:13,706 [INFO] Performing PPO update at global step 1386496
2026-02-26 14:36:13,974 [INFO] PPO losses — policy: 0.2696, value: 5395.2563, entropy: 4.2242
2026-02-26 14:36:13,979 [INFO] PPO update completed. Buffer cleared.
2026-02-26 14:36:16,022 [INFO] Step 600: reward=-4.240, dist=4.27
2026-02-26 14:36:22,719 [INFO] Step 800: reward=-1.589, dist=4.46
2026-02-26 14:36:26,860 [INFO] Episode 1731 COMPLETE | Reward -2980.22 | Steps 1000 | Terminated False | Truncated True
2026-02-26 14:36:30,044 [INFO] Step 0: reward=-8.866, dist=2.96
2026-02-26 14:36:35,116 [INFO] Step 200: reward=-4.205, dist=3.81
2026-02-26 14:36:38,945 [INFO] Step 400: reward=-4.205, dist=2.19
2026-02-26 14:36:44,003 [INFO] Step 600: reward=-4.205, dist=3.42
2026-02-26 14:36:49,773 [INFO] Step 800: reward=-2.047, dist=2.93
2026-02-26 14:36:56,371 [INFO] Episode 1732 COMPLETE | Reward -3124.16 | Steps 1000 | Terminated False | Truncated True
2026-02-26 14:37:00,457 [INFO] Step 0: reward=-2.205, dist=2.76
2026-02-26 14:37:05,704 [INFO] Step 200: reward=0.177, dist=1.56
2026-02-26 14:37:11,334 [INFO] Step 400: reward=-2.221, dist=3.02
2026-02-26 14:37:16,206 [INFO] Performing PPO update at global step 1388544
2026-02-26 14:37:16,462 [INFO] PPO losses — policy: 0.2564, value: 5795.3023, entropy: 4.2242
2026-02-26 14:37:16,466 [INFO] PPO update completed. Buffer cleared.
2026-02-26 14:37:17,476 [INFO] Step 600: reward=-2.205, dist=1.24
2026-02-26 14:37:21,175 [INFO] Step 800: reward=0.426, dist=1.45
2026-02-26 14:37:27,484 [INFO] Episode 1733 COMPLETE | Reward -2693.87 | Steps 1000 | Terminated False | Truncated True
2026-02-26 14:37:31,778 [INFO] Step 0: reward=-2.205, dist=2.76
2026-02-26 14:37:36,369 [INFO] Step 200: reward=-4.359, dist=3.84
2026-02-26 14:37:42,788 [INFO] Step 400: reward=-4.205, dist=3.07
2026-02-26 14:37:48,429 [INFO] Step 600: reward=-2.061, dist=4.15
2026-02-26 14:37:54,190 [INFO] Step 800: reward=-2.066, dist=2.98
2026-02-26 14:37:58,672 [INFO] Episode 1734 COMPLETE | Reward -3100.95 | Steps 1000 | Terminated False | Truncated True
2026-02-26 14:38:01,762 [INFO] Step 0: reward=-2.205, dist=3.72
2026-02-26 14:38:01,935 [INFO] Policy action (normalized): v = -1.000, w = -1.000 | Cmd_vel (scaled): v = -1.000 m/s, w = -1.000 rad/s
2026-02-26 14:38:04,769 [INFO] Step 200: reward=-4.205, dist=2.93
2026-02-26 14:38:10,593 [INFO] Step 400: reward=-1.869, dist=4.66
2026-02-26 14:38:16,262 [INFO] Step 600: reward=-2.299, dist=2.89
2026-02-26 14:38:16,699 [INFO] Performing PPO update at global step 1390592
2026-02-26 14:38:16,969 [INFO] PPO losses — policy: 0.2656, value: 6034.2809, entropy: 4.2242
2026-02-26 14:38:16,973 [INFO] PPO update completed. Buffer cleared.
2026-02-26 14:38:22,826 [INFO] Step 800: reward=-1.905, dist=4.54
2026-02-26 14:38:28,106 [INFO] Episode 1735 COMPLETE | Reward -2911.53 | Steps 1000 | Terminated False | Truncated True
2026-02-26 14:38:28,143 [INFO] Checkpoint saved: checkpoints/ppo_ep_01735.pt
2026-02-26 14:38:30,380 [INFO] Step 0: reward=-2.205, dist=2.84
2026-02-26 14:38:34,436 [INFO] Step 200: reward=-2.203, dist=2.87
2026-02-26 14:38:38,194 [INFO] Step 400: reward=-2.128, dist=1.42
2026-02-26 14:38:42,329 [INFO] Step 600: reward=-2.370, dist=2.65
2026-02-26 14:38:47,590 [INFO] Step 800: reward=-2.205, dist=2.26
2026-02-26 14:38:53,069 [INFO] Episode 1736 COMPLETE | Reward -3006.82 | Steps 1000 | Terminated False | Truncated True
2026-02-26 14:38:56,229 [INFO] Step 0: reward=-2.205, dist=2.90
2026-02-26 14:39:01,225 [INFO] Step 200: reward=-2.237, dist=4.17
2026-02-26 14:39:07,784 [INFO] Step 400: reward=-2.121, dist=2.70
2026-02-26 14:39:14,421 [INFO] Step 600: reward=-1.903, dist=4.48
2026-02-26 14:39:16,204 [INFO] Performing PPO update at global step 1392640
2026-02-26 14:39:16,595 [INFO] PPO losses — policy: 0.2947, value: 5334.8842, entropy: 4.2242
2026-02-26 14:39:16,601 [INFO] PPO update completed. Buffer cleared.
2026-02-26 14:39:20,908 [INFO] Step 800: reward=-2.335, dist=2.70
2026-02-26 14:39:25,913 [INFO] Episode 1737 COMPLETE | Reward -3086.75 | Steps 1000 | Terminated False | Truncated True
2026-02-26 14:39:29,105 [INFO] Step 0: reward=-2.205, dist=2.31
2026-02-26 14:39:31,921 [INFO] Episode 1738 COMPLETE | Reward 80.39 | Steps 82 | Terminated True | Truncated False
2026-02-26 14:39:31,941 [INFO] New BEST model saved! Reward = 80.39 (episode 1738)
2026-02-26 14:39:36,396 [INFO] Step 0: reward=-2.205, dist=2.46
2026-02-26 14:39:42,611 [INFO] Step 200: reward=0.426, dist=1.36
2026-02-26 14:39:48,047 [INFO] Step 400: reward=-2.417, dist=2.98
2026-02-26 14:39:52,949 [INFO] Step 600: reward=-4.205, dist=3.46
2026-02-26 14:39:57,670 [INFO] Step 800: reward=0.025, dist=2.39
2026-02-26 14:40:03,435 [INFO] Episode 1739 COMPLETE | Reward -2776.38 | Steps 1000 | Terminated False | Truncated True
2026-02-26 14:40:06,502 [INFO] Step 0: reward=-2.196, dist=2.49
2026-02-26 14:40:10,771 [INFO] Step 200: reward=-2.205, dist=2.57
2026-02-26 14:40:14,159 [INFO] Episode 1740 COMPLETE | Reward -474.02 | Steps 301 | Terminated True | Truncated False
2026-02-26 14:40:14,199 [INFO] Checkpoint saved: checkpoints/ppo_ep_01740.pt
2026-02-26 14:40:18,279 [INFO] Step 0: reward=-9.164, dist=2.21
2026-02-26 14:40:23,900 [INFO] Step 200: reward=4.868, dist=2.15
2026-02-26 14:40:27,529 [INFO] Performing PPO update at global step 1394688
2026-02-26 14:40:27,790 [INFO] PPO losses — policy: 0.2269, value: 6400.2170, entropy: 4.2242
2026-02-26 14:40:27,796 [INFO] PPO update completed. Buffer cleared.
2026-02-26 14:40:30,998 [INFO] Step 400: reward=-2.561, dist=3.85
2026-02-26 14:40:37,248 [INFO] Step 600: reward=-2.205, dist=3.96
2026-02-26 14:40:43,367 [INFO] Step 800: reward=-2.201, dist=1.90
2026-02-26 14:40:49,467 [INFO] Episode 1741 COMPLETE | Reward -2615.76 | Steps 1000 | Terminated False | Truncated True
2026-02-26 14:40:54,574 [INFO] Step 0: reward=-2.205, dist=2.77
2026-02-26 14:40:59,918 [INFO] Step 200: reward=-4.589, dist=4.18
2026-02-26 14:41:04,669 [INFO] Step 400: reward=-1.955, dist=5.12
2026-02-26 14:41:11,025 [INFO] Step 600: reward=-2.082, dist=3.90
2026-02-26 14:41:16,652 [INFO] Step 800: reward=-2.234, dist=2.30
2026-02-26 14:41:22,581 [INFO] Episode 1742 COMPLETE | Reward -3013.18 | Steps 1000 | Terminated False | Truncated True
2026-02-26 14:41:27,405 [INFO] Step 0: reward=-2.205, dist=3.34
2026-02-26 14:41:32,364 [INFO] Step 200: reward=-1.905, dist=7.44
2026-02-26 14:41:37,924 [INFO] Performing PPO update at global step 1396736
2026-02-26 14:41:38,186 [INFO] PPO losses — policy: 0.2472, value: 2530.7057, entropy: 4.2242
2026-02-26 14:41:38,190 [INFO] PPO update completed. Buffer cleared.
2026-02-26 14:41:39,006 [INFO] Step 400: reward=-1.905, dist=8.36
2026-02-26 14:41:45,197 [INFO] Step 600: reward=-6.501, dist=8.03
2026-02-26 14:41:51,337 [INFO] Step 800: reward=-1.422, dist=7.94
2026-02-26 14:41:56,513 [INFO] Episode 1743 COMPLETE | Reward -2785.88 | Steps 1000 | Terminated False | Truncated True
2026-02-26 14:42:00,593 [INFO] Step 0: reward=-2.205, dist=2.29
2026-02-26 14:42:04,850 [INFO] Episode 1744 COMPLETE | Reward -198.83 | Steps 180 | Terminated True | Truncated False
2026-02-26 14:42:07,917 [INFO] Step 0: reward=-2.205, dist=2.25
2026-02-26 14:42:14,307 [INFO] Step 200: reward=-2.083, dist=1.07
2026-02-26 14:42:14,510 [INFO] Episode 1745 COMPLETE | Reward -232.17 | Steps 209 | Terminated True | Truncated False
2026-02-26 14:42:14,559 [INFO] Checkpoint saved: checkpoints/ppo_ep_01745.pt
2026-02-26 14:42:17,783 [INFO] Step 0: reward=-9.205, dist=2.09
2026-02-26 14:42:23,766 [INFO] Step 200: reward=-2.204, dist=2.51
2026-02-26 14:42:28,576 [INFO] Step 400: reward=0.564, dist=1.53
2026-02-26 14:42:35,461 [INFO] Step 600: reward=0.574, dist=1.43
2026-02-26 14:42:41,760 [INFO] Step 800: reward=0.580, dist=1.26
2026-02-26 14:42:46,532 [INFO] Episode 1746 COMPLETE | Reward -2287.05 | Steps 1000 | Terminated False | Truncated True
2026-02-26 14:42:50,600 [INFO] Step 0: reward=-9.203, dist=3.59
2026-02-26 14:42:51,677 [INFO] Performing PPO update at global step 1398784
2026-02-26 14:42:51,947 [INFO] PPO losses — policy: 0.2273, value: 3342.6237, entropy: 4.2242
2026-02-26 14:42:51,952 [INFO] PPO update completed. Buffer cleared.
2026-02-26 14:42:56,336 [INFO] Step 200: reward=-3.905, dist=4.14
2026-02-26 14:42:59,992 [INFO] Step 400: reward=-2.205, dist=2.78
2026-02-26 14:43:04,628 [INFO] Step 600: reward=-1.905, dist=4.27
2026-02-26 14:43:11,342 [INFO] Step 800: reward=-2.200, dist=2.75
2026-02-26 14:43:17,205 [INFO] Episode 1747 COMPLETE | Reward -2965.77 | Steps 1000 | Terminated False | Truncated True
2026-02-26 14:43:20,385 [INFO] Step 0: reward=-2.205, dist=3.53
2026-02-26 14:43:25,431 [INFO] Step 200: reward=-2.047, dist=5.01
2026-02-26 14:43:26,741 [INFO] Policy action (normalized): v = -1.000, w = -1.000 | Cmd_vel (scaled): v = -1.000 m/s, w = -1.000 rad/s
2026-02-26 14:43:30,133 [INFO] Step 400: reward=-1.577, dist=4.33
2026-02-26 14:43:33,960 [INFO] Step 600: reward=-2.205, dist=3.78
2026-02-26 14:43:39,597 [INFO] Step 800: reward=-1.831, dist=5.13
2026-02-26 14:43:45,714 [INFO] Episode 1748 COMPLETE | Reward -2744.49 | Steps 1000 | Terminated False | Truncated True
2026-02-26 14:43:48,810 [INFO] Step 0: reward=-2.205, dist=3.73
2026-02-26 14:43:52,261 [INFO] Performing PPO update at global step 1400832
2026-02-26 14:43:52,519 [INFO] PPO losses — policy: 0.2812, value: 3489.2620, entropy: 4.2242
2026-02-26 14:43:52,523 [INFO] PPO update completed. Buffer cleared.
2026-02-26 14:43:56,861 [INFO] Step 200: reward=-1.944, dist=5.22
2026-02-26 14:44:02,766 [INFO] Step 400: reward=-2.234, dist=3.44
2026-02-26 14:44:08,852 [INFO] Step 600: reward=-1.905, dist=5.24
2026-02-26 14:44:11,981 [INFO] Step 800: reward=-1.749, dist=4.38
2026-02-26 14:44:16,769 [INFO] Episode 1749 COMPLETE | Reward -2580.82 | Steps 1000 | Terminated False | Truncated True
2026-02-26 14:44:21,370 [INFO] Step 0: reward=-2.205, dist=3.20
2026-02-26 14:44:28,533 [INFO] Step 200: reward=-4.585, dist=3.69
2026-02-26 14:44:34,381 [INFO] Step 400: reward=-2.055, dist=2.98
2026-02-26 14:44:40,622 [INFO] Step 600: reward=-2.205, dist=3.69
2026-02-26 14:44:45,478 [INFO] Step 800: reward=-3.729, dist=3.21
2026-02-26 14:44:49,268 [INFO] Episode 1750 COMPLETE | Reward -2656.58 | Steps 1000 | Terminated False | Truncated True
2026-02-26 14:44:49,302 [INFO] Checkpoint saved: checkpoints/ppo_ep_01750.pt
2026-02-26 14:44:54,310 [INFO] Step 0: reward=-2.205, dist=3.32
2026-02-26 14:44:58,079 [INFO] Performing PPO update at global step 1402880
2026-02-26 14:44:58,347 [INFO] PPO losses — policy: 0.2787, value: 3655.7654, entropy: 4.2242
2026-02-26 14:44:58,352 [INFO] PPO update completed. Buffer cleared.
2026-02-26 14:45:00,702 [INFO] Step 200: reward=-1.764, dist=4.77
2026-02-26 14:45:06,091 [INFO] Step 400: reward=-2.286, dist=3.08
2026-02-26 14:45:11,560 [INFO] Step 600: reward=-2.224, dist=4.78
2026-02-26 14:45:16,842 [INFO] Step 800: reward=-2.205, dist=3.39
2026-02-26 14:45:22,217 [INFO] Episode 1751 COMPLETE | Reward -2805.14 | Steps 1000 | Terminated False | Truncated True
2026-02-26 14:45:25,294 [INFO] Step 0: reward=-1.905, dist=61.25
2026-02-26 14:45:26,276 [INFO] Episode 1752 COMPLETE | Reward -679.03 | Steps 28 | Terminated False | Truncated True
2026-02-26 14:45:29,470 [INFO] Step 0: reward=-2.201, dist=3.83
2026-02-26 14:45:35,542 [INFO] Step 200: reward=-4.203, dist=3.79
2026-02-26 14:45:41,201 [INFO] Step 400: reward=-4.204, dist=3.78
2026-02-26 14:45:45,512 [INFO] Step 600: reward=-4.204, dist=3.76
2026-02-26 14:45:49,897 [INFO] Step 800: reward=-4.205, dist=3.76
2026-02-26 14:45:57,520 [INFO] Episode 1753 COMPLETE | Reward -4142.43 | Steps 1000 | Terminated False | Truncated True
2026-02-26 14:46:01,734 [INFO] Step 0: reward=-2.204, dist=2.05
2026-02-26 14:46:05,512 [INFO] Performing PPO update at global step 1404928
2026-02-26 14:46:05,891 [INFO] PPO losses — policy: 0.2511, value: 3819.4226, entropy: 4.2242
2026-02-26 14:46:05,898 [INFO] PPO update completed. Buffer cleared.
2026-02-26 14:46:07,545 [INFO] Step 200: reward=-2.048, dist=1.02
2026-02-26 14:46:07,571 [INFO] Episode 1754 COMPLETE | Reward -243.32 | Steps 203 | Terminated True | Truncated False
2026-02-26 14:46:12,252 [INFO] Step 0: reward=-2.205, dist=2.54
2026-02-26 14:46:17,468 [INFO] Step 200: reward=0.235, dist=3.07
2026-02-26 14:46:24,527 [INFO] Step 400: reward=-1.766, dist=4.06
2026-02-26 14:46:31,464 [INFO] Step 600: reward=-9.875, dist=3.45
2026-02-26 14:46:37,566 [INFO] Step 800: reward=-2.204, dist=3.25
2026-02-26 14:46:41,532 [INFO] Episode 1755 COMPLETE | Reward -2738.85 | Steps 1000 | Terminated False | Truncated True
2026-02-26 14:46:41,579 [INFO] Checkpoint saved: checkpoints/ppo_ep_01755.pt
2026-02-26 14:46:44,780 [INFO] Step 0: reward=-2.205, dist=2.33
2026-02-26 14:46:47,827 [INFO] Episode 1756 COMPLETE | Reward -158.23 | Steps 155 | Terminated True | Truncated False
2026-02-26 14:46:51,606 [INFO] Step 0: reward=-2.205, dist=3.23
2026-02-26 14:46:56,270 [INFO] Step 200: reward=0.365, dist=2.85
2026-02-26 14:47:01,999 [INFO] Step 400: reward=-1.849, dist=4.10
2026-02-26 14:47:06,446 [INFO] Step 600: reward=-2.143, dist=2.43
2026-02-26 14:47:12,504 [INFO] Step 800: reward=-4.893, dist=3.39
2026-02-26 14:47:13,489 [INFO] Performing PPO update at global step 1406976
2026-02-26 14:47:13,860 [INFO] PPO losses — policy: 0.2665, value: 3766.9322, entropy: 4.2242
2026-02-26 14:47:13,866 [INFO] PPO update completed. Buffer cleared.
2026-02-26 14:47:19,477 [INFO] Episode 1757 COMPLETE | Reward -2767.31 | Steps 1000 | Terminated False | Truncated True
2026-02-26 14:47:30,994 [INFO] Step 0: reward=0.095, dist=4.24
2026-02-26 14:47:34,413 [INFO] Step 200: reward=-2.142, dist=5.60
2026-02-26 14:47:40,220 [INFO] Step 400: reward=-1.814, dist=4.17
2026-02-26 14:47:46,311 [INFO] Step 600: reward=-1.980, dist=5.85
2026-02-26 14:47:51,574 [INFO] Step 800: reward=-3.905, dist=4.11
2026-02-26 14:47:57,352 [INFO] Episode 1758 COMPLETE | Reward -2201.00 | Steps 1000 | Terminated False | Truncated True
2026-02-26 14:48:01,406 [INFO] Step 0: reward=-2.205, dist=2.71
2026-02-26 14:48:07,378 [INFO] Step 200: reward=-2.112, dist=3.58
2026-02-26 14:48:11,499 [INFO] Step 400: reward=-2.070, dist=1.96
2026-02-26 14:48:17,388 [INFO] Step 600: reward=-2.285, dist=3.64
2026-02-26 14:48:21,929 [INFO] Step 800: reward=-1.743, dist=2.60
2026-02-26 14:48:23,742 [INFO] Performing PPO update at global step 1409024
2026-02-26 14:48:24,124 [INFO] PPO losses — policy: 0.2187, value: 1575.5880, entropy: 4.2242
2026-02-26 14:48:24,130 [INFO] PPO update completed. Buffer cleared.
2026-02-26 14:48:26,343 [INFO] Episode 1759 COMPLETE | Reward -2643.03 | Steps 1000 | Terminated False | Truncated True
2026-02-26 14:48:30,367 [INFO] Step 0: reward=-2.205, dist=2.83
2026-02-26 14:48:35,569 [INFO] Step 200: reward=-1.869, dist=4.35
2026-02-26 14:48:41,942 [INFO] Step 400: reward=-4.849, dist=2.81
2026-02-26 14:48:47,541 [INFO] Step 600: reward=-1.792, dist=4.20
2026-02-26 14:48:53,629 [INFO] Step 800: reward=-4.205, dist=2.63
2026-02-26 14:48:55,411 [INFO] Policy action (normalized): v = -0.997, w = -1.000 | Cmd_vel (scaled): v = -0.997 m/s, w = -1.000 rad/s
2026-02-26 14:48:58,732 [INFO] Episode 1760 COMPLETE | Reward -3075.73 | Steps 1000 | Terminated False | Truncated True
2026-02-26 14:48:58,763 [INFO] Checkpoint saved: checkpoints/ppo_ep_01760.pt
2026-02-26 14:49:02,858 [INFO] Step 0: reward=-2.205, dist=2.48
2026-02-26 14:49:07,480 [INFO] Step 200: reward=-1.734, dist=2.47
2026-02-26 14:49:12,295 [INFO] Step 400: reward=-5.169, dist=1.36
2026-02-26 14:49:16,687 [INFO] Step 600: reward=-1.579, dist=1.34
2026-02-26 14:49:22,079 [INFO] Step 800: reward=-6.266, dist=1.28
2026-02-26 14:49:26,605 [INFO] Performing PPO update at global step 1411072
2026-02-26 14:49:26,869 [INFO] PPO losses — policy: 0.2656, value: 4117.1459, entropy: 4.2242
2026-02-26 14:49:26,874 [INFO] PPO update completed. Buffer cleared.
2026-02-26 14:49:28,778 [INFO] Episode 1761 COMPLETE | Reward -2716.93 | Steps 1000 | Terminated False | Truncated True
2026-02-26 14:49:33,322 [INFO] Step 0: reward=-1.905, dist=73.57
2026-02-26 14:49:34,254 [INFO] Episode 1762 COMPLETE | Reward -616.54 | Steps 25 | Terminated False | Truncated True
2026-02-26 14:49:39,331 [INFO] Step 0: reward=-2.202, dist=2.64
2026-02-26 14:49:44,633 [INFO] Step 200: reward=-1.905, dist=4.25
2026-02-26 14:49:49,444 [INFO] Step 400: reward=-2.205, dist=2.45
2026-02-26 14:49:55,985 [INFO] Step 600: reward=-1.850, dist=4.18
2026-02-26 14:50:00,324 [INFO] Step 800: reward=-4.127, dist=2.51
2026-02-26 14:50:07,756 [INFO] Episode 1763 COMPLETE | Reward -2480.04 | Steps 1000 | Terminated False | Truncated True
2026-02-26 14:50:11,878 [INFO] Step 0: reward=-2.205, dist=3.60
2026-02-26 14:50:17,626 [INFO] Step 200: reward=-11.031, dist=3.43
2026-02-26 14:50:23,056 [INFO] Step 400: reward=-11.031, dist=3.42
2026-02-26 14:50:27,459 [INFO] Step 600: reward=-11.027, dist=3.42
2026-02-26 14:50:32,088 [INFO] Step 800: reward=-11.025, dist=3.42
2026-02-26 14:50:36,433 [INFO] Performing PPO update at global step 1413120
2026-02-26 14:50:36,696 [INFO] PPO losses — policy: 0.3724, value: 12300.1700, entropy: 4.2242
2026-02-26 14:50:36,700 [INFO] PPO update completed. Buffer cleared.
2026-02-26 14:50:37,807 [INFO] Episode 1764 COMPLETE | Reward -10140.28 | Steps 1000 | Terminated False | Truncated True
2026-02-26 14:50:40,959 [INFO] Step 0: reward=-2.205, dist=2.58
2026-02-26 14:50:45,219 [INFO] Step 200: reward=-4.524, dist=3.44
2026-02-26 14:50:50,362 [INFO] Step 400: reward=-2.205, dist=3.86
2026-02-26 14:50:55,391 [INFO] Step 600: reward=-2.382, dist=2.65
2026-02-26 14:51:01,446 [INFO] Step 800: reward=-2.102, dist=3.97
2026-02-26 14:51:05,791 [INFO] Episode 1765 COMPLETE | Reward -2909.02 | Steps 1000 | Terminated False | Truncated True
2026-02-26 14:51:05,832 [INFO] Checkpoint saved: checkpoints/ppo_ep_01765.pt
2026-02-26 14:51:08,853 [INFO] Step 0: reward=-2.205, dist=2.30
2026-02-26 14:51:14,950 [INFO] Step 200: reward=-1.852, dist=4.01
2026-02-26 14:51:21,187 [INFO] Step 400: reward=-4.606, dist=2.78
2026-02-26 14:51:27,134 [INFO] Step 600: reward=-2.205, dist=3.76
2026-02-26 14:51:33,509 [INFO] Step 800: reward=-4.563, dist=3.34
2026-02-26 14:51:37,283 [INFO] Episode 1766 COMPLETE | Reward -2923.83 | Steps 1000 | Terminated False | Truncated True
2026-02-26 14:51:41,364 [INFO] Step 0: reward=-2.205, dist=2.86
2026-02-26 14:51:41,583 [INFO] Performing PPO update at global step 1415168
2026-02-26 14:51:41,844 [INFO] PPO losses — policy: 0.2631, value: 3761.6663, entropy: 4.2242
2026-02-26 14:51:41,848 [INFO] PPO update completed. Buffer cleared.
2026-02-26 14:51:47,953 [INFO] Step 200: reward=-1.666, dist=4.13
2026-02-26 14:51:52,823 [INFO] Step 400: reward=-4.205, dist=2.73
2026-02-26 14:51:58,357 [INFO] Step 600: reward=-1.828, dist=4.41
2026-02-26 14:52:04,466 [INFO] Step 800: reward=-2.553, dist=2.82
2026-02-26 14:52:09,462 [INFO] Episode 1767 COMPLETE | Reward -3280.66 | Steps 1000 | Terminated False | Truncated True
2026-02-26 14:52:12,493 [INFO] Step 0: reward=-2.205, dist=3.26
2026-02-26 14:52:19,230 [INFO] Step 200: reward=-4.635, dist=2.93
2026-02-26 14:52:26,503 [INFO] Step 400: reward=-2.184, dist=1.77
2026-02-26 14:52:32,304 [INFO] Step 600: reward=-2.231, dist=3.53
2026-02-26 14:52:36,451 [INFO] Step 800: reward=-2.053, dist=2.34
2026-02-26 14:52:40,461 [INFO] Episode 1768 COMPLETE | Reward -2924.15 | Steps 1000 | Terminated False | Truncated True
2026-02-26 14:52:44,507 [INFO] Step 0: reward=-2.205, dist=3.52
2026-02-26 14:52:46,101 [INFO] Performing PPO update at global step 1417216
2026-02-26 14:52:46,520 [INFO] PPO losses — policy: 0.0965, value: 3806.6403, entropy: 4.2242
2026-02-26 14:52:46,527 [INFO] PPO update completed. Buffer cleared.
2026-02-26 14:52:51,119 [INFO] Step 200: reward=-6.339, dist=3.91
2026-02-26 14:52:54,481 [INFO] Step 400: reward=-3.870, dist=4.51
2026-02-26 14:52:59,661 [INFO] Step 600: reward=-2.205, dist=2.71
2026-02-26 14:53:04,150 [INFO] Step 800: reward=-4.080, dist=4.14
2026-02-26 14:53:09,024 [INFO] Episode 1769 COMPLETE | Reward -2692.69 | Steps 1000 | Terminated False | Truncated True
2026-02-26 14:53:13,138 [INFO] Step 0: reward=-2.205, dist=2.94
2026-02-26 14:53:20,337 [INFO] Step 200: reward=-3.864, dist=4.46
2026-02-26 14:53:24,532 [INFO] Step 400: reward=-4.205, dist=2.89
2026-02-26 14:53:30,205 [INFO] Step 600: reward=-1.989, dist=4.50
2026-02-26 14:53:35,610 [INFO] Step 800: reward=-1.741, dist=2.89
2026-02-26 14:53:40,422 [INFO] Episode 1770 COMPLETE | Reward -2952.99 | Steps 1000 | Terminated False | Truncated True
2026-02-26 14:53:40,445 [INFO] Checkpoint saved: checkpoints/ppo_ep_01770.pt
2026-02-26 14:53:45,419 [INFO] Step 0: reward=-2.205, dist=2.76
2026-02-26 14:53:49,700 [INFO] Performing PPO update at global step 1419264
2026-02-26 14:53:49,966 [INFO] PPO losses — policy: -0.0726, value: 3192.7485, entropy: 4.2242
2026-02-26 14:53:49,971 [INFO] PPO update completed. Buffer cleared.
2026-02-26 14:53:52,123 [INFO] Step 200: reward=-1.903, dist=4.12
2026-02-26 14:53:56,428 [INFO] Step 400: reward=-2.205, dist=2.44
2026-02-26 14:54:03,111 [INFO] Step 600: reward=-1.897, dist=4.27
2026-02-26 14:54:09,264 [INFO] Step 800: reward=-4.290, dist=2.49
2026-02-26 14:54:10,395 [INFO] Policy action (normalized): v = -0.986, w = -1.000 | Cmd_vel (scaled): v = -0.986 m/s, w = -1.000 rad/s
2026-02-26 14:54:15,776 [INFO] Episode 1771 COMPLETE | Reward -2826.05 | Steps 1000 | Terminated False | Truncated True
2026-02-26 14:54:18,757 [INFO] Step 0: reward=-2.205, dist=3.67
2026-02-26 14:54:24,161 [INFO] Step 200: reward=-2.472, dist=4.78
2026-02-26 14:54:31,036 [INFO] Step 400: reward=-2.164, dist=3.47
2026-02-26 14:54:36,349 [INFO] Step 600: reward=-2.028, dist=5.01
2026-02-26 14:54:41,134 [INFO] Step 800: reward=-1.905, dist=4.11
2026-02-26 14:54:48,124 [INFO] Episode 1772 COMPLETE | Reward -2873.90 | Steps 1000 | Terminated False | Truncated True
2026-02-26 14:54:51,425 [INFO] Step 0: reward=-2.205, dist=2.94
2026-02-26 14:54:56,091 [INFO] Performing PPO update at global step 1421312
2026-02-26 14:54:56,379 [INFO] PPO losses — policy: -0.0781, value: 2666.7958, entropy: 4.2242
2026-02-26 14:54:56,384 [INFO] PPO update completed. Buffer cleared.
2026-02-26 14:54:57,951 [INFO] Step 200: reward=-2.205, dist=1.55
2026-02-26 14:55:02,251 [INFO] Step 400: reward=-4.370, dist=2.67
2026-02-26 14:55:07,849 [INFO] Step 600: reward=-2.052, dist=2.51
2026-02-26 14:55:14,463 [INFO] Step 800: reward=-2.518, dist=3.08
2026-02-26 14:55:19,228 [INFO] Episode 1773 COMPLETE | Reward -2924.19 | Steps 1000 | Terminated False | Truncated True
2026-02-26 14:55:24,266 [INFO] Step 0: reward=-2.205, dist=3.86
2026-02-26 14:55:28,276 [INFO] Step 200: reward=-1.901, dist=4.91
2026-02-26 14:55:33,388 [INFO] Step 400: reward=-4.205, dist=3.13
2026-02-26 14:55:39,080 [INFO] Step 600: reward=-2.192, dist=4.71
2026-02-26 14:55:44,257 [INFO] Step 800: reward=-2.088, dist=3.29
2026-02-26 14:55:49,354 [INFO] Episode 1774 COMPLETE | Reward -2874.87 | Steps 1000 | Terminated False | Truncated True
2026-02-26 14:56:01,102 [INFO] Step 0: reward=-1.905, dist=4.25
2026-02-26 14:56:06,911 [INFO] Performing PPO update at global step 1423360
2026-02-26 14:56:07,171 [INFO] PPO losses — policy: 0.1573, value: 2765.8980, entropy: 4.2242
2026-02-26 14:56:07,175 [INFO] PPO update completed. Buffer cleared.
2026-02-26 14:56:07,183 [INFO] Step 200: reward=-1.744, dist=5.72
2026-02-26 14:56:12,592 [INFO] Step 400: reward=0.009, dist=4.37
2026-02-26 14:56:17,375 [INFO] Step 600: reward=-3.731, dist=4.46
2026-02-26 14:56:22,149 [INFO] Step 800: reward=-1.826, dist=5.24
2026-02-26 14:56:26,282 [INFO] Episode 1775 COMPLETE | Reward -1688.36 | Steps 1000 | Terminated False | Truncated True
2026-02-26 14:56:26,330 [INFO] Checkpoint saved: checkpoints/ppo_ep_01775.pt
2026-02-26 14:56:30,545 [INFO] Step 0: reward=-0.205, dist=3.14
2026-02-26 14:56:36,316 [INFO] Step 200: reward=-5.950, dist=2.85
2026-02-26 14:56:40,912 [INFO] Step 400: reward=0.444, dist=3.50
2026-02-26 14:56:47,072 [INFO] Step 600: reward=-3.978, dist=4.26
2026-02-26 14:56:51,280 [INFO] Step 800: reward=-2.205, dist=3.77
2026-02-26 14:56:56,717 [INFO] Episode 1776 COMPLETE | Reward -2058.49 | Steps 1000 | Terminated False | Truncated True
2026-02-26 14:57:00,845 [INFO] Step 0: reward=-0.205, dist=2.50
2026-02-26 14:57:08,243 [INFO] Step 200: reward=-2.149, dist=1.44
2026-02-26 14:57:09,794 [INFO] Performing PPO update at global step 1425408
2026-02-26 14:57:10,056 [INFO] PPO losses — policy: -0.0275, value: 1183.4805, entropy: 4.2242
2026-02-26 14:57:10,060 [INFO] PPO update completed. Buffer cleared.
2026-02-26 14:57:13,448 [INFO] Step 400: reward=-1.745, dist=1.17
2026-02-26 14:57:19,613 [INFO] Step 600: reward=0.687, dist=1.20
2026-02-26 14:57:26,509 [INFO] Step 800: reward=-2.153, dist=1.08
2026-02-26 14:57:28,414 [INFO] Episode 1777 COMPLETE | Reward -1565.85 | Steps 890 | Terminated True | Truncated False
2026-02-26 14:57:33,517 [INFO] Step 0: reward=-0.205, dist=2.59
2026-02-26 14:57:39,132 [INFO] Step 200: reward=0.269, dist=2.78
2026-02-26 14:57:43,710 [INFO] Step 400: reward=-1.542, dist=3.02
2026-02-26 14:57:48,156 [INFO] Step 600: reward=-8.585, dist=3.25
2026-02-26 14:57:53,124 [INFO] Step 800: reward=-1.286, dist=3.80
2026-02-26 14:57:59,315 [INFO] Episode 1778 COMPLETE | Reward -2315.49 | Steps 1000 | Terminated False | Truncated True
2026-02-26 14:58:03,240 [INFO] Step 0: reward=-1.077, dist=3.09
2026-02-26 14:58:08,013 [INFO] Step 200: reward=-0.230, dist=2.93
2026-02-26 14:58:15,113 [INFO] Step 400: reward=-0.757, dist=1.71
2026-02-26 14:58:15,198 [INFO] Performing PPO update at global step 1427456
2026-02-26 14:58:15,461 [INFO] PPO losses — policy: 0.0094, value: 2232.7409, entropy: 4.2242
2026-02-26 14:58:15,469 [INFO] PPO update completed. Buffer cleared.
2026-02-26 14:58:21,274 [INFO] Step 600: reward=-1.559, dist=1.41
2026-02-26 14:58:26,069 [INFO] Step 800: reward=0.186, dist=1.57
2026-02-26 14:58:31,870 [INFO] Episode 1779 COMPLETE | Reward -1779.11 | Steps 1000 | Terminated False | Truncated True
2026-02-26 14:58:36,551 [INFO] Step 0: reward=-2.187, dist=3.91
2026-02-26 14:58:41,876 [INFO] Step 200: reward=-0.205, dist=3.11
2026-02-26 14:58:48,700 [INFO] Step 400: reward=-2.782, dist=2.97
2026-02-26 14:58:53,619 [INFO] Step 600: reward=-7.031, dist=3.26
2026-02-26 14:58:59,072 [INFO] Step 800: reward=-2.189, dist=3.91
2026-02-26 14:59:03,450 [INFO] Episode 1780 COMPLETE | Reward -2128.92 | Steps 1000 | Terminated False | Truncated True
2026-02-26 14:59:03,470 [INFO] Checkpoint saved: checkpoints/ppo_ep_01780.pt
2026-02-26 14:59:07,610 [INFO] Step 0: reward=5.978, dist=2.46
2026-02-26 14:59:14,404 [INFO] Step 200: reward=5.467, dist=2.64
2026-02-26 14:59:21,284 [INFO] Step 400: reward=5.258, dist=2.66
2026-02-26 14:59:22,514 [INFO] Performing PPO update at global step 1429504
2026-02-26 14:59:22,796 [INFO] PPO losses — policy: -0.0029, value: 2292.2422, entropy: 4.2242
2026-02-26 14:59:22,800 [INFO] PPO update completed. Buffer cleared.
2026-02-26 14:59:27,769 [INFO] Step 600: reward=-11.586, dist=2.62
2026-02-26 14:59:34,938 [INFO] Step 800: reward=-1.132, dist=3.66
2026-02-26 14:59:38,288 [INFO] Policy action (normalized): v = -0.845, w = -0.999 | Cmd_vel (scaled): v = -0.845 m/s, w = -0.999 rad/s
2026-02-26 14:59:39,758 [INFO] Episode 1781 COMPLETE | Reward -1993.48 | Steps 1000 | Terminated False | Truncated True
2026-02-26 14:59:42,707 [INFO] Step 0: reward=-0.205, dist=3.00
2026-02-26 14:59:49,270 [INFO] Step 200: reward=0.112, dist=3.52
2026-02-26 14:59:55,220 [INFO] Step 400: reward=-1.541, dist=4.28
2026-02-26 15:00:00,417 [INFO] Step 600: reward=-1.905, dist=4.83
2026-02-26 15:00:05,951 [INFO] Step 800: reward=-0.205, dist=3.95
2026-02-26 15:00:09,169 [INFO] Episode 1782 COMPLETE | Reward -2119.25 | Steps 1000 | Terminated False | Truncated True
2026-02-26 15:00:12,266 [INFO] Step 0: reward=-2.179, dist=2.56
2026-02-26 15:00:18,457 [INFO] Step 200: reward=-5.360, dist=3.18
2026-02-26 15:00:25,084 [INFO] Step 400: reward=-8.240, dist=3.65
2026-02-26 15:00:27,637 [INFO] Performing PPO update at global step 1431552
2026-02-26 15:00:28,014 [INFO] PPO losses — policy: 0.1021, value: 1901.0352, entropy: 4.2242
2026-02-26 15:00:28,022 [INFO] PPO update completed. Buffer cleared.
2026-02-26 15:00:30,521 [INFO] Step 600: reward=4.960, dist=3.75
2026-02-26 15:00:36,206 [INFO] Step 800: reward=-2.051, dist=4.28
2026-02-26 15:00:40,015 [INFO] Episode 1783 COMPLETE | Reward -2486.18 | Steps 1000 | Terminated False | Truncated True
2026-02-26 15:01:05,221 [INFO] Step 0: reward=-100.000, dist=5883.73
2026-02-26 15:01:05,222 [INFO] Episode 1784 COMPLETE | Reward -100.00 | Steps 1 | Terminated False | Truncated True
2026-02-26 15:01:08,215 [INFO] Step 0: reward=-2.173, dist=2.31
2026-02-26 15:01:14,121 [INFO] Step 200: reward=-4.219, dist=2.32
2026-02-26 15:01:18,078 [INFO] Step 400: reward=-4.099, dist=2.34
2026-02-26 15:01:23,377 [INFO] Step 600: reward=-4.202, dist=2.33
2026-02-26 15:01:28,921 [INFO] Step 800: reward=-3.814, dist=2.36
2026-02-26 15:01:34,977 [INFO] Episode 1785 COMPLETE | Reward -3209.89 | Steps 1000 | Terminated False | Truncated True
2026-02-26 15:01:35,013 [INFO] Checkpoint saved: checkpoints/ppo_ep_01785.pt
2026-02-26 15:01:39,427 [INFO] Step 0: reward=-0.205, dist=3.45
2026-02-26 15:01:43,050 [INFO] Step 200: reward=-4.199, dist=3.33
2026-02-26 15:01:49,061 [INFO] Step 400: reward=-2.206, dist=3.28
2026-02-26 15:01:54,261 [INFO] Performing PPO update at global step 1433600
2026-02-26 15:01:54,529 [INFO] PPO losses — policy: 0.0469, value: 2329.1469, entropy: 4.2242
2026-02-26 15:01:54,535 [INFO] PPO update completed. Buffer cleared.
2026-02-26 15:01:56,355 [INFO] Step 600: reward=-4.202, dist=3.27
2026-02-26 15:02:01,926 [INFO] Step 800: reward=-3.840, dist=3.25
2026-02-26 15:02:07,367 [INFO] Episode 1786 COMPLETE | Reward -3235.35 | Steps 1000 | Terminated False | Truncated True
2026-02-26 15:02:12,469 [INFO] Step 0: reward=-2.168, dist=2.36
2026-02-26 15:02:18,097 [INFO] Step 200: reward=-2.193, dist=2.37
2026-02-26 15:02:24,039 [INFO] Step 400: reward=-3.180, dist=2.45
2026-02-26 15:02:29,050 [INFO] Step 600: reward=-3.507, dist=2.41
2026-02-26 15:02:34,807 [INFO] Step 800: reward=-1.589, dist=2.52
2026-02-26 15:02:41,285 [INFO] Episode 1787 COMPLETE | Reward -3105.91 | Steps 1000 | Terminated False | Truncated True
2026-02-26 15:02:45,561 [INFO] Step 0: reward=-0.205, dist=3.57
2026-02-26 15:02:51,773 [INFO] Step 200: reward=-3.583, dist=3.61
2026-02-26 15:02:57,284 [INFO] Step 400: reward=-2.205, dist=3.68
2026-02-26 15:03:03,249 [INFO] Performing PPO update at global step 1435648
2026-02-26 15:03:03,519 [INFO] PPO losses — policy: 0.2655, value: 1672.5510, entropy: 4.2242
2026-02-26 15:03:03,524 [INFO] PPO update completed. Buffer cleared.
2026-02-26 15:03:03,617 [INFO] Step 600: reward=-2.286, dist=3.87
2026-02-26 15:03:09,697 [INFO] Step 800: reward=0.097, dist=4.64
2026-02-26 15:03:14,548 [INFO] Episode 1788 COMPLETE | Reward -2064.18 | Steps 1000 | Terminated False | Truncated True
2026-02-26 15:03:18,335 [INFO] Step 0: reward=-0.205, dist=3.00
2026-02-26 15:03:22,662 [INFO] Step 200: reward=-2.319, dist=3.63
2026-02-26 15:03:28,401 [INFO] Step 400: reward=-0.005, dist=4.21
2026-02-26 15:03:34,042 [INFO] Step 600: reward=-0.055, dist=3.78
2026-02-26 15:03:38,758 [INFO] Step 800: reward=-0.205, dist=2.64
2026-02-26 15:03:44,037 [INFO] Episode 1789 COMPLETE | Reward -938.66 | Steps 1000 | Terminated False | Truncated True
2026-02-26 15:03:48,372 [INFO] Step 0: reward=-0.207, dist=2.24
2026-02-26 15:03:54,174 [INFO] Step 200: reward=-0.205, dist=2.29
2026-02-26 15:03:58,108 [INFO] Step 400: reward=-2.225, dist=2.19
2026-02-26 15:04:04,388 [INFO] Step 600: reward=-0.205, dist=1.23
2026-02-26 15:04:05,052 [INFO] Performing PPO update at global step 1437696
2026-02-26 15:04:05,332 [INFO] PPO losses — policy: 0.2334, value: 164.1579, entropy: 4.2242
2026-02-26 15:04:05,339 [INFO] PPO update completed. Buffer cleared.
2026-02-26 15:04:05,816 [INFO] Episode 1790 COMPLETE | Reward -389.23 | Steps 667 | Terminated True | Truncated False
2026-02-26 15:04:05,858 [INFO] Checkpoint saved: checkpoints/ppo_ep_01790.pt
2026-02-26 15:04:09,110 [INFO] Step 0: reward=-0.217, dist=2.44
2026-02-26 15:04:14,943 [INFO] Step 200: reward=-0.205, dist=2.38
2026-02-26 15:04:19,309 [INFO] Step 400: reward=-0.187, dist=1.89
2026-02-26 15:04:23,501 [INFO] Step 600: reward=-2.135, dist=1.10
2026-02-26 15:04:23,962 [INFO] Episode 1791 COMPLETE | Reward -427.18 | Steps 613 | Terminated True | Truncated False
2026-02-26 15:04:27,495 [INFO] Step 0: reward=-0.205, dist=3.42
2026-02-26 15:04:33,648 [INFO] Step 200: reward=0.011, dist=4.51
2026-02-26 15:04:36,873 [INFO] Step 400: reward=0.041, dist=4.99
2026-02-26 15:04:41,443 [INFO] Step 600: reward=0.077, dist=5.08
2026-02-26 15:04:45,645 [INFO] Step 800: reward=0.056, dist=4.74
2026-02-26 15:04:50,474 [INFO] Episode 1792 COMPLETE | Reward -1078.41 | Steps 1000 | Terminated False | Truncated True
2026-02-26 15:04:53,591 [INFO] Step 0: reward=-0.221, dist=2.62
2026-02-26 15:04:59,620 [INFO] Step 200: reward=-0.205, dist=1.54
2026-02-26 15:05:03,660 [INFO] Step 400: reward=-2.266, dist=1.44
2026-02-26 15:05:04,137 [INFO] Performing PPO update at global step 1439744
2026-02-26 15:05:04,411 [INFO] PPO losses — policy: 0.0975, value: 797.7481, entropy: 4.2242
2026-02-26 15:05:04,418 [INFO] PPO update completed. Buffer cleared.
2026-02-26 15:05:10,282 [INFO] Step 600: reward=-0.346, dist=2.83
2026-02-26 15:05:12,100 [INFO] Policy action (normalized): v = +1.000, w = +0.999 | Cmd_vel (scaled): v = +1.000 m/s, w = +0.999 rad/s
2026-02-26 15:05:16,508 [INFO] Step 800: reward=-0.235, dist=3.43
2026-02-26 15:05:21,987 [INFO] Episode 1793 COMPLETE | Reward -754.67 | Steps 1000 | Terminated False | Truncated True
2026-02-26 15:05:24,474 [INFO] Step 0: reward=-0.262, dist=3.96
2026-02-26 15:05:30,572 [INFO] Step 200: reward=-0.262, dist=3.55
2026-02-26 15:05:38,057 [INFO] Step 400: reward=-0.020, dist=4.90
2026-02-26 15:05:43,759 [INFO] Step 600: reward=0.033, dist=5.52
2026-02-26 15:05:47,295 [INFO] Step 800: reward=-2.005, dist=5.49
2026-02-26 15:05:51,740 [INFO] Episode 1794 COMPLETE | Reward -729.20 | Steps 1000 | Terminated False | Truncated True
2026-02-26 15:05:55,038 [INFO] Step 0: reward=-0.205, dist=3.52
2026-02-26 15:05:59,710 [INFO] Step 200: reward=-0.205, dist=3.44
2026-02-26 15:06:04,983 [INFO] Step 400: reward=-2.206, dist=3.07
2026-02-26 15:06:06,833 [INFO] Performing PPO update at global step 1441792
2026-02-26 15:06:07,205 [INFO] PPO losses — policy: 0.1825, value: 145.8461, entropy: 4.2242
2026-02-26 15:06:07,211 [INFO] PPO update completed. Buffer cleared.
2026-02-26 15:06:12,676 [INFO] Step 600: reward=-0.205, dist=1.55
2026-02-26 15:06:18,575 [INFO] Step 800: reward=-0.459, dist=2.24
2026-02-26 15:06:23,942 [INFO] Episode 1795 COMPLETE | Reward -780.09 | Steps 1000 | Terminated False | Truncated True
2026-02-26 15:06:23,980 [INFO] Checkpoint saved: checkpoints/ppo_ep_01795.pt
2026-02-26 15:06:27,256 [INFO] Step 0: reward=-0.305, dist=2.69
2026-02-26 15:06:34,096 [INFO] Step 200: reward=-0.302, dist=2.50
2026-02-26 15:06:39,149 [INFO] Step 400: reward=-2.206, dist=3.56
2026-02-26 15:06:43,377 [INFO] Step 600: reward=0.047, dist=4.12
2026-02-26 15:06:49,886 [INFO] Step 800: reward=-1.738, dist=4.09
2026-02-26 15:06:55,025 [INFO] Episode 1796 COMPLETE | Reward -769.37 | Steps 1000 | Terminated False | Truncated True
2026-02-26 15:06:59,181 [INFO] Step 0: reward=-0.205, dist=2.56
2026-02-26 15:07:03,832 [INFO] Step 200: reward=-2.209, dist=3.43
2026-02-26 15:07:07,225 [INFO] Step 400: reward=-2.205, dist=3.99
2026-02-26 15:07:10,256 [INFO] Performing PPO update at global step 1443840
2026-02-26 15:07:10,525 [INFO] PPO losses — policy: 0.0625, value: 172.7636, entropy: 4.2242
2026-02-26 15:07:10,530 [INFO] PPO update completed. Buffer cleared.
2026-02-26 15:07:13,605 [INFO] Step 600: reward=0.093, dist=4.37
2026-02-26 15:07:17,735 [INFO] Step 800: reward=0.344, dist=3.69
2026-02-26 15:07:22,584 [INFO] Episode 1797 COMPLETE | Reward -984.40 | Steps 1000 | Terminated False | Truncated True
2026-02-26 15:07:27,634 [INFO] Step 0: reward=-0.208, dist=2.62
2026-02-26 15:07:33,298 [INFO] Step 200: reward=-2.177, dist=2.38
2026-02-26 15:07:38,800 [INFO] Step 400: reward=-0.145, dist=1.59
2026-02-26 15:07:41,257 [INFO] Episode 1798 COMPLETE | Reward -108.42 | Steps 468 | Terminated True | Truncated False
2026-02-26 15:07:44,318 [INFO] Step 0: reward=-0.205, dist=2.55
2026-02-26 15:07:51,614 [INFO] Step 200: reward=-2.282, dist=3.90
2026-02-26 15:07:56,830 [INFO] Step 400: reward=-1.909, dist=4.27
2026-02-26 15:08:01,274 [INFO] Step 600: reward=0.095, dist=4.00
2026-02-26 15:08:06,745 [INFO] Step 800: reward=-2.201, dist=2.82
2026-02-26 15:08:11,552 [INFO] Episode 1799 COMPLETE | Reward -758.35 | Steps 1000 | Terminated False | Truncated True
2026-02-26 15:08:15,470 [INFO] Step 0: reward=-0.242, dist=3.03
2026-02-26 15:08:18,181 [INFO] Performing PPO update at global step 1445888
2026-02-26 15:08:18,457 [INFO] PPO losses — policy: 0.1598, value: 516.9144, entropy: 4.2242
2026-02-26 15:08:18,462 [INFO] PPO update completed. Buffer cleared.
2026-02-26 15:08:21,395 [INFO] Step 200: reward=-0.207, dist=2.56
2026-02-26 15:08:26,603 [INFO] Step 400: reward=-0.287, dist=3.31
2026-02-26 15:08:32,221 [INFO] Step 600: reward=0.101, dist=4.05
2026-02-26 15:08:36,894 [INFO] Step 800: reward=-1.924, dist=4.15
2026-02-26 15:08:43,234 [INFO] Episode 1800 COMPLETE | Reward -869.93 | Steps 1000 | Terminated False | Truncated True
2026-02-26 15:08:43,267 [INFO] Checkpoint saved: checkpoints/ppo_ep_01800.pt
2026-02-26 15:08:48,286 [INFO] Step 0: reward=-0.230, dist=2.53
2026-02-26 15:08:54,246 [INFO] Step 200: reward=-0.196, dist=2.35
2026-02-26 15:08:59,979 [INFO] Step 400: reward=-0.204, dist=1.72
2026-02-26 15:09:04,337 [INFO] Episode 1801 COMPLETE | Reward -314.00 | Steps 566 | Terminated True | Truncated False
2026-02-26 15:09:10,515 [INFO] Step 0: reward=-0.305, dist=2.21
2026-02-26 15:09:16,609 [INFO] Step 200: reward=-0.227, dist=3.19
2026-02-26 15:09:21,974 [INFO] Step 400: reward=-1.915, dist=3.59
2026-02-26 15:09:27,853 [INFO] Performing PPO update at global step 1447936
2026-02-26 15:09:28,114 [INFO] PPO losses — policy: 0.0190, value: 465.6480, entropy: 4.2242
2026-02-26 15:09:28,120 [INFO] PPO update completed. Buffer cleared.
2026-02-26 15:09:29,094 [INFO] Step 600: reward=-0.205, dist=3.23
2026-02-26 15:09:35,490 [INFO] Step 800: reward=-2.211, dist=1.89
2026-02-26 15:09:39,586 [INFO] Episode 1802 COMPLETE | Reward -967.20 | Steps 1000 | Terminated False | Truncated True
2026-02-26 15:09:43,744 [INFO] Step 0: reward=-0.210, dist=3.01
2026-02-26 15:09:49,828 [INFO] Step 200: reward=-2.327, dist=3.66
2026-02-26 15:09:54,583 [INFO] Step 400: reward=-2.146, dist=3.16
2026-02-26 15:10:00,362 [INFO] Step 600: reward=-0.095, dist=2.23
2026-02-26 15:10:05,973 [INFO] Step 800: reward=-0.227, dist=1.78
2026-02-26 15:10:12,440 [INFO] Episode 1803 COMPLETE | Reward -912.89 | Steps 1000 | Terminated False | Truncated True
2026-02-26 15:10:14,762 [INFO] Step 0: reward=-0.214, dist=3.56
2026-02-26 15:10:19,924 [INFO] Step 200: reward=-0.195, dist=3.38
2026-02-26 15:10:25,661 [INFO] Step 400: reward=-2.205, dist=2.61
2026-02-26 15:10:31,297 [INFO] Step 600: reward=-0.203, dist=1.76
2026-02-26 15:10:31,902 [INFO] Performing PPO update at global step 1449984
2026-02-26 15:10:32,169 [INFO] PPO losses — policy: 0.2820, value: 171.6182, entropy: 4.2242
2026-02-26 15:10:32,174 [INFO] PPO update completed. Buffer cleared.
2026-02-26 15:10:32,754 [INFO] Policy action (normalized): v = +0.948, w = +0.959 | Cmd_vel (scaled): v = +0.948 m/s, w = +0.959 rad/s
2026-02-26 15:10:37,610 [INFO] Step 800: reward=-2.232, dist=2.08
2026-02-26 15:10:42,559 [INFO] Episode 1804 COMPLETE | Reward -1071.71 | Steps 1000 | Terminated False | Truncated True
2026-02-26 15:10:45,648 [INFO] Step 0: reward=-0.000, dist=44.56
2026-02-26 15:10:49,416 [INFO] Episode 1805 COMPLETE | Reward -864.53 | Steps 89 | Terminated False | Truncated True
2026-02-26 15:10:49,449 [INFO] Checkpoint saved: checkpoints/ppo_ep_01805.pt
2026-02-26 15:10:53,522 [INFO] Step 0: reward=-0.205, dist=3.50
2026-02-26 15:10:58,850 [INFO] Step 200: reward=-2.405, dist=3.05
2026-02-26 15:11:04,810 [INFO] Step 400: reward=-2.216, dist=3.78
2026-02-26 15:11:08,833 [INFO] Step 600: reward=0.045, dist=4.29
2026-02-26 15:11:12,915 [INFO] Step 800: reward=0.036, dist=4.66
2026-02-26 15:11:18,748 [INFO] Episode 1806 COMPLETE | Reward -1398.62 | Steps 1000 | Terminated False | Truncated True
2026-02-26 15:11:22,073 [INFO] Step 0: reward=-0.205, dist=3.39
2026-02-26 15:11:28,166 [INFO] Step 200: reward=-2.203, dist=4.32
2026-02-26 15:11:35,211 [INFO] Step 400: reward=0.092, dist=4.59
2026-02-26 15:11:38,206 [INFO] Performing PPO update at global step 1452032
2026-02-26 15:11:38,467 [INFO] PPO losses — policy: 0.0045, value: 1056.2627, entropy: 4.2242
2026-02-26 15:11:38,472 [INFO] PPO update completed. Buffer cleared.
2026-02-26 15:11:39,336 [INFO] Step 600: reward=0.205, dist=4.23
2026-02-26 15:11:45,001 [INFO] Step 800: reward=-0.182, dist=3.42
2026-02-26 15:11:49,404 [INFO] Episode 1807 COMPLETE | Reward -1169.64 | Steps 1000 | Terminated False | Truncated True
2026-02-26 15:11:54,393 [INFO] Step 0: reward=-0.240, dist=2.96
2026-02-26 15:12:00,629 [INFO] Step 200: reward=-0.305, dist=3.92
2026-02-26 15:12:06,660 [INFO] Step 400: reward=-0.884, dist=4.61
2026-02-26 15:12:10,447 [INFO] Step 600: reward=0.032, dist=4.54
2026-02-26 15:12:17,414 [INFO] Step 800: reward=-2.205, dist=3.48
2026-02-26 15:12:22,584 [INFO] Episode 1808 COMPLETE | Reward -994.95 | Steps 1000 | Terminated False | Truncated True
2026-02-26 15:12:27,346 [INFO] Step 0: reward=-0.305, dist=3.91
2026-02-26 15:12:32,692 [INFO] Step 200: reward=-2.182, dist=3.84
2026-02-26 15:12:36,622 [INFO] Step 400: reward=-0.292, dist=3.59
2026-02-26 15:12:40,870 [INFO] Step 600: reward=-0.134, dist=2.92
2026-02-26 15:12:41,732 [INFO] Performing PPO update at global step 1454080
2026-02-26 15:12:42,009 [INFO] PPO losses — policy: 0.0057, value: 277.3935, entropy: 4.2242
2026-02-26 15:12:42,013 [INFO] PPO update completed. Buffer cleared.
2026-02-26 15:12:47,028 [INFO] Step 800: reward=-0.206, dist=2.30
2026-02-26 15:12:52,277 [INFO] Episode 1809 COMPLETE | Reward -1492.95 | Steps 1000 | Terminated False | Truncated True
2026-02-26 15:12:55,290 [INFO] Step 0: reward=-0.210, dist=3.06
2026-02-26 15:13:00,725 [INFO] Step 200: reward=-0.172, dist=3.08
2026-02-26 15:13:06,070 [INFO] Step 400: reward=-2.305, dist=2.64
2026-02-26 15:13:11,378 [INFO] Step 600: reward=-0.200, dist=1.72
2026-02-26 15:13:16,906 [INFO] Step 800: reward=-0.373, dist=1.35
2026-02-26 15:13:20,807 [INFO] Episode 1810 COMPLETE | Reward -1403.65 | Steps 1000 | Terminated False | Truncated True
2026-02-26 15:13:20,826 [INFO] Checkpoint saved: checkpoints/ppo_ep_01810.pt
2026-02-26 15:13:32,405 [INFO] Step 0: reward=0.065, dist=4.16
2026-02-26 15:13:37,595 [INFO] Step 200: reward=-1.905, dist=4.42
2026-02-26 15:13:43,209 [INFO] Step 400: reward=0.005, dist=5.12
2026-02-26 15:13:49,789 [INFO] Step 600: reward=-1.905, dist=5.90
2026-02-26 15:13:51,105 [INFO] Performing PPO update at global step 1456128
2026-02-26 15:13:51,369 [INFO] PPO losses — policy: 0.0127, value: 222.3979, entropy: 4.2242
2026-02-26 15:13:51,376 [INFO] PPO update completed. Buffer cleared.
2026-02-26 15:13:54,303 [INFO] Step 800: reward=-2.356, dist=3.01
2026-02-26 15:13:58,925 [INFO] Episode 1811 COMPLETE | Reward -1081.78 | Steps 1000 | Terminated False | Truncated True
2026-02-26 15:14:03,577 [INFO] Step 0: reward=-1.721, dist=42.21
2026-02-26 15:14:08,556 [INFO] Episode 1812 COMPLETE | Reward -1060.48 | Steps 163 | Terminated False | Truncated True
2026-02-26 15:14:20,039 [INFO] Step 0: reward=0.091, dist=4.25
2026-02-26 15:14:26,291 [INFO] Step 200: reward=-0.123, dist=4.89
2026-02-26 15:14:33,804 [INFO] Step 400: reward=-1.952, dist=5.99
2026-02-26 15:14:40,866 [INFO] Step 600: reward=-1.877, dist=5.77
2026-02-26 15:14:47,065 [INFO] Step 800: reward=-0.272, dist=2.92
2026-02-26 15:14:51,719 [INFO] Episode 1813 COMPLETE | Reward -802.13 | Steps 1000 | Terminated False | Truncated True
2026-02-26 15:14:55,962 [INFO] Step 0: reward=-0.206, dist=2.60
2026-02-26 15:15:00,033 [INFO] Step 200: reward=-0.205, dist=1.73
2026-02-26 15:15:06,406 [INFO] Step 400: reward=-0.464, dist=1.42
2026-02-26 15:15:10,165 [INFO] Performing PPO update at global step 1458176
2026-02-26 15:15:10,436 [INFO] PPO losses — policy: 0.0026, value: 792.9053, entropy: 4.2242
2026-02-26 15:15:10,442 [INFO] PPO update completed. Buffer cleared.
2026-02-26 15:15:11,567 [INFO] Step 600: reward=-0.297, dist=2.38
2026-02-26 15:15:15,980 [INFO] Step 800: reward=-0.384, dist=3.45
2026-02-26 15:15:20,171 [INFO] Episode 1814 COMPLETE | Reward -688.99 | Steps 1000 | Terminated False | Truncated True
2026-02-26 15:15:24,305 [INFO] Step 0: reward=-0.224, dist=2.31
2026-02-26 15:15:29,192 [INFO] Step 200: reward=-0.410, dist=3.45
2026-02-26 15:15:33,237 [INFO] Step 400: reward=-0.209, dist=3.88
2026-02-26 15:15:39,853 [INFO] Step 600: reward=-0.247, dist=3.28
2026-02-26 15:15:43,239 [INFO] Step 800: reward=-2.224, dist=2.79
2026-02-26 15:15:49,845 [INFO] Episode 1815 COMPLETE | Reward -621.11 | Steps 1000 | Terminated False | Truncated True
2026-02-26 15:15:49,883 [INFO] Checkpoint saved: checkpoints/ppo_ep_01815.pt
2026-02-26 15:15:53,033 [INFO] Step 0: reward=-0.207, dist=2.59
2026-02-26 15:15:58,068 [INFO] Step 200: reward=-0.143, dist=4.76
2026-02-26 15:16:03,706 [INFO] Policy action (normalized): v = +0.992, w = +0.855 | Cmd_vel (scaled): v = +0.992 m/s, w = +0.855 rad/s
2026-02-26 15:16:04,421 [INFO] Step 400: reward=-0.055, dist=6.46
2026-02-26 15:16:09,416 [INFO] Step 600: reward=0.143, dist=6.38
2026-02-26 15:16:09,541 [INFO] Performing PPO update at global step 1460224
2026-02-26 15:16:09,910 [INFO] PPO losses — policy: 0.0394, value: 81.5965, entropy: 4.2242
2026-02-26 15:16:09,916 [INFO] PPO update completed. Buffer cleared.
2026-02-26 15:16:14,153 [INFO] Step 800: reward=-1.907, dist=5.99
2026-02-26 15:16:19,201 [INFO] Episode 1816 COMPLETE | Reward -733.68 | Steps 1000 | Terminated False | Truncated True
2026-02-26 15:16:21,586 [INFO] Step 0: reward=-0.241, dist=2.26
2026-02-26 15:16:27,178 [INFO] Step 200: reward=-2.168, dist=2.90
2026-02-26 15:16:31,210 [INFO] Step 400: reward=-3.536, dist=2.83
2026-02-26 15:16:37,508 [INFO] Step 600: reward=-0.248, dist=2.46
2026-02-26 15:16:43,818 [INFO] Step 800: reward=-3.290, dist=1.69
2026-02-26 15:16:47,061 [INFO] Episode 1817 COMPLETE | Reward -740.81 | Steps 931 | Terminated True | Truncated False
2026-02-26 15:16:51,233 [INFO] Step 0: reward=-0.205, dist=2.06
2026-02-26 15:16:56,654 [INFO] Step 200: reward=-0.305, dist=3.14
2026-02-26 15:17:03,620 [INFO] Step 400: reward=0.093, dist=5.06
2026-02-26 15:17:08,618 [INFO] Step 600: reward=0.046, dist=5.23
2026-02-26 15:17:12,231 [INFO] Performing PPO update at global step 1462272
2026-02-26 15:17:12,511 [INFO] PPO losses — policy: 0.0202, value: 525.6799, entropy: 4.2242
2026-02-26 15:17:12,515 [INFO] PPO update completed. Buffer cleared.
2026-02-26 15:17:13,938 [INFO] Step 800: reward=0.502, dist=4.11
2026-02-26 15:17:18,873 [INFO] Episode 1818 COMPLETE | Reward -978.48 | Steps 1000 | Terminated False | Truncated True
2026-02-26 15:17:21,373 [INFO] Step 0: reward=5.921, dist=3.15
2026-02-26 15:17:25,335 [INFO] Step 200: reward=-2.220, dist=2.17
2026-02-26 15:17:29,647 [INFO] Episode 1819 COMPLETE | Reward -94.71 | Steps 373 | Terminated True | Truncated False
2026-02-26 15:17:33,733 [INFO] Step 0: reward=-0.220, dist=2.20
2026-02-26 15:17:37,495 [INFO] Step 200: reward=-0.213, dist=2.22
2026-02-26 15:17:41,713 [INFO] Step 400: reward=-2.208, dist=1.99
2026-02-26 15:17:45,924 [INFO] Step 600: reward=-0.205, dist=1.37
2026-02-26 15:17:49,299 [INFO] Episode 1820 COMPLETE | Reward -593.30 | Steps 728 | Terminated True | Truncated False
2026-02-26 15:17:49,332 [INFO] Checkpoint saved: checkpoints/ppo_ep_01820.pt
2026-02-26 15:17:53,464 [INFO] Step 0: reward=-0.219, dist=2.35
2026-02-26 15:17:58,530 [INFO] Step 200: reward=-0.155, dist=2.47
2026-02-26 15:18:03,627 [INFO] Step 400: reward=-0.221, dist=2.02
2026-02-26 15:18:08,917 [INFO] Step 600: reward=-0.208, dist=1.71
2026-02-26 15:18:11,079 [INFO] Performing PPO update at global step 1464320
2026-02-26 15:18:11,382 [INFO] PPO losses — policy: 0.0064, value: 1125.5392, entropy: 4.2242
2026-02-26 15:18:11,390 [INFO] PPO update completed. Buffer cleared.
2026-02-26 15:18:14,003 [INFO] Step 800: reward=-0.705, dist=1.22
2026-02-26 15:18:20,677 [INFO] Episode 1821 COMPLETE | Reward -947.21 | Steps 1000 | Terminated False | Truncated True
2026-02-26 15:18:24,884 [INFO] Step 0: reward=-0.206, dist=3.27
2026-02-26 15:18:30,051 [INFO] Step 200: reward=-1.551, dist=4.27
2026-02-26 15:18:36,128 [INFO] Step 400: reward=-0.005, dist=4.95
2026-02-26 15:18:42,199 [INFO] Step 600: reward=-1.883, dist=4.35
2026-02-26 15:18:46,468 [INFO] Step 800: reward=-0.209, dist=3.35
2026-02-26 15:18:50,385 [INFO] Episode 1822 COMPLETE | Reward -821.14 | Steps 1000 | Terminated False | Truncated True
2026-02-26 15:18:54,596 [INFO] Step 0: reward=-0.208, dist=2.87
2026-02-26 15:18:58,513 [INFO] Step 200: reward=-2.209, dist=3.96
2026-02-26 15:19:04,989 [INFO] Step 400: reward=0.007, dist=5.46
2026-02-26 15:19:10,350 [INFO] Step 600: reward=-0.003, dist=5.81
2026-02-26 15:19:14,070 [INFO] Performing PPO update at global step 1466368
2026-02-26 15:19:14,424 [INFO] PPO losses — policy: 0.0066, value: 168.7136, entropy: 4.2242
2026-02-26 15:19:14,428 [INFO] PPO update completed. Buffer cleared.
2026-02-26 15:19:16,515 [INFO] Step 800: reward=-1.748, dist=5.54
2026-02-26 15:19:22,243 [INFO] Episode 1823 COMPLETE | Reward -547.96 | Steps 1000 | Terminated False | Truncated True
2026-02-26 15:19:24,517 [INFO] Step 0: reward=-1.929, dist=3.16
2026-02-26 15:19:31,674 [INFO] Step 200: reward=-0.141, dist=4.82
2026-02-26 15:19:38,584 [INFO] Step 400: reward=0.058, dist=6.30
2026-02-26 15:19:44,374 [INFO] Step 600: reward=0.162, dist=5.96
2026-02-26 15:19:49,245 [INFO] Step 800: reward=-1.940, dist=4.70
2026-02-26 15:19:55,409 [INFO] Episode 1824 COMPLETE | Reward -454.17 | Steps 1000 | Terminated False | Truncated True
2026-02-26 15:20:00,300 [INFO] Step 0: reward=-0.205, dist=3.27
2026-02-26 15:20:04,300 [INFO] Step 200: reward=-2.005, dist=4.08
2026-02-26 15:20:08,898 [INFO] Step 400: reward=-0.005, dist=4.90
2026-02-26 15:20:13,515 [INFO] Step 600: reward=0.219, dist=4.74
2026-02-26 15:20:18,216 [INFO] Performing PPO update at global step 1468416
2026-02-26 15:20:18,490 [INFO] PPO losses — policy: 0.1102, value: 191.7710, entropy: 4.2242
2026-02-26 15:20:18,495 [INFO] PPO update completed. Buffer cleared.
2026-02-26 15:20:19,625 [INFO] Step 800: reward=-0.631, dist=3.30
2026-02-26 15:20:23,494 [INFO] Episode 1825 COMPLETE | Reward -883.44 | Steps 1000 | Terminated False | Truncated True
2026-02-26 15:20:23,526 [INFO] Checkpoint saved: checkpoints/ppo_ep_01825.pt
2026-02-26 15:20:28,610 [INFO] Step 0: reward=-0.206, dist=3.21
2026-02-26 15:20:35,884 [INFO] Step 200: reward=-3.573, dist=1.04
2026-02-26 15:20:36,083 [INFO] Episode 1826 COMPLETE | Reward 161.25 | Steps 208 | Terminated True | Truncated False
2026-02-26 15:20:36,120 [INFO] New BEST model saved! Reward = 161.25 (episode 1826)
2026-02-26 15:20:39,273 [INFO] Step 0: reward=-0.230, dist=2.06
2026-02-26 15:20:46,355 [INFO] Step 200: reward=0.095, dist=4.10
2026-02-26 15:20:51,266 [INFO] Step 400: reward=-0.144, dist=3.43
2026-02-26 15:20:55,707 [INFO] Step 600: reward=-2.080, dist=2.93
2026-02-26 15:21:02,157 [INFO] Episode 1827 COMPLETE | Reward -579.85 | Steps 792 | Terminated True | Truncated False
2026-02-26 15:21:04,492 [INFO] Step 0: reward=4.954, dist=3.01
2026-02-26 15:21:11,364 [INFO] Step 200: reward=-1.592, dist=1.46
2026-02-26 15:21:13,252 [INFO] Episode 1828 COMPLETE | Reward 6.40 | Steps 306 | Terminated True | Truncated False
2026-02-26 15:21:18,245 [INFO] Step 0: reward=-0.205, dist=2.32
2026-02-26 15:21:19,133 [INFO] Policy action (normalized): v = +0.980, w = +0.400 | Cmd_vel (scaled): v = +0.980 m/s, w = +0.400 rad/s
2026-02-26 15:21:24,688 [INFO] Step 200: reward=-0.001, dist=1.13
2026-02-26 15:21:25,403 [INFO] Episode 1829 COMPLETE | Reward 135.67 | Steps 218 | Terminated True | Truncated False
2026-02-26 15:21:30,512 [INFO] Step 0: reward=-0.305, dist=2.70
2026-02-26 15:21:37,327 [INFO] Step 200: reward=0.095, dist=4.13
2026-02-26 15:21:40,100 [INFO] Performing PPO update at global step 1470464
2026-02-26 15:21:40,362 [INFO] PPO losses — policy: 0.0848, value: 1972.4605, entropy: 4.2242
2026-02-26 15:21:40,367 [INFO] PPO update completed. Buffer cleared.
2026-02-26 15:21:43,439 [INFO] Step 400: reward=0.043, dist=5.35
2026-02-26 15:21:50,589 [INFO] Step 600: reward=0.483, dist=4.54
2026-02-26 15:21:56,486 [INFO] Step 800: reward=-0.199, dist=3.07
2026-02-26 15:22:02,467 [INFO] Episode 1830 COMPLETE | Reward -476.67 | Steps 1000 | Terminated False | Truncated True
2026-02-26 15:22:02,507 [INFO] Checkpoint saved: checkpoints/ppo_ep_01830.pt
2026-02-26 15:22:06,661 [INFO] Step 0: reward=-0.210, dist=3.95
2026-02-26 15:22:11,188 [INFO] Step 200: reward=-0.046, dist=5.30
2026-02-26 15:22:17,390 [INFO] Step 400: reward=0.093, dist=5.46
2026-02-26 15:22:22,539 [INFO] Step 600: reward=0.396, dist=4.10
2026-02-26 15:22:27,370 [INFO] Step 800: reward=-2.211, dist=2.98
2026-02-26 15:22:32,213 [INFO] Episode 1831 COMPLETE | Reward -646.90 | Steps 1000 | Terminated False | Truncated True
2026-02-26 15:22:36,428 [INFO] Step 0: reward=-0.209, dist=2.85
2026-02-26 15:22:42,697 [INFO] Step 200: reward=-3.717, dist=1.03
2026-02-26 15:22:42,875 [INFO] Episode 1832 COMPLETE | Reward 151.76 | Steps 203 | Terminated True | Truncated False
2026-02-26 15:22:54,298 [INFO] Step 0: reward=0.082, dist=4.24
2026-02-26 15:22:57,377 [INFO] Performing PPO update at global step 1472512
2026-02-26 15:22:57,713 [INFO] PPO losses — policy: 0.0326, value: 693.1072, entropy: 4.2242
2026-02-26 15:22:57,718 [INFO] PPO update completed. Buffer cleared.
2026-02-26 15:22:58,774 [INFO] Step 200: reward=-2.228, dist=3.25
2026-02-26 15:23:02,993 [INFO] Step 400: reward=-0.213, dist=2.47
2026-02-26 15:23:07,521 [INFO] Step 600: reward=-0.211, dist=3.73
2026-02-26 15:23:15,579 [INFO] Step 800: reward=0.036, dist=5.14
2026-02-26 15:23:19,903 [INFO] Episode 1833 COMPLETE | Reward -753.19 | Steps 1000 | Terminated False | Truncated True
2026-02-26 15:23:24,456 [INFO] Step 0: reward=-0.205, dist=3.71
2026-02-26 15:23:29,628 [INFO] Step 200: reward=-1.905, dist=4.06
2026-02-26 15:23:34,299 [INFO] Step 400: reward=0.034, dist=2.93
2026-02-26 15:23:39,585 [INFO] Step 600: reward=-2.985, dist=1.61
2026-02-26 15:23:43,042 [INFO] Episode 1834 COMPLETE | Reward -618.74 | Steps 789 | Terminated True | Truncated False
2026-02-26 15:23:47,149 [INFO] Step 0: reward=-0.205, dist=3.05
2026-02-26 15:23:52,122 [INFO] Step 200: reward=-0.231, dist=3.63
2026-02-26 15:23:55,921 [INFO] Performing PPO update at global step 1474560
2026-02-26 15:23:56,208 [INFO] PPO losses — policy: 0.0192, value: 569.7378, entropy: 4.2242
2026-02-26 15:23:56,213 [INFO] PPO update completed. Buffer cleared.
2026-02-26 15:23:56,331 [INFO] Step 400: reward=-2.100, dist=3.00
2026-02-26 15:24:00,546 [INFO] Step 600: reward=0.494, dist=1.86
2026-02-26 15:24:04,333 [INFO] Step 800: reward=0.509, dist=1.17
2026-02-26 15:24:05,053 [INFO] Episode 1835 COMPLETE | Reward -572.18 | Steps 859 | Terminated True | Truncated False
2026-02-26 15:24:05,093 [INFO] Checkpoint saved: checkpoints/ppo_ep_01835.pt
2026-02-26 15:24:08,306 [INFO] Step 0: reward=-0.205, dist=3.37
2026-02-26 15:24:14,299 [INFO] Step 200: reward=0.094, dist=5.17
2026-02-26 15:24:18,071 [INFO] Step 400: reward=-0.182, dist=6.49
2026-02-26 15:24:23,933 [INFO] Step 600: reward=-0.938, dist=7.44
2026-02-26 15:24:28,832 [INFO] Step 800: reward=-3.521, dist=6.32
2026-02-26 15:24:34,580 [INFO] Episode 1836 COMPLETE | Reward 103.53 | Steps 1000 | Terminated False | Truncated True
2026-02-26 15:24:38,670 [INFO] Step 0: reward=-0.205, dist=2.63
2026-02-26 15:24:45,070 [INFO] Step 200: reward=-1.529, dist=3.06
2026-02-26 15:24:49,463 [INFO] Step 400: reward=-0.222, dist=1.91
2026-02-26 15:24:52,011 [INFO] Episode 1837 COMPLETE | Reward -84.49 | Steps 525 | Terminated True | Truncated False
2026-02-26 15:24:54,481 [INFO] Step 0: reward=-0.222, dist=3.01
2026-02-26 15:24:55,570 [INFO] Performing PPO update at global step 1476608
2026-02-26 15:24:55,893 [INFO] PPO losses — policy: 0.0348, value: 1113.5708, entropy: 4.2242
2026-02-26 15:24:55,897 [INFO] PPO update completed. Buffer cleared.
2026-02-26 15:24:59,618 [INFO] Step 200: reward=0.513, dist=1.78
2026-02-26 15:25:02,721 [INFO] Episode 1838 COMPLETE | Reward 135.80 | Steps 336 | Terminated True | Truncated False
2026-02-26 15:25:06,699 [INFO] Step 0: reward=-0.208, dist=2.47
2026-02-26 15:25:11,699 [INFO] Episode 1839 COMPLETE | Reward 253.87 | Steps 199 | Terminated True | Truncated False
2026-02-26 15:25:11,742 [INFO] New BEST model saved! Reward = 253.87 (episode 1839)
2026-02-26 15:25:15,671 [INFO] Step 0: reward=-0.205, dist=3.68
2026-02-26 15:25:19,773 [INFO] Step 200: reward=0.095, dist=4.77
2026-02-26 15:25:23,639 [INFO] Step 400: reward=-1.940, dist=5.19
2026-02-26 15:25:27,660 [INFO] Step 600: reward=0.193, dist=4.70
2026-02-26 15:25:31,769 [INFO] Step 800: reward=-2.087, dist=3.74
2026-02-26 15:25:38,477 [INFO] Episode 1840 COMPLETE | Reward -788.70 | Steps 1000 | Terminated False | Truncated True
2026-02-26 15:25:38,512 [INFO] Checkpoint saved: checkpoints/ppo_ep_01840.pt
2026-02-26 15:25:42,570 [INFO] Step 0: reward=-0.206, dist=2.58
2026-02-26 15:25:48,174 [INFO] Step 200: reward=-3.764, dist=4.37
2026-02-26 15:25:54,198 [INFO] Step 400: reward=-1.912, dist=5.26
2026-02-26 15:25:58,297 [INFO] Performing PPO update at global step 1478656
2026-02-26 15:25:58,580 [INFO] PPO losses — policy: 0.0898, value: 961.9393, entropy: 4.2242
2026-02-26 15:25:58,584 [INFO] PPO update completed. Buffer cleared.
2026-02-26 15:25:59,730 [INFO] Step 600: reward=0.636, dist=4.09
2026-02-26 15:26:04,834 [INFO] Step 800: reward=0.415, dist=2.36
2026-02-26 15:26:09,251 [INFO] Episode 1841 COMPLETE | Reward -199.90 | Steps 995 | Terminated True | Truncated False
2026-02-26 15:26:12,511 [INFO] Step 0: reward=-0.218, dist=3.49
2026-02-26 15:26:17,162 [INFO] Step 200: reward=0.397, dist=1.87
2026-02-26 15:26:19,763 [INFO] Episode 1842 COMPLETE | Reward 211.68 | Steps 289 | Terminated True | Truncated False
2026-02-26 15:26:24,578 [INFO] Step 0: reward=-2.197, dist=3.03
2026-02-26 15:26:29,558 [INFO] Step 200: reward=-4.867, dist=1.66
2026-02-26 15:26:31,764 [INFO] Episode 1843 COMPLETE | Reward 24.59 | Steps 291 | Terminated True | Truncated False
2026-02-26 15:26:42,766 [INFO] Step 0: reward=-0.005, dist=4.24
2026-02-26 15:26:48,239 [INFO] Step 200: reward=-0.266, dist=2.38
2026-02-26 15:26:51,372 [INFO] Policy action (normalized): v = +0.166, w = +0.998 | Cmd_vel (scaled): v = +0.166 m/s, w = +0.998 rad/s
2026-02-26 15:26:53,268 [INFO] Step 400: reward=0.023, dist=4.02
2026-02-26 15:26:59,824 [INFO] Step 600: reward=-0.074, dist=3.98
2026-02-26 15:27:04,204 [INFO] Step 800: reward=-3.815, dist=2.25
2026-02-26 15:27:08,854 [INFO] Episode 1844 COMPLETE | Reward -560.11 | Steps 1000 | Terminated False | Truncated True
2026-02-26 15:27:34,016 [INFO] Step 0: reward=-0.205, dist=2.75
2026-02-26 15:27:35,523 [INFO] Performing PPO update at global step 1480704
2026-02-26 15:27:35,795 [INFO] PPO losses — policy: 0.0134, value: 1268.1716, entropy: 4.2242
2026-02-26 15:27:35,800 [INFO] PPO update completed. Buffer cleared.
2026-02-26 15:27:39,440 [INFO] Step 200: reward=-0.098, dist=4.29
2026-02-26 15:27:44,241 [INFO] Step 400: reward=-0.398, dist=5.52
2026-02-26 15:27:50,421 [INFO] Step 600: reward=-1.840, dist=6.04
2026-02-26 15:27:55,703 [INFO] Step 800: reward=0.513, dist=4.07
2026-02-26 15:28:01,404 [INFO] Episode 1845 COMPLETE | Reward -323.01 | Steps 1000 | Terminated False | Truncated True
2026-02-26 15:28:01,457 [INFO] Checkpoint saved: checkpoints/ppo_ep_01845.pt
2026-02-26 15:28:04,671 [INFO] Step 0: reward=-0.205, dist=3.33
2026-02-26 15:28:08,554 [INFO] Step 200: reward=0.665, dist=2.64
2026-02-26 15:28:13,179 [INFO] Episode 1846 COMPLETE | Reward 25.61 | Steps 361 | Terminated True | Truncated False
2026-02-26 15:28:15,521 [INFO] Step 0: reward=-0.211, dist=2.48
2026-02-26 15:28:21,108 [INFO] Step 200: reward=0.095, dist=4.23
2026-02-26 15:28:25,792 [INFO] Step 400: reward=0.095, dist=4.30
2026-02-26 15:28:29,859 [INFO] Step 600: reward=-0.144, dist=3.29
2026-02-26 15:28:33,600 [INFO] Performing PPO update at global step 1482752
2026-02-26 15:28:33,866 [INFO] PPO losses — policy: 0.1272, value: 548.5357, entropy: 4.2242
2026-02-26 15:28:33,871 [INFO] PPO update completed. Buffer cleared.
2026-02-26 15:28:35,644 [INFO] Step 800: reward=-1.597, dist=1.35
2026-02-26 15:28:37,342 [INFO] Episode 1847 COMPLETE | Reward -360.21 | Steps 883 | Terminated True | Truncated False
2026-02-26 15:28:41,495 [INFO] Step 0: reward=-0.206, dist=3.55
2026-02-26 15:28:46,216 [INFO] Step 200: reward=0.062, dist=4.92
2026-02-26 15:28:50,572 [INFO] Step 400: reward=0.218, dist=4.29
2026-02-26 15:28:53,918 [INFO] Step 600: reward=-0.123, dist=3.32
2026-02-26 15:28:57,917 [INFO] Step 800: reward=0.534, dist=1.95
2026-02-26 15:29:00,933 [INFO] Episode 1848 COMPLETE | Reward -241.72 | Steps 881 | Terminated True | Truncated False
2026-02-26 15:29:03,945 [INFO] Step 0: reward=-0.205, dist=2.07
2026-02-26 15:29:10,830 [INFO] Step 200: reward=0.095, dist=4.10
2026-02-26 15:29:16,231 [INFO] Step 400: reward=0.493, dist=2.98
2026-02-26 15:29:21,161 [INFO] Episode 1849 COMPLETE | Reward 43.31 | Steps 584 | Terminated True | Truncated False
2026-02-26 15:29:24,497 [INFO] Step 0: reward=-0.205, dist=2.23
2026-02-26 15:29:28,276 [INFO] Step 200: reward=-1.368, dist=3.48
2026-02-26 15:29:32,942 [INFO] Step 400: reward=0.082, dist=4.36
2026-02-26 15:29:34,098 [INFO] Performing PPO update at global step 1484800
2026-02-26 15:29:34,364 [INFO] PPO losses — policy: 0.0172, value: 1045.6746, entropy: 4.2242
2026-02-26 15:29:34,369 [INFO] PPO update completed. Buffer cleared.
2026-02-26 15:29:38,629 [INFO] Step 600: reward=0.624, dist=2.71
2026-02-26 15:29:43,549 [INFO] Episode 1850 COMPLETE | Reward -162.20 | Steps 768 | Terminated True | Truncated False
2026-02-26 15:29:43,587 [INFO] Checkpoint saved: checkpoints/ppo_ep_01850.pt
2026-02-26 15:29:48,402 [INFO] Step 0: reward=-0.207, dist=2.09
2026-02-26 15:29:53,985 [INFO] Step 200: reward=-0.290, dist=3.93
2026-02-26 15:29:58,759 [INFO] Step 400: reward=0.041, dist=4.30
2026-02-26 15:30:03,194 [INFO] Step 600: reward=-0.073, dist=3.19
2026-02-26 15:30:07,626 [INFO] Step 800: reward=0.403, dist=1.74
2026-02-26 15:30:10,193 [INFO] Episode 1851 COMPLETE | Reward -375.15 | Steps 901 | Terminated True | Truncated False
2026-02-26 15:30:21,254 [INFO] Step 0: reward=0.095, dist=4.24
2026-02-26 15:30:25,989 [INFO] Step 200: reward=-2.206, dist=2.52
2026-02-26 15:30:31,256 [INFO] Step 400: reward=-0.205, dist=3.88
2026-02-26 15:30:36,121 [INFO] Step 600: reward=0.093, dist=4.77
2026-02-26 15:30:42,255 [INFO] Step 800: reward=0.094, dist=4.24
2026-02-26 15:30:42,297 [INFO] Performing PPO update at global step 1486848
2026-02-26 15:30:42,557 [INFO] PPO losses — policy: 0.0057, value: 671.0940, entropy: 4.2242
2026-02-26 15:30:42,563 [INFO] PPO update completed. Buffer cleared.
2026-02-26 15:30:46,699 [INFO] Episode 1852 COMPLETE | Reward -506.27 | Steps 1000 | Terminated False | Truncated True
2026-02-26 15:30:51,483 [INFO] Step 0: reward=-0.205, dist=3.80
2026-02-26 15:30:57,436 [INFO] Step 200: reward=-0.076, dist=1.58
2026-02-26 15:30:59,089 [INFO] Episode 1853 COMPLETE | Reward 165.68 | Steps 259 | Terminated True | Truncated False
2026-02-26 15:31:10,607 [INFO] Step 0: reward=-0.268, dist=4.25
2026-02-26 15:31:14,477 [INFO] Step 200: reward=-2.246, dist=2.80
2026-02-26 15:31:18,714 [INFO] Step 400: reward=-2.508, dist=3.09
2026-02-26 15:31:22,998 [INFO] Step 600: reward=0.095, dist=4.53
2026-02-26 15:31:28,031 [INFO] Step 800: reward=-0.069, dist=3.80
2026-02-26 15:31:31,728 [INFO] Episode 1854 COMPLETE | Reward -758.53 | Steps 1000 | Terminated False | Truncated True
2026-02-26 15:31:33,524 [INFO] Step 0: reward=-1.967, dist=2.57
2026-02-26 15:31:37,142 [INFO] Step 200: reward=-0.393, dist=2.78
2026-02-26 15:31:41,570 [INFO] Step 400: reward=-0.205, dist=3.03
2026-02-26 15:31:46,221 [INFO] Performing PPO update at global step 1488896
2026-02-26 15:31:46,484 [INFO] PPO losses — policy: 0.0058, value: 480.1007, entropy: 4.2242
2026-02-26 15:31:46,490 [INFO] PPO update completed. Buffer cleared.
2026-02-26 15:31:46,496 [INFO] Step 600: reward=-0.205, dist=1.64
2026-02-26 15:31:48,307 [INFO] Episode 1855 COMPLETE | Reward -394.74 | Steps 704 | Terminated True | Truncated False
2026-02-26 15:31:48,341 [INFO] Checkpoint saved: checkpoints/ppo_ep_01855.pt
2026-02-26 15:31:51,368 [INFO] Step 0: reward=-0.224, dist=3.18
2026-02-26 15:31:56,261 [INFO] Step 200: reward=-0.640, dist=3.49
2026-02-26 15:32:01,795 [INFO] Step 400: reward=0.100, dist=4.92
2026-02-26 15:32:08,247 [INFO] Step 600: reward=0.412, dist=3.36
2026-02-26 15:32:14,744 [INFO] Step 800: reward=-3.214, dist=1.25
2026-02-26 15:32:15,586 [INFO] Episode 1856 COMPLETE | Reward -104.63 | Steps 838 | Terminated True | Truncated False
2026-02-26 15:32:18,075 [INFO] Step 0: reward=-0.205, dist=2.26
2026-02-26 15:32:20,557 [INFO] Policy action (normalized): v = +0.998, w = +0.996 | Cmd_vel (scaled): v = +0.998 m/s, w = +0.996 rad/s
2026-02-26 15:32:21,502 [INFO] Step 200: reward=-0.206, dist=1.27
2026-02-26 15:32:22,323 [INFO] Episode 1857 COMPLETE | Reward 291.33 | Steps 225 | Terminated True | Truncated False
2026-02-26 15:32:22,362 [INFO] New BEST model saved! Reward = 291.33 (episode 1857)
2026-02-26 15:32:26,541 [INFO] Step 0: reward=-0.205, dist=2.22
2026-02-26 15:32:31,320 [INFO] Step 200: reward=-0.205, dist=3.62
2026-02-26 15:32:35,837 [INFO] Step 400: reward=-1.502, dist=2.73
2026-02-26 15:32:41,065 [INFO] Episode 1858 COMPLETE | Reward -94.41 | Steps 598 | Terminated True | Truncated False
2026-02-26 15:32:45,117 [INFO] Step 0: reward=-0.254, dist=3.77
2026-02-26 15:32:49,754 [INFO] Step 200: reward=-0.105, dist=3.74
2026-02-26 15:32:52,222 [INFO] Performing PPO update at global step 1490944
2026-02-26 15:32:52,511 [INFO] PPO losses — policy: 0.0101, value: 1373.2106, entropy: 4.2242
2026-02-26 15:32:52,516 [INFO] PPO update completed. Buffer cleared.
2026-02-26 15:32:56,168 [INFO] Step 400: reward=-0.102, dist=1.32
2026-02-26 15:32:57,204 [INFO] Episode 1859 COMPLETE | Reward 110.60 | Steps 426 | Terminated True | Truncated False
2026-02-26 15:33:00,513 [INFO] Step 0: reward=5.980, dist=2.87
2026-02-26 15:33:04,011 [INFO] Step 200: reward=-0.142, dist=1.51
2026-02-26 15:33:05,607 [INFO] Episode 1860 COMPLETE | Reward 188.32 | Steps 261 | Terminated True | Truncated False
2026-02-26 15:33:05,640 [INFO] Checkpoint saved: checkpoints/ppo_ep_01860.pt
2026-02-26 15:33:09,546 [INFO] Step 0: reward=-0.205, dist=3.34
2026-02-26 15:33:15,762 [INFO] Step 200: reward=0.452, dist=1.16
2026-02-26 15:33:16,488 [INFO] Episode 1861 COMPLETE | Reward 383.28 | Steps 218 | Terminated True | Truncated False
2026-02-26 15:33:16,526 [INFO] New BEST model saved! Reward = 383.28 (episode 1861)
2026-02-26 15:33:18,698 [INFO] Step 0: reward=-0.305, dist=3.30
2026-02-26 15:33:23,263 [INFO] Step 200: reward=-2.206, dist=2.31
2026-02-26 15:33:26,868 [INFO] Episode 1862 COMPLETE | Reward 107.12 | Steps 319 | Terminated True | Truncated False
2026-02-26 15:33:31,010 [INFO] Step 0: reward=-0.253, dist=3.29
2026-02-26 15:33:35,608 [INFO] Step 200: reward=-2.210, dist=3.22
2026-02-26 15:33:41,660 [INFO] Episode 1863 COMPLETE | Reward 89.90 | Steps 379 | Terminated True | Truncated False
2026-02-26 15:33:44,873 [INFO] Step 0: reward=2.864, dist=3.75
2026-02-26 15:33:49,895 [INFO] Step 200: reward=-0.118, dist=2.21
2026-02-26 15:33:53,519 [INFO] Episode 1864 COMPLETE | Reward 260.66 | Steps 304 | Terminated True | Truncated False
2026-02-26 15:33:57,544 [INFO] Step 0: reward=-0.205, dist=3.64
2026-02-26 15:34:02,393 [INFO] Step 200: reward=-2.205, dist=3.78
2026-02-26 15:34:08,397 [INFO] Step 400: reward=0.634, dist=1.51
2026-02-26 15:34:09,234 [INFO] Performing PPO update at global step 1492992
2026-02-26 15:34:09,558 [INFO] PPO losses — policy: 0.0105, value: 2277.1872, entropy: 4.2242
2026-02-26 15:34:09,565 [INFO] PPO update completed. Buffer cleared.
2026-02-26 15:34:09,903 [INFO] Episode 1865 COMPLETE | Reward 69.49 | Steps 442 | Terminated True | Truncated False
2026-02-26 15:34:09,948 [INFO] Checkpoint saved: checkpoints/ppo_ep_01865.pt
2026-02-26 15:34:21,581 [INFO] Step 0: reward=-0.471, dist=4.24
2026-02-26 15:34:25,568 [INFO] Step 200: reward=-0.098, dist=2.87
2026-02-26 15:34:31,684 [INFO] Step 400: reward=-2.068, dist=3.87
2026-02-26 15:34:35,670 [INFO] Step 600: reward=0.093, dist=4.56
2026-02-26 15:34:38,870 [INFO] Step 800: reward=-0.228, dist=3.97
2026-02-26 15:34:44,397 [INFO] Episode 1866 COMPLETE | Reward -684.06 | Steps 1000 | Terminated False | Truncated True
2026-02-26 15:34:45,648 [INFO] Step 0: reward=-0.212, dist=3.56
2026-02-26 15:34:49,771 [INFO] Step 200: reward=-0.237, dist=2.76
2026-02-26 15:34:54,978 [INFO] Step 400: reward=0.034, dist=4.64
2026-02-26 15:35:00,925 [INFO] Step 600: reward=0.406, dist=3.05
2026-02-26 15:35:06,201 [INFO] Step 800: reward=0.400, dist=1.04
2026-02-26 15:35:06,266 [INFO] Episode 1867 COMPLETE | Reward -45.87 | Steps 806 | Terminated True | Truncated False
2026-02-26 15:35:09,665 [INFO] Step 0: reward=-0.305, dist=3.94
2026-02-26 15:35:15,600 [INFO] Step 200: reward=0.094, dist=5.74
2026-02-26 15:35:15,793 [INFO] Performing PPO update at global step 1495040
2026-02-26 15:35:16,169 [INFO] PPO losses — policy: 0.0094, value: 633.0708, entropy: 4.2242
2026-02-26 15:35:16,177 [INFO] PPO update completed. Buffer cleared.
2026-02-26 15:35:20,356 [INFO] Step 400: reward=0.399, dist=4.18
2026-02-26 15:35:25,214 [INFO] Step 600: reward=-1.587, dist=2.50
2026-02-26 15:35:29,292 [INFO] Episode 1868 COMPLETE | Reward 72.11 | Steps 742 | Terminated True | Truncated False
2026-02-26 15:35:33,409 [INFO] Step 0: reward=-0.233, dist=3.33
2026-02-26 15:35:39,108 [INFO] Step 200: reward=0.075, dist=5.13
2026-02-26 15:35:44,437 [INFO] Step 400: reward=0.226, dist=4.03
2026-02-26 15:35:48,778 [INFO] Step 600: reward=0.415, dist=2.50
2026-02-26 15:35:52,968 [INFO] Step 800: reward=-1.378, dist=1.00
2026-02-26 15:35:52,995 [INFO] Episode 1869 COMPLETE | Reward -28.71 | Steps 802 | Terminated True | Truncated False
2026-02-26 15:35:57,487 [INFO] Step 0: reward=-0.227, dist=3.83
2026-02-26 15:36:02,625 [INFO] Step 200: reward=-0.081, dist=3.73
2026-02-26 15:36:07,268 [INFO] Step 400: reward=0.513, dist=1.96
2026-02-26 15:36:09,882 [INFO] Episode 1870 COMPLETE | Reward 153.94 | Steps 492 | Terminated True | Truncated False
2026-02-26 15:36:09,930 [INFO] Checkpoint saved: checkpoints/ppo_ep_01870.pt
2026-02-26 15:36:12,478 [INFO] Step 0: reward=-0.585, dist=3.33
2026-02-26 15:36:17,901 [INFO] Step 200: reward=-0.636, dist=4.43
2026-02-26 15:36:18,516 [INFO] Performing PPO update at global step 1497088
2026-02-26 15:36:18,792 [INFO] PPO losses — policy: 0.0168, value: 1071.7059, entropy: 4.2242
2026-02-26 15:36:18,797 [INFO] PPO update completed. Buffer cleared.
2026-02-26 15:36:23,370 [INFO] Step 400: reward=0.457, dist=3.22
2026-02-26 15:36:28,470 [INFO] Step 600: reward=-0.074, dist=1.40
2026-02-26 15:36:29,520 [INFO] Episode 1871 COMPLETE | Reward 83.69 | Steps 625 | Terminated True | Truncated False
2026-02-26 15:36:33,592 [INFO] Step 0: reward=-0.205, dist=3.88
2026-02-26 15:36:38,499 [INFO] Step 200: reward=-2.064, dist=4.72
2026-02-26 15:36:44,532 [INFO] Step 400: reward=0.148, dist=5.70
2026-02-26 15:36:50,307 [INFO] Step 600: reward=0.499, dist=3.60
2026-02-26 15:36:56,071 [INFO] Step 800: reward=0.418, dist=1.45
2026-02-26 15:36:57,350 [INFO] Episode 1872 COMPLETE | Reward 77.70 | Steps 850 | Terminated True | Truncated False
2026-02-26 15:36:59,706 [INFO] Step 0: reward=-0.205, dist=3.91
2026-02-26 15:37:04,933 [INFO] Step 200: reward=0.520, dist=1.96
2026-02-26 15:37:07,986 [INFO] Episode 1873 COMPLETE | Reward 103.70 | Steps 339 | Terminated True | Truncated False
2026-02-26 15:37:12,440 [INFO] Step 0: reward=-0.515, dist=3.01
2026-02-26 15:37:17,403 [INFO] Step 200: reward=-0.095, dist=1.74
2026-02-26 15:37:19,578 [INFO] Episode 1874 COMPLETE | Reward 129.68 | Steps 276 | Terminated True | Truncated False
2026-02-26 15:37:24,515 [INFO] Step 0: reward=-0.207, dist=3.40
2026-02-26 15:37:28,499 [INFO] Performing PPO update at global step 1499136
2026-02-26 15:37:28,772 [INFO] PPO losses — policy: 0.0533, value: 1452.9784, entropy: 4.2242
2026-02-26 15:37:28,777 [INFO] PPO update completed. Buffer cleared.
2026-02-26 15:37:28,820 [INFO] Step 200: reward=0.061, dist=4.91
2026-02-26 15:37:32,656 [INFO] Step 400: reward=-1.858, dist=5.13
2026-02-26 15:37:38,895 [INFO] Step 600: reward=0.516, dist=3.39
2026-02-26 15:37:42,709 [INFO] Step 800: reward=0.659, dist=2.18
2026-02-26 15:37:46,652 [INFO] Episode 1875 COMPLETE | Reward -321.09 | Steps 948 | Terminated True | Truncated False
2026-02-26 15:37:46,692 [INFO] Checkpoint saved: checkpoints/ppo_ep_01875.pt
2026-02-26 15:37:51,504 [INFO] Step 0: reward=-0.206, dist=3.07
2026-02-26 15:37:53,570 [INFO] Policy action (normalized): v = +0.716, w = +0.843 | Cmd_vel (scaled): v = +0.716 m/s, w = +0.843 rad/s
2026-02-26 15:37:55,373 [INFO] Step 200: reward=0.421, dist=1.81
2026-02-26 15:37:58,124 [INFO] Episode 1876 COMPLETE | Reward 83.23 | Steps 311 | Terminated True | Truncated False
2026-02-26 15:38:02,282 [INFO] Step 0: reward=-0.206, dist=3.19
2026-02-26 15:38:07,752 [INFO] Step 200: reward=0.095, dist=4.70
2026-02-26 15:38:12,208 [INFO] Step 400: reward=-0.868, dist=5.28
2026-02-26 15:38:19,563 [INFO] Step 600: reward=0.279, dist=2.76
2026-02-26 15:38:24,006 [INFO] Step 800: reward=0.520, dist=1.17
2026-02-26 15:38:24,702 [INFO] Episode 1877 COMPLETE | Reward -242.73 | Steps 842 | Terminated True | Truncated False
2026-02-26 15:38:27,595 [INFO] Step 0: reward=-0.205, dist=2.97
2026-02-26 15:38:32,356 [INFO] Performing PPO update at global step 1501184
2026-02-26 15:38:32,708 [INFO] PPO losses — policy: 0.0167, value: 878.1840, entropy: 4.2242
2026-02-26 15:38:32,712 [INFO] PPO update completed. Buffer cleared.
2026-02-26 15:38:34,140 [INFO] Step 200: reward=-1.997, dist=1.38
2026-02-26 15:38:35,344 [INFO] Episode 1878 COMPLETE | Reward 140.56 | Steps 256 | Terminated True | Truncated False
2026-02-26 15:38:37,331 [INFO] Step 0: reward=-0.213, dist=2.71
2026-02-26 15:38:42,027 [INFO] Step 200: reward=-0.124, dist=4.33
2026-02-26 15:38:46,075 [INFO] Step 400: reward=0.042, dist=4.17
2026-02-26 15:38:53,390 [INFO] Step 600: reward=-0.163, dist=1.81
2026-02-26 15:38:56,089 [INFO] Episode 1879 COMPLETE | Reward -309.29 | Steps 727 | Terminated True | Truncated False
2026-02-26 15:38:58,433 [INFO] Step 0: reward=5.585, dist=3.47
2026-02-26 15:39:01,592 [INFO] Step 200: reward=-1.625, dist=2.46
2026-02-26 15:39:06,607 [INFO] Step 400: reward=-0.093, dist=1.10
2026-02-26 15:39:06,868 [INFO] Episode 1880 COMPLETE | Reward 51.93 | Steps 409 | Terminated True | Truncated False
2026-02-26 15:39:06,898 [INFO] Checkpoint saved: checkpoints/ppo_ep_01880.pt
2026-02-26 15:39:10,027 [INFO] Step 0: reward=-0.305, dist=3.25
2026-02-26 15:39:15,180 [INFO] Step 200: reward=-1.431, dist=3.43
2026-02-26 15:39:21,527 [INFO] Step 400: reward=-6.351, dist=1.45
2026-02-26 15:39:23,286 [INFO] Episode 1881 COMPLETE | Reward -66.85 | Steps 492 | Terminated True | Truncated False
2026-02-26 15:39:26,285 [INFO] Step 0: reward=-0.205, dist=3.56
2026-02-26 15:39:30,453 [INFO] Step 200: reward=-0.347, dist=4.84
2026-02-26 15:39:33,904 [INFO] Performing PPO update at global step 1503232
2026-02-26 15:39:34,176 [INFO] PPO losses — policy: 0.0048, value: 1322.9421, entropy: 4.2242
2026-02-26 15:39:34,181 [INFO] PPO update completed. Buffer cleared.
2026-02-26 15:39:37,525 [INFO] Step 400: reward=-2.519, dist=4.84
2026-02-26 15:39:43,499 [INFO] Step 600: reward=0.421, dist=2.61
2026-02-26 15:39:48,617 [INFO] Step 800: reward=209.950, dist=0.00
2026-02-26 15:39:48,617 [INFO] Episode 1882 COMPLETE | Reward -85.67 | Steps 801 | Terminated True | Truncated False
2026-02-26 15:39:51,711 [INFO] Step 0: reward=-0.206, dist=3.97
2026-02-26 15:39:55,948 [INFO] Step 200: reward=0.705, dist=3.03
2026-02-26 15:40:01,214 [INFO] Episode 1883 COMPLETE | Reward 73.71 | Steps 383 | Terminated True | Truncated False
2026-02-26 15:40:03,556 [INFO] Step 0: reward=-0.206, dist=3.83
2026-02-26 15:40:08,995 [INFO] Step 200: reward=0.589, dist=2.17
2026-02-26 15:40:12,241 [INFO] Episode 1884 COMPLETE | Reward 80.69 | Steps 394 | Terminated True | Truncated False
2026-02-26 15:40:16,374 [INFO] Step 0: reward=-0.247, dist=3.31
2026-02-26 15:40:20,260 [INFO] Step 200: reward=0.430, dist=1.88
2026-02-26 15:40:22,403 [INFO] Episode 1885 COMPLETE | Reward 107.33 | Steps 268 | Terminated True | Truncated False
2026-02-26 15:40:22,429 [INFO] Checkpoint saved: checkpoints/ppo_ep_01885.pt
2026-02-26 15:40:27,472 [INFO] Step 0: reward=-0.221, dist=2.15
2026-02-26 15:40:33,100 [INFO] Episode 1886 COMPLETE | Reward 203.39 | Steps 152 | Terminated True | Truncated False
2026-02-26 15:40:37,128 [INFO] Step 0: reward=-0.206, dist=2.17
2026-02-26 15:40:42,564 [INFO] Step 200: reward=0.519, dist=1.09
2026-02-26 15:40:42,873 [INFO] Episode 1887 COMPLETE | Reward 121.34 | Steps 214 | Terminated True | Truncated False
2026-02-26 15:40:45,888 [INFO] Step 0: reward=-0.219, dist=3.87
2026-02-26 15:40:50,459 [INFO] Performing PPO update at global step 1505280
2026-02-26 15:40:50,832 [INFO] PPO losses — policy: 0.0064, value: 2095.3719, entropy: 4.2242
2026-02-26 15:40:50,837 [INFO] PPO update completed. Buffer cleared.
2026-02-26 15:40:52,326 [INFO] Step 200: reward=-1.820, dist=4.09
2026-02-26 15:40:59,062 [INFO] Step 400: reward=0.606, dist=1.59
2026-02-26 15:41:01,344 [INFO] Episode 1888 COMPLETE | Reward 152.87 | Steps 483 | Terminated True | Truncated False
2026-02-26 15:41:06,314 [INFO] Step 0: reward=-0.205, dist=3.41
2026-02-26 15:41:11,509 [INFO] Step 200: reward=0.291, dist=3.17
2026-02-26 15:41:17,781 [INFO] Step 400: reward=-0.205, dist=1.07
2026-02-26 15:41:17,972 [INFO] Episode 1889 COMPLETE | Reward 26.62 | Steps 406 | Terminated True | Truncated False
2026-02-26 15:41:22,013 [INFO] Step 0: reward=-0.205, dist=2.85
2026-02-26 15:41:27,805 [INFO] Step 200: reward=0.042, dist=4.61
2026-02-26 15:41:32,502 [INFO] Step 400: reward=0.415, dist=3.57
2026-02-26 15:41:38,066 [INFO] Step 600: reward=0.995, dist=1.80
2026-02-26 15:41:40,399 [INFO] Episode 1890 COMPLETE | Reward -136.62 | Steps 683 | Terminated True | Truncated False
2026-02-26 15:41:40,437 [INFO] Checkpoint saved: checkpoints/ppo_ep_01890.pt
2026-02-26 15:41:43,722 [INFO] Step 0: reward=-0.205, dist=2.72
2026-02-26 15:41:48,658 [INFO] Step 200: reward=-1.948, dist=2.66
2026-02-26 15:41:53,385 [INFO] Episode 1891 COMPLETE | Reward 43.41 | Steps 383 | Terminated True | Truncated False
2026-02-26 15:42:18,573 [INFO] Step 0: reward=-100.000, dist=3648.59
2026-02-26 15:42:18,574 [INFO] Episode 1892 COMPLETE | Reward -100.00 | Steps 1 | Terminated False | Truncated True
2026-02-26 15:42:21,693 [INFO] Step 0: reward=0.093, dist=32.56
2026-02-26 15:42:26,248 [INFO] Episode 1893 COMPLETE | Reward -1033.54 | Steps 176 | Terminated False | Truncated True
2026-02-26 15:42:29,441 [INFO] Step 0: reward=-0.205, dist=2.23
2026-02-26 15:42:30,434 [INFO] Performing PPO update at global step 1507328
2026-02-26 15:42:30,698 [INFO] PPO losses — policy: 0.0355, value: 1799.9047, entropy: 4.2242
2026-02-26 15:42:30,703 [INFO] PPO update completed. Buffer cleared.
2026-02-26 15:42:34,478 [INFO] Step 200: reward=-0.205, dist=2.77
2026-02-26 15:42:40,419 [INFO] Step 400: reward=-0.161, dist=3.77
2026-02-26 15:42:45,389 [INFO] Step 600: reward=0.702, dist=2.04
2026-02-26 15:42:48,831 [INFO] Episode 1894 COMPLETE | Reward -69.47 | Steps 738 | Terminated True | Truncated False
2026-02-26 15:42:52,148 [INFO] Step 0: reward=-0.205, dist=2.51
2026-02-26 15:42:57,572 [INFO] Step 200: reward=-2.305, dist=3.13
2026-02-26 15:43:01,506 [INFO] Step 400: reward=0.007, dist=4.41
2026-02-26 15:43:06,582 [INFO] Step 600: reward=0.503, dist=3.36
2026-02-26 15:43:13,503 [INFO] Episode 1895 COMPLETE | Reward -195.95 | Steps 787 | Terminated True | Truncated False
2026-02-26 15:43:13,530 [INFO] Checkpoint saved: checkpoints/ppo_ep_01895.pt
2026-02-26 15:43:18,625 [INFO] Step 0: reward=-2.152, dist=2.89
2026-02-26 15:43:23,089 [INFO] Step 200: reward=-4.054, dist=3.48
2026-02-26 15:43:28,583 [INFO] Step 400: reward=0.142, dist=4.55
2026-02-26 15:43:32,371 [INFO] Performing PPO update at global step 1509376
2026-02-26 15:43:32,732 [INFO] PPO losses — policy: 0.0089, value: 668.0812, entropy: 4.2242
2026-02-26 15:43:32,741 [INFO] PPO update completed. Buffer cleared.
2026-02-26 15:43:33,305 [INFO] Step 600: reward=0.479, dist=3.19
2026-02-26 15:43:37,825 [INFO] Step 800: reward=0.532, dist=1.54
2026-02-26 15:43:39,845 [INFO] Episode 1896 COMPLETE | Reward -145.61 | Steps 873 | Terminated True | Truncated False
2026-02-26 15:43:43,844 [INFO] Step 0: reward=-0.209, dist=3.93
2026-02-26 15:43:48,159 [INFO] Step 200: reward=0.444, dist=2.80
2026-02-26 15:43:50,347 [INFO] Policy action (normalized): v = +0.993, w = +0.358 | Cmd_vel (scaled): v = +0.993 m/s, w = +0.358 rad/s
2026-02-26 15:43:52,130 [INFO] Step 400: reward=-1.531, dist=1.69
2026-02-26 15:43:53,996 [INFO] Episode 1897 COMPLETE | Reward -186.37 | Steps 487 | Terminated True | Truncated False
2026-02-26 15:43:57,992 [INFO] Step 0: reward=-0.205, dist=2.58
2026-02-26 15:44:02,734 [INFO] Step 200: reward=-1.572, dist=1.60
2026-02-26 15:44:05,172 [INFO] Episode 1898 COMPLETE | Reward -20.63 | Steps 307 | Terminated True | Truncated False
2026-02-26 15:44:09,699 [INFO] Step 0: reward=-0.211, dist=2.47
2026-02-26 15:44:13,431 [INFO] Episode 1899 COMPLETE | Reward 449.91 | Steps 169 | Terminated True | Truncated False
2026-02-26 15:44:13,469 [INFO] New BEST model saved! Reward = 449.91 (episode 1899)
2026-02-26 15:44:16,664 [INFO] Step 0: reward=-0.206, dist=2.87
2026-02-26 15:44:21,017 [INFO] Step 200: reward=-1.907, dist=4.20
2026-02-26 15:44:26,168 [INFO] Step 400: reward=0.127, dist=5.03
2026-02-26 15:44:30,676 [INFO] Step 600: reward=0.528, dist=3.78
2026-02-26 15:44:35,367 [INFO] Performing PPO update at global step 1511424
2026-02-26 15:44:35,648 [INFO] PPO losses — policy: 0.0084, value: 1499.0983, entropy: 4.2242
2026-02-26 15:44:35,656 [INFO] PPO update completed. Buffer cleared.
2026-02-26 15:44:35,955 [INFO] Step 800: reward=0.443, dist=2.21
2026-02-26 15:44:39,694 [INFO] Episode 1900 COMPLETE | Reward -264.96 | Steps 910 | Terminated True | Truncated False
2026-02-26 15:44:39,729 [INFO] Checkpoint saved: checkpoints/ppo_ep_01900.pt
2026-02-26 15:44:43,051 [INFO] Step 0: reward=-2.046, dist=3.34
2026-02-26 15:44:49,561 [INFO] Step 200: reward=0.680, dist=2.01
2026-02-26 15:44:52,751 [INFO] Episode 1901 COMPLETE | Reward 81.23 | Steps 361 | Terminated True | Truncated False
2026-02-26 15:44:57,469 [INFO] Step 0: reward=-0.205, dist=3.43
2026-02-26 15:45:02,729 [INFO] Step 200: reward=-1.905, dist=5.14
2026-02-26 15:45:07,399 [INFO] Step 400: reward=0.440, dist=4.28
2026-02-26 15:45:11,987 [INFO] Step 600: reward=0.450, dist=2.44
2026-02-26 15:45:15,897 [INFO] Episode 1902 COMPLETE | Reward -33.01 | Steps 755 | Terminated True | Truncated False
2026-02-26 15:45:18,800 [INFO] Step 0: reward=-0.258, dist=3.13
2026-02-26 15:45:23,758 [INFO] Step 200: reward=-0.134, dist=3.31
2026-02-26 15:45:30,664 [INFO] Episode 1903 COMPLETE | Reward 46.05 | Steps 394 | Terminated True | Truncated False
2026-02-26 15:45:33,633 [INFO] Step 0: reward=-0.205, dist=2.81
2026-02-26 15:45:38,088 [INFO] Episode 1904 COMPLETE | Reward 218.58 | Steps 185 | Terminated True | Truncated False
2026-02-26 15:45:41,308 [INFO] Step 0: reward=-0.232, dist=2.12
2026-02-26 15:45:46,840 [INFO] Step 200: reward=-0.205, dist=3.44
2026-02-26 15:45:47,762 [INFO] Performing PPO update at global step 1513472
2026-02-26 15:45:48,120 [INFO] PPO losses — policy: 0.0129, value: 1778.0248, entropy: 4.2242
2026-02-26 15:45:48,126 [INFO] PPO update completed. Buffer cleared.
2026-02-26 15:45:53,652 [INFO] Step 400: reward=0.402, dist=1.47
2026-02-26 15:45:54,796 [INFO] Episode 1905 COMPLETE | Reward 80.98 | Steps 435 | Terminated True | Truncated False
2026-02-26 15:45:54,829 [INFO] Checkpoint saved: checkpoints/ppo_ep_01905.pt
2026-02-26 15:45:56,987 [INFO] Step 0: reward=-0.240, dist=2.11
2026-02-26 15:46:00,649 [INFO] Step 200: reward=-0.126, dist=1.79
2026-02-26 15:46:02,894 [INFO] Episode 1906 COMPLETE | Reward 21.70 | Steps 268 | Terminated True | Truncated False
2026-02-26 15:46:06,691 [INFO] Step 0: reward=-0.227, dist=3.50
2026-02-26 15:46:13,239 [INFO] Step 200: reward=-0.341, dist=5.65
2026-02-26 15:46:18,599 [INFO] Step 400: reward=-4.321, dist=5.27
2026-02-26 15:46:23,129 [INFO] Step 600: reward=0.474, dist=3.38
2026-02-26 15:46:29,083 [INFO] Step 800: reward=-1.599, dist=1.40
2026-02-26 15:46:30,681 [INFO] Episode 1907 COMPLETE | Reward -8.91 | Steps 892 | Terminated True | Truncated False
2026-02-26 15:46:33,747 [INFO] Step 0: reward=-0.205, dist=2.89
2026-02-26 15:46:39,357 [INFO] Step 200: reward=-0.382, dist=3.84
2026-02-26 15:46:44,381 [INFO] Step 400: reward=0.080, dist=5.05
2026-02-26 15:46:49,450 [INFO] Step 600: reward=0.427, dist=3.77
2026-02-26 15:46:51,491 [INFO] Performing PPO update at global step 1515520
2026-02-26 15:46:51,753 [INFO] PPO losses — policy: 0.0148, value: 1122.6808, entropy: 4.2242
2026-02-26 15:46:51,758 [INFO] PPO update completed. Buffer cleared.
2026-02-26 15:46:55,083 [INFO] Step 800: reward=0.406, dist=1.53
2026-02-26 15:46:56,350 [INFO] Episode 1908 COMPLETE | Reward -100.74 | Steps 834 | Terminated True | Truncated False
2026-02-26 15:46:59,539 [INFO] Step 0: reward=-0.206, dist=3.87
2026-02-26 15:47:03,480 [INFO] Step 200: reward=0.082, dist=5.35
2026-02-26 15:47:09,082 [INFO] Step 400: reward=-2.686, dist=4.80
2026-02-26 15:47:15,660 [INFO] Step 600: reward=0.313, dist=2.13
2026-02-26 15:47:19,673 [INFO] Episode 1909 COMPLETE | Reward 17.38 | Steps 765 | Terminated True | Truncated False
2026-02-26 15:47:24,686 [INFO] Step 0: reward=-0.207, dist=2.14
2026-02-26 15:47:28,848 [INFO] Step 200: reward=0.510, dist=1.06
2026-02-26 15:47:29,162 [INFO] Episode 1910 COMPLETE | Reward 37.99 | Steps 229 | Terminated True | Truncated False
2026-02-26 15:47:29,196 [INFO] Checkpoint saved: checkpoints/ppo_ep_01910.pt
2026-02-26 15:47:33,403 [INFO] Step 0: reward=-0.205, dist=2.79
2026-02-26 15:47:39,112 [INFO] Step 200: reward=-0.114, dist=1.88
2026-02-26 15:47:41,966 [INFO] Episode 1911 COMPLETE | Reward 14.16 | Steps 354 | Terminated True | Truncated False
2026-02-26 15:47:46,177 [INFO] Step 0: reward=-0.205, dist=3.95
2026-02-26 15:47:52,112 [INFO] Step 200: reward=0.411, dist=1.75
2026-02-26 15:47:54,217 [INFO] Episode 1912 COMPLETE | Reward 223.65 | Steps 281 | Terminated True | Truncated False
2026-02-26 15:47:58,381 [INFO] Step 0: reward=-2.110, dist=2.53
2026-02-26 15:48:02,844 [INFO] Episode 1913 COMPLETE | Reward 216.94 | Steps 179 | Terminated True | Truncated False
2026-02-26 15:48:06,856 [INFO] Step 0: reward=-0.236, dist=3.60
2026-02-26 15:48:08,424 [INFO] Performing PPO update at global step 1517568
2026-02-26 15:48:08,694 [INFO] PPO losses — policy: 0.0222, value: 1812.7547, entropy: 4.2242
2026-02-26 15:48:08,698 [INFO] PPO update completed. Buffer cleared.
2026-02-26 15:48:11,431 [INFO] Step 200: reward=-0.048, dist=5.09
2026-02-26 15:48:17,651 [INFO] Step 400: reward=-1.602, dist=5.19
2026-02-26 15:48:22,661 [INFO] Step 600: reward=0.490, dist=3.09
2026-02-26 15:48:26,143 [INFO] Step 800: reward=-2.313, dist=1.98
2026-02-26 15:48:30,124 [INFO] Episode 1914 COMPLETE | Reward -90.67 | Steps 974 | Terminated True | Truncated False
2026-02-26 15:48:33,663 [INFO] Step 0: reward=-0.206, dist=3.97
2026-02-26 15:48:38,272 [INFO] Step 200: reward=-6.200, dist=2.46
2026-02-26 15:48:42,179 [INFO] Step 400: reward=229.950, dist=0.00
2026-02-26 15:48:42,180 [INFO] Episode 1915 COMPLETE | Reward 181.26 | Steps 401 | Terminated True | Truncated False
2026-02-26 15:48:42,226 [INFO] Checkpoint saved: checkpoints/ppo_ep_01915.pt
2026-02-26 15:48:45,552 [INFO] Step 0: reward=-0.218, dist=3.38
2026-02-26 15:48:52,321 [INFO] Step 200: reward=0.093, dist=5.55
2026-02-26 15:48:57,634 [INFO] Step 400: reward=-2.005, dist=5.30
2026-02-26 15:49:02,406 [INFO] Step 600: reward=0.580, dist=3.59
2026-02-26 15:49:06,009 [INFO] Performing PPO update at global step 1519616
2026-02-26 15:49:06,372 [INFO] PPO losses — policy: 0.0054, value: 750.1907, entropy: 4.2242
2026-02-26 15:49:06,377 [INFO] PPO update completed. Buffer cleared.
2026-02-26 15:49:07,238 [INFO] Step 800: reward=0.412, dist=1.93
2026-02-26 15:49:09,781 [INFO] Episode 1916 COMPLETE | Reward -113.06 | Steps 922 | Terminated True | Truncated False
2026-02-26 15:49:13,877 [INFO] Step 0: reward=-0.216, dist=2.45
2026-02-26 15:49:18,789 [INFO] Step 200: reward=-0.220, dist=2.65
2026-02-26 15:49:19,648 [INFO] Policy action (normalized): v = +0.999, w = +0.873 | Cmd_vel (scaled): v = +0.999 m/s, w = +0.873 rad/s
2026-02-26 15:49:23,812 [INFO] Step 400: reward=-0.087, dist=1.06
2026-02-26 15:49:24,122 [INFO] Episode 1917 COMPLETE | Reward -57.27 | Steps 433 | Terminated True | Truncated False
2026-02-26 15:49:27,326 [INFO] Step 0: reward=-0.208, dist=2.43
2026-02-26 15:49:32,275 [INFO] Step 200: reward=-1.593, dist=1.27
2026-02-26 15:49:32,914 [INFO] Episode 1918 COMPLETE | Reward 129.61 | Steps 224 | Terminated True | Truncated False
2026-02-26 15:49:35,044 [INFO] Step 0: reward=-0.205, dist=2.65
2026-02-26 15:49:40,561 [INFO] Step 200: reward=-0.251, dist=1.08
2026-02-26 15:49:41,104 [INFO] Episode 1919 COMPLETE | Reward 74.61 | Steps 241 | Terminated True | Truncated False
2026-02-26 15:49:44,175 [INFO] Step 0: reward=-0.205, dist=2.93
2026-02-26 15:49:49,352 [INFO] Step 200: reward=-0.014, dist=4.75
2026-02-26 15:49:54,284 [INFO] Step 400: reward=0.571, dist=3.93
2026-02-26 15:50:01,485 [INFO] Step 600: reward=-2.235, dist=1.16
2026-02-26 15:50:01,954 [INFO] Episode 1920 COMPLETE | Reward -7.23 | Steps 622 | Terminated True | Truncated False
2026-02-26 15:50:01,990 [INFO] Checkpoint saved: checkpoints/ppo_ep_01920.pt
2026-02-26 15:50:04,188 [INFO] Step 0: reward=-0.205, dist=2.82
2026-02-26 15:50:09,443 [INFO] Step 200: reward=-0.205, dist=3.60
2026-02-26 15:50:13,745 [INFO] Performing PPO update at global step 1521664
2026-02-26 15:50:14,143 [INFO] PPO losses — policy: 0.0152, value: 1545.9347, entropy: 4.2242
2026-02-26 15:50:14,151 [INFO] PPO update completed. Buffer cleared.
2026-02-26 15:50:15,082 [INFO] Step 400: reward=-1.754, dist=4.79
2026-02-26 15:50:20,969 [INFO] Step 600: reward=0.322, dist=2.85
2026-02-26 15:50:25,743 [INFO] Step 800: reward=0.411, dist=1.28
2026-02-26 15:50:26,614 [INFO] Episode 1921 COMPLETE | Reward -67.37 | Steps 831 | Terminated True | Truncated False
2026-02-26 15:50:30,717 [INFO] Step 0: reward=-0.211, dist=2.50
2026-02-26 15:50:35,620 [INFO] Step 200: reward=-0.159, dist=2.94
2026-02-26 15:50:41,635 [INFO] Episode 1922 COMPLETE | Reward 8.28 | Steps 398 | Terminated True | Truncated False
2026-02-26 15:50:44,767 [INFO] Step 0: reward=-0.205, dist=2.11
2026-02-26 15:50:49,942 [INFO] Step 200: reward=-2.243, dist=3.62
2026-02-26 15:50:55,188 [INFO] Step 400: reward=0.757, dist=2.79
2026-02-26 15:51:00,529 [INFO] Episode 1923 COMPLETE | Reward -37.19 | Steps 572 | Terminated True | Truncated False
2026-02-26 15:51:03,617 [INFO] Step 0: reward=5.387, dist=3.87
2026-02-26 15:51:09,144 [INFO] Step 200: reward=0.554, dist=1.64
2026-02-26 15:51:10,684 [INFO] Episode 1924 COMPLETE | Reward 382.22 | Steps 280 | Terminated True | Truncated False
2026-02-26 15:51:15,648 [INFO] Step 0: reward=-0.208, dist=2.84
2026-02-26 15:51:20,349 [INFO] Episode 1925 COMPLETE | Reward 448.87 | Steps 174 | Terminated True | Truncated False
2026-02-26 15:51:20,386 [INFO] Checkpoint saved: checkpoints/ppo_ep_01925.pt
2026-02-26 15:51:22,903 [INFO] Step 0: reward=-0.205, dist=3.22
2026-02-26 15:51:28,018 [INFO] Performing PPO update at global step 1523712
2026-02-26 15:51:28,288 [INFO] PPO losses — policy: 0.0268, value: 1765.3043, entropy: 4.2242
2026-02-26 15:51:28,293 [INFO] PPO update completed. Buffer cleared.
2026-02-26 15:51:29,246 [INFO] Step 200: reward=-1.995, dist=4.77
2026-02-26 15:51:34,744 [INFO] Step 400: reward=0.510, dist=3.22
2026-02-26 15:51:40,366 [INFO] Step 600: reward=-2.007, dist=1.60
2026-02-26 15:51:42,899 [INFO] Episode 1926 COMPLETE | Reward -31.44 | Steps 684 | Terminated True | Truncated False
2026-02-26 15:51:45,354 [INFO] Step 0: reward=-1.043, dist=2.82
2026-02-26 15:51:50,984 [INFO] Step 200: reward=0.077, dist=4.75
2026-02-26 15:51:54,795 [INFO] Step 400: reward=-0.005, dist=5.20
2026-02-26 15:51:59,662 [INFO] Step 600: reward=0.531, dist=4.07
2026-02-26 15:52:05,972 [INFO] Step 800: reward=-0.212, dist=1.71
2026-02-26 15:52:09,078 [INFO] Episode 1927 COMPLETE | Reward -236.71 | Steps 914 | Terminated True | Truncated False
2026-02-26 15:52:12,588 [INFO] Step 0: reward=-0.205, dist=3.21
2026-02-26 15:52:18,413 [INFO] Step 200: reward=0.101, dist=4.55
2026-02-26 15:52:23,721 [INFO] Step 400: reward=0.582, dist=3.45
2026-02-26 15:52:29,194 [INFO] Step 600: reward=-0.209, dist=1.49
2026-02-26 15:52:29,414 [INFO] Performing PPO update at global step 1525760
2026-02-26 15:52:29,725 [INFO] PPO losses — policy: 0.1090, value: 640.9763, entropy: 4.2242
2026-02-26 15:52:29,729 [INFO] PPO update completed. Buffer cleared.
2026-02-26 15:52:34,693 [INFO] Episode 1928 COMPLETE | Reward -199.58 | Steps 770 | Terminated True | Truncated False
2026-02-26 15:52:38,816 [INFO] Step 0: reward=-0.207, dist=2.45
2026-02-26 15:52:43,194 [INFO] Step 200: reward=-2.205, dist=2.98
2026-02-26 15:52:48,298 [INFO] Step 400: reward=-0.881, dist=3.79
2026-02-26 15:52:54,315 [INFO] Step 600: reward=-3.196, dist=4.04
2026-02-26 15:52:59,789 [INFO] Step 800: reward=0.084, dist=4.45
2026-02-26 15:53:05,065 [INFO] Episode 1929 COMPLETE | Reward -1291.11 | Steps 1000 | Terminated False | Truncated True
2026-02-26 15:53:08,106 [INFO] Step 0: reward=-0.244, dist=3.52
2026-02-26 15:53:12,199 [INFO] Step 200: reward=-1.372, dist=3.95
2026-02-26 15:53:18,013 [INFO] Step 400: reward=0.004, dist=5.18
2026-02-26 15:53:24,584 [INFO] Step 600: reward=0.132, dist=5.72
2026-02-26 15:53:29,084 [INFO] Step 800: reward=0.095, dist=5.08
2026-02-26 15:53:31,716 [INFO] Performing PPO update at global step 1527808
2026-02-26 15:53:31,992 [INFO] PPO losses — policy: 0.0093, value: 469.4765, entropy: 4.2242
2026-02-26 15:53:31,997 [INFO] PPO update completed. Buffer cleared.
2026-02-26 15:53:34,583 [INFO] Episode 1930 COMPLETE | Reward -873.80 | Steps 1000 | Terminated False | Truncated True
2026-02-26 15:53:34,618 [INFO] Checkpoint saved: checkpoints/ppo_ep_01930.pt
2026-02-26 15:53:37,611 [INFO] Step 0: reward=-0.207, dist=3.75
2026-02-26 15:53:42,855 [INFO] Step 200: reward=-3.732, dist=2.90
2026-02-26 15:53:48,212 [INFO] Step 400: reward=0.409, dist=1.66
2026-02-26 15:53:51,143 [INFO] Episode 1931 COMPLETE | Reward -325.50 | Steps 520 | Terminated True | Truncated False
2026-02-26 15:53:54,757 [INFO] Step 0: reward=-1.644, dist=2.21
2026-02-26 15:54:00,641 [INFO] Step 200: reward=-2.329, dist=2.03
2026-02-26 15:54:05,730 [INFO] Step 400: reward=-2.054, dist=1.53
2026-02-26 15:54:11,635 [INFO] Step 600: reward=-0.124, dist=1.20
2026-02-26 15:54:14,332 [INFO] Episode 1932 COMPLETE | Reward -700.83 | Steps 717 | Terminated True | Truncated False
2026-02-26 15:54:18,429 [INFO] Step 0: reward=5.993, dist=2.52
2026-02-26 15:54:24,688 [INFO] Step 200: reward=0.463, dist=1.05
2026-02-26 15:54:25,153 [INFO] Episode 1933 COMPLETE | Reward 176.93 | Steps 209 | Terminated True | Truncated False
2026-02-26 15:54:27,465 [INFO] Step 0: reward=-0.305, dist=2.33
2026-02-26 15:54:33,101 [INFO] Step 200: reward=-0.244, dist=2.99
2026-02-26 15:54:40,172 [INFO] Step 400: reward=0.093, dist=4.38
2026-02-26 15:54:42,933 [INFO] Performing PPO update at global step 1529856
2026-02-26 15:54:43,199 [INFO] PPO losses — policy: 0.0007, value: 1018.1208, entropy: 4.2242
2026-02-26 15:54:43,203 [INFO] PPO update completed. Buffer cleared.
2026-02-26 15:54:46,744 [INFO] Step 600: reward=0.088, dist=4.11
2026-02-26 15:54:47,410 [INFO] Policy action (normalized): v = +0.999, w = +0.963 | Cmd_vel (scaled): v = +0.999 m/s, w = +0.963 rad/s
2026-02-26 15:54:50,864 [INFO] Step 800: reward=0.630, dist=3.41
2026-02-26 15:54:53,837 [INFO] Episode 1934 COMPLETE | Reward -1018.72 | Steps 1000 | Terminated False | Truncated True
2026-02-26 15:54:57,599 [INFO] Step 0: reward=-0.249, dist=2.57
2026-02-26 15:55:02,760 [INFO] Step 200: reward=-2.081, dist=2.96
2026-02-26 15:55:06,083 [INFO] Step 400: reward=-2.224, dist=2.80
2026-02-26 15:55:12,012 [INFO] Step 600: reward=-0.193, dist=1.10
2026-02-26 15:55:12,591 [INFO] Episode 1935 COMPLETE | Reward -464.42 | Steps 617 | Terminated True | Truncated False
2026-02-26 15:55:12,622 [INFO] Checkpoint saved: checkpoints/ppo_ep_01935.pt
2026-02-26 15:55:15,511 [INFO] Step 0: reward=-0.205, dist=3.49
2026-02-26 15:55:21,626 [INFO] Step 200: reward=0.090, dist=4.88
2026-02-26 15:55:26,593 [INFO] Step 400: reward=0.095, dist=4.64
2026-02-26 15:55:31,544 [INFO] Step 600: reward=-1.552, dist=2.94
2026-02-26 15:55:36,151 [INFO] Step 800: reward=0.330, dist=1.67
2026-02-26 15:55:39,032 [INFO] Episode 1936 COMPLETE | Reward -405.40 | Steps 908 | Terminated True | Truncated False
2026-02-26 15:55:42,600 [INFO] Step 0: reward=-0.206, dist=3.12
2026-02-26 15:55:42,817 [INFO] Performing PPO update at global step 1531904
2026-02-26 15:55:43,080 [INFO] PPO losses — policy: 0.0175, value: 730.9544, entropy: 4.2242
2026-02-26 15:55:43,085 [INFO] PPO update completed. Buffer cleared.
2026-02-26 15:55:47,874 [INFO] Step 200: reward=-4.052, dist=2.69
2026-02-26 15:55:52,561 [INFO] Step 400: reward=-0.015, dist=1.38
2026-02-26 15:55:54,093 [INFO] Episode 1937 COMPLETE | Reward -132.23 | Steps 469 | Terminated True | Truncated False
2026-02-26 15:55:57,621 [INFO] Step 0: reward=-0.305, dist=3.32
2026-02-26 15:56:03,118 [INFO] Step 200: reward=-1.927, dist=4.40
2026-02-26 15:56:10,006 [INFO] Step 400: reward=0.046, dist=5.90
2026-02-26 15:56:13,259 [INFO] Step 600: reward=-1.905, dist=5.99
2026-02-26 15:56:16,243 [INFO] Step 800: reward=-1.905, dist=5.94
2026-02-26 15:56:20,300 [INFO] Episode 1938 COMPLETE | Reward -1136.91 | Steps 1000 | Terminated False | Truncated True
2026-02-26 15:56:24,422 [INFO] Step 0: reward=5.989, dist=2.01
2026-02-26 15:56:27,740 [INFO] Episode 1939 COMPLETE | Reward 234.40 | Steps 103 | Terminated True | Truncated False
2026-02-26 15:56:30,649 [INFO] Step 0: reward=-0.305, dist=2.12
2026-02-26 15:56:36,167 [INFO] Step 200: reward=-0.327, dist=3.29
2026-02-26 15:56:42,860 [INFO] Step 400: reward=0.098, dist=4.29
2026-02-26 15:56:45,449 [INFO] Performing PPO update at global step 1533952
2026-02-26 15:56:45,718 [INFO] PPO losses — policy: 0.0022, value: 811.3366, entropy: 4.2242
2026-02-26 15:56:45,722 [INFO] PPO update completed. Buffer cleared.
2026-02-26 15:56:49,426 [INFO] Step 600: reward=-1.540, dist=3.38
2026-02-26 15:56:54,012 [INFO] Step 800: reward=0.582, dist=2.06
2026-02-26 15:56:58,330 [INFO] Episode 1940 COMPLETE | Reward -365.54 | Steps 978 | Terminated True | Truncated False
2026-02-26 15:56:58,364 [INFO] Checkpoint saved: checkpoints/ppo_ep_01940.pt
2026-02-26 15:57:01,416 [INFO] Step 0: reward=-0.205, dist=3.13
2026-02-26 15:57:05,961 [INFO] Step 200: reward=0.042, dist=4.67
2026-02-26 15:57:11,920 [INFO] Step 400: reward=0.232, dist=5.23
2026-02-26 15:57:16,443 [INFO] Step 600: reward=-3.533, dist=3.73
2026-02-26 15:57:23,753 [INFO] Step 800: reward=-4.691, dist=1.47
2026-02-26 15:57:25,939 [INFO] Episode 1941 COMPLETE | Reward -162.97 | Steps 877 | Terminated True | Truncated False
2026-02-26 15:57:29,004 [INFO] Step 0: reward=-0.223, dist=2.31
2026-02-26 15:57:33,972 [INFO] Episode 1942 COMPLETE | Reward 196.97 | Steps 154 | Terminated True | Truncated False
2026-02-26 15:57:36,446 [INFO] Step 0: reward=-2.070, dist=2.24
2026-02-26 15:57:42,910 [INFO] Step 200: reward=-0.219, dist=3.93
2026-02-26 15:57:49,576 [INFO] Step 400: reward=0.163, dist=4.58
2026-02-26 15:57:52,156 [INFO] Performing PPO update at global step 1536000
2026-02-26 15:57:52,437 [INFO] PPO losses — policy: -0.0000, value: 881.7572, entropy: 4.2242
2026-02-26 15:57:52,443 [INFO] PPO update completed. Buffer cleared.
2026-02-26 15:57:53,770 [INFO] Step 600: reward=-1.851, dist=4.20
2026-02-26 15:58:00,150 [INFO] Step 800: reward=0.680, dist=2.16
2026-02-26 15:58:04,301 [INFO] Episode 1943 COMPLETE | Reward -454.29 | Steps 999 | Terminated True | Truncated False
2026-02-26 15:58:09,463 [INFO] Step 0: reward=-2.086, dist=3.60
2026-02-26 15:58:15,319 [INFO] Step 200: reward=-1.975, dist=4.84
2026-02-26 15:58:21,849 [INFO] Step 400: reward=0.204, dist=4.59
2026-02-26 15:58:26,139 [INFO] Step 600: reward=0.456, dist=3.46
2026-02-26 15:58:31,103 [INFO] Step 800: reward=0.460, dist=1.82
2026-02-26 15:58:35,130 [INFO] Episode 1944 COMPLETE | Reward -275.06 | Steps 935 | Terminated True | Truncated False
2026-02-26 15:58:38,360 [INFO] Step 0: reward=-0.232, dist=3.41
2026-02-26 15:58:44,317 [INFO] Step 200: reward=-0.225, dist=3.90
2026-02-26 15:58:49,811 [INFO] Step 400: reward=-0.102, dist=2.99
2026-02-26 15:58:55,351 [INFO] Episode 1945 COMPLETE | Reward -88.90 | Steps 546 | Terminated True | Truncated False
2026-02-26 15:58:55,384 [INFO] Checkpoint saved: checkpoints/ppo_ep_01945.pt
2026-02-26 15:59:00,732 [INFO] Step 0: reward=-0.205, dist=2.85
2026-02-26 15:59:02,613 [INFO] Performing PPO update at global step 1538048
2026-02-26 15:59:02,889 [INFO] PPO losses — policy: 0.0008, value: 868.8609, entropy: 4.2242
2026-02-26 15:59:02,894 [INFO] PPO update completed. Buffer cleared.
2026-02-26 15:59:05,883 [INFO] Step 200: reward=-1.921, dist=4.15
2026-02-26 15:59:09,492 [INFO] Step 400: reward=-2.109, dist=4.95
2026-02-26 15:59:15,255 [INFO] Step 600: reward=0.212, dist=5.44
2026-02-26 15:59:21,707 [INFO] Step 800: reward=0.684, dist=3.26
2026-02-26 15:59:25,579 [INFO] Episode 1946 COMPLETE | Reward -684.86 | Steps 1000 | Terminated False | Truncated True
2026-02-26 15:59:28,773 [INFO] Step 0: reward=-0.251, dist=2.89
2026-02-26 15:59:32,414 [INFO] Step 200: reward=-2.241, dist=3.47
2026-02-26 15:59:39,222 [INFO] Step 400: reward=-0.207, dist=3.16
2026-02-26 15:59:45,993 [INFO] Step 600: reward=0.195, dist=1.08
2026-02-26 15:59:46,308 [INFO] Episode 1947 COMPLETE | Reward -241.27 | Steps 619 | Terminated True | Truncated False
2026-02-26 15:59:49,385 [INFO] Step 0: reward=-0.206, dist=3.67
2026-02-26 15:59:55,565 [INFO] Step 200: reward=0.668, dist=2.02
2026-02-26 15:59:59,162 [INFO] Episode 1948 COMPLETE | Reward 98.18 | Steps 323 | Terminated True | Truncated False
2026-02-26 16:00:02,164 [INFO] Step 0: reward=-0.211, dist=3.27
2026-02-26 16:00:04,344 [INFO] Policy action (normalized): v = +1.000, w = +0.998 | Cmd_vel (scaled): v = +1.000 m/s, w = +0.998 rad/s
2026-02-26 16:00:06,726 [INFO] Step 200: reward=-1.920, dist=3.23
2026-02-26 16:00:06,911 [INFO] Performing PPO update at global step 1540096
2026-02-26 16:00:07,166 [INFO] PPO losses — policy: 0.0086, value: 664.5659, entropy: 4.2242
2026-02-26 16:00:07,171 [INFO] PPO update completed. Buffer cleared.
2026-02-26 16:00:12,788 [INFO] Step 400: reward=-1.227, dist=4.94
2026-02-26 16:00:18,865 [INFO] Step 600: reward=-1.887, dist=4.76
2026-02-26 16:00:25,645 [INFO] Step 800: reward=1.174, dist=2.29
2026-02-26 16:00:29,071 [INFO] Episode 1949 COMPLETE | Reward -203.47 | Steps 872 | Terminated True | Truncated False
2026-02-26 16:00:39,643 [INFO] Step 0: reward=0.095, dist=4.24
2026-02-26 16:00:43,689 [INFO] Step 200: reward=-0.469, dist=3.02
2026-02-26 16:00:49,255 [INFO] Step 400: reward=-0.208, dist=2.37
2026-02-26 16:00:54,434 [INFO] Step 600: reward=-0.382, dist=3.57
2026-02-26 16:00:58,597 [INFO] Step 800: reward=-1.982, dist=4.46
2026-02-26 16:01:03,964 [INFO] Episode 1950 COMPLETE | Reward -985.21 | Steps 1000 | Terminated False | Truncated True
2026-02-26 16:01:03,995 [INFO] Checkpoint saved: checkpoints/ppo_ep_01950.pt
2026-02-26 16:01:04,267 [INFO] Step 0: reward=-0.215, dist=2.28
2026-02-26 16:01:09,974 [INFO] Step 200: reward=-0.751, dist=4.60
2026-02-26 16:01:13,942 [INFO] Performing PPO update at global step 1542144
2026-02-26 16:01:14,215 [INFO] PPO losses — policy: 0.0008, value: 413.8161, entropy: 4.2242
2026-02-26 16:01:14,221 [INFO] PPO update completed. Buffer cleared.
2026-02-26 16:01:14,536 [INFO] Step 400: reward=-1.910, dist=5.65
2026-02-26 16:01:21,077 [INFO] Step 600: reward=0.568, dist=4.90
2026-02-26 16:01:27,891 [INFO] Step 800: reward=-0.222, dist=1.74
2026-02-26 16:01:30,483 [INFO] Episode 1951 COMPLETE | Reward -348.07 | Steps 904 | Terminated True | Truncated False
2026-02-26 16:01:34,671 [INFO] Step 0: reward=-0.207, dist=2.86
2026-02-26 16:01:41,517 [INFO] Step 200: reward=-0.373, dist=5.03
2026-02-26 16:01:49,009 [INFO] Step 400: reward=0.598, dist=5.35
2026-02-26 16:01:55,406 [INFO] Step 600: reward=-1.548, dist=2.61
2026-02-26 16:01:59,550 [INFO] Step 800: reward=-0.223, dist=1.16
2026-02-26 16:02:00,062 [INFO] Episode 1952 COMPLETE | Reward -147.68 | Steps 815 | Terminated True | Truncated False
2026-02-26 16:02:03,067 [INFO] Step 0: reward=-0.216, dist=3.69
2026-02-26 16:02:08,720 [INFO] Step 200: reward=0.469, dist=1.48
2026-02-26 16:02:10,291 [INFO] Episode 1953 COMPLETE | Reward 152.67 | Steps 295 | Terminated True | Truncated False
2026-02-26 16:02:13,439 [INFO] Step 0: reward=-0.209, dist=2.70
2026-02-26 16:02:19,407 [INFO] Step 200: reward=-1.988, dist=4.54
2026-02-26 16:02:23,912 [INFO] Step 400: reward=-1.907, dist=4.76
2026-02-26 16:02:23,968 [INFO] Performing PPO update at global step 1544192
2026-02-26 16:02:24,241 [INFO] PPO losses — policy: 0.0007, value: 937.3403, entropy: 4.2242
2026-02-26 16:02:24,246 [INFO] PPO update completed. Buffer cleared.
2026-02-26 16:02:27,023 [INFO] Step 600: reward=-1.906, dist=4.47
2026-02-26 16:02:32,661 [INFO] Step 800: reward=0.538, dist=2.72
2026-02-26 16:02:38,051 [INFO] Episode 1954 COMPLETE | Reward -659.91 | Steps 1000 | Terminated False | Truncated True
2026-02-26 16:02:41,097 [INFO] Step 0: reward=-0.220, dist=3.94
2026-02-26 16:02:47,566 [INFO] Step 200: reward=0.526, dist=1.76
2026-02-26 16:02:49,995 [INFO] Episode 1955 COMPLETE | Reward 222.57 | Steps 273 | Terminated True | Truncated False
2026-02-26 16:02:50,014 [INFO] Checkpoint saved: checkpoints/ppo_ep_01955.pt
2026-02-26 16:02:54,123 [INFO] Step 0: reward=-1.473, dist=3.34
2026-02-26 16:03:00,614 [INFO] Step 200: reward=0.095, dist=5.43
2026-02-26 16:03:05,521 [INFO] Step 400: reward=0.094, dist=5.28
2026-02-26 16:03:11,694 [INFO] Step 600: reward=0.433, dist=3.10
2026-02-26 16:03:16,942 [INFO] Step 800: reward=-2.193, dist=1.30
2026-02-26 16:03:18,343 [INFO] Episode 1956 COMPLETE | Reward -59.92 | Steps 835 | Terminated True | Truncated False
2026-02-26 16:03:21,481 [INFO] Step 0: reward=5.988, dist=3.89
2026-02-26 16:03:25,313 [INFO] Step 200: reward=-1.338, dist=2.53
2026-02-26 16:03:28,487 [INFO] Performing PPO update at global step 1546240
2026-02-26 16:03:28,843 [INFO] PPO losses — policy: 0.0260, value: 702.9047, entropy: 4.2242
2026-02-26 16:03:28,850 [INFO] PPO update completed. Buffer cleared.
2026-02-26 16:03:29,559 [INFO] Step 400: reward=-1.580, dist=1.09
2026-02-26 16:03:30,015 [INFO] Episode 1957 COMPLETE | Reward 14.85 | Steps 420 | Terminated True | Truncated False
2026-02-26 16:03:33,582 [INFO] Step 0: reward=-0.236, dist=2.35
2026-02-26 16:03:40,060 [INFO] Step 200: reward=-0.205, dist=3.70
2026-02-26 16:03:45,788 [INFO] Step 400: reward=0.095, dist=5.00
2026-02-26 16:03:52,731 [INFO] Step 600: reward=-1.903, dist=4.94
2026-02-26 16:03:56,773 [INFO] Step 800: reward=0.094, dist=4.38
2026-02-26 16:04:02,750 [INFO] Episode 1958 COMPLETE | Reward -529.75 | Steps 1000 | Terminated False | Truncated True
2026-02-26 16:04:05,873 [INFO] Step 0: reward=-0.236, dist=2.55
2026-02-26 16:04:11,072 [INFO] Step 200: reward=-2.223, dist=2.90
2026-02-26 16:04:16,642 [INFO] Step 400: reward=0.416, dist=1.48
2026-02-26 16:04:18,646 [INFO] Episode 1959 COMPLETE | Reward -105.62 | Steps 451 | Terminated True | Truncated False
2026-02-26 16:04:22,892 [INFO] Step 0: reward=-0.245, dist=2.82
2026-02-26 16:04:26,973 [INFO] Step 200: reward=-0.412, dist=3.40
2026-02-26 16:04:31,241 [INFO] Step 400: reward=0.090, dist=4.60
2026-02-26 16:04:34,041 [INFO] Performing PPO update at global step 1548288
2026-02-26 16:04:34,294 [INFO] PPO losses — policy: -0.0006, value: 631.9115, entropy: 4.2242
2026-02-26 16:04:34,299 [INFO] PPO update completed. Buffer cleared.
2026-02-26 16:04:35,418 [INFO] Step 600: reward=0.066, dist=5.35
2026-02-26 16:04:38,954 [INFO] Step 800: reward=0.169, dist=4.97
2026-02-26 16:04:43,427 [INFO] Episode 1960 COMPLETE | Reward -917.43 | Steps 1000 | Terminated False | Truncated True
2026-02-26 16:04:43,462 [INFO] Checkpoint saved: checkpoints/ppo_ep_01960.pt
2026-02-26 16:04:48,468 [INFO] Step 0: reward=-0.236, dist=3.89
2026-02-26 16:04:55,024 [INFO] Step 200: reward=-0.426, dist=3.81
2026-02-26 16:05:00,488 [INFO] Step 400: reward=-2.698, dist=5.32
2026-02-26 16:05:04,280 [INFO] Step 600: reward=-0.001, dist=5.53
2026-02-26 16:05:08,830 [INFO] Step 800: reward=0.095, dist=5.00
2026-02-26 16:05:15,965 [INFO] Episode 1961 COMPLETE | Reward -649.94 | Steps 1000 | Terminated False | Truncated True
2026-02-26 16:05:18,502 [INFO] Step 0: reward=-0.208, dist=2.30
2026-02-26 16:05:22,790 [INFO] Episode 1962 COMPLETE | Reward 174.99 | Steps 142 | Terminated True | Truncated False
2026-02-26 16:05:26,925 [INFO] Step 0: reward=-0.205, dist=2.77
2026-02-26 16:05:30,518 [INFO] Policy action (normalized): v = +0.897, w = +0.992 | Cmd_vel (scaled): v = +0.897 m/s, w = +0.992 rad/s
2026-02-26 16:05:32,947 [INFO] Step 200: reward=0.587, dist=1.90
2026-02-26 16:05:35,887 [INFO] Episode 1963 COMPLETE | Reward -21.39 | Steps 353 | Terminated True | Truncated False
2026-02-26 16:05:47,435 [INFO] Step 0: reward=0.047, dist=4.24
2026-02-26 16:05:49,474 [INFO] Performing PPO update at global step 1550336
2026-02-26 16:05:49,749 [INFO] PPO losses — policy: 0.0019, value: 762.3936, entropy: 4.2242
2026-02-26 16:05:49,755 [INFO] PPO update completed. Buffer cleared.
2026-02-26 16:05:53,375 [INFO] Step 200: reward=-0.674, dist=2.69
2026-02-26 16:05:57,647 [INFO] Step 400: reward=-2.213, dist=2.85
2026-02-26 16:06:02,946 [INFO] Step 600: reward=0.060, dist=4.46
2026-02-26 16:06:08,716 [INFO] Step 800: reward=-3.534, dist=4.24
2026-02-26 16:06:13,957 [INFO] Episode 1964 COMPLETE | Reward -669.85 | Steps 1000 | Terminated False | Truncated True
2026-02-26 16:06:18,596 [INFO] Step 0: reward=5.994, dist=3.90
2026-02-26 16:06:23,716 [INFO] Step 200: reward=5.683, dist=1.83
2026-02-26 16:06:26,144 [INFO] Episode 1965 COMPLETE | Reward 419.75 | Steps 260 | Terminated True | Truncated False
2026-02-26 16:06:26,178 [INFO] Checkpoint saved: checkpoints/ppo_ep_01965.pt
2026-02-26 16:06:28,186 [INFO] Step 0: reward=-0.205, dist=3.25
2026-02-26 16:06:32,628 [INFO] Step 200: reward=0.102, dist=4.59
2026-02-26 16:06:37,925 [INFO] Step 400: reward=-1.920, dist=5.18
2026-02-26 16:06:43,342 [INFO] Step 600: reward=0.861, dist=3.88
2026-02-26 16:06:49,952 [INFO] Step 800: reward=0.680, dist=1.73
2026-02-26 16:06:51,823 [INFO] Episode 1966 COMPLETE | Reward -130.30 | Steps 855 | Terminated True | Truncated False
2026-02-26 16:06:54,577 [INFO] Step 0: reward=-0.205, dist=3.72
2026-02-26 16:06:55,249 [INFO] Performing PPO update at global step 1552384
2026-02-26 16:06:55,525 [INFO] PPO losses — policy: 0.0055, value: 701.5901, entropy: 4.2242
2026-02-26 16:06:55,531 [INFO] PPO update completed. Buffer cleared.
2026-02-26 16:07:00,400 [INFO] Step 200: reward=0.494, dist=3.67
2026-02-26 16:07:07,187 [INFO] Step 400: reward=0.402, dist=1.24
2026-02-26 16:07:07,886 [INFO] Episode 1967 COMPLETE | Reward 179.10 | Steps 427 | Terminated True | Truncated False
2026-02-26 16:07:12,635 [INFO] Step 0: reward=-0.305, dist=3.60
2026-02-26 16:07:18,918 [INFO] Step 200: reward=-0.040, dist=4.55
2026-02-26 16:07:22,797 [INFO] Step 400: reward=-1.913, dist=5.26
2026-02-26 16:07:28,522 [INFO] Step 600: reward=5.072, dist=3.99
2026-02-26 16:07:34,266 [INFO] Step 800: reward=0.587, dist=1.68
2026-02-26 16:07:36,303 [INFO] Episode 1968 COMPLETE | Reward -152.62 | Steps 876 | Terminated True | Truncated False
2026-02-26 16:07:38,855 [INFO] Step 0: reward=-0.214, dist=2.06
2026-02-26 16:07:43,085 [INFO] Step 200: reward=-0.353, dist=3.07
2026-02-26 16:07:48,752 [INFO] Step 400: reward=-0.005, dist=4.30
2026-02-26 16:07:53,159 [INFO] Step 600: reward=-0.198, dist=3.75
2026-02-26 16:07:57,322 [INFO] Performing PPO update at global step 1554432
2026-02-26 16:07:57,595 [INFO] PPO losses — policy: 0.0055, value: 668.2549, entropy: 4.2242
2026-02-26 16:07:57,602 [INFO] PPO update completed. Buffer cleared.
2026-02-26 16:07:58,293 [INFO] Step 800: reward=0.434, dist=1.70
2026-02-26 16:08:00,593 [INFO] Episode 1969 COMPLETE | Reward -443.69 | Steps 892 | Terminated True | Truncated False
2026-02-26 16:08:03,622 [INFO] Step 0: reward=-0.208, dist=3.71
2026-02-26 16:08:09,599 [INFO] Step 200: reward=0.008, dist=5.68
2026-02-26 16:08:15,259 [INFO] Step 400: reward=0.525, dist=5.48
2026-02-26 16:08:20,130 [INFO] Step 600: reward=0.498, dist=3.23
2026-02-26 16:08:25,018 [INFO] Step 800: reward=0.428, dist=1.06
2026-02-26 16:08:25,152 [INFO] Episode 1970 COMPLETE | Reward 164.72 | Steps 803 | Terminated True | Truncated False
2026-02-26 16:08:25,244 [INFO] Checkpoint saved: checkpoints/ppo_ep_01970.pt
2026-02-26 16:08:29,305 [INFO] Step 0: reward=-0.238, dist=2.65
2026-02-26 16:08:34,561 [INFO] Episode 1971 COMPLETE | Reward 150.86 | Steps 170 | Terminated True | Truncated False
2026-02-26 16:08:38,644 [INFO] Step 0: reward=-0.205, dist=3.30
2026-02-26 16:08:44,875 [INFO] Step 200: reward=0.095, dist=5.09
2026-02-26 16:08:51,227 [INFO] Step 400: reward=0.539, dist=4.24
2026-02-26 16:08:56,730 [INFO] Step 600: reward=0.709, dist=1.91
2026-02-26 16:08:59,622 [INFO] Episode 1972 COMPLETE | Reward 82.56 | Steps 728 | Terminated True | Truncated False
2026-02-26 16:09:02,701 [INFO] Step 0: reward=-0.205, dist=3.10
2026-02-26 16:09:06,444 [INFO] Step 200: reward=-4.506, dist=3.34
2026-02-26 16:09:06,735 [INFO] Performing PPO update at global step 1556480
2026-02-26 16:09:06,993 [INFO] PPO losses — policy: 0.0015, value: 1130.8057, entropy: 4.2242
2026-02-26 16:09:06,999 [INFO] PPO update completed. Buffer cleared.
2026-02-26 16:09:10,462 [INFO] Step 400: reward=-0.242, dist=4.65
2026-02-26 16:09:16,291 [INFO] Step 600: reward=0.104, dist=5.20
2026-02-26 16:09:20,327 [INFO] Step 800: reward=0.712, dist=3.73
2026-02-26 16:09:25,754 [INFO] Episode 1973 COMPLETE | Reward -545.45 | Steps 1000 | Terminated False | Truncated True
2026-02-26 16:09:29,081 [INFO] Step 0: reward=-0.211, dist=2.72
2026-02-26 16:09:34,030 [INFO] Step 200: reward=-0.182, dist=4.38
2026-02-26 16:09:39,753 [INFO] Step 400: reward=0.216, dist=5.00
2026-02-26 16:09:45,654 [INFO] Step 600: reward=0.569, dist=3.31
2026-02-26 16:09:50,362 [INFO] Step 800: reward=0.438, dist=1.26
2026-02-26 16:09:51,122 [INFO] Episode 1974 COMPLETE | Reward -42.16 | Steps 828 | Terminated True | Truncated False
2026-02-26 16:09:54,538 [INFO] Step 0: reward=5.976, dist=3.88
2026-02-26 16:10:00,538 [INFO] Step 200: reward=0.474, dist=1.25
2026-02-26 16:10:01,463 [INFO] Episode 1975 COMPLETE | Reward 323.71 | Steps 249 | Terminated True | Truncated False
2026-02-26 16:10:01,495 [INFO] Checkpoint saved: checkpoints/ppo_ep_01975.pt
2026-02-26 16:10:03,756 [INFO] Step 0: reward=-0.212, dist=2.08
2026-02-26 16:10:07,937 [INFO] Performing PPO update at global step 1558528
2026-02-26 16:10:08,325 [INFO] PPO losses — policy: 0.0095, value: 625.9808, entropy: 4.2242
2026-02-26 16:10:08,331 [INFO] PPO update completed. Buffer cleared.
2026-02-26 16:10:08,458 [INFO] Step 200: reward=-0.218, dist=1.82
2026-02-26 16:10:14,601 [INFO] Step 400: reward=-0.197, dist=1.05
2026-02-26 16:10:21,365 [INFO] Step 600: reward=-0.216, dist=1.22
2026-02-26 16:10:26,645 [INFO] Step 800: reward=-0.260, dist=1.62
2026-02-26 16:10:33,696 [INFO] Episode 1976 COMPLETE | Reward -725.70 | Steps 1000 | Terminated False | Truncated True
2026-02-26 16:10:36,502 [INFO] Step 0: reward=-0.208, dist=2.85
2026-02-26 16:10:43,047 [INFO] Step 200: reward=-0.305, dist=1.85
2026-02-26 16:10:45,898 [INFO] Episode 1977 COMPLETE | Reward 116.35 | Steps 279 | Terminated True | Truncated False
2026-02-26 16:10:50,037 [INFO] Step 0: reward=-0.207, dist=2.96
2026-02-26 16:10:55,221 [INFO] Step 200: reward=-3.694, dist=4.19
2026-02-26 16:10:59,565 [INFO] Policy action (normalized): v = +1.000, w = -0.847 | Cmd_vel (scaled): v = +1.000 m/s, w = -0.847 rad/s
2026-02-26 16:11:00,121 [INFO] Step 400: reward=0.543, dist=3.30
2026-02-26 16:11:05,595 [INFO] Step 600: reward=0.433, dist=1.14
2026-02-26 16:11:06,124 [INFO] Episode 1978 COMPLETE | Reward -72.98 | Steps 621 | Terminated True | Truncated False
2026-02-26 16:11:08,304 [INFO] Step 0: reward=-0.210, dist=2.85
2026-02-26 16:11:13,259 [INFO] Step 200: reward=0.095, dist=4.25
2026-02-26 16:11:18,188 [INFO] Performing PPO update at global step 1560576
2026-02-26 16:11:18,442 [INFO] PPO losses — policy: 0.0229, value: 611.0887, entropy: 4.2242
2026-02-26 16:11:18,447 [INFO] PPO update completed. Buffer cleared.
2026-02-26 16:11:20,429 [INFO] Step 400: reward=-3.508, dist=2.21
2026-02-26 16:11:23,480 [INFO] Episode 1979 COMPLETE | Reward 120.68 | Steps 517 | Terminated True | Truncated False
2026-02-26 16:11:26,547 [INFO] Step 0: reward=-0.241, dist=3.32
2026-02-26 16:11:30,357 [INFO] Step 200: reward=0.573, dist=1.93
2026-02-26 16:11:32,380 [INFO] Episode 1980 COMPLETE | Reward 192.22 | Steps 269 | Terminated True | Truncated False
2026-02-26 16:11:32,414 [INFO] Checkpoint saved: checkpoints/ppo_ep_01980.pt
2026-02-26 16:11:35,508 [INFO] Step 0: reward=-0.205, dist=3.61
2026-02-26 16:11:42,174 [INFO] Step 200: reward=0.095, dist=5.75
2026-02-26 16:11:50,041 [INFO] Step 400: reward=0.463, dist=5.14
2026-02-26 16:11:54,957 [INFO] Step 600: reward=0.698, dist=3.06
2026-02-26 16:11:59,121 [INFO] Step 800: reward=-1.411, dist=1.26
2026-02-26 16:11:59,719 [INFO] Episode 1981 COMPLETE | Reward 849.65 | Steps 821 | Terminated True | Truncated False
2026-02-26 16:11:59,760 [INFO] New BEST model saved! Reward = 849.65 (episode 1981)
2026-02-26 16:12:02,103 [INFO] Step 0: reward=-0.230, dist=3.17
2026-02-26 16:12:07,690 [INFO] Step 200: reward=-1.302, dist=1.84
2026-02-26 16:12:09,882 [INFO] Episode 1982 COMPLETE | Reward 165.08 | Steps 263 | Terminated True | Truncated False
2026-02-26 16:12:13,154 [INFO] Step 0: reward=-0.206, dist=3.45
2026-02-26 16:12:19,660 [INFO] Step 200: reward=-0.116, dist=3.19
2026-02-26 16:12:24,073 [INFO] Step 400: reward=0.629, dist=1.43
2026-02-26 16:12:25,392 [INFO] Episode 1983 COMPLETE | Reward 214.98 | Steps 445 | Terminated True | Truncated False
2026-02-26 16:12:28,493 [INFO] Step 0: reward=-2.047, dist=3.24
2026-02-26 16:12:30,330 [INFO] Performing PPO update at global step 1562624
2026-02-26 16:12:30,610 [INFO] PPO losses — policy: 0.0472, value: 1741.1706, entropy: 4.2242
2026-02-26 16:12:30,615 [INFO] PPO update completed. Buffer cleared.
2026-02-26 16:12:34,157 [INFO] Step 200: reward=0.532, dist=2.21
2026-02-26 16:12:37,027 [INFO] Episode 1984 COMPLETE | Reward 131.66 | Steps 306 | Terminated True | Truncated False
2026-02-26 16:12:41,196 [INFO] Step 0: reward=-0.205, dist=3.22
2026-02-26 16:12:46,470 [INFO] Step 200: reward=-0.823, dist=5.08
2026-02-26 16:12:52,073 [INFO] Step 400: reward=0.018, dist=5.68
2026-02-26 16:12:58,634 [INFO] Step 600: reward=0.878, dist=3.17
2026-02-26 16:13:04,614 [INFO] Episode 1985 COMPLETE | Reward 326.95 | Steps 769 | Terminated True | Truncated False
2026-02-26 16:13:04,652 [INFO] Checkpoint saved: checkpoints/ppo_ep_01985.pt
2026-02-26 16:13:08,771 [INFO] Step 0: reward=-0.249, dist=3.91
2026-02-26 16:13:13,184 [INFO] Step 200: reward=0.582, dist=2.53
2026-02-26 16:13:17,413 [INFO] Episode 1986 COMPLETE | Reward 48.52 | Steps 360 | Terminated True | Truncated False
2026-02-26 16:13:21,491 [INFO] Step 0: reward=-0.205, dist=3.21
2026-02-26 16:13:25,629 [INFO] Step 200: reward=0.090, dist=4.39
2026-02-26 16:13:30,500 [INFO] Step 400: reward=0.079, dist=5.90
2026-02-26 16:13:34,549 [INFO] Step 600: reward=0.529, dist=5.29
2026-02-26 16:13:37,271 [INFO] Performing PPO update at global step 1564672
2026-02-26 16:13:37,545 [INFO] PPO losses — policy: 0.0076, value: 952.7757, entropy: 4.2242
2026-02-26 16:13:37,549 [INFO] PPO update completed. Buffer cleared.
2026-02-26 16:13:40,101 [INFO] Step 800: reward=5.926, dist=3.00
2026-02-26 16:13:44,415 [INFO] Episode 1987 COMPLETE | Reward 259.92 | Steps 915 | Terminated True | Truncated False
2026-02-26 16:13:56,017 [INFO] Step 0: reward=0.073, dist=4.24
2026-02-26 16:14:01,282 [INFO] Step 200: reward=-0.064, dist=2.39
2026-02-26 16:14:07,889 [INFO] Step 400: reward=-0.485, dist=2.82
2026-02-26 16:14:12,971 [INFO] Step 600: reward=0.094, dist=4.13
2026-02-26 16:14:16,628 [INFO] Step 800: reward=-2.229, dist=3.94
2026-02-26 16:14:21,858 [INFO] Episode 1988 COMPLETE | Reward -634.57 | Steps 1000 | Terminated False | Truncated True
2026-02-26 16:14:24,588 [INFO] Step 0: reward=-0.265, dist=3.35
2026-02-26 16:14:29,389 [INFO] Step 200: reward=-0.521, dist=2.71
2026-02-26 16:14:34,349 [INFO] Episode 1989 COMPLETE | Reward -10.87 | Steps 399 | Terminated True | Truncated False
2026-02-26 16:14:39,451 [INFO] Step 0: reward=0.095, dist=45.22
2026-02-26 16:14:43,436 [INFO] Step 200: reward=-1.914, dist=91.68
2026-02-26 16:14:48,273 [INFO] Step 400: reward=-1.962, dist=101.48
2026-02-26 16:14:48,614 [INFO] Performing PPO update at global step 1566720
2026-02-26 16:14:48,864 [INFO] PPO losses — policy: 0.0017, value: 822.2038, entropy: 4.2242
2026-02-26 16:14:48,869 [INFO] PPO update completed. Buffer cleared.
2026-02-26 16:14:52,780 [INFO] Episode 1990 COMPLETE | Reward -1015.58 | Steps 583 | Terminated False | Truncated True
2026-02-26 16:14:52,800 [INFO] Checkpoint saved: checkpoints/ppo_ep_01990.pt
2026-02-26 16:14:55,989 [INFO] Step 0: reward=-0.208, dist=2.09
2026-02-26 16:15:01,621 [INFO] Step 200: reward=-2.209, dist=2.37
2026-02-26 16:15:07,067 [INFO] Step 400: reward=-2.205, dist=2.17
2026-02-26 16:15:12,702 [INFO] Step 600: reward=-2.211, dist=2.27
2026-02-26 16:15:19,478 [INFO] Step 800: reward=-2.207, dist=2.26
2026-02-26 16:15:26,086 [INFO] Episode 1991 COMPLETE | Reward -2075.84 | Steps 1000 | Terminated False | Truncated True
2026-02-26 16:15:28,176 [INFO] Step 0: reward=-0.205, dist=2.06
2026-02-26 16:15:31,817 [INFO] Step 200: reward=-2.305, dist=1.88
2026-02-26 16:15:36,952 [INFO] Step 400: reward=-0.206, dist=3.58
2026-02-26 16:15:41,762 [INFO] Step 600: reward=-0.005, dist=5.14
2026-02-26 16:15:48,392 [INFO] Step 800: reward=0.059, dist=5.92
2026-02-26 16:15:50,551 [INFO] Performing PPO update at global step 1568768
2026-02-26 16:15:50,798 [INFO] PPO losses — policy: 0.0110, value: 402.9949, entropy: 4.2242
2026-02-26 16:15:50,804 [INFO] PPO update completed. Buffer cleared.
2026-02-26 16:15:52,782 [INFO] Episode 1992 COMPLETE | Reward -718.40 | Steps 1000 | Terminated False | Truncated True
2026-02-26 16:15:55,811 [INFO] Step 0: reward=-0.216, dist=2.24
2026-02-26 16:16:00,945 [INFO] Step 200: reward=-0.311, dist=3.88
2026-02-26 16:16:06,021 [INFO] Step 400: reward=-1.982, dist=3.85
2026-02-26 16:16:11,108 [INFO] Step 600: reward=0.704, dist=2.24
2026-02-26 16:16:13,777 [INFO] Episode 1993 COMPLETE | Reward 233.06 | Steps 719 | Terminated True | Truncated False
2026-02-26 16:16:17,874 [INFO] Step 0: reward=-0.205, dist=3.09
2026-02-26 16:16:21,732 [INFO] Step 200: reward=-0.169, dist=4.58
2026-02-26 16:16:26,778 [INFO] Policy action (normalized): v = +0.998, w = -0.992 | Cmd_vel (scaled): v = +0.998 m/s, w = -0.992 rad/s
2026-02-26 16:16:26,901 [INFO] Step 400: reward=0.122, dist=4.97
2026-02-26 16:16:32,153 [INFO] Step 600: reward=0.524, dist=3.45
2026-02-26 16:16:37,417 [INFO] Step 800: reward=6.321, dist=1.10
2026-02-26 16:16:37,678 [INFO] Episode 1994 COMPLETE | Reward 199.60 | Steps 806 | Terminated True | Truncated False
2026-02-26 16:16:42,454 [INFO] Step 0: reward=-1.667, dist=3.08
2026-02-26 16:16:48,419 [INFO] Step 200: reward=-2.260, dist=3.77
2026-02-26 16:16:52,688 [INFO] Step 400: reward=-1.918, dist=5.04
2026-02-26 16:16:52,763 [INFO] Performing PPO update at global step 1570816
2026-02-26 16:16:53,022 [INFO] PPO losses — policy: 0.5811, value: 1053.0261, entropy: 4.2242
2026-02-26 16:16:53,026 [INFO] PPO update completed. Buffer cleared.
2026-02-26 16:16:58,911 [INFO] Step 600: reward=0.042, dist=5.67
2026-02-26 16:17:04,376 [INFO] Step 800: reward=-3.859, dist=6.49
2026-02-26 16:17:10,565 [INFO] Episode 1995 COMPLETE | Reward -913.67 | Steps 1000 | Terminated False | Truncated True
2026-02-26 16:17:10,585 [INFO] Checkpoint saved: checkpoints/ppo_ep_01995.pt
2026-02-26 16:17:15,543 [INFO] Step 0: reward=-2.214, dist=2.25
2026-02-26 16:17:21,252 [INFO] Step 200: reward=-0.205, dist=2.91
2026-02-26 16:17:25,994 [INFO] Step 400: reward=-2.206, dist=2.69
2026-02-26 16:17:30,116 [INFO] Step 600: reward=-2.270, dist=2.28
2026-02-26 16:17:35,936 [INFO] Step 800: reward=6.113, dist=1.01
2026-02-26 16:17:36,060 [INFO] Episode 1996 COMPLETE | Reward -612.96 | Steps 805 | Terminated True | Truncated False
2026-02-26 16:17:40,258 [INFO] Step 0: reward=-0.205, dist=2.11
2026-02-26 16:17:45,145 [INFO] Step 200: reward=-0.238, dist=2.32
2026-02-26 16:17:50,427 [INFO] Step 400: reward=-2.240, dist=3.00
2026-02-26 16:17:55,451 [INFO] Step 600: reward=-2.206, dist=3.38
2026-02-26 16:17:56,864 [INFO] Performing PPO update at global step 1572864
2026-02-26 16:17:57,129 [INFO] PPO losses — policy: 0.0154, value: 621.9003, entropy: 4.2242
2026-02-26 16:17:57,134 [INFO] PPO update completed. Buffer cleared.
2026-02-26 16:18:00,095 [INFO] Step 800: reward=-2.743, dist=4.01
2026-02-26 16:18:04,939 [INFO] Episode 1997 COMPLETE | Reward -1644.74 | Steps 1000 | Terminated False | Truncated True
2026-02-26 16:18:08,022 [INFO] Step 0: reward=-0.223, dist=3.11
2026-02-26 16:18:13,041 [INFO] Step 200: reward=-1.370, dist=3.47
2026-02-26 16:18:17,969 [INFO] Step 400: reward=-1.736, dist=2.99
2026-02-26 16:18:22,291 [INFO] Step 600: reward=-4.022, dist=1.56
2026-02-26 16:18:28,069 [INFO] Step 800: reward=-0.205, dist=1.33
2026-02-26 16:18:32,953 [INFO] Episode 1998 COMPLETE | Reward -1129.25 | Steps 1000 | Terminated False | Truncated True
2026-02-26 16:18:37,174 [INFO] Step 0: reward=-0.205, dist=3.67
2026-02-26 16:18:42,443 [INFO] Step 200: reward=-0.225, dist=3.97
2026-02-26 16:18:48,584 [INFO] Step 400: reward=-0.224, dist=3.70
2026-02-26 16:18:52,964 [INFO] Step 600: reward=-0.254, dist=3.18
2026-02-26 16:18:55,708 [INFO] Performing PPO update at global step 1574912
2026-02-26 16:18:55,976 [INFO] PPO losses — policy: -0.0025, value: 305.0201, entropy: 4.2242
2026-02-26 16:18:55,982 [INFO] PPO update completed. Buffer cleared.
2026-02-26 16:18:58,579 [INFO] Step 800: reward=0.592, dist=2.12
2026-02-26 16:19:02,125 [INFO] Episode 1999 COMPLETE | Reward -1019.86 | Steps 1000 | Terminated False | Truncated True
2026-02-26 16:19:06,544 [INFO] Step 0: reward=-0.214, dist=2.28
2026-02-26 16:19:10,902 [INFO] Step 200: reward=-2.522, dist=2.34
2026-02-26 16:19:16,856 [INFO] Step 400: reward=-2.066, dist=3.45
2026-02-26 16:19:21,342 [INFO] Step 600: reward=-0.251, dist=3.85
2026-02-26 16:19:26,922 [INFO] Step 800: reward=-2.408, dist=3.41
2026-02-26 16:19:30,905 [INFO] Episode 2000 COMPLETE | Reward -1282.19 | Steps 1000 | Terminated False | Truncated True
2026-02-26 16:19:30,922 [INFO] Checkpoint saved: checkpoints/ppo_ep_02000.pt
2026-02-26 16:19:34,031 [INFO] Step 0: reward=-0.221, dist=2.26
2026-02-26 16:19:39,408 [INFO] Step 200: reward=-1.679, dist=3.12
2026-02-26 16:19:44,399 [INFO] Step 400: reward=-0.259, dist=3.80
2026-02-26 16:19:47,773 [INFO] Step 600: reward=-0.044, dist=4.61
2026-02-26 16:19:51,969 [INFO] Performing PPO update at global step 1576960
2026-02-26 16:19:52,224 [INFO] PPO losses — policy: 0.0273, value: 354.8509, entropy: 4.2242
2026-02-26 16:19:52,229 [INFO] PPO update completed. Buffer cleared.
2026-02-26 16:19:53,747 [INFO] Step 800: reward=0.097, dist=5.23
2026-02-26 16:19:58,523 [INFO] Episode 2001 COMPLETE | Reward -1184.99 | Steps 1000 | Terminated False | Truncated True
2026-02-26 16:20:03,595 [INFO] Step 0: reward=-0.305, dist=2.88
2026-02-26 16:20:09,987 [INFO] Step 200: reward=-0.988, dist=2.82
2026-02-26 16:20:14,950 [INFO] Step 400: reward=-0.181, dist=2.37
2026-02-26 16:20:18,407 [INFO] Step 600: reward=-0.658, dist=1.95
2026-02-26 16:20:22,190 [INFO] Episode 2002 COMPLETE | Reward -747.28 | Steps 746 | Terminated True | Truncated False
2026-02-26 16:20:27,430 [INFO] Step 0: reward=-0.205, dist=3.17
2026-02-26 16:20:33,176 [INFO] Step 200: reward=-0.173, dist=2.95
2026-02-26 16:20:37,900 [INFO] Step 400: reward=-0.305, dist=3.22
2026-02-26 16:20:43,536 [INFO] Step 600: reward=0.067, dist=4.66
2026-02-26 16:20:49,256 [INFO] Step 800: reward=-0.009, dist=5.53
2026-02-26 16:20:52,455 [INFO] Episode 2003 COMPLETE | Reward -1177.96 | Steps 1000 | Terminated False | Truncated True
2026-02-26 16:20:57,389 [INFO] Step 0: reward=-2.188, dist=3.15
2026-02-26 16:20:59,279 [INFO] Performing PPO update at global step 1579008
2026-02-26 16:20:59,594 [INFO] PPO losses — policy: -0.0056, value: 392.2077, entropy: 4.2242
2026-02-26 16:20:59,600 [INFO] PPO update completed. Buffer cleared.
2026-02-26 16:21:04,414 [INFO] Step 200: reward=-2.250, dist=4.23
2026-02-26 16:21:09,676 [INFO] Step 400: reward=0.002, dist=5.39
2026-02-26 16:21:15,234 [INFO] Step 600: reward=-2.287, dist=5.75
2026-02-26 16:21:18,660 [INFO] Step 800: reward=0.095, dist=5.75
2026-02-26 16:21:23,891 [INFO] Episode 2004 COMPLETE | Reward -973.98 | Steps 1000 | Terminated False | Truncated True
2026-02-26 16:21:28,004 [INFO] Step 0: reward=-0.305, dist=2.39
2026-02-26 16:21:29,057 [INFO] Policy action (normalized): v = +0.999, w = -0.978 | Cmd_vel (scaled): v = +0.999 m/s, w = -0.978 rad/s
2026-02-26 16:21:33,013 [INFO] Step 200: reward=-2.116, dist=2.08
2026-02-26 16:21:37,853 [INFO] Step 400: reward=-2.209, dist=1.73
2026-02-26 16:21:42,448 [INFO] Step 600: reward=-0.305, dist=1.30
2026-02-26 16:21:47,703 [INFO] Step 800: reward=-2.700, dist=1.02
2026-02-26 16:21:47,859 [INFO] Episode 2005 COMPLETE | Reward -676.13 | Steps 807 | Terminated True | Truncated False
2026-02-26 16:21:47,886 [INFO] Checkpoint saved: checkpoints/ppo_ep_02005.pt
2026-02-26 16:21:52,155 [INFO] Step 0: reward=-0.228, dist=3.48
2026-02-26 16:21:57,107 [INFO] Step 200: reward=-0.305, dist=3.30
2026-02-26 16:21:58,857 [INFO] Performing PPO update at global step 1581056
2026-02-26 16:21:59,150 [INFO] PPO losses — policy: -0.0044, value: 423.9671, entropy: 4.2242
2026-02-26 16:21:59,154 [INFO] PPO update completed. Buffer cleared.
2026-02-26 16:22:01,232 [INFO] Step 400: reward=0.095, dist=4.13
2026-02-26 16:22:05,933 [INFO] Step 600: reward=-2.005, dist=5.22
2026-02-26 16:22:11,217 [INFO] Step 800: reward=0.108, dist=5.25
2026-02-26 16:22:16,951 [INFO] Episode 2006 COMPLETE | Reward -1035.46 | Steps 1000 | Terminated False | Truncated True
2026-02-26 16:22:21,511 [INFO] Step 0: reward=-2.007, dist=3.69
2026-02-26 16:22:27,638 [INFO] Step 200: reward=-1.394, dist=1.69
2026-02-26 16:22:31,899 [INFO] Step 400: reward=-0.212, dist=1.90
2026-02-26 16:22:36,442 [INFO] Step 600: reward=-2.276, dist=3.18
2026-02-26 16:22:42,919 [INFO] Step 800: reward=0.080, dist=4.61
2026-02-26 16:22:48,167 [INFO] Episode 2007 COMPLETE | Reward -726.38 | Steps 1000 | Terminated False | Truncated True
2026-02-26 16:22:52,179 [INFO] Step 0: reward=-0.305, dist=3.47
2026-02-26 16:22:57,638 [INFO] Step 200: reward=0.087, dist=4.27
2026-02-26 16:23:01,253 [INFO] Performing PPO update at global step 1583104
2026-02-26 16:23:01,511 [INFO] PPO losses — policy: -0.0047, value: 258.9416, entropy: 4.2242
2026-02-26 16:23:01,516 [INFO] PPO update completed. Buffer cleared.
2026-02-26 16:23:02,328 [INFO] Step 400: reward=-1.910, dist=4.49
2026-02-26 16:23:07,499 [INFO] Step 600: reward=-0.371, dist=3.35
2026-02-26 16:23:11,453 [INFO] Step 800: reward=0.588, dist=2.42
2026-02-26 16:23:15,631 [INFO] Episode 2008 COMPLETE | Reward -53.02 | Steps 981 | Terminated True | Truncated False
2026-02-26 16:23:17,763 [INFO] Step 0: reward=-0.206, dist=2.03
2026-02-26 16:23:23,804 [INFO] Step 200: reward=-0.941, dist=2.56
2026-02-26 16:23:29,825 [INFO] Step 400: reward=-0.031, dist=4.29
2026-02-26 16:23:35,134 [INFO] Step 600: reward=-1.455, dist=4.40
2026-02-26 16:23:40,445 [INFO] Step 800: reward=-0.025, dist=3.83
2026-02-26 16:23:46,157 [INFO] Episode 2009 COMPLETE | Reward -698.63 | Steps 1000 | Terminated False | Truncated True
2026-02-26 16:23:48,487 [INFO] Step 0: reward=-0.244, dist=3.21
2026-02-26 16:23:54,856 [INFO] Step 200: reward=-1.898, dist=4.36
2026-02-26 16:23:58,139 [INFO] Step 400: reward=-2.005, dist=4.69
2026-02-26 16:23:58,149 [INFO] Performing PPO update at global step 1585152
2026-02-26 16:23:58,414 [INFO] PPO losses — policy: -0.0006, value: 354.0884, entropy: 4.2242
2026-02-26 16:23:58,418 [INFO] PPO update completed. Buffer cleared.
2026-02-26 16:24:04,121 [INFO] Step 600: reward=-1.913, dist=4.29
2026-02-26 16:24:08,736 [INFO] Step 800: reward=6.438, dist=3.15
2026-02-26 16:24:12,528 [INFO] Episode 2010 COMPLETE | Reward -413.35 | Steps 1000 | Terminated False | Truncated True
2026-02-26 16:24:12,557 [INFO] Checkpoint saved: checkpoints/ppo_ep_02010.pt
2026-02-26 16:24:14,713 [INFO] Step 0: reward=-0.305, dist=2.78
2026-02-26 16:24:19,551 [INFO] Step 200: reward=-0.213, dist=2.26
2026-02-26 16:24:24,625 [INFO] Step 400: reward=-0.134, dist=1.18
2026-02-26 16:24:26,412 [INFO] Episode 2011 COMPLETE | Reward -172.05 | Steps 473 | Terminated True | Truncated False
2026-02-26 16:24:30,501 [INFO] Step 0: reward=-0.634, dist=3.00
2026-02-26 16:24:35,692 [INFO] Step 200: reward=-0.292, dist=2.78
2026-02-26 16:24:40,303 [INFO] Step 400: reward=-0.328, dist=4.03
2026-02-26 16:24:46,388 [INFO] Step 600: reward=-1.906, dist=5.22
2026-02-26 16:24:53,032 [INFO] Step 800: reward=0.192, dist=5.25
2026-02-26 16:24:57,846 [INFO] Performing PPO update at global step 1587200
2026-02-26 16:24:58,105 [INFO] PPO losses — policy: 0.0107, value: 594.5597, entropy: 4.2242
2026-02-26 16:24:58,109 [INFO] PPO update completed. Buffer cleared.
2026-02-26 16:24:58,248 [INFO] Episode 2012 COMPLETE | Reward -444.30 | Steps 1000 | Terminated False | Truncated True
2026-02-26 16:25:00,542 [INFO] Step 0: reward=-0.206, dist=3.36
2026-02-26 16:25:05,834 [INFO] Step 200: reward=-2.091, dist=2.73
2026-02-26 16:25:10,764 [INFO] Step 400: reward=-0.225, dist=1.76
2026-02-26 16:25:12,520 [INFO] Episode 2013 COMPLETE | Reward 0.15 | Steps 472 | Terminated True | Truncated False
2026-02-26 16:25:15,462 [INFO] Step 0: reward=-0.205, dist=3.41
2026-02-26 16:25:19,805 [INFO] Step 200: reward=-0.043, dist=1.88
2026-02-26 16:25:24,278 [INFO] Step 400: reward=-0.419, dist=1.83
2026-02-26 16:25:30,274 [INFO] Step 600: reward=-0.207, dist=3.83
2026-02-26 16:25:36,486 [INFO] Step 800: reward=0.106, dist=4.51
2026-02-26 16:25:41,568 [INFO] Episode 2014 COMPLETE | Reward -257.84 | Steps 1000 | Terminated False | Truncated True
2026-02-26 16:25:45,992 [INFO] Step 0: reward=-0.235, dist=3.06
2026-02-26 16:25:52,823 [INFO] Step 200: reward=-1.351, dist=1.82
2026-02-26 16:25:55,587 [INFO] Episode 2015 COMPLETE | Reward 92.13 | Steps 304 | Terminated True | Truncated False
2026-02-26 16:25:55,606 [INFO] Checkpoint saved: checkpoints/ppo_ep_02015.pt
2026-02-26 16:26:00,751 [INFO] Step 0: reward=-0.211, dist=3.03
2026-02-26 16:26:05,983 [INFO] Step 200: reward=-0.205, dist=3.65
2026-02-26 16:26:06,535 [INFO] Performing PPO update at global step 1589248
2026-02-26 16:26:06,870 [INFO] PPO losses — policy: 0.0285, value: 687.5973, entropy: 4.2242
2026-02-26 16:26:06,876 [INFO] PPO update completed. Buffer cleared.
2026-02-26 16:26:09,808 [INFO] Step 400: reward=-0.305, dist=3.23
2026-02-26 16:26:13,979 [INFO] Step 600: reward=6.307, dist=1.98
2026-02-26 16:26:16,225 [INFO] Episode 2016 COMPLETE | Reward 55.69 | Steps 686 | Terminated True | Truncated False
2026-02-26 16:26:18,767 [INFO] Step 0: reward=-0.225, dist=3.22
2026-02-26 16:26:23,137 [INFO] Step 200: reward=0.498, dist=1.60
2026-02-26 16:26:25,557 [INFO] Policy action (normalized): v = +1.000, w = -0.938 | Cmd_vel (scaled): v = +1.000 m/s, w = -0.938 rad/s
2026-02-26 16:26:27,981 [INFO] Step 400: reward=-0.322, dist=1.46
2026-02-26 16:26:33,554 [INFO] Step 600: reward=-0.240, dist=3.30
2026-02-26 16:26:38,960 [INFO] Step 800: reward=0.401, dist=2.78
2026-02-26 16:26:44,793 [INFO] Episode 2017 COMPLETE | Reward -419.86 | Steps 1000 | Terminated False | Truncated True
2026-02-26 16:26:48,824 [INFO] Step 0: reward=-0.305, dist=2.43
2026-02-26 16:26:52,874 [INFO] Step 200: reward=6.141, dist=1.00
2026-02-26 16:26:52,993 [INFO] Episode 2018 COMPLETE | Reward 348.13 | Steps 214 | Terminated True | Truncated False
2026-02-26 16:26:56,152 [INFO] Step 0: reward=-1.592, dist=2.23
2026-02-26 16:27:02,424 [INFO] Step 200: reward=-0.210, dist=3.05
2026-02-26 16:27:06,419 [INFO] Performing PPO update at global step 1591296
2026-02-26 16:27:06,709 [INFO] PPO losses — policy: 0.0094, value: 1063.9673, entropy: 4.2242
2026-02-26 16:27:06,713 [INFO] PPO update completed. Buffer cleared.
2026-02-26 16:27:06,720 [INFO] Step 400: reward=-1.924, dist=4.14
2026-02-26 16:27:12,306 [INFO] Step 600: reward=-3.661, dist=4.34
2026-02-26 16:27:17,369 [INFO] Step 800: reward=0.678, dist=2.84
2026-02-26 16:27:23,956 [INFO] Episode 2019 COMPLETE | Reward -486.31 | Steps 1000 | Terminated False | Truncated True
2026-02-26 16:27:26,161 [INFO] Step 0: reward=-0.215, dist=2.52
2026-02-26 16:27:30,549 [INFO] Step 200: reward=-0.005, dist=4.18
2026-02-26 16:27:36,262 [INFO] Step 400: reward=0.127, dist=4.83
2026-02-26 16:27:43,213 [INFO] Step 600: reward=0.572, dist=2.98
2026-02-26 16:27:47,820 [INFO] Episode 2020 COMPLETE | Reward -77.95 | Steps 771 | Terminated True | Truncated False
2026-02-26 16:27:47,839 [INFO] Checkpoint saved: checkpoints/ppo_ep_02020.pt
2026-02-26 16:28:13,086 [INFO] Step 0: reward=-100.000, dist=1534.17
2026-02-26 16:28:13,087 [INFO] Episode 2021 COMPLETE | Reward -100.00 | Steps 1 | Terminated False | Truncated True
2026-02-26 16:28:15,179 [INFO] Step 0: reward=-0.205, dist=2.69
2026-02-26 16:28:18,247 [INFO] Step 200: reward=-0.276, dist=3.41
2026-02-26 16:28:22,424 [INFO] Step 400: reward=-0.282, dist=3.54
2026-02-26 16:28:27,603 [INFO] Step 600: reward=-0.205, dist=2.10
2026-02-26 16:28:29,610 [INFO] Performing PPO update at global step 1593344
2026-02-26 16:28:29,873 [INFO] PPO losses — policy: 0.0058, value: 343.8163, entropy: 4.2242
2026-02-26 16:28:29,880 [INFO] PPO update completed. Buffer cleared.
2026-02-26 16:28:32,806 [INFO] Step 800: reward=-2.223, dist=2.34
2026-02-26 16:28:37,412 [INFO] Episode 2022 COMPLETE | Reward -949.06 | Steps 1000 | Terminated False | Truncated True
2026-02-26 16:28:42,855 [INFO] Step 0: reward=-0.205, dist=2.48
2026-02-26 16:28:48,041 [INFO] Step 200: reward=-2.212, dist=2.91
2026-02-26 16:28:55,402 [INFO] Step 400: reward=-0.179, dist=2.91
2026-02-26 16:28:59,330 [INFO] Step 600: reward=-2.305, dist=2.74
2026-02-26 16:29:05,227 [INFO] Step 800: reward=-0.035, dist=2.00
2026-02-26 16:29:11,224 [INFO] Episode 2023 COMPLETE | Reward -1502.95 | Steps 1000 | Terminated False | Truncated True
2026-02-26 16:29:15,315 [INFO] Step 0: reward=-0.205, dist=2.66
2026-02-26 16:29:21,349 [INFO] Step 200: reward=-0.193, dist=3.19
2026-02-26 16:29:26,582 [INFO] Step 400: reward=-0.205, dist=3.11
2026-02-26 16:29:33,026 [INFO] Step 600: reward=-0.149, dist=2.21
2026-02-26 16:29:36,316 [INFO] Performing PPO update at global step 1595392
2026-02-26 16:29:36,701 [INFO] PPO losses — policy: 0.0036, value: 270.3948, entropy: 4.2242
2026-02-26 16:29:36,708 [INFO] PPO update completed. Buffer cleared.
2026-02-26 16:29:39,028 [INFO] Step 800: reward=-0.205, dist=1.63
2026-02-26 16:29:44,823 [INFO] Episode 2024 COMPLETE | Reward -1213.58 | Steps 1000 | Terminated False | Truncated True
2026-02-26 16:29:48,668 [INFO] Step 0: reward=-0.205, dist=2.28
2026-02-26 16:29:54,123 [INFO] Step 200: reward=-0.334, dist=2.53
2026-02-26 16:29:58,694 [INFO] Step 400: reward=-2.259, dist=3.17
2026-02-26 16:30:04,118 [INFO] Step 600: reward=-1.385, dist=3.90
2026-02-26 16:30:09,422 [INFO] Step 800: reward=0.097, dist=4.02
2026-02-26 16:30:14,367 [INFO] Episode 2025 COMPLETE | Reward -1266.13 | Steps 1000 | Terminated False | Truncated True
2026-02-26 16:30:14,390 [INFO] Checkpoint saved: checkpoints/ppo_ep_02025.pt
2026-02-26 16:30:17,412 [INFO] Step 0: reward=0.094, dist=4.11
2026-02-26 16:30:24,169 [INFO] Step 200: reward=-0.161, dist=3.11
2026-02-26 16:30:29,708 [INFO] Step 400: reward=-0.205, dist=2.63
2026-02-26 16:30:34,825 [INFO] Step 600: reward=-3.828, dist=3.05
2026-02-26 16:30:39,463 [INFO] Performing PPO update at global step 1597440
2026-02-26 16:30:39,720 [INFO] PPO losses — policy: 0.0127, value: 231.2925, entropy: 4.2242
2026-02-26 16:30:39,725 [INFO] PPO update completed. Buffer cleared.
2026-02-26 16:30:40,572 [INFO] Step 800: reward=-2.226, dist=3.86
2026-02-26 16:30:46,900 [INFO] Episode 2026 COMPLETE | Reward -1173.51 | Steps 1000 | Terminated False | Truncated True
2026-02-26 16:30:49,455 [INFO] Step 0: reward=-0.205, dist=2.51
2026-02-26 16:30:55,606 [INFO] Step 200: reward=-3.272, dist=3.40
2026-02-26 16:30:58,517 [INFO] Step 400: reward=-2.267, dist=3.61
2026-02-26 16:31:04,793 [INFO] Step 600: reward=-0.241, dist=3.65
2026-02-26 16:31:09,898 [INFO] Step 800: reward=-0.165, dist=3.30
2026-02-26 16:31:16,512 [INFO] Episode 2027 COMPLETE | Reward -1400.28 | Steps 1000 | Terminated False | Truncated True
2026-02-26 16:31:18,742 [INFO] Step 0: reward=-0.226, dist=2.38
2026-02-26 16:31:24,785 [INFO] Step 200: reward=-2.250, dist=2.07
2026-02-26 16:31:31,593 [INFO] Step 400: reward=-0.342, dist=2.99
2026-02-26 16:31:36,333 [INFO] Step 600: reward=-2.205, dist=3.45
2026-02-26 16:31:41,130 [INFO] Step 800: reward=0.054, dist=4.02
2026-02-26 16:31:41,526 [INFO] Performing PPO update at global step 1599488
2026-02-26 16:31:41,778 [INFO] PPO losses — policy: 0.0230, value: 311.3203, entropy: 4.2242
2026-02-26 16:31:41,783 [INFO] PPO update completed. Buffer cleared.
2026-02-26 16:31:46,317 [INFO] Episode 2028 COMPLETE | Reward -1335.16 | Steps 1000 | Terminated False | Truncated True
2026-02-26 16:32:11,544 [INFO] Step 0: reward=-100.000, dist=5723.59
2026-02-26 16:32:11,544 [INFO] Episode 2029 COMPLETE | Reward -100.00 | Steps 1 | Terminated False | Truncated True
2026-02-26 16:32:15,522 [INFO] Step 0: reward=-0.251, dist=3.09
2026-02-26 16:32:20,455 [INFO] Step 200: reward=-0.014, dist=2.65
2026-02-26 16:32:22,781 [INFO] Policy action (normalized): v = +0.992, w = -0.320 | Cmd_vel (scaled): v = +0.992 m/s, w = -0.320 rad/s
2026-02-26 16:32:25,147 [INFO] Episode 2030 COMPLETE | Reward -72.19 | Steps 385 | Terminated True | Truncated False
2026-02-26 16:32:25,165 [INFO] Checkpoint saved: checkpoints/ppo_ep_02030.pt
2026-02-26 16:32:28,222 [INFO] Step 0: reward=-0.207, dist=2.10
2026-02-26 16:32:33,530 [INFO] Step 200: reward=-2.201, dist=1.84
2026-02-26 16:32:37,888 [INFO] Episode 2031 COMPLETE | Reward -44.78 | Steps 305 | Terminated True | Truncated False
2026-02-26 16:32:42,661 [INFO] Step 0: reward=-0.206, dist=3.17
2026-02-26 16:32:48,770 [INFO] Step 200: reward=-0.321, dist=3.31
2026-02-26 16:32:54,515 [INFO] Step 400: reward=-0.427, dist=4.10
2026-02-26 16:32:58,775 [INFO] Step 600: reward=-1.905, dist=4.61
2026-02-26 16:33:04,805 [INFO] Step 800: reward=-1.941, dist=4.86
2026-02-26 16:33:11,841 [INFO] Episode 2032 COMPLETE | Reward -1096.85 | Steps 1000 | Terminated False | Truncated True
2026-02-26 16:33:15,906 [INFO] Step 0: reward=-0.205, dist=3.86
2026-02-26 16:33:20,267 [INFO] Performing PPO update at global step 1601536
2026-02-26 16:33:20,541 [INFO] PPO losses — policy: 0.1063, value: 956.6335, entropy: 4.2242
2026-02-26 16:33:20,546 [INFO] PPO update completed. Buffer cleared.
2026-02-26 16:33:21,343 [INFO] Step 200: reward=-0.192, dist=2.98
2026-02-26 16:33:26,493 [INFO] Step 400: reward=-0.348, dist=2.60
2026-02-26 16:33:30,764 [INFO] Step 600: reward=-0.382, dist=3.36
2026-02-26 16:33:36,377 [INFO] Step 800: reward=0.095, dist=4.33
2026-02-26 16:33:42,176 [INFO] Episode 2033 COMPLETE | Reward -855.39 | Steps 1000 | Terminated False | Truncated True
2026-02-26 16:33:45,474 [INFO] Step 0: reward=0.093, dist=4.09
2026-02-26 16:33:50,720 [INFO] Step 200: reward=-0.205, dist=3.60
2026-02-26 16:33:56,859 [INFO] Step 400: reward=-0.198, dist=4.90
2026-02-26 16:34:01,742 [INFO] Step 600: reward=0.118, dist=5.24
2026-02-26 16:34:05,687 [INFO] Step 800: reward=-1.905, dist=5.03
2026-02-26 16:34:10,312 [INFO] Episode 2034 COMPLETE | Reward -801.55 | Steps 1000 | Terminated False | Truncated True
2026-02-26 16:34:12,569 [INFO] Step 0: reward=-0.241, dist=2.38
2026-02-26 16:34:18,334 [INFO] Step 200: reward=-2.205, dist=2.11
2026-02-26 16:34:19,109 [INFO] Performing PPO update at global step 1603584
2026-02-26 16:34:19,367 [INFO] PPO losses — policy: 0.0428, value: 118.9870, entropy: 4.2242
2026-02-26 16:34:19,373 [INFO] PPO update completed. Buffer cleared.
2026-02-26 16:34:24,751 [INFO] Step 400: reward=-0.364, dist=3.31
2026-02-26 16:34:31,346 [INFO] Step 600: reward=-0.227, dist=3.09
2026-02-26 16:34:37,460 [INFO] Step 800: reward=-0.223, dist=1.73
2026-02-26 16:34:42,367 [INFO] Episode 2035 COMPLETE | Reward -629.60 | Steps 1000 | Terminated False | Truncated True
2026-02-26 16:34:42,389 [INFO] Checkpoint saved: checkpoints/ppo_ep_02035.pt
2026-02-26 16:34:45,437 [INFO] Step 0: reward=-0.219, dist=3.74
2026-02-26 16:34:50,934 [INFO] Step 200: reward=-0.205, dist=3.28
2026-02-26 16:34:55,149 [INFO] Step 400: reward=-1.512, dist=3.87
2026-02-26 16:35:00,478 [INFO] Step 600: reward=0.066, dist=4.87
2026-02-26 16:35:04,944 [INFO] Step 800: reward=-1.919, dist=4.99
2026-02-26 16:35:10,949 [INFO] Episode 2036 COMPLETE | Reward -841.62 | Steps 1000 | Terminated False | Truncated True
2026-02-26 16:35:15,033 [INFO] Step 0: reward=-0.206, dist=3.05
2026-02-26 16:35:20,304 [INFO] Step 200: reward=-2.247, dist=4.03
2026-02-26 16:35:23,254 [INFO] Performing PPO update at global step 1605632
2026-02-26 16:35:23,510 [INFO] PPO losses — policy: 0.1507, value: 154.7090, entropy: 4.2242
2026-02-26 16:35:23,514 [INFO] PPO update completed. Buffer cleared.
2026-02-26 16:35:28,029 [INFO] Step 400: reward=0.094, dist=4.90
2026-02-26 16:35:33,473 [INFO] Step 600: reward=-2.216, dist=3.96
2026-02-26 16:35:38,128 [INFO] Step 800: reward=-3.691, dist=3.50
2026-02-26 16:35:43,460 [INFO] Episode 2037 COMPLETE | Reward -719.12 | Steps 1000 | Terminated False | Truncated True
2026-02-26 16:35:46,635 [INFO] Step 0: reward=-1.545, dist=4.17
2026-02-26 16:35:51,286 [INFO] Step 200: reward=-2.212, dist=3.35
2026-02-26 16:35:58,172 [INFO] Step 400: reward=-3.302, dist=3.86
2026-02-26 16:36:03,567 [INFO] Step 600: reward=0.095, dist=4.73
2026-02-26 16:36:07,124 [INFO] Step 800: reward=0.084, dist=4.86
2026-02-26 16:36:14,456 [INFO] Episode 2038 COMPLETE | Reward -951.27 | Steps 1000 | Terminated False | Truncated True
2026-02-26 16:36:18,583 [INFO] Step 0: reward=-0.206, dist=2.17
2026-02-26 16:36:23,783 [INFO] Step 200: reward=-2.263, dist=2.45
2026-02-26 16:36:26,708 [INFO] Performing PPO update at global step 1607680
2026-02-26 16:36:26,954 [INFO] PPO losses — policy: 0.1107, value: 192.0546, entropy: 4.2242
2026-02-26 16:36:26,959 [INFO] PPO update completed. Buffer cleared.
2026-02-26 16:36:29,267 [INFO] Step 400: reward=-3.225, dist=3.29
2026-02-26 16:36:34,209 [INFO] Step 600: reward=-0.194, dist=3.51
2026-02-26 16:36:40,708 [INFO] Step 800: reward=-0.206, dist=2.39
2026-02-26 16:36:46,680 [INFO] Episode 2039 COMPLETE | Reward -1116.65 | Steps 1000 | Terminated False | Truncated True
2026-02-26 16:36:52,088 [INFO] Step 0: reward=-0.305, dist=3.14
2026-02-26 16:36:56,983 [INFO] Step 200: reward=-2.284, dist=3.01
2026-02-26 16:37:01,994 [INFO] Step 400: reward=-0.870, dist=2.17
2026-02-26 16:37:08,177 [INFO] Step 600: reward=-2.205, dist=1.81
2026-02-26 16:37:14,319 [INFO] Step 800: reward=-0.477, dist=2.61
2026-02-26 16:37:20,016 [INFO] Episode 2040 COMPLETE | Reward -1006.75 | Steps 1000 | Terminated False | Truncated True
2026-02-26 16:37:20,034 [INFO] Checkpoint saved: checkpoints/ppo_ep_02040.pt
2026-02-26 16:37:24,530 [INFO] Step 0: reward=-0.244, dist=3.03
2026-02-26 16:37:30,177 [INFO] Step 200: reward=-0.219, dist=4.00
2026-02-26 16:37:35,052 [INFO] Performing PPO update at global step 1609728
2026-02-26 16:37:35,306 [INFO] PPO losses — policy: 0.0035, value: 156.8047, entropy: 4.2242
2026-02-26 16:37:35,310 [INFO] PPO update completed. Buffer cleared.
2026-02-26 16:37:36,463 [INFO] Step 400: reward=-0.115, dist=3.87
2026-02-26 16:37:41,819 [INFO] Step 600: reward=-2.182, dist=2.86
2026-02-26 16:37:43,230 [INFO] Policy action (normalized): v = +0.999, w = +0.046 | Cmd_vel (scaled): v = +0.999 m/s, w = +0.046 rad/s
2026-02-26 16:37:47,509 [INFO] Step 800: reward=-1.307, dist=2.78
2026-02-26 16:37:52,064 [INFO] Episode 2041 COMPLETE | Reward -1047.71 | Steps 1000 | Terminated False | Truncated True
2026-02-26 16:37:55,230 [INFO] Step 0: reward=-0.223, dist=2.65
2026-02-26 16:38:00,311 [INFO] Step 200: reward=-2.396, dist=3.23
2026-02-26 16:38:05,840 [INFO] Step 400: reward=-3.752, dist=3.78
2026-02-26 16:38:11,902 [INFO] Step 600: reward=-0.223, dist=2.99
2026-02-26 16:38:19,979 [INFO] Step 800: reward=-0.291, dist=2.98
2026-02-26 16:38:26,609 [INFO] Episode 2042 COMPLETE | Reward -1018.27 | Steps 1000 | Terminated False | Truncated True
2026-02-26 16:38:30,632 [INFO] Step 0: reward=-1.847, dist=3.47
2026-02-26 16:38:36,007 [INFO] Step 200: reward=-2.005, dist=4.41
2026-02-26 16:38:41,410 [INFO] Step 400: reward=-1.932, dist=4.49
2026-02-26 16:38:42,005 [INFO] Performing PPO update at global step 1611776
2026-02-26 16:38:42,260 [INFO] PPO losses — policy: 0.0267, value: 220.1025, entropy: 4.2242
2026-02-26 16:38:42,264 [INFO] PPO update completed. Buffer cleared.
2026-02-26 16:38:48,303 [INFO] Step 600: reward=-0.961, dist=3.41
2026-02-26 16:38:52,562 [INFO] Step 800: reward=-2.222, dist=3.06
2026-02-26 16:38:56,587 [INFO] Episode 2043 COMPLETE | Reward -1250.97 | Steps 1000 | Terminated False | Truncated True
2026-02-26 16:38:59,644 [INFO] Step 0: reward=-0.305, dist=3.93
2026-02-26 16:39:04,648 [INFO] Step 200: reward=-0.140, dist=3.72
2026-02-26 16:39:10,494 [INFO] Step 400: reward=-0.249, dist=2.83
2026-02-26 16:39:15,908 [INFO] Step 600: reward=-0.315, dist=2.43
2026-02-26 16:39:21,256 [INFO] Step 800: reward=-1.231, dist=3.47
2026-02-26 16:39:24,927 [INFO] Episode 2044 COMPLETE | Reward -1283.62 | Steps 1000 | Terminated False | Truncated True
2026-02-26 16:39:27,972 [INFO] Step 0: reward=-0.209, dist=3.20
2026-02-26 16:39:33,082 [INFO] Step 200: reward=-3.113, dist=3.05
2026-02-26 16:39:39,692 [INFO] Step 400: reward=-0.155, dist=2.15
2026-02-26 16:39:40,990 [INFO] Performing PPO update at global step 1613824
2026-02-26 16:39:41,243 [INFO] PPO losses — policy: -0.0014, value: 263.7180, entropy: 4.2242
2026-02-26 16:39:41,250 [INFO] PPO update completed. Buffer cleared.
2026-02-26 16:39:43,390 [INFO] Step 600: reward=-2.209, dist=1.73
2026-02-26 16:39:48,801 [INFO] Step 800: reward=-0.320, dist=2.44
2026-02-26 16:39:52,851 [INFO] Episode 2045 COMPLETE | Reward -1290.31 | Steps 1000 | Terminated False | Truncated True
2026-02-26 16:39:52,867 [INFO] Checkpoint saved: checkpoints/ppo_ep_02045.pt
2026-02-26 16:39:57,635 [INFO] Step 0: reward=-0.210, dist=2.36
2026-02-26 16:40:03,997 [INFO] Step 200: reward=-0.380, dist=2.29
2026-02-26 16:40:09,491 [INFO] Step 400: reward=-0.497, dist=3.33
2026-02-26 16:40:13,586 [INFO] Step 600: reward=-0.221, dist=3.52
2026-02-26 16:40:19,404 [INFO] Step 800: reward=-0.142, dist=2.82
2026-02-26 16:40:25,297 [INFO] Episode 2046 COMPLETE | Reward -1056.82 | Steps 1000 | Terminated False | Truncated True
2026-02-26 16:40:27,761 [INFO] Step 0: reward=-0.305, dist=3.39
2026-02-26 16:40:31,891 [INFO] Step 200: reward=-2.305, dist=3.79
2026-02-26 16:40:37,236 [INFO] Step 400: reward=-0.130, dist=3.25
2026-02-26 16:40:39,295 [INFO] Performing PPO update at global step 1615872
2026-02-26 16:40:39,563 [INFO] PPO losses — policy: 0.0238, value: 214.6710, entropy: 4.2242
2026-02-26 16:40:39,568 [INFO] PPO update completed. Buffer cleared.
2026-02-26 16:40:42,728 [INFO] Step 600: reward=-0.136, dist=2.38
2026-02-26 16:40:48,959 [INFO] Step 800: reward=-0.428, dist=2.76
2026-02-26 16:40:54,637 [INFO] Episode 2047 COMPLETE | Reward -1178.67 | Steps 1000 | Terminated False | Truncated True
2026-02-26 16:40:57,735 [INFO] Step 0: reward=-0.206, dist=2.99
2026-02-26 16:41:24,614 [INFO] Step 200: reward=-0.010, dist=0.00
2026-02-26 16:42:25,881 [INFO] Step 400: reward=-0.010, dist=0.00
2026-02-26 16:43:27,383 [INFO] Step 600: reward=-0.010, dist=0.00
2026-02-26 16:44:28,811 [INFO] Step 800: reward=-0.010, dist=0.00
2026-02-26 16:45:30,165 [INFO] Step 1000: reward=-0.010, dist=0.00
2026-02-26 16:46:31,528 [INFO] Step 1200: reward=-0.010, dist=0.00
2026-02-26 16:47:33,053 [INFO] Step 1400: reward=-0.010, dist=0.00
2026-02-26 16:48:21,921 [INFO] Performing PPO update at global step 1617920
2026-02-26 16:48:22,164 [INFO] PPO losses — policy: -0.0025, value: 150.2285, entropy: 4.2242
2026-02-26 16:48:22,168 [INFO] PPO update completed. Buffer cleared.
2026-02-26 16:48:34,766 [INFO] Step 1600: reward=-0.010, dist=0.00
2026-02-26 16:49:36,217 [INFO] Step 1800: reward=-0.010, dist=0.00
2026-02-26 16:50:37,539 [INFO] Step 2000: reward=-0.010, dist=0.00
2026-02-26 16:51:38,751 [INFO] Step 2200: reward=-0.010, dist=0.00
2026-02-26 16:52:39,950 [INFO] Step 2400: reward=-0.010, dist=0.00
2026-02-26 16:53:41,189 [INFO] Step 2600: reward=-0.010, dist=0.00
2026-02-26 16:54:42,388 [INFO] Step 2800: reward=-0.010, dist=0.00
2026-02-26 16:55:43,566 [INFO] Step 3000: reward=-0.010, dist=0.00
2026-02-26 16:56:44,766 [INFO] Step 3200: reward=-0.010, dist=0.00
2026-02-26 16:57:46,018 [INFO] Step 3400: reward=-0.010, dist=0.00
2026-02-26 16:58:47,242 [INFO] Step 3600: reward=-0.010, dist=0.00
2026-02-26 16:58:49,382 [INFO] Performing PPO update at global step 1619968
2026-02-26 16:58:49,616 [INFO] PPO losses — policy: 0.0185, value: 119.4162, entropy: 4.2242
2026-02-26 16:58:49,621 [INFO] PPO update completed. Buffer cleared.
2026-02-26 16:58:59,405 [INFO] Policy action (normalized): v = +0.847, w = +0.493 | Cmd_vel (scaled): v = +0.847 m/s, w = +0.493 rad/s
2026-02-26 16:59:48,707 [INFO] Step 3800: reward=-0.010, dist=0.00
2026-02-26 17:00:49,913 [INFO] Step 4000: reward=-0.010, dist=0.00
2026-02-26 17:01:51,086 [INFO] Step 4200: reward=-0.010, dist=0.00
2026-02-26 17:02:52,270 [INFO] Step 4400: reward=-0.010, dist=0.00
2026-02-26 17:03:53,481 [INFO] Step 4600: reward=-0.010, dist=0.00
2026-02-26 17:04:54,665 [INFO] Step 4800: reward=-0.010, dist=0.00
2026-02-26 17:05:55,877 [INFO] Step 5000: reward=-0.010, dist=0.00
2026-02-26 17:06:57,094 [INFO] Step 5200: reward=-0.010, dist=0.00
2026-02-26 17:07:58,294 [INFO] Step 5400: reward=-0.010, dist=0.00
2026-02-26 17:08:59,525 [INFO] Step 5600: reward=-0.010, dist=0.00
2026-02-26 17:09:16,350 [INFO] Performing PPO update at global step 1622016
2026-02-26 17:09:16,582 [INFO] PPO losses — policy: 0.0009, value: 75.2090, entropy: 4.2242
2026-02-26 17:09:16,594 [INFO] PPO update completed. Buffer cleared.
2026-02-26 17:10:00,950 [INFO] Step 5800: reward=-0.010, dist=0.00
2026-02-26 17:11:02,164 [INFO] Step 6000: reward=-0.010, dist=0.00
2026-02-26 17:12:03,376 [INFO] Step 6200: reward=-0.010, dist=0.00
2026-02-26 17:13:04,619 [INFO] Step 6400: reward=-0.010, dist=0.00
2026-02-26 17:14:05,818 [INFO] Step 6600: reward=-0.010, dist=0.00
2026-02-26 17:15:07,017 [INFO] Step 6800: reward=-0.010, dist=0.00
2026-02-26 17:16:08,213 [INFO] Step 7000: reward=-0.010, dist=0.00
2026-02-26 17:17:09,407 [INFO] Step 7200: reward=-0.010, dist=0.00
2026-02-26 17:18:10,644 [INFO] Step 7400: reward=-0.010, dist=0.00
2026-02-26 17:19:11,860 [INFO] Step 7600: reward=-0.010, dist=0.00
2026-02-26 17:19:43,386 [INFO] Performing PPO update at global step 1624064
2026-02-26 17:19:43,617 [INFO] PPO losses — policy: 0.0041, value: 57.5155, entropy: 4.2242
2026-02-26 17:19:43,621 [INFO] PPO update completed. Buffer cleared.
2026-02-26 17:20:13,325 [INFO] Step 7800: reward=-0.010, dist=0.00
2026-02-26 17:21:14,525 [INFO] Step 8000: reward=-0.010, dist=0.00
2026-02-26 17:22:15,715 [INFO] Step 8200: reward=-0.010, dist=0.00
2026-02-26 17:23:16,967 [INFO] Step 8400: reward=-0.010, dist=0.00
2026-02-26 17:24:18,166 [INFO] Step 8600: reward=-0.010, dist=0.00
2026-02-26 17:25:19,342 [INFO] Step 8800: reward=-0.010, dist=0.00
2026-02-26 17:26:20,519 [INFO] Step 9000: reward=-0.010, dist=0.00
2026-02-26 17:27:21,690 [INFO] Step 9200: reward=-0.010, dist=0.00
2026-02-26 17:28:22,883 [INFO] Step 9400: reward=-0.010, dist=0.00
2026-02-26 17:29:24,123 [INFO] Step 9600: reward=-0.010, dist=0.00
2026-02-26 17:30:10,317 [INFO] Performing PPO update at global step 1626112
2026-02-26 17:30:10,545 [INFO] PPO losses — policy: 0.0023, value: 33.1855, entropy: 4.2242
2026-02-26 17:30:10,548 [INFO] PPO update completed. Buffer cleared.
2026-02-26 17:30:25,556 [INFO] Step 9800: reward=-0.010, dist=0.00
2026-02-26 17:31:26,781 [INFO] Step 10000: reward=-0.010, dist=0.00
2026-02-26 17:32:27,983 [INFO] Step 10200: reward=-0.010, dist=0.00
2026-02-26 17:33:29,159 [INFO] Step 10400: reward=-0.010, dist=0.00
2026-02-26 17:34:30,374 [INFO] Step 10600: reward=-0.010, dist=0.00
2026-02-26 17:35:31,559 [INFO] Step 10800: reward=-0.010, dist=0.00
2026-02-26 17:36:32,802 [INFO] Step 11000: reward=-0.010, dist=0.00
2026-02-26 17:37:34,040 [INFO] Step 11200: reward=-0.010, dist=0.00
2026-02-26 17:38:35,272 [INFO] Step 11400: reward=-0.010, dist=0.00
2026-02-26 17:39:36,469 [INFO] Step 11600: reward=-0.010, dist=0.00
2026-02-26 17:40:37,422 [INFO] Performing PPO update at global step 1628160
2026-02-26 17:40:37,654 [INFO] PPO losses — policy: 0.0005, value: 20.1327, entropy: 4.2242
2026-02-26 17:40:37,657 [INFO] PPO update completed. Buffer cleared.
2026-02-26 17:40:37,963 [INFO] Step 11800: reward=-0.010, dist=0.00
2026-02-26 17:41:39,158 [INFO] Step 12000: reward=-0.010, dist=0.00
2026-02-26 17:42:40,376 [INFO] Step 12200: reward=-0.010, dist=0.00
2026-02-26 17:43:41,518 [INFO] Step 12400: reward=-0.010, dist=0.00
2026-02-26 17:44:42,696 [INFO] Step 12600: reward=-0.010, dist=0.00
2026-02-26 17:45:43,908 [INFO] Step 12800: reward=-0.010, dist=0.00
2026-02-26 17:46:45,092 [INFO] Step 13000: reward=-0.010, dist=0.00
2026-02-26 17:47:46,295 [INFO] Step 13200: reward=-0.010, dist=0.00
2026-02-26 17:48:47,498 [INFO] Step 13400: reward=-0.010, dist=0.00
2026-02-26 17:49:48,732 [INFO] Step 13600: reward=-0.010, dist=0.00
2026-02-26 17:50:00,663 [INFO] Policy action (normalized): v = +0.984, w = -0.824 | Cmd_vel (scaled): v = +0.984 m/s, w = -0.824 rad/s
2026-02-26 17:50:49,944 [INFO] Step 13800: reward=-0.010, dist=0.00
2026-02-26 17:51:04,329 [INFO] Performing PPO update at global step 1630208
2026-02-26 17:51:04,560 [INFO] PPO losses — policy: 0.0026, value: 11.9497, entropy: 4.2242
2026-02-26 17:51:04,564 [INFO] PPO update completed. Buffer cleared.
2026-02-26 17:51:51,384 [INFO] Step 14000: reward=-0.010, dist=0.00
2026-02-26 17:52:52,553 [INFO] Step 14200: reward=-0.010, dist=0.00
2026-02-26 17:53:53,734 [INFO] Step 14400: reward=-0.010, dist=0.00
2026-02-26 17:54:54,908 [INFO] Step 14600: reward=-0.010, dist=0.00
2026-02-26 17:55:56,097 [INFO] Step 14800: reward=-0.010, dist=0.00
2026-02-26 17:56:57,316 [INFO] Step 15000: reward=-0.010, dist=0.00
2026-02-26 17:57:58,502 [INFO] Step 15200: reward=-0.010, dist=0.00
2026-02-26 17:58:59,742 [INFO] Step 15400: reward=-0.010, dist=0.00
2026-02-26 18:00:00,977 [INFO] Step 15600: reward=-0.010, dist=0.00
2026-02-26 18:01:02,209 [INFO] Step 15800: reward=-0.010, dist=0.00
2026-02-26 18:01:31,262 [INFO] Performing PPO update at global step 1632256
2026-02-26 18:01:31,492 [INFO] PPO losses — policy: -0.0008, value: 6.5774, entropy: 4.2225
2026-02-26 18:01:31,495 [INFO] PPO update completed. Buffer cleared.
2026-02-26 18:02:03,628 [INFO] Step 16000: reward=-0.010, dist=0.00
2026-02-26 18:03:04,777 [INFO] Step 16200: reward=-0.010, dist=0.00
2026-02-26 18:04:05,942 [INFO] Step 16400: reward=-0.010, dist=0.00
2026-02-26 18:05:07,152 [INFO] Step 16600: reward=-0.010, dist=0.00
2026-02-26 18:06:08,307 [INFO] Step 16800: reward=-0.010, dist=0.00
2026-02-26 18:07:09,512 [INFO] Step 17000: reward=-0.010, dist=0.00
2026-02-26 18:08:10,715 [INFO] Step 17200: reward=-0.010, dist=0.00
2026-02-26 18:09:11,949 [INFO] Step 17400: reward=-0.010, dist=0.00
2026-02-26 18:10:13,137 [INFO] Step 17600: reward=-0.010, dist=0.00
2026-02-26 18:11:14,398 [INFO] Step 17800: reward=-0.010, dist=0.00
2026-02-26 18:11:58,246 [INFO] Performing PPO update at global step 1634304
2026-02-26 18:11:58,478 [INFO] PPO losses — policy: -0.0011, value: 4.0911, entropy: 4.2242
2026-02-26 18:11:58,482 [INFO] PPO update completed. Buffer cleared.
2026-02-26 18:12:15,911 [INFO] Step 18000: reward=-0.010, dist=0.00
2026-02-26 18:13:17,059 [INFO] Step 18200: reward=-0.010, dist=0.00
2026-02-26 18:14:18,246 [INFO] Step 18400: reward=-0.010, dist=0.00
2026-02-26 18:15:19,413 [INFO] Step 18600: reward=-0.010, dist=0.00
2026-02-26 18:16:20,623 [INFO] Step 18800: reward=-0.010, dist=0.00
2026-02-26 18:17:21,826 [INFO] Step 19000: reward=-0.010, dist=0.00
2026-02-26 18:18:23,014 [INFO] Step 19200: reward=-0.010, dist=0.00
2026-02-26 18:19:24,248 [INFO] Step 19400: reward=-0.010, dist=0.00
2026-02-26 18:20:25,446 [INFO] Step 19600: reward=-0.010, dist=0.00
2026-02-26 18:21:26,646 [INFO] Step 19800: reward=-0.010, dist=0.00
2026-02-26 18:22:25,112 [INFO] Performing PPO update at global step 1636352
2026-02-26 18:22:25,344 [INFO] PPO losses — policy: -0.0028, value: 2.7599, entropy: 4.2242
2026-02-26 18:22:25,348 [INFO] PPO update completed. Buffer cleared.
2026-02-26 18:22:28,104 [INFO] Step 20000: reward=-0.010, dist=0.00
2026-02-26 18:23:29,280 [INFO] Step 20200: reward=-0.010, dist=0.00
2026-02-26 18:24:30,488 [INFO] Step 20400: reward=-0.010, dist=0.00
2026-02-26 18:25:31,691 [INFO] Step 20600: reward=-0.010, dist=0.00
2026-02-26 18:26:32,872 [INFO] Step 20800: reward=-0.010, dist=0.00
2026-02-26 18:27:34,039 [INFO] Step 21000: reward=-0.010, dist=0.00
2026-02-26 18:28:35,281 [INFO] Step 21200: reward=-0.010, dist=0.00
2026-02-26 18:29:36,461 [INFO] Step 21400: reward=-0.010, dist=0.00
2026-02-26 18:30:37,680 [INFO] Step 21600: reward=-0.010, dist=0.00
2026-02-26 18:31:38,892 [INFO] Step 21800: reward=-0.010, dist=0.00
2026-02-26 18:32:40,104 [INFO] Step 22000: reward=-0.010, dist=0.00
2026-02-26 18:32:52,045 [INFO] Performing PPO update at global step 1638400
2026-02-26 18:32:52,279 [INFO] PPO losses — policy: 0.0001, value: 1.3934, entropy: 4.2242
2026-02-26 18:32:52,282 [INFO] PPO update completed. Buffer cleared.
2026-02-26 18:33:41,554 [INFO] Step 22200: reward=-0.010, dist=0.00
2026-02-26 18:34:42,766 [INFO] Step 22400: reward=-0.010, dist=0.00
2026-02-26 18:35:43,959 [INFO] Step 22600: reward=-0.010, dist=0.00
2026-02-26 18:36:45,141 [INFO] Step 22800: reward=-0.010, dist=0.00
2026-02-26 18:37:46,341 [INFO] Step 23000: reward=-0.010, dist=0.00
2026-02-26 18:38:47,568 [INFO] Step 23200: reward=-0.010, dist=0.00
2026-02-26 18:39:48,781 [INFO] Step 23400: reward=-0.010, dist=0.00
2026-02-26 18:40:49,991 [INFO] Step 23600: reward=-0.010, dist=0.00
2026-02-26 18:41:01,918 [INFO] Policy action (normalized): v = -0.689, w = -0.589 | Cmd_vel (scaled): v = -0.689 m/s, w = -0.589 rad/s
2026-02-26 18:41:51,191 [INFO] Step 23800: reward=-0.010, dist=0.00
2026-02-26 18:42:52,369 [INFO] Step 24000: reward=-0.010, dist=0.00
2026-02-26 18:43:18,979 [INFO] Performing PPO update at global step 1640448
2026-02-26 18:43:19,206 [INFO] PPO losses — policy: 0.0014, value: 1.1159, entropy: 4.2211
2026-02-26 18:43:19,210 [INFO] PPO update completed. Buffer cleared.
2026-02-26 18:43:53,793 [INFO] Step 24200: reward=-0.010, dist=0.00
2026-02-26 18:44:54,951 [INFO] Step 24400: reward=-0.010, dist=0.00
2026-02-26 18:45:56,143 [INFO] Step 24600: reward=-0.010, dist=0.00
2026-02-26 18:46:57,333 [INFO] Step 24800: reward=-0.010, dist=0.00
2026-02-26 18:47:58,510 [INFO] Step 25000: reward=-0.010, dist=0.00
2026-02-26 18:48:59,711 [INFO] Step 25200: reward=-0.010, dist=0.00
2026-02-26 18:50:00,907 [INFO] Step 25400: reward=-0.010, dist=0.00
2026-02-26 18:51:02,106 [INFO] Step 25600: reward=-0.010, dist=0.00
2026-02-26 18:52:03,282 [INFO] Step 25800: reward=-0.010, dist=0.00
2026-02-26 18:53:04,528 [INFO] Step 26000: reward=-0.010, dist=0.00
2026-02-26 18:53:45,811 [INFO] Performing PPO update at global step 1642496
2026-02-26 18:53:46,036 [INFO] PPO losses — policy: 0.0032, value: 0.8359, entropy: 4.1635
2026-02-26 18:53:46,040 [INFO] PPO update completed. Buffer cleared.
2026-02-26 18:54:05,942 [INFO] Step 26200: reward=-0.010, dist=0.00
2026-02-26 18:55:07,109 [INFO] Step 26400: reward=-0.010, dist=0.00
2026-02-26 18:56:08,256 [INFO] Step 26600: reward=-0.010, dist=0.00
2026-02-26 18:57:09,450 [INFO] Step 26800: reward=-0.010, dist=0.00
2026-02-26 18:58:10,666 [INFO] Step 27000: reward=-0.010, dist=0.00
2026-02-26 18:59:11,868 [INFO] Step 27200: reward=-0.010, dist=0.00
2026-02-26 19:00:13,052 [INFO] Step 27400: reward=-0.010, dist=0.00
2026-02-26 19:01:14,246 [INFO] Step 27600: reward=-0.010, dist=0.00
2026-02-26 19:02:15,467 [INFO] Step 27800: reward=-0.010, dist=0.00
2026-02-26 19:03:16,706 [INFO] Step 28000: reward=-0.010, dist=0.00
2026-02-26 19:04:12,714 [INFO] Performing PPO update at global step 1644544
2026-02-26 19:04:12,948 [INFO] PPO losses — policy: 0.0124, value: 0.3414, entropy: 4.2242
2026-02-26 19:04:12,951 [INFO] PPO update completed. Buffer cleared.
2026-02-26 19:04:18,152 [INFO] Step 28200: reward=-0.010, dist=0.00
2026-02-26 19:05:19,359 [INFO] Step 28400: reward=-0.010, dist=0.00
2026-02-26 19:06:20,521 [INFO] Step 28600: reward=-0.010, dist=0.00
2026-02-26 19:07:21,725 [INFO] Step 28800: reward=-0.010, dist=0.00
2026-02-26 19:08:22,892 [INFO] Step 29000: reward=-0.010, dist=0.00
2026-02-26 19:09:24,098 [INFO] Step 29200: reward=-0.010, dist=0.00
2026-02-26 19:10:25,248 [INFO] Step 29400: reward=-0.010, dist=0.00
2026-02-26 19:11:26,467 [INFO] Step 29600: reward=-0.010, dist=0.00
2026-02-26 19:12:27,703 [INFO] Step 29800: reward=-0.010, dist=0.00
2026-02-26 19:13:28,895 [INFO] Step 30000: reward=-0.010, dist=0.00
2026-02-26 19:14:30,151 [INFO] Step 30200: reward=-0.010, dist=0.00
2026-02-26 19:14:39,631 [INFO] Performing PPO update at global step 1646592
2026-02-26 19:14:39,861 [INFO] PPO losses — policy: -0.0003, value: 0.2235, entropy: 4.2242
2026-02-26 19:14:39,864 [INFO] PPO update completed. Buffer cleared.
2026-02-26 19:15:31,600 [INFO] Step 30400: reward=-0.010, dist=0.00
2026-02-26 19:16:32,753 [INFO] Step 30600: reward=-0.010, dist=0.00
2026-02-26 19:17:33,926 [INFO] Step 30800: reward=-0.010, dist=0.00
2026-02-26 19:18:35,079 [INFO] Step 31000: reward=-0.010, dist=0.00
2026-02-26 19:19:36,229 [INFO] Step 31200: reward=-0.010, dist=0.00
2026-02-26 19:20:37,414 [INFO] Step 31400: reward=-0.010, dist=0.00
2026-02-26 19:21:38,579 [INFO] Step 31600: reward=-0.010, dist=0.00
2026-02-26 19:22:39,807 [INFO] Step 31800: reward=-0.010, dist=0.00
2026-02-26 19:23:41,018 [INFO] Step 32000: reward=-0.010, dist=0.00
2026-02-26 19:24:42,219 [INFO] Step 32200: reward=-0.010, dist=0.00
2026-02-26 19:25:06,417 [INFO] Performing PPO update at global step 1648640
2026-02-26 19:25:06,649 [INFO] PPO losses — policy: 0.0024, value: 0.1950, entropy: 4.2242
2026-02-26 19:25:06,652 [INFO] PPO update completed. Buffer cleared.
2026-02-26 19:25:43,714 [INFO] Step 32400: reward=-0.010, dist=0.00
2026-02-26 19:26:44,858 [INFO] Step 32600: reward=-0.010, dist=0.00
2026-02-26 19:27:46,018 [INFO] Step 32800: reward=-0.010, dist=0.00
2026-02-26 19:28:47,201 [INFO] Step 33000: reward=-0.010, dist=0.00
2026-02-26 19:29:48,392 [INFO] Step 33200: reward=-0.010, dist=0.00
2026-02-26 19:30:49,588 [INFO] Step 33400: reward=-0.010, dist=0.00
2026-02-26 19:31:50,761 [INFO] Step 33600: reward=-0.010, dist=0.00
2026-02-26 19:32:02,685 [INFO] Policy action (normalized): v = +0.906, w = +0.639 | Cmd_vel (scaled): v = +0.906 m/s, w = +0.639 rad/s
2026-02-26 19:32:51,942 [INFO] Step 33800: reward=-0.010, dist=0.00
2026-02-26 19:33:53,146 [INFO] Step 34000: reward=-0.010, dist=0.00
2026-02-26 19:34:54,339 [INFO] Step 34200: reward=-0.010, dist=0.00
2026-02-26 19:35:33,215 [INFO] Performing PPO update at global step 1650688
2026-02-26 19:35:33,447 [INFO] PPO losses — policy: -0.0037, value: 0.0876, entropy: 4.2241
2026-02-26 19:35:33,450 [INFO] PPO update completed. Buffer cleared.
2026-02-26 19:35:55,801 [INFO] Step 34400: reward=-0.010, dist=0.00
2026-02-26 19:36:56,950 [INFO] Step 34600: reward=-0.010, dist=0.00
2026-02-26 19:37:58,076 [INFO] Step 34800: reward=-0.010, dist=0.00
2026-02-26 19:38:59,243 [INFO] Step 35000: reward=-0.010, dist=0.00
2026-02-26 19:40:00,429 [INFO] Step 35200: reward=-0.010, dist=0.00
2026-02-26 19:41:01,600 [INFO] Step 35400: reward=-0.010, dist=0.00
2026-02-26 19:42:02,818 [INFO] Step 35600: reward=-0.010, dist=0.00
2026-02-26 19:43:04,011 [INFO] Step 35800: reward=-0.010, dist=0.00
2026-02-26 19:44:05,225 [INFO] Step 36000: reward=-0.010, dist=0.00
2026-02-26 19:45:06,402 [INFO] Step 36200: reward=-0.010, dist=0.00
2026-02-26 19:45:59,979 [INFO] Performing PPO update at global step 1652736
2026-02-26 19:46:00,210 [INFO] PPO losses — policy: 0.0006, value: 0.0832, entropy: 4.2233
2026-02-26 19:46:00,214 [INFO] PPO update completed. Buffer cleared.
2026-02-26 19:46:07,859 [INFO] Step 36400: reward=-0.010, dist=0.00
2026-02-26 19:47:09,038 [INFO] Step 36600: reward=-0.010, dist=0.00
2026-02-26 19:48:10,196 [INFO] Step 36800: reward=-0.010, dist=0.00
2026-02-26 19:49:11,384 [INFO] Step 37000: reward=-0.010, dist=0.00
2026-02-26 19:50:12,563 [INFO] Step 37200: reward=-0.010, dist=0.00
2026-02-26 19:51:13,761 [INFO] Step 37400: reward=-0.010, dist=0.00
2026-02-26 19:52:14,936 [INFO] Step 37600: reward=-0.010, dist=0.00
2026-02-26 19:53:16,121 [INFO] Step 37800: reward=-0.010, dist=0.00
2026-02-26 19:54:17,328 [INFO] Step 38000: reward=-0.010, dist=0.00
2026-02-26 19:55:18,542 [INFO] Step 38200: reward=-0.010, dist=0.00
2026-02-26 19:56:19,725 [INFO] Step 38400: reward=-0.010, dist=0.00
2026-02-26 19:56:26,771 [INFO] Performing PPO update at global step 1654784
2026-02-26 19:56:27,010 [INFO] PPO losses — policy: 0.0001, value: 0.0411, entropy: 4.2242
2026-02-26 19:56:27,014 [INFO] PPO update completed. Buffer cleared.
2026-02-26 19:57:21,174 [INFO] Step 38600: reward=-0.010, dist=0.00
2026-02-26 19:58:22,344 [INFO] Step 38800: reward=-0.010, dist=0.00
2026-02-26 19:59:23,547 [INFO] Step 39000: reward=-0.010, dist=0.00
2026-02-26 20:00:24,686 [INFO] Step 39200: reward=-0.010, dist=0.00
2026-02-26 20:01:25,905 [INFO] Step 39400: reward=-0.010, dist=0.00
2026-02-26 20:02:27,079 [INFO] Step 39600: reward=-0.010, dist=0.00
2026-02-26 20:03:28,275 [INFO] Step 39800: reward=-0.010, dist=0.00
2026-02-26 20:04:29,472 [INFO] Step 40000: reward=-0.010, dist=0.00
2026-02-26 20:05:30,690 [INFO] Step 40200: reward=-0.010, dist=0.00
2026-02-26 20:06:31,922 [INFO] Step 40400: reward=-0.010, dist=0.00
2026-02-26 20:06:53,653 [INFO] Performing PPO update at global step 1656832
2026-02-26 20:06:53,884 [INFO] PPO losses — policy: 0.0019, value: 0.0267, entropy: 4.2242
2026-02-26 20:06:53,888 [INFO] PPO update completed. Buffer cleared.
2026-02-26 20:07:33,384 [INFO] Step 40600: reward=-0.010, dist=0.00
2026-02-26 20:08:34,574 [INFO] Step 40800: reward=-0.010, dist=0.00
2026-02-26 20:09:35,774 [INFO] Step 41000: reward=-0.010, dist=0.00
2026-02-26 20:10:36,972 [INFO] Step 41200: reward=-0.010, dist=0.00
2026-02-26 20:11:38,132 [INFO] Step 41400: reward=-0.010, dist=0.00
2026-02-26 20:12:39,349 [INFO] Step 41600: reward=-0.010, dist=0.00
2026-02-26 20:13:40,527 [INFO] Step 41800: reward=-0.010, dist=0.00
2026-02-26 20:14:41,721 [INFO] Step 42000: reward=-0.010, dist=0.00
2026-02-26 20:15:42,908 [INFO] Step 42200: reward=-0.010, dist=0.00
2026-02-26 20:16:44,125 [INFO] Step 42400: reward=-0.010, dist=0.00
2026-02-26 20:17:20,557 [INFO] Performing PPO update at global step 1658880
2026-02-26 20:17:20,784 [INFO] PPO losses — policy: -0.0017, value: 0.0226, entropy: 4.1957
2026-02-26 20:17:20,788 [INFO] PPO update completed. Buffer cleared.
2026-02-26 20:17:45,602 [INFO] Step 42600: reward=-0.010, dist=0.00
2026-02-26 20:18:46,758 [INFO] Step 42800: reward=-0.010, dist=0.00
2026-02-26 20:19:47,939 [INFO] Step 43000: reward=-0.010, dist=0.00
2026-02-26 20:20:49,112 [INFO] Step 43200: reward=-0.010, dist=0.00
2026-02-26 20:21:50,328 [INFO] Step 43400: reward=-0.010, dist=0.00
2026-02-26 20:22:51,494 [INFO] Step 43600: reward=-0.010, dist=0.00
2026-02-26 20:23:03,421 [INFO] Policy action (normalized): v = +1.000, w = +0.988 | Cmd_vel (scaled): v = +1.000 m/s, w = +0.988 rad/s
2026-02-26 20:23:52,643 [INFO] Step 43800: reward=-0.010, dist=0.00
2026-02-26 20:24:53,843 [INFO] Step 44000: reward=-0.010, dist=0.00
2026-02-26 20:25:55,044 [INFO] Step 44200: reward=-0.010, dist=0.00
2026-02-26 20:26:56,222 [INFO] Step 44400: reward=-0.010, dist=0.00
2026-02-26 20:27:47,320 [INFO] Performing PPO update at global step 1660928
2026-02-26 20:27:47,554 [INFO] PPO losses — policy: -0.0032, value: 0.0195, entropy: 4.2163
2026-02-26 20:27:47,557 [INFO] PPO update completed. Buffer cleared.
2026-02-26 20:27:57,646 [INFO] Step 44600: reward=-0.010, dist=0.00
2026-02-26 20:28:58,860 [INFO] Step 44800: reward=-0.010, dist=0.00
2026-02-26 20:30:00,025 [INFO] Step 45000: reward=-0.010, dist=0.00
2026-02-26 20:31:01,210 [INFO] Step 45200: reward=-0.010, dist=0.00
2026-02-26 20:32:02,391 [INFO] Step 45400: reward=-0.010, dist=0.00
2026-02-26 20:33:03,616 [INFO] Step 45600: reward=-0.010, dist=0.00
2026-02-26 20:34:04,823 [INFO] Step 45800: reward=-0.010, dist=0.00
2026-02-26 20:35:06,026 [INFO] Step 46000: reward=-0.010, dist=0.00
2026-02-26 20:36:07,284 [INFO] Step 46200: reward=-0.010, dist=0.00
2026-02-26 20:37:08,459 [INFO] Step 46400: reward=-0.010, dist=0.00
2026-02-26 20:38:09,695 [INFO] Step 46600: reward=-0.010, dist=0.00
2026-02-26 20:38:14,282 [INFO] Performing PPO update at global step 1662976
2026-02-26 20:38:14,513 [INFO] PPO losses — policy: 0.0013, value: 0.0162, entropy: 4.1635
2026-02-26 20:38:14,517 [INFO] PPO update completed. Buffer cleared.
2026-02-26 20:39:11,149 [INFO] Step 46800: reward=-0.010, dist=0.00
2026-02-26 20:40:12,298 [INFO] Step 47000: reward=-0.010, dist=0.00
2026-02-26 20:41:13,499 [INFO] Step 47200: reward=-0.010, dist=0.00
2026-02-26 20:42:14,669 [INFO] Step 47400: reward=-0.010, dist=0.00
2026-02-26 20:43:15,851 [INFO] Step 47600: reward=-0.010, dist=0.00
2026-02-26 20:44:17,087 [INFO] Step 47800: reward=-0.010, dist=0.00
2026-02-26 20:45:18,317 [INFO] Step 48000: reward=-0.010, dist=0.00
2026-02-26 20:46:19,569 [INFO] Step 48200: reward=-0.010, dist=0.00
2026-02-26 20:47:20,785 [INFO] Step 48400: reward=-0.010, dist=0.00
2026-02-26 20:48:21,988 [INFO] Step 48600: reward=-0.010, dist=0.00
2026-02-26 20:48:41,273 [INFO] Performing PPO update at global step 1665024
2026-02-26 20:48:41,504 [INFO] PPO losses — policy: -0.0017, value: 0.0111, entropy: 4.0157
2026-02-26 20:48:41,508 [INFO] PPO update completed. Buffer cleared.
2026-02-26 20:49:23,428 [INFO] Step 48800: reward=-0.010, dist=0.00
2026-02-26 20:50:24,625 [INFO] Step 49000: reward=-0.010, dist=0.00
2026-02-26 20:51:25,800 [INFO] Step 49200: reward=-0.010, dist=0.00
2026-02-26 20:52:26,984 [INFO] Step 49400: reward=-0.010, dist=0.00
2026-02-26 20:53:28,134 [INFO] Step 49600: reward=-0.010, dist=0.00
2026-02-26 20:54:29,334 [INFO] Step 49800: reward=-0.010, dist=0.00
2026-02-26 20:55:30,574 [INFO] Step 50000: reward=-0.010, dist=0.00
2026-02-26 20:56:31,784 [INFO] Step 50200: reward=-0.010, dist=0.00
2026-02-26 20:57:32,978 [INFO] Step 50400: reward=-0.010, dist=0.00
2026-02-26 20:58:34,173 [INFO] Step 50600: reward=-0.010, dist=0.00
2026-02-26 20:59:08,166 [INFO] Performing PPO update at global step 1667072
2026-02-26 20:59:08,403 [INFO] PPO losses — policy: -0.0001, value: 0.0121, entropy: 4.0043
2026-02-26 20:59:08,407 [INFO] PPO update completed. Buffer cleared.
2026-02-26 20:59:35,670 [INFO] Step 50800: reward=-0.010, dist=0.00
2026-02-26 21:00:36,870 [INFO] Step 51000: reward=-0.010, dist=0.00
2026-02-26 21:01:38,035 [INFO] Step 51200: reward=-0.010, dist=0.00
2026-02-26 21:02:39,189 [INFO] Step 51400: reward=-0.010, dist=0.00
2026-02-26 21:03:40,381 [INFO] Step 51600: reward=-0.010, dist=0.00
2026-02-26 21:04:41,577 [INFO] Step 51800: reward=-0.010, dist=0.00
2026-02-26 21:05:42,811 [INFO] Step 52000: reward=-0.010, dist=0.00
2026-02-26 21:06:44,071 [INFO] Step 52200: reward=-0.010, dist=0.00
2026-02-26 21:07:45,298 [INFO] Step 52400: reward=-0.010, dist=0.00
2026-02-26 21:08:46,513 [INFO] Step 52600: reward=-0.010, dist=0.00
2026-02-26 21:09:35,190 [INFO] Performing PPO update at global step 1669120
2026-02-26 21:09:35,423 [INFO] PPO losses — policy: -0.0041, value: 0.0086, entropy: 3.9350
2026-02-26 21:09:35,426 [INFO] PPO update completed. Buffer cleared.
2026-02-26 21:09:47,962 [INFO] Step 52800: reward=-0.010, dist=0.00
2026-02-26 21:10:49,132 [INFO] Step 53000: reward=-0.010, dist=0.00
2026-02-26 21:11:50,278 [INFO] Step 53200: reward=-0.010, dist=0.00
2026-02-26 21:12:51,482 [INFO] Step 53400: reward=-0.010, dist=0.00
2026-02-26 21:13:52,631 [INFO] Step 53600: reward=-0.010, dist=0.00
2026-02-26 21:14:04,571 [INFO] Policy action (normalized): v = -0.007, w = +0.896 | Cmd_vel (scaled): v = -0.007 m/s, w = +0.896 rad/s
2026-02-26 21:14:53,841 [INFO] Step 53800: reward=-0.010, dist=0.00
2026-02-26 21:15:55,045 [INFO] Step 54000: reward=-0.010, dist=0.00
2026-02-26 21:16:56,228 [INFO] Step 54200: reward=-0.010, dist=0.00
2026-02-26 21:17:57,500 [INFO] Step 54400: reward=-0.010, dist=0.00
2026-02-26 21:18:58,715 [INFO] Step 54600: reward=-0.010, dist=0.00
2026-02-26 21:19:59,938 [INFO] Step 54800: reward=-0.010, dist=0.00
2026-02-26 21:20:02,084 [INFO] Performing PPO update at global step 1671168
2026-02-26 21:20:02,319 [INFO] PPO losses — policy: 0.0006, value: 0.0086, entropy: 3.6922
2026-02-26 21:20:02,322 [INFO] PPO update completed. Buffer cleared.
2026-02-26 21:21:01,402 [INFO] Step 55000: reward=-0.010, dist=0.00
2026-02-26 21:22:02,609 [INFO] Step 55200: reward=-0.010, dist=0.00
2026-02-26 21:23:03,829 [INFO] Step 55400: reward=-0.010, dist=0.00
2026-02-26 21:24:05,013 [INFO] Step 55600: reward=-0.010, dist=0.00
2026-02-26 21:25:06,238 [INFO] Step 55800: reward=-0.010, dist=0.00
2026-02-26 21:26:07,398 [INFO] Step 56000: reward=-0.010, dist=0.00
2026-02-26 21:27:08,599 [INFO] Step 56200: reward=-0.010, dist=0.00
2026-02-26 21:28:09,825 [INFO] Step 56400: reward=-0.010, dist=0.00
2026-02-26 21:29:11,044 [INFO] Step 56600: reward=-0.010, dist=0.00
2026-02-26 21:30:12,232 [INFO] Step 56800: reward=-0.010, dist=0.00
2026-02-26 21:30:29,060 [INFO] Performing PPO update at global step 1673216
2026-02-26 21:30:29,298 [INFO] PPO losses — policy: -0.0046, value: 0.0074, entropy: 3.5080
2026-02-26 21:30:29,303 [INFO] PPO update completed. Buffer cleared.
2026-02-26 21:31:13,689 [INFO] Step 57000: reward=-0.010, dist=0.00
2026-02-26 21:32:14,917 [INFO] Step 57200: reward=-0.010, dist=0.00
2026-02-26 21:33:16,103 [INFO] Step 57400: reward=-0.010, dist=0.00
2026-02-26 21:34:17,255 [INFO] Step 57600: reward=-0.010, dist=0.00
2026-02-26 21:35:18,433 [INFO] Step 57800: reward=-0.010, dist=0.00
2026-02-26 21:36:19,625 [INFO] Step 58000: reward=-0.010, dist=0.00
2026-02-26 21:37:20,842 [INFO] Step 58200: reward=-0.010, dist=0.00
2026-02-26 21:38:22,039 [INFO] Step 58400: reward=-0.010, dist=0.00
2026-02-26 21:39:23,262 [INFO] Step 58600: reward=-0.010, dist=0.00
2026-02-26 21:40:24,470 [INFO] Step 58800: reward=-0.010, dist=0.00
2026-02-26 21:40:55,987 [INFO] Performing PPO update at global step 1675264
2026-02-26 21:40:56,217 [INFO] PPO losses — policy: -0.0017, value: 0.0063, entropy: 3.4048
2026-02-26 21:40:56,220 [INFO] PPO update completed. Buffer cleared.
2026-02-26 21:41:25,940 [INFO] Step 59000: reward=-0.010, dist=0.00
2026-02-26 21:42:27,098 [INFO] Step 59200: reward=-0.010, dist=0.00
2026-02-26 21:43:28,330 [INFO] Step 59400: reward=-0.010, dist=0.00
2026-02-26 21:44:29,482 [INFO] Step 59600: reward=-0.010, dist=0.00
2026-02-26 21:45:30,690 [INFO] Step 59800: reward=-0.010, dist=0.00
2026-02-26 21:46:31,892 [INFO] Step 60000: reward=-0.010, dist=0.00
2026-02-26 21:47:33,082 [INFO] Step 60200: reward=-0.010, dist=0.00
2026-02-26 21:48:34,266 [INFO] Step 60400: reward=-0.010, dist=0.00
2026-02-26 21:49:35,476 [INFO] Step 60600: reward=-0.010, dist=0.00
2026-02-26 21:50:36,689 [INFO] Step 60800: reward=-0.010, dist=0.00
2026-02-26 21:51:22,899 [INFO] Performing PPO update at global step 1677312
2026-02-26 21:51:23,132 [INFO] PPO losses — policy: -0.0015, value: 0.0059, entropy: 3.4649
2026-02-26 21:51:23,136 [INFO] PPO update completed. Buffer cleared.
2026-02-26 21:51:38,122 [INFO] Step 61000: reward=-0.010, dist=0.00
2026-02-26 21:52:39,352 [INFO] Step 61200: reward=-0.010, dist=0.00
2026-02-26 21:53:40,532 [INFO] Step 61400: reward=-0.010, dist=0.00
2026-02-26 21:54:41,705 [INFO] Step 61600: reward=-0.010, dist=0.00
2026-02-26 21:55:42,894 [INFO] Step 61800: reward=-0.010, dist=0.00
2026-02-26 21:56:44,095 [INFO] Step 62000: reward=-0.010, dist=0.00
2026-02-26 21:57:45,374 [INFO] Step 62200: reward=-0.010, dist=0.00
2026-02-26 21:58:46,602 [INFO] Step 62400: reward=-0.010, dist=0.00
2026-02-26 21:59:47,840 [INFO] Step 62600: reward=-0.010, dist=0.00
2026-02-26 22:00:49,086 [INFO] Step 62800: reward=-0.010, dist=0.00
2026-02-26 22:01:49,998 [INFO] Performing PPO update at global step 1679360
2026-02-26 22:01:50,230 [INFO] PPO losses — policy: -0.0011, value: 0.0053, entropy: 3.3920
2026-02-26 22:01:50,234 [INFO] PPO update completed. Buffer cleared.
2026-02-26 22:01:50,539 [INFO] Step 63000: reward=-0.010, dist=0.00
2026-02-26 22:02:51,754 [INFO] Step 63200: reward=-0.010, dist=0.00
2026-02-26 22:03:52,904 [INFO] Step 63400: reward=-0.010, dist=0.00
2026-02-26 22:04:54,062 [INFO] Step 63600: reward=-0.010, dist=0.00
2026-02-26 22:05:06,000 [INFO] Policy action (normalized): v = -0.565, w = -0.447 | Cmd_vel (scaled): v = -0.565 m/s, w = -0.447 rad/s
2026-02-26 22:05:55,234 [INFO] Step 63800: reward=-0.010, dist=0.00
2026-02-26 22:06:56,410 [INFO] Step 64000: reward=-0.010, dist=0.00
2026-02-26 22:07:57,604 [INFO] Step 64200: reward=-0.010, dist=0.00
2026-02-26 22:08:58,806 [INFO] Step 64400: reward=-0.010, dist=0.00
2026-02-26 22:10:00,000 [INFO] Step 64600: reward=-0.010, dist=0.00
2026-02-26 22:11:01,250 [INFO] Step 64800: reward=-0.010, dist=0.00
2026-02-26 22:12:02,478 [INFO] Step 65000: reward=-0.010, dist=0.00
2026-02-26 22:12:16,864 [INFO] Performing PPO update at global step 1681408
2026-02-26 22:12:17,098 [INFO] PPO losses — policy: 0.0002, value: 0.0121, entropy: 3.3839
2026-02-26 22:12:17,102 [INFO] PPO update completed. Buffer cleared.
2026-02-26 22:13:03,952 [INFO] Step 65200: reward=-0.010, dist=0.00
2026-02-26 22:14:05,122 [INFO] Step 65400: reward=-0.010, dist=0.00
2026-02-26 22:15:06,337 [INFO] Step 65600: reward=-0.010, dist=0.00
2026-02-26 22:16:07,569 [INFO] Step 65800: reward=-0.010, dist=0.00
2026-02-26 22:17:08,736 [INFO] Step 66000: reward=-0.010, dist=0.00
2026-02-26 22:18:09,939 [INFO] Step 66200: reward=-0.010, dist=0.00
2026-02-26 22:19:11,152 [INFO] Step 66400: reward=-0.010, dist=0.00
2026-02-26 22:20:12,338 [INFO] Step 66600: reward=-0.010, dist=0.00
2026-02-26 22:21:13,545 [INFO] Step 66800: reward=-0.010, dist=0.00
2026-02-26 22:22:14,794 [INFO] Step 67000: reward=-0.010, dist=0.00
2026-02-26 22:22:43,861 [INFO] Performing PPO update at global step 1683456
2026-02-26 22:22:44,091 [INFO] PPO losses — policy: 0.0005, value: 0.0106, entropy: 3.3319
2026-02-26 22:22:44,094 [INFO] PPO update completed. Buffer cleared.
2026-02-26 22:23:16,249 [INFO] Step 67200: reward=-0.010, dist=0.00
2026-02-26 22:24:17,420 [INFO] Step 67400: reward=-0.010, dist=0.00
2026-02-26 22:25:18,579 [INFO] Step 67600: reward=-0.010, dist=0.00
2026-02-26 22:26:19,750 [INFO] Step 67800: reward=-0.010, dist=0.00
2026-02-26 22:27:20,918 [INFO] Step 68000: reward=-0.010, dist=0.00
2026-02-26 22:28:22,103 [INFO] Step 68200: reward=-0.010, dist=0.00
2026-02-26 22:29:23,266 [INFO] Step 68400: reward=-0.010, dist=0.00
2026-02-26 22:30:24,465 [INFO] Step 68600: reward=-0.010, dist=0.00
2026-02-26 22:31:25,633 [INFO] Step 68800: reward=-0.010, dist=0.00
2026-02-26 22:32:26,867 [INFO] Step 69000: reward=-0.010, dist=0.00
2026-02-26 22:33:10,622 [INFO] Performing PPO update at global step 1685504
2026-02-26 22:33:10,851 [INFO] PPO losses — policy: -0.0021, value: 0.0064, entropy: 3.3596
2026-02-26 22:33:10,854 [INFO] PPO update completed. Buffer cleared.
2026-02-26 22:33:28,306 [INFO] Step 69200: reward=-0.010, dist=0.00
2026-02-26 22:34:29,488 [INFO] Step 69400: reward=-0.010, dist=0.00
2026-02-26 22:35:30,636 [INFO] Step 69600: reward=-0.010, dist=0.00
2026-02-26 22:36:31,806 [INFO] Step 69800: reward=-0.010, dist=0.00
2026-02-26 22:37:32,970 [INFO] Step 70000: reward=-0.010, dist=0.00
2026-02-26 22:38:34,145 [INFO] Step 70200: reward=-0.010, dist=0.00
2026-02-26 22:39:35,341 [INFO] Step 70400: reward=-0.010, dist=0.00
2026-02-26 22:40:36,526 [INFO] Step 70600: reward=-0.010, dist=0.00
2026-02-26 22:41:37,747 [INFO] Step 70800: reward=-0.010, dist=0.00
2026-02-26 22:42:38,917 [INFO] Step 71000: reward=-0.010, dist=0.00
2026-02-26 22:43:37,376 [INFO] Performing PPO update at global step 1687552
2026-02-26 22:43:37,608 [INFO] PPO losses — policy: -0.0007, value: 0.0042, entropy: 3.2437
2026-02-26 22:43:37,612 [INFO] PPO update completed. Buffer cleared.
2026-02-26 22:43:40,361 [INFO] Step 71200: reward=-0.010, dist=0.00
2026-02-26 22:44:41,534 [INFO] Step 71400: reward=-0.010, dist=0.00
2026-02-26 22:45:42,725 [INFO] Step 71600: reward=-0.010, dist=0.00
2026-02-26 22:46:43,896 [INFO] Step 71800: reward=-0.010, dist=0.00
2026-02-26 22:47:45,079 [INFO] Step 72000: reward=-0.010, dist=0.00
2026-02-26 22:48:46,206 [INFO] Step 72200: reward=-0.010, dist=0.00
2026-02-26 22:49:47,420 [INFO] Step 72400: reward=-0.010, dist=0.00
2026-02-26 22:50:48,572 [INFO] Step 72600: reward=-0.010, dist=0.00
2026-02-26 22:51:49,825 [INFO] Step 72800: reward=-0.010, dist=0.00
2026-02-26 22:52:51,054 [INFO] Step 73000: reward=-0.010, dist=0.00
2026-02-26 22:53:52,278 [INFO] Step 73200: reward=-0.010, dist=0.00
2026-02-26 22:54:04,206 [INFO] Performing PPO update at global step 1689600
2026-02-26 22:54:04,441 [INFO] PPO losses — policy: 0.0006, value: 0.0079, entropy: 3.1910
2026-02-26 22:54:04,445 [INFO] PPO update completed. Buffer cleared.
2026-02-26 22:54:53,710 [INFO] Step 73400: reward=-0.010, dist=0.00
2026-02-26 22:55:54,924 [INFO] Step 73600: reward=-0.010, dist=0.00
2026-02-26 22:56:06,852 [INFO] Policy action (normalized): v = -0.762, w = +0.784 | Cmd_vel (scaled): v = -0.762 m/s, w = +0.784 rad/s
2026-02-26 22:56:56,102 [INFO] Step 73800: reward=-0.010, dist=0.00
2026-02-26 22:57:57,302 [INFO] Step 74000: reward=-0.010, dist=0.00
2026-02-26 22:58:58,470 [INFO] Step 74200: reward=-0.010, dist=0.00
2026-02-26 22:59:59,655 [INFO] Step 74400: reward=-0.010, dist=0.00
2026-02-26 23:01:00,839 [INFO] Step 74600: reward=-0.010, dist=0.00
2026-02-26 23:02:02,006 [INFO] Step 74800: reward=-0.010, dist=0.00
2026-02-26 23:03:03,223 [INFO] Step 75000: reward=-0.010, dist=0.00
2026-02-26 23:04:04,452 [INFO] Step 75200: reward=-0.010, dist=0.00
2026-02-26 23:04:31,078 [INFO] Performing PPO update at global step 1691648
2026-02-26 23:04:31,309 [INFO] PPO losses — policy: -0.0041, value: 0.0043, entropy: 3.1324
2026-02-26 23:04:31,313 [INFO] PPO update completed. Buffer cleared.
2026-02-26 23:05:05,893 [INFO] Step 75400: reward=-0.010, dist=0.00
2026-02-26 23:06:07,039 [INFO] Step 75600: reward=-0.010, dist=0.00
2026-02-26 23:07:08,214 [INFO] Step 75800: reward=-0.010, dist=0.00
2026-02-26 23:08:09,444 [INFO] Step 76000: reward=-0.010, dist=0.00
2026-02-26 23:09:10,636 [INFO] Step 76200: reward=-0.010, dist=0.00
2026-02-26 23:10:11,801 [INFO] Step 76400: reward=-0.010, dist=0.00
2026-02-26 23:11:12,989 [INFO] Step 76600: reward=-0.010, dist=0.00
2026-02-26 23:12:14,194 [INFO] Step 76800: reward=-0.010, dist=0.00
2026-02-26 23:13:15,403 [INFO] Step 77000: reward=-0.010, dist=0.00
2026-02-26 23:14:16,579 [INFO] Step 77200: reward=-0.010, dist=0.00
2026-02-26 23:14:57,894 [INFO] Performing PPO update at global step 1693696
2026-02-26 23:14:58,127 [INFO] PPO losses — policy: 0.0001, value: 0.0069, entropy: 3.0873
2026-02-26 23:14:58,131 [INFO] PPO update completed. Buffer cleared.
2026-02-26 23:15:18,007 [INFO] Step 77400: reward=-0.010, dist=0.00
2026-02-26 23:16:19,196 [INFO] Step 77600: reward=-0.010, dist=0.00
2026-02-26 23:17:20,340 [INFO] Step 77800: reward=-0.010, dist=0.00
2026-02-26 23:18:21,524 [INFO] Step 78000: reward=-0.010, dist=0.00
2026-02-26 23:19:22,716 [INFO] Step 78200: reward=-0.010, dist=0.00
2026-02-26 23:20:23,884 [INFO] Step 78400: reward=-0.010, dist=0.00
2026-02-26 23:21:25,094 [INFO] Step 78600: reward=-0.010, dist=0.00
2026-02-26 23:22:26,310 [INFO] Step 78800: reward=-0.010, dist=0.00
2026-02-26 23:23:27,506 [INFO] Step 79000: reward=-0.010, dist=0.00
2026-02-26 23:24:28,716 [INFO] Step 79200: reward=-0.010, dist=0.00
2026-02-26 23:25:24,719 [INFO] Performing PPO update at global step 1695744
2026-02-26 23:25:24,967 [INFO] PPO losses — policy: -0.0012, value: 0.0067, entropy: 3.0292
2026-02-26 23:25:24,970 [INFO] PPO update completed. Buffer cleared.
2026-02-26 23:25:30,166 [INFO] Step 79400: reward=-0.010, dist=0.00
2026-02-26 23:26:31,336 [INFO] Step 79600: reward=-0.010, dist=0.00
2026-02-26 23:27:32,482 [INFO] Step 79800: reward=-0.010, dist=0.00
2026-02-26 23:28:33,657 [INFO] Step 80000: reward=-0.010, dist=0.00
2026-02-26 23:29:34,852 [INFO] Step 80200: reward=-0.010, dist=0.00
2026-02-26 23:30:36,073 [INFO] Step 80400: reward=-0.010, dist=0.00
2026-02-26 23:31:37,263 [INFO] Step 80600: reward=-0.010, dist=0.00
2026-02-26 23:32:38,461 [INFO] Step 80800: reward=-0.010, dist=0.00
2026-02-26 23:33:39,641 [INFO] Step 81000: reward=-0.010, dist=0.00
2026-02-26 23:34:40,863 [INFO] Step 81200: reward=-0.010, dist=0.00
2026-02-26 23:35:42,075 [INFO] Step 81400: reward=-0.010, dist=0.00
2026-02-26 23:35:51,568 [INFO] Performing PPO update at global step 1697792
2026-02-26 23:35:51,801 [INFO] PPO losses — policy: -0.0032, value: 0.0042, entropy: 3.0024
2026-02-26 23:35:51,805 [INFO] PPO update completed. Buffer cleared.
2026-02-26 23:36:43,505 [INFO] Step 81600: reward=-0.010, dist=0.00
2026-02-26 23:37:44,668 [INFO] Step 81800: reward=-0.010, dist=0.00
2026-02-26 23:38:45,853 [INFO] Step 82000: reward=-0.010, dist=0.00
2026-02-26 23:39:47,010 [INFO] Step 82200: reward=-0.010, dist=0.00
2026-02-26 23:40:48,147 [INFO] Step 82400: reward=-0.010, dist=0.00
2026-02-26 23:41:49,350 [INFO] Step 82600: reward=-0.010, dist=0.00
2026-02-26 23:42:50,551 [INFO] Step 82800: reward=-0.010, dist=0.00
2026-02-26 23:43:51,776 [INFO] Step 83000: reward=-0.010, dist=0.00
2026-02-26 23:44:52,952 [INFO] Step 83200: reward=-0.010, dist=0.00
2026-02-26 23:45:54,204 [INFO] Step 83400: reward=-0.010, dist=0.00
2026-02-26 23:46:18,379 [INFO] Performing PPO update at global step 1699840
2026-02-26 23:46:18,612 [INFO] PPO losses — policy: -0.0033, value: 0.0048, entropy: 2.9642
2026-02-26 23:46:18,615 [INFO] PPO update completed. Buffer cleared.
2026-02-26 23:46:55,630 [INFO] Step 83600: reward=-0.010, dist=0.00
2026-02-26 23:47:07,551 [INFO] Policy action (normalized): v = -0.659, w = -0.488 | Cmd_vel (scaled): v = -0.659 m/s, w = -0.488 rad/s
2026-02-26 23:47:56,799 [INFO] Step 83800: reward=-0.010, dist=0.00
2026-02-26 23:48:57,947 [INFO] Step 84000: reward=-0.010, dist=0.00
2026-02-26 23:49:59,136 [INFO] Step 84200: reward=-0.010, dist=0.00
2026-02-26 23:51:00,336 [INFO] Step 84400: reward=-0.010, dist=0.00
2026-02-26 23:52:01,518 [INFO] Step 84600: reward=-0.010, dist=0.00
2026-02-26 23:53:02,702 [INFO] Step 84800: reward=-0.010, dist=0.00
2026-02-26 23:54:03,888 [INFO] Step 85000: reward=-0.010, dist=0.00
2026-02-26 23:55:05,136 [INFO] Step 85200: reward=-0.010, dist=0.00
2026-02-26 23:56:06,355 [INFO] Step 85400: reward=-0.010, dist=0.00
2026-02-26 23:56:45,242 [INFO] Performing PPO update at global step 1701888
2026-02-26 23:56:45,476 [INFO] PPO losses — policy: -0.0009, value: 0.0049, entropy: 2.8338
2026-02-26 23:56:45,479 [INFO] PPO update completed. Buffer cleared.
2026-02-26 23:57:07,828 [INFO] Step 85600: reward=-0.010, dist=0.00
2026-02-26 23:58:08,986 [INFO] Step 85800: reward=-0.010, dist=0.00
2026-02-26 23:59:10,176 [INFO] Step 86000: reward=-0.010, dist=0.00
2026-02-27 00:00:11,371 [INFO] Step 86200: reward=-0.010, dist=0.00
2026-02-27 00:01:12,544 [INFO] Step 86400: reward=-0.010, dist=0.00
2026-02-27 00:02:13,720 [INFO] Step 86600: reward=-0.010, dist=0.00
2026-02-27 00:03:14,902 [INFO] Step 86800: reward=-0.010, dist=0.00
2026-02-27 00:04:16,146 [INFO] Step 87000: reward=-0.010, dist=0.00
2026-02-27 00:05:17,321 [INFO] Step 87200: reward=-0.010, dist=0.00
2026-02-27 00:06:18,560 [INFO] Step 87400: reward=-0.010, dist=0.00
2026-02-27 00:07:12,152 [INFO] Performing PPO update at global step 1703936
2026-02-27 00:07:12,380 [INFO] PPO losses — policy: -0.0037, value: 0.0045, entropy: 2.6580
2026-02-27 00:07:12,384 [INFO] PPO update completed. Buffer cleared.
2026-02-27 00:07:20,030 [INFO] Step 87600: reward=-0.010, dist=0.00
2026-02-27 00:08:21,155 [INFO] Step 87800: reward=-0.010, dist=0.00
2026-02-27 00:09:22,323 [INFO] Step 88000: reward=-0.010, dist=0.00
2026-02-27 00:10:23,509 [INFO] Step 88200: reward=-0.010, dist=0.00
2026-02-27 00:11:24,698 [INFO] Step 88400: reward=-0.010, dist=0.00
2026-02-27 00:12:25,916 [INFO] Step 88600: reward=-0.010, dist=0.00
2026-02-27 00:13:27,159 [INFO] Step 88800: reward=-0.010, dist=0.00
2026-02-27 00:14:28,330 [INFO] Step 89000: reward=-0.010, dist=0.00
2026-02-27 00:15:29,519 [INFO] Step 89200: reward=-0.010, dist=0.00
2026-02-27 00:16:30,716 [INFO] Step 89400: reward=-0.010, dist=0.00
2026-02-27 00:17:31,942 [INFO] Step 89600: reward=-0.010, dist=0.00
2026-02-27 00:17:38,987 [INFO] Performing PPO update at global step 1705984
2026-02-27 00:17:39,218 [INFO] PPO losses — policy: -0.0037, value: 0.0044, entropy: 2.6277
2026-02-27 00:17:39,221 [INFO] PPO update completed. Buffer cleared.
2026-02-27 00:18:33,370 [INFO] Step 89800: reward=-0.010, dist=0.00
2026-02-27 00:19:34,546 [INFO] Step 90000: reward=-0.010, dist=0.00
2026-02-27 00:20:35,724 [INFO] Step 90200: reward=-0.010, dist=0.00
2026-02-27 00:21:36,928 [INFO] Step 90400: reward=-0.010, dist=0.00
2026-02-27 00:22:38,115 [INFO] Step 90600: reward=-0.010, dist=0.00
2026-02-27 00:23:39,292 [INFO] Step 90800: reward=-0.010, dist=0.00
2026-02-27 00:24:40,474 [INFO] Step 91000: reward=-0.010, dist=0.00
2026-02-27 00:25:41,671 [INFO] Step 91200: reward=-0.010, dist=0.00
2026-02-27 00:26:42,889 [INFO] Step 91400: reward=-0.010, dist=0.00
2026-02-27 00:27:44,092 [INFO] Step 91600: reward=-0.010, dist=0.00
2026-02-27 00:28:05,840 [INFO] Performing PPO update at global step 1708032
2026-02-27 00:28:06,072 [INFO] PPO losses — policy: 0.0016, value: 0.0049, entropy: 2.5764
2026-02-27 00:28:06,075 [INFO] PPO update completed. Buffer cleared.
2026-02-27 00:28:45,556 [INFO] Step 91800: reward=-0.010, dist=0.00
2026-02-27 00:29:46,709 [INFO] Step 92000: reward=-0.010, dist=0.00
2026-02-27 00:30:47,879 [INFO] Step 92200: reward=-0.010, dist=0.00
2026-02-27 00:31:49,089 [INFO] Step 92400: reward=-0.010, dist=0.00
2026-02-27 00:32:50,230 [INFO] Step 92600: reward=-0.010, dist=0.00
2026-02-27 00:33:51,412 [INFO] Step 92800: reward=-0.010, dist=0.00
2026-02-27 00:34:52,601 [INFO] Step 93000: reward=-0.010, dist=0.00
2026-02-27 00:35:53,793 [INFO] Step 93200: reward=-0.010, dist=0.00
2026-02-27 00:36:55,010 [INFO] Step 93400: reward=-0.010, dist=0.00
2026-02-27 00:37:56,263 [INFO] Step 93600: reward=-0.010, dist=0.00
2026-02-27 00:38:08,207 [INFO] Policy action (normalized): v = +0.883, w = +0.988 | Cmd_vel (scaled): v = +0.883 m/s, w = +0.988 rad/s
2026-02-27 00:38:32,693 [INFO] Performing PPO update at global step 1710080
2026-02-27 00:38:32,924 [INFO] PPO losses — policy: -0.0049, value: 0.0063, entropy: 2.5861
2026-02-27 00:38:32,929 [INFO] PPO update completed. Buffer cleared.
2026-02-27 00:38:57,758 [INFO] Step 93800: reward=-0.010, dist=0.00
2026-02-27 00:39:58,905 [INFO] Step 94000: reward=-0.010, dist=0.00
2026-02-27 00:41:00,077 [INFO] Step 94200: reward=-0.010, dist=0.00
2026-02-27 00:42:01,280 [INFO] Step 94400: reward=-0.010, dist=0.00
2026-02-27 00:43:02,486 [INFO] Step 94600: reward=-0.010, dist=0.00
2026-02-27 00:44:03,682 [INFO] Step 94800: reward=-0.010, dist=0.00
2026-02-27 00:45:04,895 [INFO] Step 95000: reward=-0.010, dist=0.00
2026-02-27 00:46:06,082 [INFO] Step 95200: reward=-0.010, dist=0.00
2026-02-27 00:47:07,294 [INFO] Step 95400: reward=-0.010, dist=0.00
2026-02-27 00:48:08,498 [INFO] Step 95600: reward=-0.010, dist=0.00
2026-02-27 00:48:59,596 [INFO] Performing PPO update at global step 1712128
2026-02-27 00:48:59,826 [INFO] PPO losses — policy: -0.0031, value: 0.0051, entropy: 2.4548
2026-02-27 00:48:59,831 [INFO] PPO update completed. Buffer cleared.
2026-02-27 00:49:09,915 [INFO] Step 95800: reward=-0.010, dist=0.00
2026-02-27 00:50:11,101 [INFO] Step 96000: reward=-0.010, dist=0.00
2026-02-27 00:51:12,249 [INFO] Step 96200: reward=-0.010, dist=0.00
2026-02-27 00:52:13,429 [INFO] Step 96400: reward=-0.010, dist=0.00
2026-02-27 00:53:14,623 [INFO] Step 96600: reward=-0.010, dist=0.00
2026-02-27 00:54:15,846 [INFO] Step 96800: reward=-0.010, dist=0.00
2026-02-27 00:55:17,024 [INFO] Step 97000: reward=-0.010, dist=0.00
2026-02-27 00:56:18,223 [INFO] Step 97200: reward=-0.010, dist=0.00
2026-02-27 00:57:19,439 [INFO] Step 97400: reward=-0.010, dist=0.00
2026-02-27 00:58:20,662 [INFO] Step 97600: reward=-0.010, dist=0.00
2026-02-27 00:59:21,897 [INFO] Step 97800: reward=-0.010, dist=0.00
2026-02-27 00:59:26,502 [INFO] Performing PPO update at global step 1714176
2026-02-27 00:59:26,734 [INFO] PPO losses — policy: 0.0011, value: 0.0062, entropy: 2.4337
2026-02-27 00:59:26,738 [INFO] PPO update completed. Buffer cleared.
2026-02-27 01:00:23,331 [INFO] Step 98000: reward=-0.010, dist=0.00
2026-02-27 01:01:24,499 [INFO] Step 98200: reward=-0.010, dist=0.00
2026-02-27 01:02:25,684 [INFO] Step 98400: reward=-0.010, dist=0.00
2026-02-27 01:03:26,891 [INFO] Step 98600: reward=-0.010, dist=0.00
2026-02-27 01:04:28,069 [INFO] Step 98800: reward=-0.010, dist=0.00
2026-02-27 01:05:29,297 [INFO] Step 99000: reward=-0.010, dist=0.00
2026-02-27 01:06:30,490 [INFO] Step 99200: reward=-0.010, dist=0.00
2026-02-27 01:07:31,677 [INFO] Step 99400: reward=-0.010, dist=0.00
2026-02-27 01:08:32,915 [INFO] Step 99600: reward=-0.010, dist=0.00
2026-02-27 01:09:34,120 [INFO] Step 99800: reward=-0.010, dist=0.00
2026-02-27 01:09:53,391 [INFO] Performing PPO update at global step 1716224
2026-02-27 01:09:53,622 [INFO] PPO losses — policy: -0.0013, value: 0.0051, entropy: 2.4207
2026-02-27 01:09:53,626 [INFO] PPO update completed. Buffer cleared.
2026-02-27 01:10:35,557 [INFO] Step 100000: reward=-0.010, dist=0.00
2026-02-27 01:11:36,723 [INFO] Step 100200: reward=-0.010, dist=0.00
2026-02-27 01:12:37,906 [INFO] Step 100400: reward=-0.010, dist=0.00
2026-02-27 01:13:39,096 [INFO] Step 100600: reward=-0.010, dist=0.00
2026-02-27 01:14:40,282 [INFO] Step 100800: reward=-0.010, dist=0.00
2026-02-27 01:15:41,508 [INFO] Step 101000: reward=-0.010, dist=0.00
2026-02-27 01:16:42,701 [INFO] Step 101200: reward=-0.010, dist=0.00
2026-02-27 01:17:43,879 [INFO] Step 101400: reward=-0.010, dist=0.00
2026-02-27 01:18:45,086 [INFO] Step 101600: reward=-0.010, dist=0.00
2026-02-27 01:19:46,332 [INFO] Step 101800: reward=-0.010, dist=0.00
2026-02-27 01:20:20,318 [INFO] Performing PPO update at global step 1718272
2026-02-27 01:20:20,560 [INFO] PPO losses — policy: 0.0016, value: 0.0053, entropy: 2.3261
2026-02-27 01:20:20,564 [INFO] PPO update completed. Buffer cleared.
2026-02-27 01:20:47,822 [INFO] Step 102000: reward=-0.010, dist=0.00
2026-02-27 01:21:49,003 [INFO] Step 102200: reward=-0.010, dist=0.00
2026-02-27 01:22:50,180 [INFO] Step 102400: reward=-0.010, dist=0.00
2026-02-27 01:23:51,352 [INFO] Step 102600: reward=-0.010, dist=0.00
2026-02-27 01:24:52,524 [INFO] Step 102800: reward=-0.010, dist=0.00
2026-02-27 01:25:53,718 [INFO] Step 103000: reward=-0.010, dist=0.00
2026-02-27 01:26:54,902 [INFO] Step 103200: reward=-0.010, dist=0.00
2026-02-27 01:27:56,058 [INFO] Step 103400: reward=-0.010, dist=0.00
2026-02-27 01:28:57,261 [INFO] Step 103600: reward=-0.010, dist=0.00
2026-02-27 01:29:09,195 [INFO] Policy action (normalized): v = +0.656, w = +0.780 | Cmd_vel (scaled): v = +0.656 m/s, w = +0.780 rad/s
2026-02-27 01:29:58,491 [INFO] Step 103800: reward=-0.010, dist=0.00
2026-02-27 01:30:47,145 [INFO] Performing PPO update at global step 1720320
2026-02-27 01:30:47,388 [INFO] PPO losses — policy: -0.0037, value: 0.0049, entropy: 2.1893
2026-02-27 01:30:47,392 [INFO] PPO update completed. Buffer cleared.
2026-02-27 01:30:59,941 [INFO] Step 104000: reward=-0.010, dist=0.00
2026-02-27 01:32:01,136 [INFO] Step 104200: reward=-0.010, dist=0.00
2026-02-27 01:33:02,332 [INFO] Step 104400: reward=-0.010, dist=0.00
2026-02-27 01:34:03,532 [INFO] Step 104600: reward=-0.010, dist=0.00
2026-02-27 01:35:04,762 [INFO] Step 104800: reward=-0.010, dist=0.00
2026-02-27 01:36:05,931 [INFO] Step 105000: reward=-0.010, dist=0.00
2026-02-27 01:37:07,099 [INFO] Step 105200: reward=-0.010, dist=0.00
2026-02-27 01:38:08,316 [INFO] Step 105400: reward=-0.010, dist=0.00
2026-02-27 01:39:09,551 [INFO] Step 105600: reward=-0.010, dist=0.00
2026-02-27 01:40:10,757 [INFO] Step 105800: reward=-0.010, dist=0.00
2026-02-27 01:41:11,991 [INFO] Step 106000: reward=-0.010, dist=0.00
2026-02-27 01:41:14,136 [INFO] Performing PPO update at global step 1722368
2026-02-27 01:41:14,372 [INFO] PPO losses — policy: -0.0026, value: 0.0048, entropy: 2.1915
2026-02-27 01:41:14,376 [INFO] PPO update completed. Buffer cleared.
2026-02-27 01:42:13,434 [INFO] Step 106200: reward=-0.010, dist=0.00
2026-02-27 01:43:14,600 [INFO] Step 106400: reward=-0.010, dist=0.00
2026-02-27 01:44:15,776 [INFO] Step 106600: reward=-0.010, dist=0.00
2026-02-27 01:45:16,926 [INFO] Step 106800: reward=-0.010, dist=0.00
2026-02-27 01:46:18,129 [INFO] Step 107000: reward=-0.010, dist=0.00
2026-02-27 01:47:19,278 [INFO] Step 107200: reward=-0.010, dist=0.00
2026-02-27 01:48:20,476 [INFO] Step 107400: reward=-0.010, dist=0.00
2026-02-27 01:49:21,711 [INFO] Step 107600: reward=-0.010, dist=0.00
2026-02-27 01:50:22,893 [INFO] Step 107800: reward=-0.010, dist=0.00
2026-02-27 01:51:24,114 [INFO] Step 108000: reward=-0.010, dist=0.00
2026-02-27 01:51:40,943 [INFO] Performing PPO update at global step 1724416
2026-02-27 01:51:41,173 [INFO] PPO losses — policy: -0.0079, value: 0.0049, entropy: 2.1789
2026-02-27 01:51:41,176 [INFO] PPO update completed. Buffer cleared.
2026-02-27 01:52:25,547 [INFO] Step 108200: reward=-0.010, dist=0.00
2026-02-27 01:53:26,726 [INFO] Step 108400: reward=-0.010, dist=0.00
2026-02-27 01:54:27,886 [INFO] Step 108600: reward=-0.010, dist=0.00
2026-02-27 01:55:29,061 [INFO] Step 108800: reward=-0.010, dist=0.00
2026-02-27 01:56:30,203 [INFO] Step 109000: reward=-0.010, dist=0.00
2026-02-27 01:57:31,396 [INFO] Step 109200: reward=-0.010, dist=0.00
2026-02-27 01:58:32,606 [INFO] Step 109400: reward=-0.010, dist=0.00
2026-02-27 01:59:33,806 [INFO] Step 109600: reward=-0.010, dist=0.00
2026-02-27 02:00:35,030 [INFO] Step 109800: reward=-0.010, dist=0.00
2026-02-27 02:01:36,275 [INFO] Step 110000: reward=-0.010, dist=0.00
2026-02-27 02:02:07,811 [INFO] Performing PPO update at global step 1726464
2026-02-27 02:02:08,043 [INFO] PPO losses — policy: -0.0058, value: 0.0046, entropy: 2.0305
2026-02-27 02:02:08,048 [INFO] PPO update completed. Buffer cleared.
2026-02-27 02:02:37,727 [INFO] Step 110200: reward=-0.010, dist=0.00
2026-02-27 02:03:38,907 [INFO] Step 110400: reward=-0.010, dist=0.00
2026-02-27 02:04:40,080 [INFO] Step 110600: reward=-0.010, dist=0.00
2026-02-27 02:05:41,285 [INFO] Step 110800: reward=-0.010, dist=0.00
2026-02-27 02:06:42,476 [INFO] Step 111000: reward=-0.010, dist=0.00
2026-02-27 02:07:43,664 [INFO] Step 111200: reward=-0.010, dist=0.00
2026-02-27 02:08:44,835 [INFO] Step 111400: reward=-0.010, dist=0.00
2026-02-27 02:09:45,998 [INFO] Step 111600: reward=-0.010, dist=0.00
2026-02-27 02:10:47,152 [INFO] Step 111800: reward=-0.010, dist=0.00
2026-02-27 02:11:48,434 [INFO] Step 112000: reward=-0.010, dist=0.00
2026-02-27 02:12:34,648 [INFO] Performing PPO update at global step 1728512
2026-02-27 02:12:34,878 [INFO] PPO losses — policy: 0.0004, value: 0.0043, entropy: 1.8927
2026-02-27 02:12:34,881 [INFO] PPO update completed. Buffer cleared.
2026-02-27 02:12:49,877 [INFO] Step 112200: reward=-0.010, dist=0.00
2026-02-27 02:13:51,112 [INFO] Step 112400: reward=-0.010, dist=0.00
2026-02-27 02:14:52,326 [INFO] Step 112600: reward=-0.010, dist=0.00
2026-02-27 02:15:53,521 [INFO] Step 112800: reward=-0.010, dist=0.00
2026-02-27 02:16:54,644 [INFO] Step 113000: reward=-0.010, dist=0.00
2026-02-27 02:17:55,849 [INFO] Step 113200: reward=-0.010, dist=0.00
2026-02-27 02:18:57,061 [INFO] Step 113400: reward=-0.010, dist=0.00
2026-02-27 02:19:58,245 [INFO] Step 113600: reward=-0.010, dist=0.00
2026-02-27 02:20:10,185 [INFO] Policy action (normalized): v = +0.866, w = -0.840 | Cmd_vel (scaled): v = +0.866 m/s, w = -0.840 rad/s
2026-02-27 02:20:59,475 [INFO] Step 113800: reward=-0.010, dist=0.00
2026-02-27 02:22:00,726 [INFO] Step 114000: reward=-0.010, dist=0.00
2026-02-27 02:23:01,630 [INFO] Performing PPO update at global step 1730560
2026-02-27 02:23:01,859 [INFO] PPO losses — policy: -0.0020, value: 0.0056, entropy: 1.8175
2026-02-27 02:23:01,863 [INFO] PPO update completed. Buffer cleared.
2026-02-27 02:23:02,168 [INFO] Step 114200: reward=-0.010, dist=0.00
2026-02-27 02:24:03,365 [INFO] Step 114400: reward=-0.010, dist=0.00
2026-02-27 02:25:04,505 [INFO] Step 114600: reward=-0.010, dist=0.00
2026-02-27 02:26:05,690 [INFO] Step 114800: reward=-0.010, dist=0.00
2026-02-27 02:27:06,870 [INFO] Step 115000: reward=-0.010, dist=0.00
2026-02-27 02:28:08,065 [INFO] Step 115200: reward=-0.010, dist=0.00
2026-02-27 02:29:09,269 [INFO] Step 115400: reward=-0.010, dist=0.00
2026-02-27 02:30:10,471 [INFO] Step 115600: reward=-0.010, dist=0.00
2026-02-27 02:31:11,657 [INFO] Step 115800: reward=-0.010, dist=0.00
2026-02-27 02:32:12,858 [INFO] Step 116000: reward=-0.010, dist=0.00
2026-02-27 02:33:14,081 [INFO] Step 116200: reward=-0.010, dist=0.00
2026-02-27 02:33:28,472 [INFO] Performing PPO update at global step 1732608
2026-02-27 02:33:28,701 [INFO] PPO losses — policy: 0.0010, value: 0.0047, entropy: 1.7594
2026-02-27 02:33:28,705 [INFO] PPO update completed. Buffer cleared.
2026-02-27 02:34:15,554 [INFO] Step 116400: reward=-0.010, dist=0.00
2026-02-27 02:35:16,716 [INFO] Step 116600: reward=-0.010, dist=0.00
2026-02-27 02:36:17,918 [INFO] Step 116800: reward=-0.010, dist=0.00
2026-02-27 02:37:19,093 [INFO] Step 117000: reward=-0.010, dist=0.00
2026-02-27 02:38:20,283 [INFO] Step 117200: reward=-0.010, dist=0.00
2026-02-27 02:39:21,485 [INFO] Step 117400: reward=-0.010, dist=0.00
2026-02-27 02:40:22,687 [INFO] Step 117600: reward=-0.010, dist=0.00
2026-02-27 02:41:23,862 [INFO] Step 117800: reward=-0.010, dist=0.00
2026-02-27 02:42:25,026 [INFO] Step 118000: reward=-0.010, dist=0.00
2026-02-27 02:43:26,254 [INFO] Step 118200: reward=-0.010, dist=0.00
2026-02-27 02:43:55,328 [INFO] Performing PPO update at global step 1734656
2026-02-27 02:43:55,557 [INFO] PPO losses — policy: -0.0032, value: 0.0049, entropy: 1.7952
2026-02-27 02:43:55,561 [INFO] PPO update completed. Buffer cleared.
2026-02-27 02:44:27,720 [INFO] Step 118400: reward=-0.010, dist=0.00
2026-02-27 02:45:28,886 [INFO] Step 118600: reward=-0.010, dist=0.00
2026-02-27 02:46:30,089 [INFO] Step 118800: reward=-0.010, dist=0.00
2026-02-27 02:47:31,284 [INFO] Step 119000: reward=-0.010, dist=0.00
2026-02-27 02:48:32,480 [INFO] Step 119200: reward=-0.010, dist=0.00
2026-02-27 02:49:33,642 [INFO] Step 119400: reward=-0.010, dist=0.00
2026-02-27 02:50:34,847 [INFO] Step 119600: reward=-0.010, dist=0.00
2026-02-27 02:51:36,051 [INFO] Step 119800: reward=-0.010, dist=0.00
2026-02-27 02:52:37,266 [INFO] Step 120000: reward=-0.010, dist=0.00
2026-02-27 02:53:38,514 [INFO] Step 120200: reward=-0.010, dist=0.00
2026-02-27 02:54:22,288 [INFO] Performing PPO update at global step 1736704
2026-02-27 02:54:22,518 [INFO] PPO losses — policy: -0.0000, value: 0.0046, entropy: 1.7120
2026-02-27 02:54:22,522 [INFO] PPO update completed. Buffer cleared.
2026-02-27 02:54:39,967 [INFO] Step 120400: reward=-0.010, dist=0.00
2026-02-27 02:55:41,192 [INFO] Step 120600: reward=-0.010, dist=0.00
2026-02-27 02:56:42,378 [INFO] Step 120800: reward=-0.010, dist=0.00
2026-02-27 02:57:43,562 [INFO] Step 121000: reward=-0.010, dist=0.00
2026-02-27 02:58:44,767 [INFO] Step 121200: reward=-0.010, dist=0.00
2026-02-27 02:59:45,976 [INFO] Step 121400: reward=-0.010, dist=0.00
2026-02-27 03:00:47,172 [INFO] Step 121600: reward=-0.010, dist=0.00
2026-02-27 03:01:48,370 [INFO] Step 121800: reward=-0.010, dist=0.00
2026-02-27 03:02:49,601 [INFO] Step 122000: reward=-0.010, dist=0.00
2026-02-27 03:03:50,862 [INFO] Step 122200: reward=-0.010, dist=0.00
2026-02-27 03:04:49,313 [INFO] Performing PPO update at global step 1738752
2026-02-27 03:04:49,545 [INFO] PPO losses — policy: -0.0046, value: 0.0047, entropy: 1.5751
2026-02-27 03:04:49,548 [INFO] PPO update completed. Buffer cleared.
2026-02-27 03:04:52,296 [INFO] Step 122400: reward=-0.010, dist=0.00
2026-02-27 03:05:53,485 [INFO] Step 122600: reward=-0.010, dist=0.00
2026-02-27 03:06:54,659 [INFO] Step 122800: reward=-0.010, dist=0.00
2026-02-27 03:07:55,834 [INFO] Step 123000: reward=-0.010, dist=0.00
2026-02-27 03:08:57,021 [INFO] Step 123200: reward=-0.010, dist=0.00
2026-02-27 03:09:58,215 [INFO] Step 123400: reward=-0.010, dist=0.00
2026-02-27 03:10:59,422 [INFO] Step 123600: reward=-0.010, dist=0.00
2026-02-27 03:11:11,364 [INFO] Policy action (normalized): v = +0.924, w = -0.198 | Cmd_vel (scaled): v = +0.924 m/s, w = -0.198 rad/s
2026-02-27 03:12:00,590 [INFO] Step 123800: reward=-0.010, dist=0.00
2026-02-27 03:13:01,769 [INFO] Step 124000: reward=-0.010, dist=0.00
2026-02-27 03:14:02,974 [INFO] Step 124200: reward=-0.010, dist=0.00
2026-02-27 03:15:04,150 [INFO] Step 124400: reward=-0.010, dist=0.00
2026-02-27 03:15:16,084 [INFO] Performing PPO update at global step 1740800
2026-02-27 03:15:16,317 [INFO] PPO losses — policy: 0.0000, value: 0.0043, entropy: 1.5457
2026-02-27 03:15:16,321 [INFO] PPO update completed. Buffer cleared.
2026-02-27 03:16:05,580 [INFO] Step 124600: reward=-0.010, dist=0.00
2026-02-27 03:17:06,772 [INFO] Step 124800: reward=-0.010, dist=0.00
2026-02-27 03:18:07,956 [INFO] Step 125000: reward=-0.010, dist=0.00
2026-02-27 03:19:09,142 [INFO] Step 125200: reward=-0.010, dist=0.00
2026-02-27 03:20:10,377 [INFO] Step 125400: reward=-0.010, dist=0.00
2026-02-27 03:21:11,590 [INFO] Step 125600: reward=-0.010, dist=0.00
2026-02-27 03:22:12,806 [INFO] Step 125800: reward=-0.010, dist=0.00
2026-02-27 03:23:14,030 [INFO] Step 126000: reward=-0.010, dist=0.00
2026-02-27 03:24:15,255 [INFO] Step 126200: reward=-0.010, dist=0.00
2026-02-27 03:25:16,404 [INFO] Step 126400: reward=-0.010, dist=0.00
2026-02-27 03:25:43,013 [INFO] Performing PPO update at global step 1742848
2026-02-27 03:25:43,247 [INFO] PPO losses — policy: 0.0014, value: 0.0045, entropy: 1.4883
2026-02-27 03:25:43,251 [INFO] PPO update completed. Buffer cleared.
2026-02-27 03:26:17,847 [INFO] Step 126600: reward=-0.010, dist=0.00
2026-02-27 03:27:18,997 [INFO] Step 126800: reward=-0.010, dist=0.00
2026-02-27 03:28:20,216 [INFO] Step 127000: reward=-0.010, dist=0.00
2026-02-27 03:29:21,423 [INFO] Step 127200: reward=-0.010, dist=0.00
2026-02-27 03:30:22,599 [INFO] Step 127400: reward=-0.010, dist=0.00
2026-02-27 03:31:23,797 [INFO] Step 127600: reward=-0.010, dist=0.00
2026-02-27 03:32:24,980 [INFO] Step 127800: reward=-0.010, dist=0.00
2026-02-27 03:33:26,162 [INFO] Step 128000: reward=-0.010, dist=0.00
2026-02-27 03:34:27,394 [INFO] Step 128200: reward=-0.010, dist=0.00
2026-02-27 03:35:28,635 [INFO] Step 128400: reward=-0.010, dist=0.00
2026-02-27 03:36:09,956 [INFO] Performing PPO update at global step 1744896
2026-02-27 03:36:10,190 [INFO] PPO losses — policy: -0.0001, value: 0.0044, entropy: 1.4595
2026-02-27 03:36:10,194 [INFO] PPO update completed. Buffer cleared.
2026-02-27 03:36:30,097 [INFO] Step 128600: reward=-0.010, dist=0.00
2026-02-27 03:37:31,306 [INFO] Step 128800: reward=-0.010, dist=0.00
2026-02-27 03:38:32,476 [INFO] Step 129000: reward=-0.010, dist=0.00
2026-02-27 03:39:33,654 [INFO] Step 129200: reward=-0.010, dist=0.00
2026-02-27 03:40:34,852 [INFO] Step 129400: reward=-0.010, dist=0.00
2026-02-27 03:41:36,026 [INFO] Step 129600: reward=-0.010, dist=0.00
2026-02-27 03:42:37,234 [INFO] Step 129800: reward=-0.010, dist=0.00
2026-02-27 03:43:38,446 [INFO] Step 130000: reward=-0.010, dist=0.00
2026-02-27 03:44:39,679 [INFO] Step 130200: reward=-0.010, dist=0.00
2026-02-27 03:45:40,884 [INFO] Step 130400: reward=-0.010, dist=0.00
2026-02-27 03:46:36,886 [INFO] Performing PPO update at global step 1746944
2026-02-27 03:46:37,122 [INFO] PPO losses — policy: 0.0011, value: 0.0045, entropy: 1.3192
2026-02-27 03:46:37,126 [INFO] PPO update completed. Buffer cleared.
2026-02-27 03:46:42,338 [INFO] Step 130600: reward=-0.010, dist=0.00
2026-02-27 03:47:43,499 [INFO] Step 130800: reward=-0.010, dist=0.00
2026-02-27 03:48:44,646 [INFO] Step 131000: reward=-0.010, dist=0.00
2026-02-27 03:49:45,814 [INFO] Step 131200: reward=-0.010, dist=0.00
2026-02-27 03:50:47,003 [INFO] Step 131400: reward=-0.010, dist=0.00
2026-02-27 03:51:48,164 [INFO] Step 131600: reward=-0.010, dist=0.00
2026-02-27 03:52:49,388 [INFO] Step 131800: reward=-0.010, dist=0.00
2026-02-27 03:53:50,599 [INFO] Step 132000: reward=-0.010, dist=0.00
2026-02-27 03:54:51,794 [INFO] Step 132200: reward=-0.010, dist=0.00
2026-02-27 03:55:52,993 [INFO] Step 132400: reward=-0.010, dist=0.00
2026-02-27 03:56:54,214 [INFO] Step 132600: reward=-0.010, dist=0.00
2026-02-27 03:57:03,712 [INFO] Performing PPO update at global step 1748992
2026-02-27 03:57:03,943 [INFO] PPO losses — policy: -0.0008, value: 0.0045, entropy: 1.2992
2026-02-27 03:57:03,946 [INFO] PPO update completed. Buffer cleared.
2026-02-27 03:57:55,671 [INFO] Step 132800: reward=-0.010, dist=0.00
2026-02-27 03:58:56,883 [INFO] Step 133000: reward=-0.010, dist=0.00
2026-02-27 03:59:58,075 [INFO] Step 133200: reward=-0.010, dist=0.00
2026-02-27 04:00:59,270 [INFO] Step 133400: reward=-0.010, dist=0.00
2026-02-27 04:02:00,477 [INFO] Step 133600: reward=-0.010, dist=0.00
2026-02-27 04:02:12,419 [INFO] Policy action (normalized): v = +0.880, w = +0.314 | Cmd_vel (scaled): v = +0.880 m/s, w = +0.314 rad/s
2026-02-27 04:03:01,688 [INFO] Step 133800: reward=-0.010, dist=0.00
2026-02-27 04:04:02,885 [INFO] Step 134000: reward=-0.010, dist=0.00
2026-02-27 04:05:04,106 [INFO] Step 134200: reward=-0.010, dist=0.00
2026-02-27 04:06:05,299 [INFO] Step 134400: reward=-0.010, dist=0.00
2026-02-27 04:07:06,533 [INFO] Step 134600: reward=-0.010, dist=0.00
2026-02-27 04:07:30,739 [INFO] Performing PPO update at global step 1751040
2026-02-27 04:07:30,968 [INFO] PPO losses — policy: 0.0004, value: 0.0046, entropy: 1.2914
2026-02-27 04:07:30,973 [INFO] PPO update completed. Buffer cleared.
2026-02-27 04:08:08,003 [INFO] Step 134800: reward=-0.010, dist=0.00
2026-02-27 04:09:09,159 [INFO] Step 135000: reward=-0.010, dist=0.00
2026-02-27 04:10:10,367 [INFO] Step 135200: reward=-0.010, dist=0.00
2026-02-27 04:11:11,566 [INFO] Step 135400: reward=-0.010, dist=0.00
2026-02-27 04:12:12,792 [INFO] Step 135600: reward=-0.010, dist=0.00
2026-02-27 04:13:13,996 [INFO] Step 135800: reward=-0.010, dist=0.00
2026-02-27 04:14:15,199 [INFO] Step 136000: reward=-0.010, dist=0.00
2026-02-27 04:15:16,409 [INFO] Step 136200: reward=-0.010, dist=0.00
2026-02-27 04:16:17,572 [INFO] Step 136400: reward=-0.010, dist=0.00
2026-02-27 04:17:18,791 [INFO] Step 136600: reward=-0.010, dist=0.00
2026-02-27 04:17:57,673 [INFO] Performing PPO update at global step 1753088
2026-02-27 04:17:57,904 [INFO] PPO losses — policy: -0.0009, value: 0.0044, entropy: 1.1465
2026-02-27 04:17:57,908 [INFO] PPO update completed. Buffer cleared.
2026-02-27 04:18:20,276 [INFO] Step 136800: reward=-0.010, dist=0.00
2026-02-27 04:19:21,430 [INFO] Step 137000: reward=-0.010, dist=0.00
2026-02-27 04:20:22,590 [INFO] Step 137200: reward=-0.010, dist=0.00
2026-02-27 04:21:23,787 [INFO] Step 137400: reward=-0.010, dist=0.00
2026-02-27 04:22:24,995 [INFO] Step 137600: reward=-0.010, dist=0.00
2026-02-27 04:23:26,195 [INFO] Step 137800: reward=-0.010, dist=0.00
2026-02-27 04:24:27,378 [INFO] Step 138000: reward=-0.010, dist=0.00
2026-02-27 04:25:28,621 [INFO] Step 138200: reward=-0.010, dist=0.00
2026-02-27 04:26:29,784 [INFO] Step 138400: reward=-0.010, dist=0.00
2026-02-27 04:27:31,009 [INFO] Step 138600: reward=-0.010, dist=0.00
2026-02-27 04:28:24,549 [INFO] Performing PPO update at global step 1755136
2026-02-27 04:28:24,776 [INFO] PPO losses — policy: 0.0020, value: 0.0046, entropy: 1.0493
2026-02-27 04:28:24,780 [INFO] PPO update completed. Buffer cleared.
2026-02-27 04:28:32,427 [INFO] Step 138800: reward=-0.010, dist=0.00
2026-02-27 04:29:33,602 [INFO] Step 139000: reward=-0.010, dist=0.00
2026-02-27 04:30:34,782 [INFO] Step 139200: reward=-0.010, dist=0.00
2026-02-27 04:31:35,974 [INFO] Step 139400: reward=-0.010, dist=0.00
2026-02-27 04:32:37,143 [INFO] Step 139600: reward=-0.010, dist=0.00
2026-02-27 04:33:38,337 [INFO] Step 139800: reward=-0.010, dist=0.00
2026-02-27 04:34:39,518 [INFO] Step 140000: reward=-0.010, dist=0.00
2026-02-27 04:35:40,712 [INFO] Step 140200: reward=-0.010, dist=0.00
2026-02-27 04:36:41,911 [INFO] Step 140400: reward=-0.010, dist=0.00
2026-02-27 04:37:43,131 [INFO] Step 140600: reward=-0.010, dist=0.00
2026-02-27 04:38:44,310 [INFO] Step 140800: reward=-0.010, dist=0.00
2026-02-27 04:38:51,351 [INFO] Performing PPO update at global step 1757184
2026-02-27 04:38:51,581 [INFO] PPO losses — policy: -0.0012, value: 0.0044, entropy: 1.0743
2026-02-27 04:38:51,584 [INFO] PPO update completed. Buffer cleared.
2026-02-27 04:39:45,779 [INFO] Step 141000: reward=-0.010, dist=0.00
2026-02-27 04:40:46,926 [INFO] Step 141200: reward=-0.010, dist=0.00
2026-02-27 04:41:48,095 [INFO] Step 141400: reward=-0.010, dist=0.00
2026-02-27 04:42:49,258 [INFO] Step 141600: reward=-0.010, dist=0.00
2026-02-27 04:43:50,457 [INFO] Step 141800: reward=-0.010, dist=0.00
2026-02-27 04:44:51,649 [INFO] Step 142000: reward=-0.010, dist=0.00
2026-02-27 04:45:52,832 [INFO] Step 142200: reward=-0.010, dist=0.00
2026-02-27 04:46:54,020 [INFO] Step 142400: reward=-0.010, dist=0.00
2026-02-27 04:47:55,240 [INFO] Step 142600: reward=-0.010, dist=0.00
2026-02-27 04:48:56,450 [INFO] Step 142800: reward=-0.010, dist=0.00
2026-02-27 04:49:18,189 [INFO] Performing PPO update at global step 1759232
2026-02-27 04:49:18,419 [INFO] PPO losses — policy: 0.0003, value: 0.0045, entropy: 0.9454
2026-02-27 04:49:18,423 [INFO] PPO update completed. Buffer cleared.
2026-02-27 04:49:57,943 [INFO] Step 143000: reward=-0.010, dist=0.00
2026-02-27 04:50:59,095 [INFO] Step 143200: reward=-0.010, dist=0.00
2026-02-27 04:52:00,255 [INFO] Step 143400: reward=-0.010, dist=0.00
2026-02-27 04:53:01,429 [INFO] Step 143600: reward=-0.010, dist=0.00
2026-02-27 04:53:13,367 [INFO] Policy action (normalized): v = +0.949, w = -0.370 | Cmd_vel (scaled): v = +0.949 m/s, w = -0.370 rad/s
2026-02-27 04:54:02,649 [INFO] Step 143800: reward=-0.010, dist=0.00
2026-02-27 04:55:03,803 [INFO] Step 144000: reward=-0.010, dist=0.00
2026-02-27 04:56:04,999 [INFO] Step 144200: reward=-0.010, dist=0.00
2026-02-27 04:57:06,176 [INFO] Step 144400: reward=-0.010, dist=0.00
2026-02-27 04:58:07,414 [INFO] Step 144600: reward=-0.010, dist=0.00
2026-02-27 04:59:08,602 [INFO] Step 144800: reward=-0.010, dist=0.00
2026-02-27 04:59:45,027 [INFO] Performing PPO update at global step 1761280
2026-02-27 04:59:45,256 [INFO] PPO losses — policy: 0.0019, value: 0.0047, entropy: 0.8362
2026-02-27 04:59:45,260 [INFO] PPO update completed. Buffer cleared.
2026-02-27 05:00:10,083 [INFO] Step 145000: reward=-0.010, dist=0.00
2026-02-27 05:01:11,269 [INFO] Step 145200: reward=-0.010, dist=0.00
2026-02-27 05:02:12,442 [INFO] Step 145400: reward=-0.010, dist=0.00
2026-02-27 05:03:13,631 [INFO] Step 145600: reward=-0.010, dist=0.00
2026-02-27 05:04:14,852 [INFO] Step 145800: reward=-0.010, dist=0.00
2026-02-27 05:05:16,043 [INFO] Step 146000: reward=-0.010, dist=0.00
2026-02-27 05:06:17,220 [INFO] Step 146200: reward=-0.010, dist=0.00
2026-02-27 05:07:18,466 [INFO] Step 146400: reward=-0.010, dist=0.00
2026-02-27 05:08:19,670 [INFO] Step 146600: reward=-0.010, dist=0.00
2026-02-27 05:09:20,876 [INFO] Step 146800: reward=-0.010, dist=0.00
2026-02-27 05:10:11,965 [INFO] Performing PPO update at global step 1763328
2026-02-27 05:10:12,201 [INFO] PPO losses — policy: -0.0008, value: 0.0043, entropy: 0.7619
2026-02-27 05:10:12,204 [INFO] PPO update completed. Buffer cleared.
2026-02-27 05:10:22,300 [INFO] Step 147000: reward=-0.010, dist=0.00
2026-02-27 05:11:23,504 [INFO] Step 147200: reward=-0.010, dist=0.00
2026-02-27 05:12:24,712 [INFO] Step 147400: reward=-0.010, dist=0.00
2026-02-27 05:13:25,893 [INFO] Step 147600: reward=-0.010, dist=0.00
2026-02-27 05:14:27,103 [INFO] Step 147800: reward=-0.010, dist=0.00
2026-02-27 05:15:28,286 [INFO] Step 148000: reward=-0.010, dist=0.00
2026-02-27 05:16:29,506 [INFO] Step 148200: reward=-0.010, dist=0.00
2026-02-27 05:17:30,698 [INFO] Step 148400: reward=-0.010, dist=0.00
2026-02-27 05:18:31,924 [INFO] Step 148600: reward=-0.010, dist=0.00
2026-02-27 05:19:33,145 [INFO] Step 148800: reward=-0.010, dist=0.00
2026-02-27 05:20:34,351 [INFO] Step 149000: reward=-0.010, dist=0.00
2026-02-27 05:20:38,943 [INFO] Performing PPO update at global step 1765376
2026-02-27 05:20:39,176 [INFO] PPO losses — policy: -0.0011, value: 0.0042, entropy: 0.7114
2026-02-27 05:20:39,180 [INFO] PPO update completed. Buffer cleared.
2026-02-27 05:21:35,801 [INFO] Step 149200: reward=-0.010, dist=0.00
2026-02-27 05:22:36,985 [INFO] Step 149400: reward=-0.010, dist=0.00
2026-02-27 05:23:38,144 [INFO] Step 149600: reward=-0.010, dist=0.00
2026-02-27 05:24:39,312 [INFO] Step 149800: reward=-0.010, dist=0.00
2026-02-27 05:25:40,511 [INFO] Step 150000: reward=-0.010, dist=0.00
2026-02-27 05:26:41,705 [INFO] Step 150200: reward=-0.010, dist=0.00
2026-02-27 05:27:42,920 [INFO] Step 150400: reward=-0.010, dist=0.00
2026-02-27 05:28:44,135 [INFO] Step 150600: reward=-0.010, dist=0.00
2026-02-27 05:29:45,373 [INFO] Step 150800: reward=-0.010, dist=0.00
2026-02-27 05:30:46,607 [INFO] Step 151000: reward=-0.010, dist=0.00
2026-02-27 05:31:05,907 [INFO] Performing PPO update at global step 1767424
2026-02-27 05:31:06,138 [INFO] PPO losses — policy: 0.0003, value: 0.0041, entropy: 0.6758
2026-02-27 05:31:06,141 [INFO] PPO update completed. Buffer cleared.
2026-02-27 05:31:48,055 [INFO] Step 151200: reward=-0.010, dist=0.00
2026-02-27 05:32:49,198 [INFO] Step 151400: reward=-0.010, dist=0.00
2026-02-27 05:33:50,383 [INFO] Step 151600: reward=-0.010, dist=0.00
2026-02-27 05:34:51,570 [INFO] Step 151800: reward=-0.010, dist=0.00
2026-02-27 05:35:52,751 [INFO] Step 152000: reward=-0.010, dist=0.00
2026-02-27 05:36:53,981 [INFO] Step 152200: reward=-0.010, dist=0.00
2026-02-27 05:37:55,187 [INFO] Step 152400: reward=-0.010, dist=0.00
2026-02-27 05:38:56,398 [INFO] Step 152600: reward=-0.010, dist=0.00
2026-02-27 05:39:57,628 [INFO] Step 152800: reward=-0.010, dist=0.00
2026-02-27 05:40:58,861 [INFO] Step 153000: reward=-0.010, dist=0.00
2026-02-27 05:41:32,858 [INFO] Performing PPO update at global step 1769472
2026-02-27 05:41:33,090 [INFO] PPO losses — policy: -0.0022, value: 0.0041, entropy: 0.6782
2026-02-27 05:41:33,093 [INFO] PPO update completed. Buffer cleared.
2026-02-27 05:42:00,359 [INFO] Step 153200: reward=-0.010, dist=0.00
2026-02-27 05:43:01,571 [INFO] Step 153400: reward=-0.010, dist=0.00
2026-02-27 05:44:02,729 [INFO] Step 153600: reward=-0.010, dist=0.00
2026-02-27 05:44:14,654 [INFO] Policy action (normalized): v = +0.949, w = +0.588 | Cmd_vel (scaled): v = +0.949 m/s, w = +0.588 rad/s
2026-02-27 05:45:03,933 [INFO] Step 153800: reward=-0.010, dist=0.00
2026-02-27 05:46:05,144 [INFO] Step 154000: reward=-0.010, dist=0.00
2026-02-27 05:47:06,311 [INFO] Step 154200: reward=-0.010, dist=0.00
2026-02-27 05:48:07,497 [INFO] Step 154400: reward=-0.010, dist=0.00
2026-02-27 05:49:08,708 [INFO] Step 154600: reward=-0.010, dist=0.00
2026-02-27 05:50:09,967 [INFO] Step 154800: reward=-0.010, dist=0.00
2026-02-27 05:51:11,219 [INFO] Step 155000: reward=-0.010, dist=0.00
2026-02-27 05:51:59,900 [INFO] Performing PPO update at global step 1771520
2026-02-27 05:52:00,132 [INFO] PPO losses — policy: 0.0021, value: 0.0044, entropy: 0.6604
2026-02-27 05:52:00,136 [INFO] PPO update completed. Buffer cleared.
2026-02-27 05:52:12,664 [INFO] Step 155200: reward=-0.010, dist=0.00
2026-02-27 05:53:13,865 [INFO] Step 155400: reward=-0.010, dist=0.00
2026-02-27 05:54:15,068 [INFO] Step 155600: reward=-0.010, dist=0.00
2026-02-27 05:55:16,277 [INFO] Step 155800: reward=-0.010, dist=0.00
2026-02-27 05:56:17,477 [INFO] Step 156000: reward=-0.010, dist=0.00
2026-02-27 05:57:18,683 [INFO] Step 156200: reward=-0.010, dist=0.00
2026-02-27 05:58:19,885 [INFO] Step 156400: reward=-0.010, dist=0.00
2026-02-27 05:59:21,033 [INFO] Step 156600: reward=-0.010, dist=0.00
2026-02-27 06:00:22,206 [INFO] Step 156800: reward=-0.010, dist=0.00
2026-02-27 06:01:23,376 [INFO] Step 157000: reward=-0.010, dist=0.00
2026-02-27 06:02:24,589 [INFO] Step 157200: reward=-0.010, dist=0.00
2026-02-27 06:02:26,736 [INFO] Performing PPO update at global step 1773568
2026-02-27 06:02:26,966 [INFO] PPO losses — policy: 0.0027, value: 0.0039, entropy: 0.5929
2026-02-27 06:02:26,969 [INFO] PPO update completed. Buffer cleared.
2026-02-27 06:03:26,036 [INFO] Step 157400: reward=-0.010, dist=0.00
2026-02-27 06:04:27,232 [INFO] Step 157600: reward=-0.010, dist=0.00
2026-02-27 06:05:28,393 [INFO] Step 157800: reward=-0.010, dist=0.00
2026-02-27 06:06:29,627 [INFO] Step 158000: reward=-0.010, dist=0.00
2026-02-27 06:07:30,829 [INFO] Step 158200: reward=-0.010, dist=0.00
2026-02-27 06:08:32,050 [INFO] Step 158400: reward=-0.010, dist=0.00
2026-02-27 06:09:33,273 [INFO] Step 158600: reward=-0.010, dist=0.00
2026-02-27 06:10:34,476 [INFO] Step 158800: reward=-0.010, dist=0.00
2026-02-27 06:11:35,686 [INFO] Step 159000: reward=-0.010, dist=0.00
2026-02-27 06:12:36,918 [INFO] Step 159200: reward=-0.010, dist=0.00
2026-02-27 06:12:53,754 [INFO] Performing PPO update at global step 1775616
2026-02-27 06:12:53,988 [INFO] PPO losses — policy: 0.0008, value: 0.0039, entropy: 0.5643
2026-02-27 06:12:53,992 [INFO] PPO update completed. Buffer cleared.
2026-02-27 06:13:38,367 [INFO] Step 159400: reward=-0.010, dist=0.00
2026-02-27 06:14:39,575 [INFO] Step 159600: reward=-0.010, dist=0.00
2026-02-27 06:15:40,768 [INFO] Step 159800: reward=-0.010, dist=0.00
2026-02-27 06:16:41,976 [INFO] Step 160000: reward=-0.010, dist=0.00
2026-02-27 06:17:43,153 [INFO] Step 160200: reward=-0.010, dist=0.00
2026-02-27 06:18:44,364 [INFO] Step 160400: reward=-0.010, dist=0.00
2026-02-27 06:19:45,534 [INFO] Step 160600: reward=-0.010, dist=0.00
2026-02-27 06:20:46,767 [INFO] Step 160800: reward=-0.010, dist=0.00
2026-02-27 06:21:47,943 [INFO] Step 161000: reward=-0.010, dist=0.00
2026-02-27 06:22:49,165 [INFO] Step 161200: reward=-0.010, dist=0.00
2026-02-27 06:23:20,694 [INFO] Performing PPO update at global step 1777664
2026-02-27 06:23:20,928 [INFO] PPO losses — policy: 0.0057, value: 0.0041, entropy: 0.5017
2026-02-27 06:23:20,932 [INFO] PPO update completed. Buffer cleared.
2026-02-27 06:23:50,639 [INFO] Step 161400: reward=-0.010, dist=0.00
2026-02-27 06:24:51,801 [INFO] Step 161600: reward=-0.010, dist=0.00
2026-02-27 06:25:52,969 [INFO] Step 161800: reward=-0.010, dist=0.00
2026-02-27 06:26:54,166 [INFO] Step 162000: reward=-0.010, dist=0.00
2026-02-27 06:27:55,367 [INFO] Step 162200: reward=-0.010, dist=0.00
2026-02-27 06:28:56,546 [INFO] Step 162400: reward=-0.010, dist=0.00
2026-02-27 06:29:57,794 [INFO] Step 162600: reward=-0.010, dist=0.00
2026-02-27 06:30:59,012 [INFO] Step 162800: reward=-0.010, dist=0.00
2026-02-27 06:32:00,277 [INFO] Step 163000: reward=-0.010, dist=0.00
2026-02-27 06:33:01,457 [INFO] Step 163200: reward=-0.010, dist=0.00
2026-02-27 06:33:47,674 [INFO] Performing PPO update at global step 1779712
2026-02-27 06:33:47,907 [INFO] PPO losses — policy: 0.0015, value: 0.0042, entropy: 0.3414
2026-02-27 06:33:47,911 [INFO] PPO update completed. Buffer cleared.
2026-02-27 06:34:02,886 [INFO] Step 163400: reward=-0.010, dist=0.00
2026-02-27 06:35:04,076 [INFO] Step 163600: reward=-0.010, dist=0.00
2026-02-27 06:35:16,007 [INFO] Policy action (normalized): v = +0.948, w = -0.077 | Cmd_vel (scaled): v = +0.948 m/s, w = -0.077 rad/s
2026-02-27 06:36:05,267 [INFO] Step 163800: reward=-0.010, dist=0.00
2026-02-27 06:37:06,456 [INFO] Step 164000: reward=-0.010, dist=0.00
2026-02-27 06:38:07,640 [INFO] Step 164200: reward=-0.010, dist=0.00
2026-02-27 06:39:08,814 [INFO] Step 164400: reward=-0.010, dist=0.00
2026-02-27 06:40:10,025 [INFO] Step 164600: reward=-0.010, dist=0.00
2026-02-27 06:41:11,238 [INFO] Step 164800: reward=-0.010, dist=0.00
2026-02-27 06:42:12,425 [INFO] Step 165000: reward=-0.010, dist=0.00
2026-02-27 06:43:13,686 [INFO] Step 165200: reward=-0.010, dist=0.00
2026-02-27 06:44:14,621 [INFO] Performing PPO update at global step 1781760
2026-02-27 06:44:14,850 [INFO] PPO losses — policy: 0.0060, value: 0.0041, entropy: 0.2775
2026-02-27 06:44:14,856 [INFO] PPO update completed. Buffer cleared.
2026-02-27 06:44:15,162 [INFO] Step 165400: reward=-0.010, dist=0.00
2026-02-27 06:45:16,350 [INFO] Step 165600: reward=-0.010, dist=0.00
2026-02-27 06:46:17,520 [INFO] Step 165800: reward=-0.010, dist=0.00
2026-02-27 06:47:18,758 [INFO] Step 166000: reward=-0.010, dist=0.00
2026-02-27 06:48:19,930 [INFO] Step 166200: reward=-0.010, dist=0.00
2026-02-27 06:49:21,116 [INFO] Step 166400: reward=-0.010, dist=0.00
2026-02-27 06:50:22,353 [INFO] Step 166600: reward=-0.010, dist=0.00
2026-02-27 06:51:23,530 [INFO] Step 166800: reward=-0.010, dist=0.00
2026-02-27 06:52:24,728 [INFO] Step 167000: reward=-0.010, dist=0.00
2026-02-27 06:53:25,914 [INFO] Step 167200: reward=-0.010, dist=0.00
2026-02-27 06:54:27,116 [INFO] Step 167400: reward=-0.010, dist=0.00
2026-02-27 06:54:41,497 [INFO] Performing PPO update at global step 1783808
2026-02-27 06:54:41,730 [INFO] PPO losses — policy: 0.0016, value: 0.0038, entropy: 0.2302
2026-02-27 06:54:41,733 [INFO] PPO update completed. Buffer cleared.
2026-02-27 06:55:28,535 [INFO] Step 167600: reward=-0.010, dist=0.00
2026-02-27 06:56:29,700 [INFO] Step 167800: reward=-0.010, dist=0.00
2026-02-27 06:57:30,870 [INFO] Step 168000: reward=-0.010, dist=0.00
2026-02-27 06:58:32,045 [INFO] Step 168200: reward=-0.010, dist=0.00
2026-02-27 06:59:33,208 [INFO] Step 168400: reward=-0.010, dist=0.00
2026-02-27 07:00:34,388 [INFO] Step 168600: reward=-0.010, dist=0.00
2026-02-27 07:01:35,570 [INFO] Step 168800: reward=-0.010, dist=0.00
2026-02-27 07:02:36,746 [INFO] Step 169000: reward=-0.010, dist=0.00
2026-02-27 07:03:37,952 [INFO] Step 169200: reward=-0.010, dist=0.00
2026-02-27 07:04:39,158 [INFO] Step 169400: reward=-0.010, dist=0.00
2026-02-27 07:05:08,263 [INFO] Performing PPO update at global step 1785856
2026-02-27 07:05:08,495 [INFO] PPO losses — policy: 0.0013, value: 0.0042, entropy: 0.2075
2026-02-27 07:05:08,498 [INFO] PPO update completed. Buffer cleared.
2026-02-27 07:05:40,656 [INFO] Step 169600: reward=-0.010, dist=0.00
2026-02-27 07:06:41,802 [INFO] Step 169800: reward=-0.010, dist=0.00
2026-02-27 07:07:42,986 [INFO] Step 170000: reward=-0.010, dist=0.00
2026-02-27 07:08:44,188 [INFO] Step 170200: reward=-0.010, dist=0.00
2026-02-27 07:09:45,383 [INFO] Step 170400: reward=-0.010, dist=0.00
2026-02-27 07:10:46,559 [INFO] Step 170600: reward=-0.010, dist=0.00
2026-02-27 07:11:47,779 [INFO] Step 170800: reward=-0.010, dist=0.00
2026-02-27 07:12:48,961 [INFO] Step 171000: reward=-0.010, dist=0.00
2026-02-27 07:13:50,190 [INFO] Step 171200: reward=-0.010, dist=0.00
2026-02-27 07:14:51,393 [INFO] Step 171400: reward=-0.010, dist=0.00
2026-02-27 07:15:35,168 [INFO] Performing PPO update at global step 1787904
2026-02-27 07:15:35,399 [INFO] PPO losses — policy: 0.0066, value: 0.0044, entropy: 0.1006
2026-02-27 07:15:35,402 [INFO] PPO update completed. Buffer cleared.
2026-02-27 07:15:52,824 [INFO] Step 171600: reward=-0.010, dist=0.00
2026-02-27 07:16:54,002 [INFO] Step 171800: reward=-0.010, dist=0.00
2026-02-27 07:17:55,163 [INFO] Step 172000: reward=-0.010, dist=0.00
2026-02-27 07:18:56,330 [INFO] Step 172200: reward=-0.010, dist=0.00
2026-02-27 07:19:57,502 [INFO] Step 172400: reward=-0.010, dist=0.00
2026-02-27 07:20:58,667 [INFO] Step 172600: reward=-0.010, dist=0.00
2026-02-27 07:21:59,876 [INFO] Step 172800: reward=-0.010, dist=0.00
2026-02-27 07:23:01,057 [INFO] Step 173000: reward=-0.010, dist=0.00
2026-02-27 07:24:02,268 [INFO] Step 173200: reward=-0.010, dist=0.00
2026-02-27 07:25:03,476 [INFO] Step 173400: reward=-0.010, dist=0.00
2026-02-27 07:26:01,958 [INFO] Performing PPO update at global step 1789952
2026-02-27 07:26:02,187 [INFO] PPO losses — policy: 0.0004, value: 0.0042, entropy: 0.0134
2026-02-27 07:26:02,191 [INFO] PPO update completed. Buffer cleared.
2026-02-27 07:26:04,945 [INFO] Step 173600: reward=-0.010, dist=0.00
2026-02-27 07:26:16,888 [INFO] Policy action (normalized): v = +0.937, w = +0.252 | Cmd_vel (scaled): v = +0.937 m/s, w = +0.252 rad/s
2026-02-27 07:27:06,163 [INFO] Step 173800: reward=-0.010, dist=0.00
2026-02-27 07:28:07,333 [INFO] Step 174000: reward=-0.010, dist=0.00
2026-02-27 07:29:08,512 [INFO] Step 174200: reward=-0.010, dist=0.00
2026-02-27 07:30:09,684 [INFO] Step 174400: reward=-0.010, dist=0.00
2026-02-27 07:31:10,853 [INFO] Step 174600: reward=-0.010, dist=0.00
2026-02-27 07:32:12,063 [INFO] Step 174800: reward=-0.010, dist=0.00
2026-02-27 07:33:13,250 [INFO] Step 175000: reward=-0.010, dist=0.00
2026-02-27 07:34:14,439 [INFO] Step 175200: reward=-0.010, dist=0.00
2026-02-27 07:35:15,662 [INFO] Step 175400: reward=-0.010, dist=0.00
2026-02-27 07:36:16,904 [INFO] Step 175600: reward=-0.010, dist=0.00
2026-02-27 07:36:28,850 [INFO] Performing PPO update at global step 1792000
2026-02-27 07:36:29,085 [INFO] PPO losses — policy: 0.0006, value: 0.0041, entropy: 0.0302
2026-02-27 07:36:29,089 [INFO] PPO update completed. Buffer cleared.
2026-02-27 07:37:18,367 [INFO] Step 175800: reward=-0.010, dist=0.00
2026-02-27 07:38:19,533 [INFO] Step 176000: reward=-0.010, dist=0.00
2026-02-27 07:39:20,694 [INFO] Step 176200: reward=-0.010, dist=0.00
2026-02-27 07:40:21,885 [INFO] Step 176400: reward=-0.010, dist=0.00
2026-02-27 07:41:23,104 [INFO] Step 176600: reward=-0.010, dist=0.00
2026-02-27 07:42:24,281 [INFO] Step 176800: reward=-0.010, dist=0.00
2026-02-27 07:43:25,496 [INFO] Step 177000: reward=-0.010, dist=0.00
2026-02-27 07:44:26,700 [INFO] Step 177200: reward=-0.010, dist=0.00
2026-02-27 07:45:27,914 [INFO] Step 177400: reward=-0.010, dist=0.00
2026-02-27 07:46:29,115 [INFO] Step 177600: reward=-0.010, dist=0.00
2026-02-27 07:46:55,766 [INFO] Performing PPO update at global step 1794048
2026-02-27 07:46:55,998 [INFO] PPO losses — policy: 0.0052, value: 0.0040, entropy: -0.0249
2026-02-27 07:46:56,002 [INFO] PPO update completed. Buffer cleared.
2026-02-27 07:47:30,612 [INFO] Step 177800: reward=-0.010, dist=0.00
2026-02-27 07:48:31,782 [INFO] Step 178000: reward=-0.010, dist=0.00
2026-02-27 07:49:32,954 [INFO] Step 178200: reward=-0.010, dist=0.00
2026-02-27 07:50:34,142 [INFO] Step 178400: reward=-0.010, dist=0.00
2026-02-27 07:51:35,329 [INFO] Step 178600: reward=-0.010, dist=0.00
2026-02-27 07:52:36,510 [INFO] Step 178800: reward=-0.010, dist=0.00
2026-02-27 07:53:37,692 [INFO] Step 179000: reward=-0.010, dist=0.00
2026-02-27 07:54:38,854 [INFO] Step 179200: reward=-0.010, dist=0.00
2026-02-27 07:55:40,042 [INFO] Step 179400: reward=-0.010, dist=0.00
2026-02-27 07:56:41,249 [INFO] Step 179600: reward=-0.010, dist=0.00
2026-02-27 07:57:22,563 [INFO] Performing PPO update at global step 1796096
2026-02-27 07:57:22,794 [INFO] PPO losses — policy: 0.0059, value: 0.0041, entropy: -0.0071
2026-02-27 07:57:22,798 [INFO] PPO update completed. Buffer cleared.
2026-02-27 07:57:42,719 [INFO] Step 179800: reward=-0.010, dist=0.00
2026-02-27 07:58:43,904 [INFO] Step 180000: reward=-0.010, dist=0.00
2026-02-27 07:59:45,070 [INFO] Step 180200: reward=-0.010, dist=0.00
2026-02-27 08:00:46,243 [INFO] Step 180400: reward=-0.010, dist=0.00
2026-02-27 08:01:47,410 [INFO] Step 180600: reward=-0.010, dist=0.00
2026-02-27 08:02:48,606 [INFO] Step 180800: reward=-0.010, dist=0.00
2026-02-27 08:03:49,792 [INFO] Step 181000: reward=-0.010, dist=0.00
2026-02-27 08:04:51,009 [INFO] Step 181200: reward=-0.010, dist=0.00
2026-02-27 08:05:52,201 [INFO] Step 181400: reward=-0.010, dist=0.00
2026-02-27 08:06:53,440 [INFO] Step 181600: reward=-0.010, dist=0.00
2026-02-27 08:07:49,454 [INFO] Performing PPO update at global step 1798144
2026-02-27 08:07:49,689 [INFO] PPO losses — policy: -0.0014, value: 0.0040, entropy: -0.1277
2026-02-27 08:07:49,693 [INFO] PPO update completed. Buffer cleared.
2026-02-27 08:07:54,896 [INFO] Step 181800: reward=-0.010, dist=0.00
2026-02-27 08:08:56,126 [INFO] Step 182000: reward=-0.010, dist=0.00
2026-02-27 08:09:57,258 [INFO] Step 182200: reward=-0.010, dist=0.00
2026-02-27 08:10:58,439 [INFO] Step 182400: reward=-0.010, dist=0.00
2026-02-27 08:11:59,621 [INFO] Step 182600: reward=-0.010, dist=0.00
2026-02-27 08:13:00,846 [INFO] Step 182800: reward=-0.010, dist=0.00
2026-02-27 08:14:02,052 [INFO] Step 183000: reward=-0.010, dist=0.00
2026-02-27 08:15:03,273 [INFO] Step 183200: reward=-0.010, dist=0.00
2026-02-27 08:16:04,470 [INFO] Step 183400: reward=-0.010, dist=0.00
2026-02-27 08:17:05,673 [INFO] Step 183600: reward=-0.010, dist=0.00
2026-02-27 08:17:17,620 [INFO] Policy action (normalized): v = +0.934, w = -0.610 | Cmd_vel (scaled): v = +0.934 m/s, w = -0.610 rad/s
2026-02-27 08:18:06,915 [INFO] Step 183800: reward=-0.010, dist=0.00
2026-02-27 08:18:16,397 [INFO] Performing PPO update at global step 1800192
2026-02-27 08:18:16,631 [INFO] PPO losses — policy: 0.0054, value: 0.0041, entropy: -0.2707
2026-02-27 08:18:16,634 [INFO] PPO update completed. Buffer cleared.
2026-02-27 08:19:08,367 [INFO] Step 184000: reward=-0.010, dist=0.00
2026-02-27 08:20:09,584 [INFO] Step 184200: reward=-0.010, dist=0.00
2026-02-27 08:21:10,760 [INFO] Step 184400: reward=-0.010, dist=0.00
2026-02-27 08:22:11,924 [INFO] Step 184600: reward=-0.010, dist=0.00
2026-02-27 08:23:13,088 [INFO] Step 184800: reward=-0.010, dist=0.00
2026-02-27 08:24:14,332 [INFO] Step 185000: reward=-0.010, dist=0.00
2026-02-27 08:25:15,541 [INFO] Step 185200: reward=-0.010, dist=0.00
2026-02-27 08:26:16,728 [INFO] Step 185400: reward=-0.010, dist=0.00
2026-02-27 08:27:17,956 [INFO] Step 185600: reward=-0.010, dist=0.00
2026-02-27 08:28:19,163 [INFO] Step 185800: reward=-0.010, dist=0.00
2026-02-27 08:28:43,342 [INFO] Performing PPO update at global step 1802240
2026-02-27 08:28:43,572 [INFO] PPO losses — policy: 0.0050, value: 0.0040, entropy: -0.3695
2026-02-27 08:28:43,577 [INFO] PPO update completed. Buffer cleared.
2026-02-27 08:29:20,644 [INFO] Step 186000: reward=-0.010, dist=0.00
2026-02-27 08:30:21,862 [INFO] Step 186200: reward=-0.010, dist=0.00
2026-02-27 08:31:23,104 [INFO] Step 186400: reward=-0.010, dist=0.00
2026-02-27 08:32:24,305 [INFO] Step 186600: reward=-0.010, dist=0.00
2026-02-27 08:33:25,518 [INFO] Step 186800: reward=-0.010, dist=0.00
2026-02-27 08:34:26,705 [INFO] Step 187000: reward=-0.010, dist=0.00
2026-02-27 08:35:27,932 [INFO] Step 187200: reward=-0.010, dist=0.00
2026-02-27 08:36:29,141 [INFO] Step 187400: reward=-0.010, dist=0.00
2026-02-27 08:37:30,310 [INFO] Step 187600: reward=-0.010, dist=0.00
2026-02-27 08:38:31,490 [INFO] Step 187800: reward=-0.010, dist=0.00
2026-02-27 08:39:10,357 [INFO] Performing PPO update at global step 1804288
2026-02-27 08:39:10,591 [INFO] PPO losses — policy: 0.0039, value: 0.0041, entropy: -0.3706
2026-02-27 08:39:10,595 [INFO] PPO update completed. Buffer cleared.
2026-02-27 08:39:32,949 [INFO] Step 188000: reward=-0.010, dist=0.00
2026-02-27 08:40:34,093 [INFO] Step 188200: reward=-0.010, dist=0.00
2026-02-27 08:41:35,275 [INFO] Step 188400: reward=-0.010, dist=0.00
2026-02-27 08:42:36,445 [INFO] Step 188600: reward=-0.010, dist=0.00
2026-02-27 08:43:37,628 [INFO] Step 188800: reward=-0.010, dist=0.00
2026-02-27 08:44:38,837 [INFO] Step 189000: reward=-0.010, dist=0.00
2026-02-27 08:45:40,018 [INFO] Step 189200: reward=-0.010, dist=0.00
2026-02-27 08:46:41,248 [INFO] Step 189400: reward=-0.010, dist=0.00
2026-02-27 08:47:42,491 [INFO] Step 189600: reward=-0.010, dist=0.00
2026-02-27 08:48:43,743 [INFO] Step 189800: reward=-0.010, dist=0.00
2026-02-27 08:49:37,318 [INFO] Performing PPO update at global step 1806336
2026-02-27 08:49:37,549 [INFO] PPO losses — policy: 0.0034, value: 0.0042, entropy: -0.3816
2026-02-27 08:49:37,553 [INFO] PPO update completed. Buffer cleared.
2026-02-27 08:49:45,201 [INFO] Step 190000: reward=-0.010, dist=0.00
2026-02-27 08:50:46,418 [INFO] Step 190200: reward=-0.010, dist=0.00
2026-02-27 08:51:47,588 [INFO] Step 190400: reward=-0.010, dist=0.00
2026-02-27 08:52:48,810 [INFO] Step 190600: reward=-0.010, dist=0.00
2026-02-27 08:53:50,002 [INFO] Step 190800: reward=-0.010, dist=0.00
2026-02-27 08:54:51,218 [INFO] Step 191000: reward=-0.010, dist=0.00
2026-02-27 08:55:52,396 [INFO] Step 191200: reward=-0.010, dist=0.00
2026-02-27 08:56:53,612 [INFO] Step 191400: reward=-0.010, dist=0.00
2026-02-27 08:57:54,796 [INFO] Step 191600: reward=-0.010, dist=0.00
2026-02-27 08:58:56,017 [INFO] Step 191800: reward=-0.010, dist=0.00
2026-02-27 08:59:57,223 [INFO] Step 192000: reward=-0.010, dist=0.00
2026-02-27 09:00:04,266 [INFO] Performing PPO update at global step 1808384
2026-02-27 09:00:04,500 [INFO] PPO losses — policy: 0.0023, value: 0.0042, entropy: -0.4081
2026-02-27 09:00:04,504 [INFO] PPO update completed. Buffer cleared.
2026-02-27 09:00:58,659 [INFO] Step 192200: reward=-0.010, dist=0.00
2026-02-27 09:01:59,800 [INFO] Step 192400: reward=-0.010, dist=0.00
2026-02-27 09:03:00,963 [INFO] Step 192600: reward=-0.010, dist=0.00
2026-02-27 09:04:02,157 [INFO] Step 192800: reward=-0.010, dist=0.00
2026-02-27 09:05:03,330 [INFO] Step 193000: reward=-0.010, dist=0.00
2026-02-27 09:06:04,474 [INFO] Step 193200: reward=-0.010, dist=0.00
2026-02-27 09:07:05,657 [INFO] Step 193400: reward=-0.010, dist=0.00
2026-02-27 09:08:06,867 [INFO] Step 193600: reward=-0.010, dist=0.00
2026-02-27 09:08:18,802 [INFO] Policy action (normalized): v = +0.950, w = +0.723 | Cmd_vel (scaled): v = +0.950 m/s, w = +0.723 rad/s
2026-02-27 09:09:08,079 [INFO] Step 193800: reward=-0.010, dist=0.00
2026-02-27 09:10:09,285 [INFO] Step 194000: reward=-0.010, dist=0.00
2026-02-27 09:10:31,024 [INFO] Performing PPO update at global step 1810432
2026-02-27 09:10:31,253 [INFO] PPO losses — policy: 0.0125, value: 0.0045, entropy: -0.3281
2026-02-27 09:10:31,256 [INFO] PPO update completed. Buffer cleared.
2026-02-27 09:11:10,755 [INFO] Step 194200: reward=-0.010, dist=0.00
2026-02-27 09:12:11,927 [INFO] Step 194400: reward=-0.010, dist=0.00
2026-02-27 09:13:13,131 [INFO] Step 194600: reward=-0.010, dist=0.00
2026-02-27 09:14:14,337 [INFO] Step 194800: reward=-0.010, dist=0.00
2026-02-27 09:15:15,514 [INFO] Step 195000: reward=-0.010, dist=0.00
2026-02-27 09:16:16,725 [INFO] Step 195200: reward=-0.010, dist=0.00
2026-02-27 09:17:17,916 [INFO] Step 195400: reward=-0.010, dist=0.00
2026-02-27 09:18:19,077 [INFO] Step 195600: reward=-0.010, dist=0.00
2026-02-27 09:19:20,294 [INFO] Step 195800: reward=-0.010, dist=0.00
2026-02-27 09:20:21,499 [INFO] Step 196000: reward=-0.010, dist=0.00
2026-02-27 09:20:57,915 [INFO] Performing PPO update at global step 1812480
2026-02-27 09:20:58,149 [INFO] PPO losses — policy: 0.0003, value: 0.0045, entropy: -0.2793
2026-02-27 09:20:58,152 [INFO] PPO update completed. Buffer cleared.
2026-02-27 09:21:22,960 [INFO] Step 196200: reward=-0.010, dist=0.00
2026-02-27 09:22:24,131 [INFO] Step 196400: reward=-0.010, dist=0.00
2026-02-27 09:23:25,319 [INFO] Step 196600: reward=-0.010, dist=0.00
2026-02-27 09:24:26,499 [INFO] Step 196800: reward=-0.010, dist=0.00
2026-02-27 09:25:27,678 [INFO] Step 197000: reward=-0.010, dist=0.00
2026-02-27 09:26:28,882 [INFO] Step 197200: reward=-0.010, dist=0.00
2026-02-27 09:27:30,046 [INFO] Step 197400: reward=-0.010, dist=0.00
2026-02-27 09:28:31,257 [INFO] Step 197600: reward=-0.010, dist=0.00
2026-02-27 09:29:32,436 [INFO] Step 197800: reward=-0.010, dist=0.00
2026-02-27 09:30:33,600 [INFO] Step 198000: reward=-0.010, dist=0.00
2026-02-27 09:31:24,743 [INFO] Performing PPO update at global step 1814528
2026-02-27 09:31:24,973 [INFO] PPO losses — policy: 0.0052, value: 0.0045, entropy: -0.3746
2026-02-27 09:31:24,976 [INFO] PPO update completed. Buffer cleared.
2026-02-27 09:31:35,065 [INFO] Step 198200: reward=-0.010, dist=0.00
2026-02-27 09:32:36,254 [INFO] Step 198400: reward=-0.010, dist=0.00
2026-02-27 09:33:37,428 [INFO] Step 198600: reward=-0.010, dist=0.00
2026-02-27 09:34:38,640 [INFO] Step 198800: reward=-0.010, dist=0.00
2026-02-27 09:35:39,804 [INFO] Step 199000: reward=-0.010, dist=0.00
2026-02-27 09:36:41,011 [INFO] Step 199200: reward=-0.010, dist=0.00
2026-02-27 09:37:42,219 [INFO] Step 199400: reward=-0.010, dist=0.00
2026-02-27 09:38:43,427 [INFO] Step 199600: reward=-0.010, dist=0.00
2026-02-27 09:39:44,610 [INFO] Step 199800: reward=-0.010, dist=0.00
2026-02-27 09:40:45,847 [INFO] Step 200000: reward=-0.010, dist=0.00
2026-02-27 09:41:47,061 [INFO] Step 200200: reward=-0.010, dist=0.00
2026-02-27 09:41:51,649 [INFO] Performing PPO update at global step 1816576
2026-02-27 09:41:51,879 [INFO] PPO losses — policy: 0.0049, value: 0.0040, entropy: -0.3630
2026-02-27 09:41:51,883 [INFO] PPO update completed. Buffer cleared.
2026-02-27 09:42:48,499 [INFO] Step 200400: reward=-0.010, dist=0.00
2026-02-27 09:43:49,691 [INFO] Step 200600: reward=-0.010, dist=0.00
2026-02-27 09:44:50,843 [INFO] Step 200800: reward=-0.010, dist=0.00
2026-02-27 09:45:52,022 [INFO] Step 201000: reward=-0.010, dist=0.00
2026-02-27 09:46:53,230 [INFO] Step 201200: reward=-0.010, dist=0.00
2026-02-27 09:47:54,433 [INFO] Step 201400: reward=-0.010, dist=0.00
2026-02-27 09:48:55,669 [INFO] Step 201600: reward=-0.010, dist=0.00
2026-02-27 09:49:56,843 [INFO] Step 201800: reward=-0.010, dist=0.00
2026-02-27 09:50:58,061 [INFO] Step 202000: reward=-0.010, dist=0.00
2026-02-27 09:51:59,247 [INFO] Step 202200: reward=-0.010, dist=0.00
2026-02-27 09:52:18,517 [INFO] Performing PPO update at global step 1818624
2026-02-27 09:52:18,747 [INFO] PPO losses — policy: 0.0045, value: 0.0040, entropy: -0.3735
2026-02-27 09:52:18,751 [INFO] PPO update completed. Buffer cleared.
2026-02-27 09:53:00,673 [INFO] Step 202400: reward=-0.010, dist=0.00
2026-02-27 09:54:01,873 [INFO] Step 202600: reward=-0.010, dist=0.00
2026-02-27 09:55:03,040 [INFO] Step 202800: reward=-0.010, dist=0.00
2026-02-27 09:56:04,228 [INFO] Step 203000: reward=-0.010, dist=0.00
2026-02-27 09:57:05,411 [INFO] Step 203200: reward=-0.010, dist=0.00
2026-02-27 09:58:06,614 [INFO] Step 203400: reward=-0.010, dist=0.00
2026-02-27 09:59:07,822 [INFO] Step 203600: reward=-0.010, dist=0.00
2026-02-27 09:59:19,767 [INFO] Policy action (normalized): v = +0.957, w = +0.416 | Cmd_vel (scaled): v = +0.957 m/s, w = +0.416 rad/s
2026-02-27 10:00:09,017 [INFO] Step 203800: reward=-0.010, dist=0.00
2026-02-27 10:01:10,236 [INFO] Step 204000: reward=-0.010, dist=0.00
2026-02-27 10:02:11,470 [INFO] Step 204200: reward=-0.010, dist=0.00
2026-02-27 10:02:45,441 [INFO] Performing PPO update at global step 1820672
2026-02-27 10:02:45,678 [INFO] PPO losses — policy: 0.0050, value: 0.0039, entropy: -0.3818
2026-02-27 10:02:45,682 [INFO] PPO update completed. Buffer cleared.
2026-02-27 10:03:12,912 [INFO] Step 204400: reward=-0.010, dist=0.00
2026-02-27 10:04:14,062 [INFO] Step 204600: reward=-0.010, dist=0.00
2026-02-27 10:05:15,238 [INFO] Step 204800: reward=-0.010, dist=0.00
2026-02-27 10:06:16,412 [INFO] Step 205000: reward=-0.010, dist=0.00
2026-02-27 10:07:17,555 [INFO] Step 205200: reward=-0.010, dist=0.00
2026-02-27 10:08:18,743 [INFO] Step 205400: reward=-0.010, dist=0.00
2026-02-27 10:09:19,919 [INFO] Step 205600: reward=-0.010, dist=0.00
2026-02-27 10:10:21,111 [INFO] Step 205800: reward=-0.010, dist=0.00
2026-02-27 10:11:22,275 [INFO] Step 206000: reward=-0.010, dist=0.00
2026-02-27 10:12:23,493 [INFO] Step 206200: reward=-0.010, dist=0.00
2026-02-27 10:13:12,209 [INFO] Performing PPO update at global step 1822720
2026-02-27 10:13:12,442 [INFO] PPO losses — policy: 0.0015, value: 0.0038, entropy: -0.4032
2026-02-27 10:13:12,446 [INFO] PPO update completed. Buffer cleared.
2026-02-27 10:13:24,985 [INFO] Step 206400: reward=-0.010, dist=0.00
2026-02-27 10:14:26,168 [INFO] Step 206600: reward=-0.010, dist=0.00
2026-02-27 10:15:27,357 [INFO] Step 206800: reward=-0.010, dist=0.00
2026-02-27 10:16:28,582 [INFO] Step 207000: reward=-0.010, dist=0.00
2026-02-27 10:17:29,752 [INFO] Step 207200: reward=-0.010, dist=0.00
2026-02-27 10:18:30,930 [INFO] Step 207400: reward=-0.010, dist=0.00
2026-02-27 10:19:32,124 [INFO] Step 207600: reward=-0.010, dist=0.00
2026-02-27 10:20:33,337 [INFO] Step 207800: reward=-0.010, dist=0.00
2026-02-27 10:21:34,519 [INFO] Step 208000: reward=-0.010, dist=0.00
2026-02-27 10:22:35,744 [INFO] Step 208200: reward=-0.010, dist=0.00
2026-02-27 10:23:36,963 [INFO] Step 208400: reward=-0.010, dist=0.00
2026-02-27 10:23:39,109 [INFO] Performing PPO update at global step 1824768
2026-02-27 10:23:39,342 [INFO] PPO losses — policy: 0.0060, value: 0.0039, entropy: -0.4619
2026-02-27 10:23:39,346 [INFO] PPO update completed. Buffer cleared.
2026-02-27 10:24:38,395 [INFO] Step 208600: reward=-0.010, dist=0.00
2026-02-27 10:25:39,596 [INFO] Step 208800: reward=-0.010, dist=0.00
2026-02-27 10:26:40,775 [INFO] Step 209000: reward=-0.010, dist=0.00
2026-02-27 10:27:41,947 [INFO] Step 209200: reward=-0.010, dist=0.00
2026-02-27 10:28:43,142 [INFO] Step 209400: reward=-0.010, dist=0.00
2026-02-27 10:29:44,320 [INFO] Step 209600: reward=-0.010, dist=0.00
2026-02-27 10:30:45,534 [INFO] Step 209800: reward=-0.010, dist=0.00
2026-02-27 10:31:46,720 [INFO] Step 210000: reward=-0.010, dist=0.00
2026-02-27 10:32:47,954 [INFO] Step 210200: reward=-0.010, dist=0.00
2026-02-27 10:33:49,143 [INFO] Step 210400: reward=-0.010, dist=0.00
2026-02-27 10:34:05,987 [INFO] Performing PPO update at global step 1826816
2026-02-27 10:34:06,224 [INFO] PPO losses — policy: 0.0037, value: 0.0040, entropy: -0.6141
2026-02-27 10:34:06,231 [INFO] PPO update completed. Buffer cleared.
2026-02-27 10:34:50,649 [INFO] Step 210600: reward=-0.010, dist=0.00
2026-02-27 10:35:51,788 [INFO] Step 210800: reward=-0.010, dist=0.00
2026-02-27 10:36:52,972 [INFO] Step 211000: reward=-0.010, dist=0.00
2026-02-27 10:37:54,183 [INFO] Step 211200: reward=-0.010, dist=0.00
2026-02-27 10:38:55,389 [INFO] Step 211400: reward=-0.010, dist=0.00
2026-02-27 10:39:56,609 [INFO] Step 211600: reward=-0.010, dist=0.00
2026-02-27 10:40:57,827 [INFO] Step 211800: reward=-0.010, dist=0.00
2026-02-27 10:41:59,074 [INFO] Step 212000: reward=-0.010, dist=0.00
2026-02-27 10:43:00,339 [INFO] Step 212200: reward=-0.010, dist=0.00
2026-02-27 10:44:01,610 [INFO] Step 212400: reward=-0.010, dist=0.00
2026-02-27 10:44:33,127 [INFO] Performing PPO update at global step 1828864
2026-02-27 10:44:33,358 [INFO] PPO losses — policy: 0.0022, value: 0.0039, entropy: -0.5736
2026-02-27 10:44:33,361 [INFO] PPO update completed. Buffer cleared.
2026-02-27 10:45:03,048 [INFO] Step 212600: reward=-0.010, dist=0.00
2026-02-27 10:46:04,211 [INFO] Step 212800: reward=-0.010, dist=0.00
2026-02-27 10:47:05,391 [INFO] Step 213000: reward=-0.010, dist=0.00
2026-02-27 10:48:06,592 [INFO] Step 213200: reward=-0.010, dist=0.00
2026-02-27 10:49:07,784 [INFO] Step 213400: reward=-0.010, dist=0.00
2026-02-27 10:50:08,972 [INFO] Step 213600: reward=-0.010, dist=0.00
2026-02-27 10:50:20,913 [INFO] Policy action (normalized): v = +0.943, w = +0.623 | Cmd_vel (scaled): v = +0.943 m/s, w = +0.623 rad/s
2026-02-27 10:51:10,195 [INFO] Step 213800: reward=-0.010, dist=0.00
2026-02-27 10:52:11,441 [INFO] Step 214000: reward=-0.010, dist=0.00
2026-02-27 10:53:12,656 [INFO] Step 214200: reward=-0.010, dist=0.00
2026-02-27 10:54:13,845 [INFO] Step 214400: reward=-0.010, dist=0.00
2026-02-27 10:55:00,068 [INFO] Performing PPO update at global step 1830912
2026-02-27 10:55:00,296 [INFO] PPO losses — policy: 0.0082, value: 0.0039, entropy: -0.6311
2026-02-27 10:55:00,299 [INFO] PPO update completed. Buffer cleared.
2026-02-27 10:55:15,293 [INFO] Step 214600: reward=-0.010, dist=0.00
2026-02-27 10:56:16,535 [INFO] Step 214800: reward=-0.010, dist=0.00
2026-02-27 10:57:17,719 [INFO] Step 215000: reward=-0.010, dist=0.00
2026-02-27 10:58:18,904 [INFO] Step 215200: reward=-0.010, dist=0.00
2026-02-27 10:59:20,094 [INFO] Step 215400: reward=-0.010, dist=0.00
2026-02-27 11:00:21,273 [INFO] Step 215600: reward=-0.010, dist=0.00
2026-02-27 11:01:22,445 [INFO] Step 215800: reward=-0.010, dist=0.00
2026-02-27 11:02:23,616 [INFO] Step 216000: reward=-0.010, dist=0.00
2026-02-27 11:03:24,925 [INFO] Step 216200: reward=-0.010, dist=0.00
2026-02-27 11:04:26,132 [INFO] Step 216400: reward=-0.010, dist=0.00
2026-02-27 11:05:27,061 [INFO] Performing PPO update at global step 1832960
2026-02-27 11:05:27,294 [INFO] PPO losses — policy: 0.0044, value: 0.0038, entropy: -0.5451
2026-02-27 11:05:27,298 [INFO] PPO update completed. Buffer cleared.
2026-02-27 11:05:27,602 [INFO] Step 216600: reward=-0.010, dist=0.00
2026-02-27 11:06:28,774 [INFO] Step 216800: reward=-0.010, dist=0.00
2026-02-27 11:07:29,975 [INFO] Step 217000: reward=-0.010, dist=0.00
2026-02-27 11:08:31,158 [INFO] Step 217200: reward=-0.010, dist=0.00
2026-02-27 11:09:32,357 [INFO] Step 217400: reward=-0.010, dist=0.00
2026-02-27 11:10:33,569 [INFO] Step 217600: reward=-0.010, dist=0.00
2026-02-27 11:11:34,763 [INFO] Step 217800: reward=-0.010, dist=0.00
2026-02-27 11:12:35,959 [INFO] Step 218000: reward=-0.010, dist=0.00
2026-02-27 11:13:37,161 [INFO] Step 218200: reward=-0.010, dist=0.00
2026-02-27 11:14:38,347 [INFO] Step 218400: reward=-0.010, dist=0.00
2026-02-27 11:15:39,552 [INFO] Step 218600: reward=-0.010, dist=0.00
2026-02-27 11:15:53,932 [INFO] Performing PPO update at global step 1835008
2026-02-27 11:15:54,170 [INFO] PPO losses — policy: 0.0157, value: 0.0043, entropy: -0.5018
2026-02-27 11:15:54,174 [INFO] PPO update completed. Buffer cleared.
2026-02-27 11:16:40,994 [INFO] Step 218800: reward=-0.010, dist=0.00
2026-02-27 11:17:42,182 [INFO] Step 219000: reward=-0.010, dist=0.00
2026-02-27 11:18:43,375 [INFO] Step 219200: reward=-0.010, dist=0.00
2026-02-27 11:19:44,586 [INFO] Step 219400: reward=-0.010, dist=0.00
2026-02-27 11:20:45,767 [INFO] Step 219600: reward=-0.010, dist=0.00
2026-02-27 11:21:46,977 [INFO] Step 219800: reward=-0.010, dist=0.00
2026-02-27 11:22:48,191 [INFO] Step 220000: reward=-0.010, dist=0.00
2026-02-27 11:23:49,421 [INFO] Step 220200: reward=-0.010, dist=0.00
2026-02-27 11:24:50,623 [INFO] Step 220400: reward=-0.010, dist=0.00
2026-02-27 11:25:51,832 [INFO] Step 220600: reward=-0.010, dist=0.00
2026-02-27 11:26:20,917 [INFO] Performing PPO update at global step 1837056
2026-02-27 11:26:21,148 [INFO] PPO losses — policy: 0.0018, value: 0.0040, entropy: -0.5613
2026-02-27 11:26:21,151 [INFO] PPO update completed. Buffer cleared.
2026-02-27 11:26:53,296 [INFO] Step 220800: reward=-0.010, dist=0.00
2026-02-27 11:27:54,515 [INFO] Step 221000: reward=-0.010, dist=0.00
2026-02-27 11:28:55,683 [INFO] Step 221200: reward=-0.010, dist=0.00
2026-02-27 11:29:56,884 [INFO] Step 221400: reward=-0.010, dist=0.00
2026-02-27 11:30:58,066 [INFO] Step 221600: reward=-0.010, dist=0.00
2026-02-27 11:31:59,287 [INFO] Step 221800: reward=-0.010, dist=0.00
2026-02-27 11:33:00,500 [INFO] Step 222000: reward=-0.010, dist=0.00
2026-02-27 11:34:01,692 [INFO] Step 222200: reward=-0.010, dist=0.00
2026-02-27 11:35:02,944 [INFO] Step 222400: reward=-0.010, dist=0.00
2026-02-27 11:36:04,153 [INFO] Step 222600: reward=-0.010, dist=0.00
2026-02-27 11:36:47,935 [INFO] Performing PPO update at global step 1839104
2026-02-27 11:36:48,177 [INFO] PPO losses — policy: 0.0009, value: 0.0040, entropy: -0.6758
2026-02-27 11:36:48,181 [INFO] PPO update completed. Buffer cleared.
2026-02-27 11:37:05,619 [INFO] Step 222800: reward=-0.010, dist=0.00
2026-02-27 11:38:06,809 [INFO] Step 223000: reward=-0.010, dist=0.00
2026-02-27 11:39:07,971 [INFO] Step 223200: reward=-0.010, dist=0.00
2026-02-27 11:40:09,180 [INFO] Step 223400: reward=-0.010, dist=0.00
2026-02-27 11:41:10,397 [INFO] Step 223600: reward=-0.010, dist=0.00
2026-02-27 11:41:22,319 [INFO] Policy action (normalized): v = +0.944, w = +0.346 | Cmd_vel (scaled): v = +0.944 m/s, w = +0.346 rad/s
2026-02-27 11:42:11,595 [INFO] Step 223800: reward=-0.010, dist=0.00
2026-02-27 11:43:12,808 [INFO] Step 224000: reward=-0.010, dist=0.00
2026-02-27 11:44:14,000 [INFO] Step 224200: reward=-0.010, dist=0.00
2026-02-27 11:45:15,212 [INFO] Step 224400: reward=-0.010, dist=0.00
2026-02-27 11:46:16,420 [INFO] Step 224600: reward=-0.010, dist=0.00
2026-02-27 11:47:14,846 [INFO] Performing PPO update at global step 1841152
2026-02-27 11:47:15,082 [INFO] PPO losses — policy: 0.0007, value: 0.0039, entropy: -0.6881
2026-02-27 11:47:15,085 [INFO] PPO update completed. Buffer cleared.
2026-02-27 11:47:17,839 [INFO] Step 224800: reward=-0.010, dist=0.00
2026-02-27 11:48:19,096 [INFO] Step 225000: reward=-0.010, dist=0.00
2026-02-27 11:49:20,289 [INFO] Step 225200: reward=-0.010, dist=0.00
2026-02-27 11:50:21,464 [INFO] Step 225400: reward=-0.010, dist=0.00
2026-02-27 11:51:22,684 [INFO] Step 225600: reward=-0.010, dist=0.00
2026-02-27 11:52:23,903 [INFO] Step 225800: reward=-0.010, dist=0.00
2026-02-27 11:53:25,107 [INFO] Step 226000: reward=-0.010, dist=0.00
2026-02-27 11:54:26,301 [INFO] Step 226200: reward=-0.010, dist=0.00
2026-02-27 11:55:27,493 [INFO] Step 226400: reward=-0.010, dist=0.00
2026-02-27 11:56:28,647 [INFO] Step 226600: reward=-0.010, dist=0.00
2026-02-27 11:57:29,912 [INFO] Step 226800: reward=-0.010, dist=0.00
2026-02-27 11:57:41,862 [INFO] Performing PPO update at global step 1843200
2026-02-27 11:57:42,091 [INFO] PPO losses — policy: -0.0007, value: 0.0039, entropy: -0.8079
2026-02-27 11:57:42,094 [INFO] PPO update completed. Buffer cleared.
2026-02-27 11:58:31,380 [INFO] Step 227000: reward=-0.010, dist=0.00
2026-02-27 11:59:32,588 [INFO] Step 227200: reward=-0.010, dist=0.00
2026-02-27 12:00:33,775 [INFO] Step 227400: reward=-0.010, dist=0.00
2026-02-27 12:01:34,982 [INFO] Step 227600: reward=-0.010, dist=0.00
2026-02-27 12:02:36,196 [INFO] Step 227800: reward=-0.010, dist=0.00
2026-02-27 12:03:37,440 [INFO] Step 228000: reward=-0.010, dist=0.00
2026-02-27 12:04:38,628 [INFO] Step 228200: reward=-0.010, dist=0.00
2026-02-27 12:05:39,824 [INFO] Step 228400: reward=-0.010, dist=0.00
2026-02-27 12:06:41,045 [INFO] Step 228600: reward=-0.010, dist=0.00
2026-02-27 12:07:42,277 [INFO] Step 228800: reward=-0.010, dist=0.00
2026-02-27 12:08:08,903 [INFO] Performing PPO update at global step 1845248
2026-02-27 12:08:09,137 [INFO] PPO losses — policy: 0.0178, value: 0.0038, entropy: -0.8375
2026-02-27 12:08:09,140 [INFO] PPO update completed. Buffer cleared.
2026-02-27 12:08:43,846 [INFO] Step 229000: reward=-0.010, dist=0.00
2026-02-27 12:09:45,140 [INFO] Step 229200: reward=-0.010, dist=0.00
