2026-02-27 19:05:00,749 [INFO] Starting RL Training
2026-02-27 19:05:00,750 [INFO] Using device: cuda
2026-02-27 19:05:00,763 [INFO] GPU name: NVIDIA GeForce RTX 4080
2026-02-27 19:05:00,763 [INFO] TensorBoard logging enabled (tensorboard/)
2026-02-27 19:05:01,446 [INFO] Resumed training from checkpoint: checkpoints/ppo_ep_01805.pt | episode = 1805, global_step = 1441791
2026-02-27 19:05:04,961 [INFO] Step 0: reward=5.995, dist=3.51
2026-02-27 19:05:10,353 [INFO] Episode 1805 COMPLETE | Reward 1289.40 | Steps 193 | Terminated True | Truncated False
2026-02-27 19:05:10,379 [INFO] Checkpoint saved: checkpoints/ppo_ep_01805.pt
2026-02-27 19:05:10,402 [INFO] New BEST model saved! Reward = 1289.40 (episode 1805)
2026-02-27 19:05:14,000 [INFO] Step 0: reward=-0.208, dist=3.55
2026-02-27 19:05:17,977 [INFO] Step 200: reward=0.078, dist=4.73
2026-02-27 19:05:22,751 [INFO] Step 400: reward=-1.913, dist=6.34
2026-02-27 19:05:29,454 [INFO] Step 600: reward=0.091, dist=8.27
2026-02-27 19:05:34,739 [INFO] Step 800: reward=-0.700, dist=9.70
2026-02-27 19:05:39,163 [INFO] Episode 1806 COMPLETE | Reward -753.96 | Steps 1000 | Terminated False | Truncated True
2026-02-27 19:05:42,439 [INFO] Step 0: reward=-0.305, dist=2.99
2026-02-27 19:05:45,612 [INFO] Step 200: reward=-0.233, dist=3.68
2026-02-27 19:05:52,582 [INFO] Step 400: reward=-2.134, dist=6.15
2026-02-27 19:05:57,749 [INFO] Step 600: reward=-0.276, dist=7.53
2026-02-27 19:06:02,792 [INFO] Step 800: reward=-1.909, dist=9.02
2026-02-27 19:06:04,165 [INFO] Performing PPO update at global step 1443840
2026-02-27 19:06:04,626 [INFO] PPO losses — policy: -0.0037, value: 296.1926, entropy: 4.2242
2026-02-27 19:06:04,631 [INFO] PPO update completed. Buffer cleared.
2026-02-27 19:06:07,774 [INFO] Episode 1807 COMPLETE | Reward -840.90 | Steps 1000 | Terminated False | Truncated True
2026-02-27 19:06:10,760 [INFO] Step 0: reward=-0.305, dist=3.01
2026-02-27 19:06:15,717 [INFO] Step 200: reward=-0.221, dist=3.80
2026-02-27 19:06:22,650 [INFO] Step 400: reward=-0.109, dist=5.62
2026-02-27 19:06:27,966 [INFO] Step 600: reward=-0.355, dist=7.89
2026-02-27 19:06:33,014 [INFO] Step 800: reward=-0.422, dist=10.01
2026-02-27 19:06:39,175 [INFO] Episode 1808 COMPLETE | Reward -494.45 | Steps 1000 | Terminated False | Truncated True
2026-02-27 19:06:42,285 [INFO] Step 0: reward=-0.215, dist=2.16
2026-02-27 19:06:45,343 [INFO] Step 200: reward=-0.209, dist=2.35
2026-02-27 19:06:48,954 [INFO] Step 400: reward=-0.248, dist=3.27
2026-02-27 19:06:54,585 [INFO] Step 600: reward=-1.951, dist=5.30
2026-02-27 19:06:59,900 [INFO] Step 800: reward=-1.905, dist=7.41
2026-02-27 19:07:02,470 [INFO] Performing PPO update at global step 1445888
2026-02-27 19:07:02,732 [INFO] PPO losses — policy: -0.0021, value: 113.3378, entropy: 4.2242
2026-02-27 19:07:02,738 [INFO] PPO update completed. Buffer cleared.
2026-02-27 19:07:04,667 [INFO] Episode 1809 COMPLETE | Reward -881.50 | Steps 1000 | Terminated False | Truncated True
2026-02-27 19:07:07,833 [INFO] Step 0: reward=-0.211, dist=3.49
2026-02-27 19:07:13,367 [INFO] Step 200: reward=-0.099, dist=5.36
2026-02-27 19:07:18,545 [INFO] Step 400: reward=0.088, dist=7.00
2026-02-27 19:07:21,946 [INFO] Step 600: reward=-1.908, dist=7.90
2026-02-27 19:07:25,178 [INFO] Step 800: reward=-1.333, dist=9.01
2026-02-27 19:07:30,462 [INFO] Episode 1810 COMPLETE | Reward -818.72 | Steps 1000 | Terminated False | Truncated True
2026-02-27 19:07:30,479 [INFO] Checkpoint saved: checkpoints/ppo_ep_01810.pt
2026-02-27 19:07:33,502 [INFO] Step 0: reward=-0.207, dist=2.19
2026-02-27 19:07:37,996 [INFO] Step 200: reward=-2.662, dist=3.42
2026-02-27 19:07:43,292 [INFO] Step 400: reward=-0.044, dist=4.74
2026-02-27 19:07:47,885 [INFO] Step 600: reward=0.088, dist=6.24
2026-02-27 19:07:52,665 [INFO] Step 800: reward=0.026, dist=7.81
2026-02-27 19:07:56,834 [INFO] Performing PPO update at global step 1447936
2026-02-27 19:07:57,094 [INFO] PPO losses — policy: 0.0758, value: 117.0077, entropy: 4.2242
2026-02-27 19:07:57,099 [INFO] PPO update completed. Buffer cleared.
2026-02-27 19:07:58,615 [INFO] Episode 1811 COMPLETE | Reward -830.48 | Steps 1000 | Terminated False | Truncated True
2026-02-27 19:08:02,683 [INFO] Step 0: reward=-0.205, dist=2.38
2026-02-27 19:08:08,350 [INFO] Step 200: reward=0.094, dist=4.11
2026-02-27 19:08:13,031 [INFO] Step 400: reward=-1.237, dist=5.64
2026-02-27 19:08:18,568 [INFO] Step 600: reward=-0.005, dist=6.81
2026-02-27 19:08:23,986 [INFO] Step 800: reward=-0.038, dist=8.10
2026-02-27 19:08:28,702 [INFO] Episode 1812 COMPLETE | Reward -705.97 | Steps 1000 | Terminated False | Truncated True
2026-02-27 19:08:31,751 [INFO] Step 0: reward=-100.000, dist=111.12
2026-02-27 19:08:31,752 [INFO] Episode 1813 COMPLETE | Reward -100.00 | Steps 1 | Terminated False | Truncated True
2026-02-27 19:08:34,877 [INFO] Step 0: reward=-0.206, dist=3.88
2026-02-27 19:08:40,645 [INFO] Step 200: reward=0.093, dist=5.36
2026-02-27 19:08:45,914 [INFO] Step 400: reward=-1.941, dist=7.11
2026-02-27 19:08:49,960 [INFO] Step 600: reward=-1.905, dist=8.22
2026-02-27 19:08:55,040 [INFO] Step 800: reward=0.093, dist=9.86
2026-02-27 19:09:00,247 [INFO] Performing PPO update at global step 1449984
2026-02-27 19:09:00,508 [INFO] PPO losses — policy: -0.0020, value: 85.4119, entropy: 4.2242
2026-02-27 19:09:00,513 [INFO] PPO update completed. Buffer cleared.
2026-02-27 19:09:00,517 [INFO] Episode 1814 COMPLETE | Reward -679.63 | Steps 1000 | Terminated False | Truncated True
2026-02-27 19:09:05,025 [INFO] Step 0: reward=5.994, dist=2.69
2026-02-27 19:09:05,119 [INFO] Policy action (normalized): v = +1.000, w = +0.975 | Cmd_vel (scaled): v = +1.000 m/s, w = +0.975 rad/s
2026-02-27 19:09:08,772 [INFO] Episode 1815 COMPLETE | Reward 993.66 | Steps 142 | Terminated True | Truncated False
2026-02-27 19:09:08,794 [INFO] Checkpoint saved: checkpoints/ppo_ep_01815.pt
2026-02-27 19:09:11,991 [INFO] Step 0: reward=-1.205, dist=2.11
2026-02-27 19:09:17,261 [INFO] Step 200: reward=-2.206, dist=2.95
2026-02-27 19:09:23,147 [INFO] Step 400: reward=-1.913, dist=4.67
2026-02-27 19:09:28,029 [INFO] Step 600: reward=-0.133, dist=6.48
2026-02-27 19:09:34,483 [INFO] Step 800: reward=-0.108, dist=9.01
2026-02-27 19:09:40,422 [INFO] Episode 1816 COMPLETE | Reward -642.75 | Steps 1000 | Terminated False | Truncated True
2026-02-27 19:09:44,031 [INFO] Step 0: reward=5.551, dist=2.59
2026-02-27 19:09:47,340 [INFO] Episode 1817 COMPLETE | Reward 683.32 | Steps 78 | Terminated True | Truncated False
2026-02-27 19:09:51,556 [INFO] Step 0: reward=-0.205, dist=2.21
2026-02-27 19:09:57,642 [INFO] Step 200: reward=-2.208, dist=3.14
2026-02-27 19:10:04,396 [INFO] Step 400: reward=0.050, dist=5.15
2026-02-27 19:10:08,597 [INFO] Step 600: reward=-1.194, dist=6.48
2026-02-27 19:10:13,871 [INFO] Step 800: reward=-0.119, dist=8.09
2026-02-27 19:10:14,506 [INFO] Performing PPO update at global step 1452032
2026-02-27 19:10:14,788 [INFO] PPO losses — policy: 0.0035, value: 330.1397, entropy: 4.2242
2026-02-27 19:10:14,795 [INFO] PPO update completed. Buffer cleared.
2026-02-27 19:10:19,583 [INFO] Episode 1818 COMPLETE | Reward -756.41 | Steps 1000 | Terminated False | Truncated True
2026-02-27 19:10:23,315 [INFO] Step 0: reward=-0.205, dist=3.29
2026-02-27 19:10:28,328 [INFO] Step 200: reward=-0.217, dist=4.93
2026-02-27 19:10:33,454 [INFO] Step 400: reward=0.048, dist=6.93
2026-02-27 19:10:39,836 [INFO] Step 600: reward=-0.881, dist=9.30
2026-02-27 19:10:46,300 [INFO] Step 800: reward=-1.796, dist=11.19
2026-02-27 19:10:53,007 [INFO] Episode 1819 COMPLETE | Reward -613.53 | Steps 1000 | Terminated False | Truncated True
2026-02-27 19:10:57,212 [INFO] Step 0: reward=-0.206, dist=3.63
2026-02-27 19:11:00,719 [INFO] Step 200: reward=-0.101, dist=3.04
2026-02-27 19:11:06,392 [INFO] Step 400: reward=-2.791, dist=2.61
2026-02-27 19:11:10,217 [INFO] Step 600: reward=-0.380, dist=3.31
2026-02-27 19:11:14,279 [INFO] Step 800: reward=-0.144, dist=4.23
2026-02-27 19:11:15,356 [INFO] Performing PPO update at global step 1454080
2026-02-27 19:11:15,617 [INFO] PPO losses — policy: -0.0010, value: 138.4762, entropy: 4.2242
2026-02-27 19:11:15,622 [INFO] PPO update completed. Buffer cleared.
2026-02-27 19:11:18,491 [INFO] Episode 1820 COMPLETE | Reward -1152.61 | Steps 1000 | Terminated False | Truncated True
2026-02-27 19:11:18,510 [INFO] Checkpoint saved: checkpoints/ppo_ep_01820.pt
2026-02-27 19:11:21,699 [INFO] Step 0: reward=-0.216, dist=2.81
2026-02-27 19:11:26,930 [INFO] Step 200: reward=-0.305, dist=3.49
2026-02-27 19:11:34,079 [INFO] Step 400: reward=-0.086, dist=5.77
2026-02-27 19:11:39,127 [INFO] Step 600: reward=-1.061, dist=7.25
2026-02-27 19:11:44,826 [INFO] Step 800: reward=0.095, dist=8.96
2026-02-27 19:11:50,612 [INFO] Episode 1821 COMPLETE | Reward -658.00 | Steps 1000 | Terminated False | Truncated True
2026-02-27 19:11:53,107 [INFO] Step 0: reward=-0.212, dist=3.13
2026-02-27 19:11:57,502 [INFO] Episode 1822 COMPLETE | Reward 779.32 | Steps 121 | Terminated True | Truncated False
2026-02-27 19:12:01,715 [INFO] Step 0: reward=-0.207, dist=2.02
2026-02-27 19:12:07,779 [INFO] Step 200: reward=-0.207, dist=1.69
2026-02-27 19:12:12,946 [INFO] Step 400: reward=-0.207, dist=3.03
2026-02-27 19:12:17,805 [INFO] Step 600: reward=-0.279, dist=4.50
2026-02-27 19:12:23,997 [INFO] Step 800: reward=-0.125, dist=6.77
2026-02-27 19:12:24,149 [INFO] Performing PPO update at global step 1456128
2026-02-27 19:12:24,414 [INFO] PPO losses — policy: 0.0079, value: 689.5112, entropy: 4.2242
2026-02-27 19:12:24,419 [INFO] PPO update completed. Buffer cleared.
2026-02-27 19:12:31,146 [INFO] Episode 1823 COMPLETE | Reward -664.51 | Steps 1000 | Terminated False | Truncated True
2026-02-27 19:12:34,980 [INFO] Step 0: reward=-0.230, dist=2.03
2026-02-27 19:12:40,936 [INFO] Step 200: reward=-0.607, dist=3.20
2026-02-27 19:12:46,666 [INFO] Step 400: reward=-0.100, dist=5.00
2026-02-27 19:12:53,484 [INFO] Step 600: reward=-0.161, dist=7.49
2026-02-27 19:13:00,196 [INFO] Step 800: reward=-2.005, dist=9.60
2026-02-27 19:13:07,761 [INFO] Episode 1824 COMPLETE | Reward -538.21 | Steps 1000 | Terminated False | Truncated True
2026-02-27 19:13:10,801 [INFO] Step 0: reward=-0.262, dist=3.10
2026-02-27 19:13:15,982 [INFO] Step 200: reward=-0.167, dist=4.75
2026-02-27 19:13:21,764 [INFO] Step 400: reward=0.066, dist=6.87
2026-02-27 19:13:27,661 [INFO] Step 600: reward=-0.185, dist=8.76
2026-02-27 19:13:32,706 [INFO] Step 800: reward=-0.055, dist=10.60
2026-02-27 19:13:34,368 [INFO] Performing PPO update at global step 1458176
2026-02-27 19:13:34,629 [INFO] PPO losses — policy: 0.0021, value: 63.6186, entropy: 4.2242
2026-02-27 19:13:34,635 [INFO] PPO update completed. Buffer cleared.
2026-02-27 19:13:39,795 [INFO] Episode 1825 COMPLETE | Reward -464.21 | Steps 1000 | Terminated False | Truncated True
2026-02-27 19:13:39,816 [INFO] Checkpoint saved: checkpoints/ppo_ep_01825.pt
2026-02-27 19:13:43,877 [INFO] Step 0: reward=5.855, dist=3.56
2026-02-27 19:13:47,612 [INFO] Step 200: reward=6.174, dist=1.92
2026-02-27 19:13:49,402 [INFO] Episode 1826 COMPLETE | Reward 1561.37 | Steps 252 | Terminated True | Truncated False
2026-02-27 19:13:49,443 [INFO] New BEST model saved! Reward = 1561.37 (episode 1826)
2026-02-27 19:13:53,557 [INFO] Step 0: reward=5.995, dist=3.59
2026-02-27 19:13:58,363 [INFO] Step 200: reward=0.925, dist=1.49
2026-02-27 19:13:59,411 [INFO] Episode 1827 COMPLETE | Reward 1392.90 | Steps 221 | Terminated True | Truncated False
2026-02-27 19:14:01,866 [INFO] Step 0: reward=-0.243, dist=3.22
2026-02-27 19:14:06,765 [INFO] Episode 1828 COMPLETE | Reward 1227.17 | Steps 190 | Terminated True | Truncated False
2026-02-27 19:14:10,909 [INFO] Step 0: reward=-0.213, dist=2.04
2026-02-27 19:14:18,573 [INFO] Step 200: reward=-0.297, dist=2.67
2026-02-27 19:14:25,807 [INFO] Step 400: reward=-0.127, dist=5.13
2026-02-27 19:14:32,223 [INFO] Step 600: reward=-0.005, dist=7.53
2026-02-27 19:14:38,223 [INFO] Step 800: reward=-0.248, dist=9.69
2026-02-27 19:14:45,759 [INFO] Episode 1829 COMPLETE | Reward -509.69 | Steps 1000 | Terminated False | Truncated True
2026-02-27 19:14:49,676 [INFO] Step 0: reward=-0.234, dist=2.48
2026-02-27 19:14:49,730 [INFO] Policy action (normalized): v = +1.000, w = -0.729 | Cmd_vel (scaled): v = +1.000 m/s, w = -0.729 rad/s
2026-02-27 19:14:56,236 [INFO] Step 200: reward=-0.208, dist=3.10
2026-02-27 19:14:57,283 [INFO] Performing PPO update at global step 1460224
2026-02-27 19:14:57,549 [INFO] PPO losses — policy: -0.0060, value: 839.6878, entropy: 4.2242
2026-02-27 19:14:57,554 [INFO] PPO update completed. Buffer cleared.
2026-02-27 19:15:01,492 [INFO] Step 400: reward=0.067, dist=4.32
2026-02-27 19:15:07,928 [INFO] Step 600: reward=0.071, dist=6.34
2026-02-27 19:15:14,263 [INFO] Step 800: reward=-0.220, dist=8.51
2026-02-27 19:15:21,821 [INFO] Episode 1830 COMPLETE | Reward -402.94 | Steps 1000 | Terminated False | Truncated True
2026-02-27 19:15:21,842 [INFO] Checkpoint saved: checkpoints/ppo_ep_01830.pt
2026-02-27 19:15:25,836 [INFO] Step 0: reward=-0.210, dist=2.60
2026-02-27 19:15:31,399 [INFO] Step 200: reward=-0.169, dist=1.42
2026-02-27 19:15:35,690 [INFO] Step 400: reward=-2.216, dist=1.59
2026-02-27 19:15:42,527 [INFO] Step 600: reward=-0.341, dist=3.97
2026-02-27 19:15:46,932 [INFO] Step 800: reward=-2.032, dist=5.00
2026-02-27 19:15:55,309 [INFO] Episode 1831 COMPLETE | Reward -585.05 | Steps 1000 | Terminated False | Truncated True
2026-02-27 19:15:59,679 [INFO] Step 0: reward=-2.348, dist=2.11
2026-02-27 19:16:02,201 [INFO] Episode 1832 COMPLETE | Reward 592.94 | Steps 68 | Terminated True | Truncated False
2026-02-27 19:16:04,783 [INFO] Step 0: reward=-0.305, dist=2.57
2026-02-27 19:16:12,687 [INFO] Step 200: reward=-0.204, dist=5.58
2026-02-27 19:16:13,255 [INFO] Performing PPO update at global step 1462272
2026-02-27 19:16:13,528 [INFO] PPO losses — policy: 0.0071, value: 159.8638, entropy: 4.2242
2026-02-27 19:16:13,533 [INFO] PPO update completed. Buffer cleared.
2026-02-27 19:16:18,542 [INFO] Step 400: reward=0.091, dist=7.54
2026-02-27 19:16:25,055 [INFO] Step 600: reward=-1.874, dist=9.98
2026-02-27 19:16:33,648 [INFO] Step 800: reward=-0.222, dist=12.88
2026-02-27 19:16:40,110 [INFO] Episode 1833 COMPLETE | Reward -479.10 | Steps 1000 | Terminated False | Truncated True
2026-02-27 19:16:44,091 [INFO] Step 0: reward=-0.228, dist=2.40
2026-02-27 19:16:50,206 [INFO] Step 200: reward=-0.325, dist=2.96
2026-02-27 19:16:56,612 [INFO] Step 400: reward=-0.305, dist=3.52
2026-02-27 19:17:02,239 [INFO] Step 600: reward=-0.184, dist=4.62
2026-02-27 19:17:08,833 [INFO] Step 800: reward=0.081, dist=6.37
2026-02-27 19:17:15,052 [INFO] Episode 1834 COMPLETE | Reward -654.53 | Steps 1000 | Terminated False | Truncated True
2026-02-27 19:17:18,176 [INFO] Step 0: reward=-0.305, dist=3.00
2026-02-27 19:17:26,276 [INFO] Step 200: reward=-0.062, dist=6.01
2026-02-27 19:17:28,483 [INFO] Performing PPO update at global step 1464320
2026-02-27 19:17:28,747 [INFO] PPO losses — policy: 0.0064, value: 77.6825, entropy: 4.2242
2026-02-27 19:17:28,751 [INFO] PPO update completed. Buffer cleared.
2026-02-27 19:17:34,100 [INFO] Step 400: reward=-0.037, dist=8.78
2026-02-27 19:17:40,371 [INFO] Step 600: reward=-1.908, dist=10.47
2026-02-27 19:17:46,730 [INFO] Step 800: reward=-0.174, dist=11.95
2026-02-27 19:17:50,945 [INFO] Episode 1835 COMPLETE | Reward -418.57 | Steps 1000 | Terminated False | Truncated True
2026-02-27 19:17:50,963 [INFO] Checkpoint saved: checkpoints/ppo_ep_01835.pt
2026-02-27 19:17:55,911 [INFO] Step 0: reward=-0.809, dist=3.24
2026-02-27 19:18:01,561 [INFO] Step 200: reward=-0.230, dist=2.32
2026-02-27 19:18:08,094 [INFO] Step 400: reward=-0.265, dist=2.99
2026-02-27 19:18:15,603 [INFO] Step 600: reward=-0.095, dist=4.91
2026-02-27 19:18:24,000 [INFO] Step 800: reward=-2.206, dist=7.70
2026-02-27 19:18:30,429 [INFO] Episode 1836 COMPLETE | Reward -616.77 | Steps 1000 | Terminated False | Truncated True
2026-02-27 19:18:35,035 [INFO] Step 0: reward=-0.207, dist=2.05
2026-02-27 19:18:40,684 [INFO] Step 200: reward=-0.430, dist=3.60
2026-02-27 19:18:45,427 [INFO] Performing PPO update at global step 1466368
2026-02-27 19:18:45,825 [INFO] PPO losses — policy: 0.2429, value: 76.0128, entropy: 4.2242
2026-02-27 19:18:45,833 [INFO] PPO update completed. Buffer cleared.
2026-02-27 19:18:47,890 [INFO] Step 400: reward=-0.199, dist=6.30
2026-02-27 19:18:52,792 [INFO] Step 600: reward=-0.527, dist=7.85
2026-02-27 19:18:58,046 [INFO] Step 800: reward=-1.649, dist=9.63
2026-02-27 19:19:05,342 [INFO] Episode 1837 COMPLETE | Reward -637.53 | Steps 1000 | Terminated False | Truncated True
2026-02-27 19:19:09,484 [INFO] Step 0: reward=-0.205, dist=3.70
2026-02-27 19:19:17,602 [INFO] Step 200: reward=-0.340, dist=3.73
2026-02-27 19:19:26,015 [INFO] Step 400: reward=-0.091, dist=6.51
2026-02-27 19:19:31,745 [INFO] Step 600: reward=0.095, dist=8.41
2026-02-27 19:19:37,077 [INFO] Step 800: reward=-1.188, dist=10.25
2026-02-27 19:19:40,640 [INFO] Episode 1838 COMPLETE | Reward -624.95 | Steps 1000 | Terminated False | Truncated True
2026-02-27 19:19:44,171 [INFO] Step 0: reward=-0.262, dist=3.73
2026-02-27 19:19:50,631 [INFO] Step 200: reward=-0.505, dist=5.95
2026-02-27 19:19:54,211 [INFO] Performing PPO update at global step 1468416
2026-02-27 19:19:54,476 [INFO] PPO losses — policy: 0.1352, value: 67.2054, entropy: 4.2242
2026-02-27 19:19:54,481 [INFO] PPO update completed. Buffer cleared.
2026-02-27 19:19:55,874 [INFO] Step 400: reward=-0.127, dist=7.57
2026-02-27 19:20:01,565 [INFO] Step 600: reward=-0.206, dist=9.63
2026-02-27 19:20:08,643 [INFO] Step 800: reward=-2.040, dist=11.75
2026-02-27 19:20:15,125 [INFO] Episode 1839 COMPLETE | Reward -385.05 | Steps 1000 | Terminated False | Truncated True
2026-02-27 19:20:19,368 [INFO] Step 0: reward=-0.230, dist=3.98
2026-02-27 19:20:24,921 [INFO] Step 200: reward=-1.960, dist=5.48
2026-02-27 19:20:32,651 [INFO] Step 400: reward=0.076, dist=6.96
2026-02-27 19:20:39,951 [INFO] Step 600: reward=0.093, dist=6.12
2026-02-27 19:20:47,777 [INFO] Step 800: reward=0.130, dist=4.29
2026-02-27 19:20:53,950 [INFO] Policy action (normalized): v = +1.000, w = -0.915 | Cmd_vel (scaled): v = +1.000 m/s, w = -0.915 rad/s
2026-02-27 19:20:56,015 [INFO] Episode 1840 COMPLETE | Reward 217.02 | Steps 1000 | Terminated False | Truncated True
2026-02-27 19:20:56,040 [INFO] Checkpoint saved: checkpoints/ppo_ep_01840.pt
2026-02-27 19:21:21,200 [INFO] Step 0: reward=-100.000, dist=5466.50
2026-02-27 19:21:21,201 [INFO] Episode 1841 COMPLETE | Reward -100.00 | Steps 1 | Terminated False | Truncated True
2026-02-27 19:21:25,954 [INFO] Step 0: reward=-0.305, dist=3.51
2026-02-27 19:21:31,678 [INFO] Step 200: reward=-2.267, dist=3.58
2026-02-27 19:21:38,555 [INFO] Step 400: reward=-0.205, dist=3.44
2026-02-27 19:21:38,604 [INFO] Performing PPO update at global step 1470464
2026-02-27 19:21:38,876 [INFO] PPO losses — policy: 0.0078, value: 910.4499, entropy: 4.2242
2026-02-27 19:21:38,880 [INFO] PPO update completed. Buffer cleared.
2026-02-27 19:21:44,559 [INFO] Step 600: reward=-2.234, dist=3.16
2026-02-27 19:21:52,623 [INFO] Step 800: reward=-0.224, dist=3.94
2026-02-27 19:21:57,535 [INFO] Episode 1842 COMPLETE | Reward -1371.94 | Steps 1000 | Terminated False | Truncated True
2026-02-27 19:22:01,770 [INFO] Step 0: reward=-0.227, dist=3.73
2026-02-27 19:22:08,298 [INFO] Step 200: reward=-2.257, dist=3.32
2026-02-27 19:22:14,427 [INFO] Step 400: reward=-2.261, dist=3.50
2026-02-27 19:22:23,030 [INFO] Step 600: reward=-1.529, dist=2.87
2026-02-27 19:22:28,507 [INFO] Step 800: reward=-0.305, dist=2.80
2026-02-27 19:22:32,540 [INFO] Episode 1843 COMPLETE | Reward -694.70 | Steps 1000 | Terminated False | Truncated True
2026-02-27 19:22:34,854 [INFO] Step 0: reward=-0.205, dist=2.37
2026-02-27 19:22:40,340 [INFO] Step 200: reward=0.094, dist=4.61
2026-02-27 19:22:46,789 [INFO] Step 400: reward=0.094, dist=6.28
2026-02-27 19:22:48,356 [INFO] Performing PPO update at global step 1472512
2026-02-27 19:22:48,620 [INFO] PPO losses — policy: 0.0263, value: 129.2675, entropy: 4.2242
2026-02-27 19:22:48,625 [INFO] PPO update completed. Buffer cleared.
2026-02-27 19:22:52,733 [INFO] Step 600: reward=0.089, dist=6.65
2026-02-27 19:22:58,086 [INFO] Step 800: reward=0.084, dist=6.47
2026-02-27 19:23:02,130 [INFO] Episode 1844 COMPLETE | Reward -593.18 | Steps 1000 | Terminated False | Truncated True
2026-02-27 19:23:07,196 [INFO] Step 0: reward=-0.207, dist=2.97
2026-02-27 19:23:14,911 [INFO] Step 200: reward=-0.419, dist=3.66
2026-02-27 19:23:19,851 [INFO] Step 400: reward=0.084, dist=5.43
2026-02-27 19:23:27,642 [INFO] Step 600: reward=0.077, dist=6.99
2026-02-27 19:23:34,162 [INFO] Step 800: reward=0.067, dist=7.45
2026-02-27 19:23:41,344 [INFO] Episode 1845 COMPLETE | Reward -305.32 | Steps 1000 | Terminated False | Truncated True
2026-02-27 19:23:41,361 [INFO] Checkpoint saved: checkpoints/ppo_ep_01845.pt
2026-02-27 19:23:43,917 [INFO] Step 0: reward=-0.218, dist=3.28
2026-02-27 19:23:50,096 [INFO] Step 200: reward=-0.538, dist=3.60
2026-02-27 19:23:56,083 [INFO] Step 400: reward=-1.479, dist=5.54
2026-02-27 19:24:00,274 [INFO] Performing PPO update at global step 1474560
2026-02-27 19:24:00,591 [INFO] PPO losses — policy: -0.0021, value: 102.4531, entropy: 4.2242
2026-02-27 19:24:00,597 [INFO] PPO update completed. Buffer cleared.
2026-02-27 19:24:02,923 [INFO] Step 600: reward=-3.045, dist=6.78
2026-02-27 19:24:08,657 [INFO] Step 800: reward=0.049, dist=7.32
2026-02-27 19:24:16,314 [INFO] Episode 1846 COMPLETE | Reward -522.11 | Steps 1000 | Terminated False | Truncated True
2026-02-27 19:24:20,505 [INFO] Step 0: reward=-0.247, dist=3.95
2026-02-27 19:24:24,761 [INFO] Step 200: reward=5.917, dist=2.86
2026-02-27 19:24:28,606 [INFO] Episode 1847 COMPLETE | Reward 712.60 | Steps 330 | Terminated True | Truncated False
2026-02-27 19:24:31,895 [INFO] Step 0: reward=-0.215, dist=2.19
2026-02-27 19:24:36,979 [INFO] Step 200: reward=-0.372, dist=3.71
2026-02-27 19:24:43,758 [INFO] Step 400: reward=0.053, dist=4.70
2026-02-27 19:24:50,204 [INFO] Step 600: reward=-1.949, dist=4.58
2026-02-27 19:24:54,699 [INFO] Step 800: reward=0.174, dist=4.08
2026-02-27 19:25:01,005 [INFO] Episode 1848 COMPLETE | Reward -476.48 | Steps 1000 | Terminated False | Truncated True
2026-02-27 19:25:04,854 [INFO] Step 0: reward=-0.205, dist=2.85
2026-02-27 19:25:09,853 [INFO] Step 200: reward=-2.121, dist=1.36
2026-02-27 19:25:10,520 [INFO] Performing PPO update at global step 1476608
2026-02-27 19:25:10,785 [INFO] PPO losses — policy: 0.0127, value: 1114.9231, entropy: 4.2242
2026-02-27 19:25:10,789 [INFO] PPO update completed. Buffer cleared.
2026-02-27 19:25:11,236 [INFO] Episode 1849 COMPLETE | Reward 82.13 | Steps 234 | Terminated True | Truncated False
2026-02-27 19:25:13,703 [INFO] Step 0: reward=-2.193, dist=3.97
2026-02-27 19:25:18,415 [INFO] Step 200: reward=0.095, dist=5.03
2026-02-27 19:25:22,238 [INFO] Step 400: reward=-0.181, dist=6.34
2026-02-27 19:25:27,060 [INFO] Step 600: reward=0.022, dist=7.21
2026-02-27 19:25:31,533 [INFO] Step 800: reward=-1.898, dist=7.53
2026-02-27 19:25:37,902 [INFO] Episode 1850 COMPLETE | Reward -654.70 | Steps 1000 | Terminated False | Truncated True
2026-02-27 19:25:37,920 [INFO] Checkpoint saved: checkpoints/ppo_ep_01850.pt
2026-02-27 19:25:41,003 [INFO] Step 0: reward=-0.250, dist=2.16
2026-02-27 19:25:45,896 [INFO] Step 200: reward=-2.218, dist=3.04
2026-02-27 19:25:51,056 [INFO] Step 400: reward=-0.219, dist=3.64
2026-02-27 19:25:55,974 [INFO] Step 600: reward=-2.206, dist=2.97
2026-02-27 19:26:00,875 [INFO] Episode 1851 COMPLETE | Reward 176.76 | Steps 769 | Terminated True | Truncated False
2026-02-27 19:26:03,998 [INFO] Step 0: reward=-0.207, dist=2.03
2026-02-27 19:26:10,694 [INFO] Step 200: reward=-0.587, dist=3.94
2026-02-27 19:26:12,219 [INFO] Performing PPO update at global step 1478656
2026-02-27 19:26:12,495 [INFO] PPO losses — policy: 0.0009, value: 760.5407, entropy: 4.2242
2026-02-27 19:26:12,500 [INFO] PPO update completed. Buffer cleared.
2026-02-27 19:26:15,836 [INFO] Step 400: reward=0.065, dist=5.73
2026-02-27 19:26:20,183 [INFO] Step 600: reward=0.112, dist=6.69
2026-02-27 19:26:24,761 [INFO] Step 800: reward=-0.017, dist=7.06
2026-02-27 19:26:30,257 [INFO] Episode 1852 COMPLETE | Reward -568.69 | Steps 1000 | Terminated False | Truncated True
2026-02-27 19:26:34,764 [INFO] Step 0: reward=5.994, dist=3.98
2026-02-27 19:26:38,494 [INFO] Step 200: reward=6.493, dist=2.59
2026-02-27 19:26:41,766 [INFO] Episode 1853 COMPLETE | Reward 1533.60 | Steps 282 | Terminated True | Truncated False
2026-02-27 19:26:45,834 [INFO] Step 0: reward=-0.305, dist=2.57
2026-02-27 19:26:51,434 [INFO] Step 200: reward=-0.127, dist=4.69
2026-02-27 19:26:53,816 [INFO] Policy action (normalized): v = -0.841, w = -0.913 | Cmd_vel (scaled): v = -0.841 m/s, w = -0.913 rad/s
2026-02-27 19:26:55,133 [INFO] Step 400: reward=-0.046, dist=5.44
2026-02-27 19:27:01,954 [INFO] Step 600: reward=0.130, dist=6.35
2026-02-27 19:27:08,564 [INFO] Step 800: reward=-1.840, dist=5.40
2026-02-27 19:27:15,773 [INFO] Episode 1854 COMPLETE | Reward 11.84 | Steps 1000 | Terminated False | Truncated True
2026-02-27 19:27:18,900 [INFO] Step 0: reward=-0.236, dist=2.92
2026-02-27 19:27:19,889 [INFO] Performing PPO update at global step 1480704
2026-02-27 19:27:20,161 [INFO] PPO losses — policy: 0.0154, value: 1221.2822, entropy: 4.2242
2026-02-27 19:27:20,166 [INFO] PPO update completed. Buffer cleared.
2026-02-27 19:27:25,252 [INFO] Step 200: reward=-0.305, dist=3.98
2026-02-27 19:27:31,583 [INFO] Step 400: reward=0.071, dist=5.81
2026-02-27 19:27:36,607 [INFO] Step 600: reward=0.095, dist=7.40
2026-02-27 19:27:42,703 [INFO] Step 800: reward=0.077, dist=8.62
2026-02-27 19:27:48,468 [INFO] Episode 1855 COMPLETE | Reward -457.95 | Steps 1000 | Terminated False | Truncated True
2026-02-27 19:27:48,487 [INFO] Checkpoint saved: checkpoints/ppo_ep_01855.pt
2026-02-27 19:27:52,831 [INFO] Step 0: reward=-0.644, dist=2.88
2026-02-27 19:28:00,224 [INFO] Step 200: reward=-0.063, dist=5.47
2026-02-27 19:28:07,085 [INFO] Step 400: reward=0.048, dist=6.86
2026-02-27 19:28:12,671 [INFO] Step 600: reward=0.131, dist=5.81
2026-02-27 19:28:18,940 [INFO] Step 800: reward=6.289, dist=3.28
2026-02-27 19:28:23,905 [INFO] Episode 1856 COMPLETE | Reward 1642.15 | Steps 1000 | Terminated False | Truncated True
2026-02-27 19:28:26,934 [INFO] Step 0: reward=-0.305, dist=3.27
2026-02-27 19:28:28,847 [INFO] Performing PPO update at global step 1482752
2026-02-27 19:28:29,144 [INFO] PPO losses — policy: -0.0004, value: 806.4383, entropy: 4.2242
2026-02-27 19:28:29,154 [INFO] PPO update completed. Buffer cleared.
2026-02-27 19:28:32,026 [INFO] Step 200: reward=-0.245, dist=2.68
2026-02-27 19:28:37,161 [INFO] Step 400: reward=-0.224, dist=3.84
2026-02-27 19:28:43,324 [INFO] Step 600: reward=-0.103, dist=6.23
2026-02-27 19:28:49,546 [INFO] Step 800: reward=0.092, dist=7.86
2026-02-27 19:28:55,087 [INFO] Episode 1857 COMPLETE | Reward -679.82 | Steps 1000 | Terminated False | Truncated True
2026-02-27 19:28:58,265 [INFO] Step 0: reward=-0.206, dist=2.99
2026-02-27 19:29:04,477 [INFO] Step 200: reward=-0.913, dist=4.41
2026-02-27 19:29:11,038 [INFO] Step 400: reward=-1.910, dist=6.69
2026-02-27 19:29:17,438 [INFO] Step 600: reward=0.095, dist=8.49
2026-02-27 19:29:22,014 [INFO] Step 800: reward=0.066, dist=9.20
2026-02-27 19:29:27,053 [INFO] Episode 1858 COMPLETE | Reward -623.94 | Steps 1000 | Terminated False | Truncated True
2026-02-27 19:29:32,077 [INFO] Step 0: reward=-0.215, dist=3.97
2026-02-27 19:29:35,395 [INFO] Performing PPO update at global step 1484800
2026-02-27 19:29:35,675 [INFO] PPO losses — policy: -0.0002, value: 835.0169, entropy: 4.2242
2026-02-27 19:29:35,680 [INFO] PPO update completed. Buffer cleared.
2026-02-27 19:29:37,727 [INFO] Step 200: reward=6.137, dist=1.83
2026-02-27 19:29:39,415 [INFO] Episode 1859 COMPLETE | Reward 1184.28 | Steps 285 | Terminated True | Truncated False
2026-02-27 19:29:42,660 [INFO] Step 0: reward=-0.238, dist=3.57
2026-02-27 19:29:47,214 [INFO] Step 200: reward=-0.205, dist=3.06
2026-02-27 19:29:53,827 [INFO] Step 400: reward=-0.076, dist=5.34
2026-02-27 19:29:57,874 [INFO] Step 600: reward=-0.064, dist=6.76
2026-02-27 19:30:02,013 [INFO] Step 800: reward=0.057, dist=7.35
2026-02-27 19:30:06,763 [INFO] Episode 1860 COMPLETE | Reward -660.01 | Steps 1000 | Terminated False | Truncated True
2026-02-27 19:30:06,781 [INFO] Checkpoint saved: checkpoints/ppo_ep_01860.pt
2026-02-27 19:30:09,888 [INFO] Step 0: reward=5.959, dist=2.19
2026-02-27 19:30:12,376 [INFO] Episode 1861 COMPLETE | Reward 868.92 | Steps 112 | Terminated True | Truncated False
2026-02-27 19:30:16,492 [INFO] Step 0: reward=-0.235, dist=3.09
2026-02-27 19:30:20,210 [INFO] Step 200: reward=-0.217, dist=2.47
2026-02-27 19:30:26,893 [INFO] Step 400: reward=-0.403, dist=4.00
2026-02-27 19:30:33,055 [INFO] Step 600: reward=-0.130, dist=5.84
2026-02-27 19:30:38,371 [INFO] Performing PPO update at global step 1486848
2026-02-27 19:30:38,658 [INFO] PPO losses — policy: 0.0074, value: 296.0865, entropy: 4.2242
2026-02-27 19:30:38,663 [INFO] PPO update completed. Buffer cleared.
2026-02-27 19:30:39,314 [INFO] Step 800: reward=0.093, dist=7.22
2026-02-27 19:30:45,205 [INFO] Episode 1862 COMPLETE | Reward -635.20 | Steps 1000 | Terminated False | Truncated True
2026-02-27 19:30:49,877 [INFO] Step 0: reward=-0.205, dist=3.70
2026-02-27 19:30:54,011 [INFO] Step 200: reward=6.307, dist=1.74
2026-02-27 19:30:55,558 [INFO] Episode 1863 COMPLETE | Reward 1532.70 | Steps 252 | Terminated True | Truncated False
2026-02-27 19:30:58,707 [INFO] Step 0: reward=-0.211, dist=2.65
2026-02-27 19:31:03,669 [INFO] Step 200: reward=-0.203, dist=4.02
2026-02-27 19:31:09,742 [INFO] Step 400: reward=0.081, dist=5.22
2026-02-27 19:31:15,172 [INFO] Step 600: reward=-1.909, dist=6.24
2026-02-27 19:31:19,418 [INFO] Step 800: reward=-0.334, dist=7.07
2026-02-27 19:31:25,539 [INFO] Episode 1864 COMPLETE | Reward -527.74 | Steps 1000 | Terminated False | Truncated True
2026-02-27 19:31:28,785 [INFO] Step 0: reward=-0.206, dist=3.01
2026-02-27 19:31:34,041 [INFO] Step 200: reward=-0.469, dist=4.41
2026-02-27 19:31:39,324 [INFO] Step 400: reward=-2.091, dist=6.10
2026-02-27 19:31:45,235 [INFO] Performing PPO update at global step 1488896
2026-02-27 19:31:45,505 [INFO] PPO losses — policy: -0.0004, value: 762.8908, entropy: 4.2242
2026-02-27 19:31:45,510 [INFO] PPO update completed. Buffer cleared.
2026-02-27 19:31:45,844 [INFO] Step 600: reward=-2.029, dist=7.85
2026-02-27 19:31:52,467 [INFO] Step 800: reward=-0.260, dist=9.29
2026-02-27 19:31:58,688 [INFO] Episode 1865 COMPLETE | Reward -456.84 | Steps 1000 | Terminated False | Truncated True
2026-02-27 19:31:58,706 [INFO] Checkpoint saved: checkpoints/ppo_ep_01865.pt
2026-02-27 19:32:01,743 [INFO] Step 0: reward=-0.305, dist=3.54
2026-02-27 19:32:08,676 [INFO] Step 200: reward=0.087, dist=5.10
2026-02-27 19:32:15,691 [INFO] Step 400: reward=-0.036, dist=6.48
2026-02-27 19:32:21,802 [INFO] Step 600: reward=-0.241, dist=7.87
2026-02-27 19:32:23,631 [INFO] Policy action (normalized): v = -0.974, w = +0.966 | Cmd_vel (scaled): v = -0.974 m/s, w = +0.966 rad/s
2026-02-27 19:32:27,038 [INFO] Step 800: reward=-1.116, dist=9.32
2026-02-27 19:32:32,832 [INFO] Episode 1866 COMPLETE | Reward -492.23 | Steps 1000 | Terminated False | Truncated True
2026-02-27 19:32:35,874 [INFO] Step 0: reward=-0.206, dist=3.98
2026-02-27 19:32:40,836 [INFO] Step 200: reward=-0.098, dist=5.02
2026-02-27 19:32:47,246 [INFO] Step 400: reward=0.095, dist=6.75
2026-02-27 19:32:54,460 [INFO] Step 600: reward=-0.045, dist=8.73
2026-02-27 19:32:54,747 [INFO] Performing PPO update at global step 1490944
2026-02-27 19:32:55,024 [INFO] PPO losses — policy: 0.0163, value: 64.8600, entropy: 4.2242
2026-02-27 19:32:55,029 [INFO] PPO update completed. Buffer cleared.
2026-02-27 19:32:59,507 [INFO] Step 800: reward=0.090, dist=9.86
2026-02-27 19:33:05,533 [INFO] Episode 1867 COMPLETE | Reward -406.67 | Steps 1000 | Terminated False | Truncated True
2026-02-27 19:33:07,659 [INFO] Step 0: reward=-0.243, dist=3.76
2026-02-27 19:33:12,442 [INFO] Step 200: reward=-0.166, dist=2.77
2026-02-27 19:33:19,189 [INFO] Step 400: reward=-0.163, dist=4.07
2026-02-27 19:33:25,195 [INFO] Step 600: reward=0.093, dist=5.85
2026-02-27 19:33:30,280 [INFO] Step 800: reward=-0.353, dist=7.75
2026-02-27 19:33:35,989 [INFO] Episode 1868 COMPLETE | Reward -684.67 | Steps 1000 | Terminated False | Truncated True
2026-02-27 19:33:40,871 [INFO] Step 0: reward=-0.221, dist=2.33
2026-02-27 19:33:45,713 [INFO] Step 200: reward=-1.716, dist=3.13
2026-02-27 19:33:49,438 [INFO] Step 400: reward=-0.277, dist=4.32
2026-02-27 19:33:55,455 [INFO] Step 600: reward=-0.307, dist=6.72
2026-02-27 19:33:57,676 [INFO] Performing PPO update at global step 1492992
2026-02-27 19:33:57,944 [INFO] PPO losses — policy: 0.0020, value: 94.8258, entropy: 4.2242
2026-02-27 19:33:57,949 [INFO] PPO update completed. Buffer cleared.
2026-02-27 19:34:00,480 [INFO] Step 800: reward=-0.087, dist=8.32
2026-02-27 19:34:04,851 [INFO] Episode 1869 COMPLETE | Reward -650.86 | Steps 1000 | Terminated False | Truncated True
2026-02-27 19:34:07,960 [INFO] Step 0: reward=-0.264, dist=3.53
2026-02-27 19:34:15,029 [INFO] Step 200: reward=-1.337, dist=3.86
2026-02-27 19:34:20,368 [INFO] Step 400: reward=0.092, dist=5.75
2026-02-27 19:34:27,374 [INFO] Step 600: reward=-1.905, dist=8.04
2026-02-27 19:34:34,208 [INFO] Step 800: reward=0.022, dist=8.88
2026-02-27 19:34:41,461 [INFO] Episode 1870 COMPLETE | Reward -400.59 | Steps 1000 | Terminated False | Truncated True
2026-02-27 19:34:41,481 [INFO] Checkpoint saved: checkpoints/ppo_ep_01870.pt
2026-02-27 19:34:43,725 [INFO] Step 0: reward=-0.205, dist=2.83
2026-02-27 19:34:49,280 [INFO] Step 200: reward=-0.223, dist=3.50
2026-02-27 19:34:53,287 [INFO] Step 400: reward=-0.071, dist=4.82
2026-02-27 19:35:00,333 [INFO] Step 600: reward=-0.072, dist=7.25
2026-02-27 19:35:04,315 [INFO] Performing PPO update at global step 1495040
2026-02-27 19:35:04,588 [INFO] PPO losses — policy: 0.0170, value: 68.6783, entropy: 4.2242
2026-02-27 19:35:04,592 [INFO] PPO update completed. Buffer cleared.
2026-02-27 19:35:06,858 [INFO] Step 800: reward=0.081, dist=9.83
2026-02-27 19:35:12,871 [INFO] Episode 1871 COMPLETE | Reward -585.58 | Steps 1000 | Terminated False | Truncated True
2026-02-27 19:35:16,954 [INFO] Step 0: reward=-0.215, dist=2.33
2026-02-27 19:35:19,682 [INFO] Episode 1872 COMPLETE | Reward 677.18 | Steps 72 | Terminated True | Truncated False
2026-02-27 19:35:22,764 [INFO] Step 0: reward=-0.208, dist=2.13
2026-02-27 19:35:26,912 [INFO] Step 200: reward=-0.261, dist=1.46
2026-02-27 19:35:32,542 [INFO] Step 400: reward=-0.305, dist=2.53
2026-02-27 19:35:38,748 [INFO] Step 600: reward=-0.134, dist=4.23
2026-02-27 19:35:44,773 [INFO] Step 800: reward=-0.005, dist=6.01
2026-02-27 19:35:49,795 [INFO] Episode 1873 COMPLETE | Reward -599.09 | Steps 1000 | Terminated False | Truncated True
2026-02-27 19:35:53,002 [INFO] Step 0: reward=-0.250, dist=2.01
2026-02-27 19:35:59,423 [INFO] Step 200: reward=-0.116, dist=4.66
2026-02-27 19:36:06,038 [INFO] Step 400: reward=0.094, dist=6.78
2026-02-27 19:36:11,751 [INFO] Step 600: reward=0.095, dist=8.31
2026-02-27 19:36:13,963 [INFO] Performing PPO update at global step 1497088
2026-02-27 19:36:14,230 [INFO] PPO losses — policy: 0.0357, value: 246.0221, entropy: 4.2242
2026-02-27 19:36:14,235 [INFO] PPO update completed. Buffer cleared.
2026-02-27 19:36:17,455 [INFO] Step 800: reward=0.037, dist=9.89
2026-02-27 19:36:23,271 [INFO] Episode 1874 COMPLETE | Reward -505.23 | Steps 1000 | Terminated False | Truncated True
2026-02-27 19:36:34,867 [INFO] Step 0: reward=0.092, dist=4.24
2026-02-27 19:36:39,584 [INFO] Step 200: reward=-0.236, dist=3.74
2026-02-27 19:36:45,678 [INFO] Step 400: reward=0.091, dist=4.97
2026-02-27 19:36:51,444 [INFO] Step 600: reward=-0.208, dist=7.37
2026-02-27 19:36:57,377 [INFO] Step 800: reward=-0.471, dist=3.74
2026-02-27 19:37:02,055 [INFO] Episode 1875 COMPLETE | Reward -512.49 | Steps 1000 | Terminated False | Truncated True
2026-02-27 19:37:02,082 [INFO] Checkpoint saved: checkpoints/ppo_ep_01875.pt
2026-02-27 19:37:05,350 [INFO] Step 0: reward=-0.209, dist=3.40
2026-02-27 19:37:11,464 [INFO] Step 200: reward=0.080, dist=4.27
2026-02-27 19:37:16,221 [INFO] Step 400: reward=-0.316, dist=5.87
2026-02-27 19:37:21,588 [INFO] Step 600: reward=-1.722, dist=7.83
2026-02-27 19:37:25,288 [INFO] Performing PPO update at global step 1499136
2026-02-27 19:37:25,569 [INFO] PPO losses — policy: 0.0204, value: 69.2783, entropy: 4.2242
2026-02-27 19:37:25,578 [INFO] PPO update completed. Buffer cleared.
2026-02-27 19:37:27,184 [INFO] Step 800: reward=-0.340, dist=10.17
2026-02-27 19:37:33,345 [INFO] Episode 1876 COMPLETE | Reward -478.91 | Steps 1000 | Terminated False | Truncated True
2026-02-27 19:37:36,500 [INFO] Step 0: reward=-0.305, dist=2.36
2026-02-27 19:37:42,622 [INFO] Step 200: reward=-0.150, dist=4.80
2026-02-27 19:37:48,717 [INFO] Step 400: reward=0.045, dist=6.93
2026-02-27 19:37:53,884 [INFO] Step 600: reward=-0.183, dist=8.21
2026-02-27 19:37:54,069 [INFO] Policy action (normalized): v = +0.834, w = +0.740 | Cmd_vel (scaled): v = +0.834 m/s, w = +0.740 rad/s
2026-02-27 19:37:59,400 [INFO] Step 800: reward=-0.813, dist=9.54
2026-02-27 19:38:05,579 [INFO] Episode 1877 COMPLETE | Reward -480.03 | Steps 1000 | Terminated False | Truncated True
2026-02-27 19:38:08,745 [INFO] Step 0: reward=-0.206, dist=3.04
2026-02-27 19:38:14,122 [INFO] Step 200: reward=-0.145, dist=4.38
2026-02-27 19:38:20,401 [INFO] Step 400: reward=-0.005, dist=6.46
2026-02-27 19:38:26,451 [INFO] Step 600: reward=0.016, dist=7.81
2026-02-27 19:38:30,811 [INFO] Performing PPO update at global step 1501184
2026-02-27 19:38:31,083 [INFO] PPO losses — policy: 0.0032, value: 58.6193, entropy: 4.2242
2026-02-27 19:38:31,089 [INFO] PPO update completed. Buffer cleared.
2026-02-27 19:38:31,604 [INFO] Step 800: reward=0.059, dist=8.54
2026-02-27 19:38:37,028 [INFO] Episode 1878 COMPLETE | Reward -383.40 | Steps 1000 | Terminated False | Truncated True
2026-02-27 19:38:40,164 [INFO] Step 0: reward=-0.230, dist=3.76
2026-02-27 19:38:43,909 [INFO] Step 200: reward=-2.141, dist=5.26
2026-02-27 19:38:48,387 [INFO] Step 400: reward=0.083, dist=7.10
2026-02-27 19:38:53,351 [INFO] Step 600: reward=-0.170, dist=8.63
2026-02-27 19:38:59,287 [INFO] Step 800: reward=-0.135, dist=10.53
2026-02-27 19:39:04,021 [INFO] Episode 1879 COMPLETE | Reward -494.44 | Steps 1000 | Terminated False | Truncated True
2026-02-27 19:39:15,416 [INFO] Step 0: reward=0.071, dist=4.24
2026-02-27 19:39:19,679 [INFO] Step 200: reward=-0.208, dist=3.75
2026-02-27 19:39:25,506 [INFO] Step 400: reward=-0.105, dist=5.60
2026-02-27 19:39:32,149 [INFO] Step 600: reward=-0.147, dist=8.72
2026-02-27 19:39:37,547 [INFO] Step 800: reward=0.205, dist=4.02
2026-02-27 19:39:38,350 [INFO] Performing PPO update at global step 1503232
2026-02-27 19:39:38,625 [INFO] PPO losses — policy: 0.0015, value: 343.4202, entropy: 4.2242
2026-02-27 19:39:38,630 [INFO] PPO update completed. Buffer cleared.
2026-02-27 19:39:41,830 [INFO] Episode 1880 COMPLETE | Reward 713.09 | Steps 993 | Terminated True | Truncated False
2026-02-27 19:39:41,860 [INFO] Checkpoint saved: checkpoints/ppo_ep_01880.pt
2026-02-27 19:39:46,820 [INFO] Step 0: reward=-0.227, dist=2.73
2026-02-27 19:39:51,996 [INFO] Step 200: reward=-0.282, dist=1.30
2026-02-27 19:39:56,880 [INFO] Step 400: reward=-0.402, dist=1.81
2026-02-27 19:40:02,357 [INFO] Step 600: reward=-2.218, dist=3.34
2026-02-27 19:40:08,085 [INFO] Step 800: reward=-1.982, dist=4.10
2026-02-27 19:40:13,147 [INFO] Episode 1881 COMPLETE | Reward -591.89 | Steps 1000 | Terminated False | Truncated True
2026-02-27 19:40:17,237 [INFO] Step 0: reward=-0.305, dist=3.68
2026-02-27 19:40:23,441 [INFO] Step 200: reward=-1.905, dist=4.64
2026-02-27 19:40:30,109 [INFO] Step 400: reward=-0.303, dist=7.38
2026-02-27 19:40:34,144 [INFO] Step 600: reward=-0.030, dist=8.76
2026-02-27 19:40:40,861 [INFO] Step 800: reward=0.303, dist=8.74
2026-02-27 19:40:43,886 [INFO] Performing PPO update at global step 1505280
2026-02-27 19:40:44,172 [INFO] PPO losses — policy: 0.0497, value: 149.0969, entropy: 4.2242
2026-02-27 19:40:44,178 [INFO] PPO update completed. Buffer cleared.
2026-02-27 19:40:46,629 [INFO] Episode 1882 COMPLETE | Reward -30.88 | Steps 1000 | Terminated False | Truncated True
2026-02-27 19:40:48,737 [INFO] Step 0: reward=-0.305, dist=2.39
2026-02-27 19:40:54,590 [INFO] Step 200: reward=-0.979, dist=4.07
2026-02-27 19:40:59,297 [INFO] Step 400: reward=-1.923, dist=5.59
2026-02-27 19:41:03,234 [INFO] Step 600: reward=0.090, dist=6.25
2026-02-27 19:41:09,412 [INFO] Step 800: reward=0.226, dist=5.06
2026-02-27 19:41:14,178 [INFO] Episode 1883 COMPLETE | Reward -187.15 | Steps 1000 | Terminated False | Truncated True
2026-02-27 19:41:16,905 [INFO] Step 0: reward=-0.221, dist=3.18
2026-02-27 19:41:21,782 [INFO] Step 200: reward=-2.117, dist=4.55
2026-02-27 19:41:27,006 [INFO] Step 400: reward=-0.005, dist=6.45
2026-02-27 19:41:33,652 [INFO] Step 600: reward=0.063, dist=7.12
2026-02-27 19:41:39,804 [INFO] Step 800: reward=0.555, dist=5.24
2026-02-27 19:41:44,463 [INFO] Performing PPO update at global step 1507328
2026-02-27 19:41:44,799 [INFO] PPO losses — policy: 0.1312, value: 1864.3565, entropy: 4.2242
2026-02-27 19:41:44,806 [INFO] PPO update completed. Buffer cleared.
2026-02-27 19:41:46,686 [INFO] Episode 1884 COMPLETE | Reward 341.71 | Steps 1000 | Terminated False | Truncated True
2026-02-27 19:41:50,769 [INFO] Step 0: reward=-0.205, dist=3.92
2026-02-27 19:41:56,030 [INFO] Step 200: reward=0.048, dist=5.64
2026-02-27 19:42:00,494 [INFO] Step 400: reward=-0.118, dist=6.63
2026-02-27 19:42:08,617 [INFO] Step 600: reward=0.117, dist=6.69
2026-02-27 19:42:13,582 [INFO] Step 800: reward=0.095, dist=5.69
2026-02-27 19:42:19,175 [INFO] Episode 1885 COMPLETE | Reward -1.23 | Steps 1000 | Terminated False | Truncated True
2026-02-27 19:42:19,196 [INFO] Checkpoint saved: checkpoints/ppo_ep_01885.pt
2026-02-27 19:42:22,962 [INFO] Step 0: reward=-0.206, dist=3.16
2026-02-27 19:42:27,709 [INFO] Step 200: reward=0.524, dist=2.39
2026-02-27 19:42:34,393 [INFO] Step 400: reward=-4.770, dist=1.22
2026-02-27 19:42:39,452 [INFO] Step 600: reward=-9.156, dist=1.32
2026-02-27 19:42:40,827 [INFO] Episode 1886 COMPLETE | Reward -740.32 | Steps 675 | Terminated True | Truncated False
2026-02-27 19:42:43,959 [INFO] Step 0: reward=-0.305, dist=3.99
2026-02-27 19:42:47,876 [INFO] Step 200: reward=-2.206, dist=3.87
2026-02-27 19:42:50,671 [INFO] Performing PPO update at global step 1509376
2026-02-27 19:42:50,935 [INFO] PPO losses — policy: 0.0444, value: 4208.0394, entropy: 4.2242
2026-02-27 19:42:50,941 [INFO] PPO update completed. Buffer cleared.
2026-02-27 19:42:54,086 [INFO] Step 400: reward=-1.568, dist=2.41
2026-02-27 19:42:59,908 [INFO] Step 600: reward=-8.450, dist=1.33
2026-02-27 19:43:05,540 [INFO] Step 800: reward=0.834, dist=1.60
2026-02-27 19:43:09,533 [INFO] Policy action (normalized): v = -0.457, w = -1.000 | Cmd_vel (scaled): v = -0.457 m/s, w = -1.000 rad/s
2026-02-27 19:43:10,986 [INFO] Episode 1887 COMPLETE | Reward -1546.49 | Steps 1000 | Terminated False | Truncated True
2026-02-27 19:43:13,920 [INFO] Step 0: reward=-0.205, dist=2.41
2026-02-27 19:43:18,239 [INFO] Step 200: reward=-0.370, dist=2.37
2026-02-27 19:43:23,981 [INFO] Step 400: reward=-0.058, dist=4.46
2026-02-27 19:43:29,373 [INFO] Step 600: reward=0.093, dist=5.56
2026-02-27 19:43:35,262 [INFO] Step 800: reward=-0.005, dist=5.50
2026-02-27 19:43:40,088 [INFO] Episode 1888 COMPLETE | Reward -494.85 | Steps 1000 | Terminated False | Truncated True
2026-02-27 19:43:43,249 [INFO] Step 0: reward=-0.213, dist=2.84
2026-02-27 19:43:49,548 [INFO] Step 200: reward=0.669, dist=1.08
2026-02-27 19:43:50,209 [INFO] Episode 1889 COMPLETE | Reward 309.72 | Steps 213 | Terminated True | Truncated False
2026-02-27 19:43:53,334 [INFO] Step 0: reward=-0.305, dist=3.83
2026-02-27 19:43:57,613 [INFO] Performing PPO update at global step 1511424
2026-02-27 19:43:57,879 [INFO] PPO losses — policy: -0.0319, value: 4091.6925, entropy: 4.2242
2026-02-27 19:43:57,884 [INFO] PPO update completed. Buffer cleared.
2026-02-27 19:43:59,250 [INFO] Step 200: reward=-0.062, dist=3.35
2026-02-27 19:44:03,999 [INFO] Step 400: reward=-0.095, dist=2.25
2026-02-27 19:44:10,868 [INFO] Step 600: reward=-0.205, dist=1.06
2026-02-27 19:44:16,375 [INFO] Step 800: reward=-0.972, dist=2.43
2026-02-27 19:44:22,624 [INFO] Episode 1890 COMPLETE | Reward -728.97 | Steps 1000 | Terminated False | Truncated True
2026-02-27 19:44:22,643 [INFO] Checkpoint saved: checkpoints/ppo_ep_01890.pt
2026-02-27 19:44:25,785 [INFO] Step 0: reward=-0.205, dist=3.07
2026-02-27 19:44:31,947 [INFO] Step 200: reward=-1.106, dist=5.26
2026-02-27 19:44:37,823 [INFO] Step 400: reward=-0.040, dist=5.92
2026-02-27 19:44:43,847 [INFO] Step 600: reward=-1.875, dist=5.98
2026-02-27 19:44:49,045 [INFO] Step 800: reward=0.715, dist=4.82
2026-02-27 19:44:55,364 [INFO] Episode 1891 COMPLETE | Reward 407.60 | Steps 1000 | Terminated False | Truncated True
2026-02-27 19:44:58,830 [INFO] Step 0: reward=-0.305, dist=2.06
2026-02-27 19:45:02,800 [INFO] Episode 1892 COMPLETE | Reward 162.40 | Steps 160 | Terminated True | Truncated False
2026-02-27 19:45:07,953 [INFO] Step 0: reward=-0.238, dist=2.45
2026-02-27 19:45:08,947 [INFO] Performing PPO update at global step 1513472
2026-02-27 19:45:09,226 [INFO] PPO losses — policy: 0.0065, value: 1222.9781, entropy: 4.2242
2026-02-27 19:45:09,230 [INFO] PPO update completed. Buffer cleared.
2026-02-27 19:45:14,093 [INFO] Step 200: reward=-0.399, dist=4.49
2026-02-27 19:45:20,762 [INFO] Step 400: reward=0.094, dist=5.29
2026-02-27 19:45:26,269 [INFO] Step 600: reward=0.090, dist=5.11
2026-02-27 19:45:33,430 [INFO] Step 800: reward=0.345, dist=3.06
2026-02-27 19:45:39,747 [INFO] Episode 1893 COMPLETE | Reward -81.64 | Steps 1000 | Terminated False | Truncated True
2026-02-27 19:45:42,074 [INFO] Step 0: reward=1.578, dist=3.63
2026-02-27 19:45:46,859 [INFO] Step 200: reward=6.446, dist=1.83
2026-02-27 19:45:52,689 [INFO] Step 400: reward=-1.441, dist=1.78
2026-02-27 19:45:58,219 [INFO] Step 600: reward=0.505, dist=1.69
2026-02-27 19:46:03,631 [INFO] Step 800: reward=0.332, dist=1.56
2026-02-27 19:46:09,397 [INFO] Episode 1894 COMPLETE | Reward -1237.62 | Steps 1000 | Terminated False | Truncated True
2026-02-27 19:46:13,915 [INFO] Step 0: reward=-0.228, dist=2.48
2026-02-27 19:46:16,461 [INFO] Performing PPO update at global step 1515520
2026-02-27 19:46:16,890 [INFO] PPO losses — policy: -0.0178, value: 5722.5132, entropy: 4.2242
2026-02-27 19:46:16,899 [INFO] PPO update completed. Buffer cleared.
2026-02-27 19:46:18,634 [INFO] Episode 1895 COMPLETE | Reward 239.84 | Steps 138 | Terminated True | Truncated False
2026-02-27 19:46:18,655 [INFO] Checkpoint saved: checkpoints/ppo_ep_01895.pt
2026-02-27 19:46:22,835 [INFO] Step 0: reward=-2.201, dist=3.58
2026-02-27 19:46:27,839 [INFO] Step 200: reward=-0.188, dist=3.19
2026-02-27 19:46:34,345 [INFO] Step 400: reward=-0.242, dist=2.64
2026-02-27 19:46:38,005 [INFO] Step 600: reward=-0.208, dist=2.50
2026-02-27 19:46:43,757 [INFO] Step 800: reward=-0.226, dist=2.16
2026-02-27 19:46:49,657 [INFO] Episode 1896 COMPLETE | Reward -596.17 | Steps 1000 | Terminated False | Truncated True
2026-02-27 19:46:52,977 [INFO] Step 0: reward=-0.305, dist=3.92
2026-02-27 19:46:57,474 [INFO] Step 200: reward=-0.109, dist=5.58
2026-02-27 19:47:02,454 [INFO] Step 400: reward=-2.005, dist=6.63
2026-02-27 19:47:08,227 [INFO] Step 600: reward=0.152, dist=6.65
2026-02-27 19:47:13,886 [INFO] Step 800: reward=1.008, dist=4.83
2026-02-27 19:47:18,673 [INFO] Performing PPO update at global step 1517568
2026-02-27 19:47:19,078 [INFO] PPO losses — policy: 0.0437, value: 1177.9495, entropy: 4.2242
2026-02-27 19:47:19,083 [INFO] PPO update completed. Buffer cleared.
2026-02-27 19:47:19,101 [INFO] Episode 1897 COMPLETE | Reward 631.00 | Steps 1000 | Terminated False | Truncated True
2026-02-27 19:47:23,232 [INFO] Step 0: reward=-1.866, dist=35.50
2026-02-27 19:47:27,506 [INFO] Step 200: reward=-0.005, dist=90.82
2026-02-27 19:47:32,153 [INFO] Step 400: reward=-1.905, dist=107.36
2026-02-27 19:47:37,021 [INFO] Step 600: reward=-1.905, dist=107.34
2026-02-27 19:47:41,950 [INFO] Step 800: reward=-3.324, dist=107.33
2026-02-27 19:47:46,751 [INFO] Episode 1898 COMPLETE | Reward -2241.06 | Steps 1000 | Terminated False | Truncated True
2026-02-27 19:47:50,950 [INFO] Step 0: reward=-0.305, dist=3.45
2026-02-27 19:47:55,652 [INFO] Step 200: reward=-0.305, dist=2.71
2026-02-27 19:47:59,817 [INFO] Step 400: reward=-2.094, dist=2.25
2026-02-27 19:48:04,605 [INFO] Step 600: reward=-0.218, dist=1.63
2026-02-27 19:48:09,540 [INFO] Step 800: reward=-2.344, dist=1.49
2026-02-27 19:48:14,965 [INFO] Episode 1899 COMPLETE | Reward -646.99 | Steps 1000 | Terminated False | Truncated True
2026-02-27 19:48:20,010 [INFO] Step 0: reward=-0.263, dist=2.67
2026-02-27 19:48:21,628 [INFO] Performing PPO update at global step 1519616
2026-02-27 19:48:21,904 [INFO] PPO losses — policy: 0.0438, value: 981.3096, entropy: 4.2242
2026-02-27 19:48:21,909 [INFO] PPO update completed. Buffer cleared.
2026-02-27 19:48:25,679 [INFO] Step 200: reward=-2.205, dist=3.56
2026-02-27 19:48:31,755 [INFO] Step 400: reward=0.035, dist=5.24
2026-02-27 19:48:32,680 [INFO] Policy action (normalized): v = +0.993, w = -0.668 | Cmd_vel (scaled): v = +0.993 m/s, w = -0.668 rad/s
2026-02-27 19:48:38,751 [INFO] Step 600: reward=-7.156, dist=3.79
2026-02-27 19:48:46,126 [INFO] Step 800: reward=6.136, dist=2.77
2026-02-27 19:48:52,028 [INFO] Episode 1900 COMPLETE | Reward 15.20 | Steps 1000 | Terminated False | Truncated True
2026-02-27 19:48:52,048 [INFO] Checkpoint saved: checkpoints/ppo_ep_01900.pt
2026-02-27 19:48:55,221 [INFO] Step 0: reward=-0.206, dist=3.57
2026-02-27 19:49:01,255 [INFO] Step 200: reward=-0.253, dist=5.61
2026-02-27 19:49:06,418 [INFO] Step 400: reward=-1.984, dist=6.49
2026-02-27 19:49:13,337 [INFO] Step 600: reward=0.096, dist=6.19
2026-02-27 19:49:20,039 [INFO] Step 800: reward=-8.322, dist=3.73
2026-02-27 19:49:25,236 [INFO] Episode 1901 COMPLETE | Reward 436.11 | Steps 1000 | Terminated False | Truncated True
2026-02-27 19:49:28,947 [INFO] Step 0: reward=-0.206, dist=2.75
2026-02-27 19:49:31,870 [INFO] Performing PPO update at global step 1521664
2026-02-27 19:49:32,139 [INFO] PPO losses — policy: 0.0089, value: 3019.0245, entropy: 4.2242
2026-02-27 19:49:32,145 [INFO] PPO update completed. Buffer cleared.
2026-02-27 19:49:35,218 [INFO] Step 200: reward=0.518, dist=1.02
2026-02-27 19:49:35,332 [INFO] Episode 1902 COMPLETE | Reward 221.91 | Steps 204 | Terminated True | Truncated False
2026-02-27 19:49:39,417 [INFO] Step 0: reward=-0.305, dist=3.60
2026-02-27 19:49:47,088 [INFO] Step 200: reward=-0.131, dist=3.82
2026-02-27 19:49:51,881 [INFO] Step 400: reward=-1.462, dist=2.88
2026-02-27 19:49:57,041 [INFO] Step 600: reward=0.511, dist=2.66
2026-02-27 19:50:02,059 [INFO] Step 800: reward=0.559, dist=2.60
2026-02-27 19:50:07,544 [INFO] Episode 1903 COMPLETE | Reward -1537.87 | Steps 1000 | Terminated False | Truncated True
2026-02-27 19:50:10,830 [INFO] Step 0: reward=-0.246, dist=3.87
2026-02-27 19:50:15,406 [INFO] Step 200: reward=-0.173, dist=3.29
2026-02-27 19:50:20,493 [INFO] Step 400: reward=-0.258, dist=2.14
2026-02-27 19:50:26,066 [INFO] Step 600: reward=0.286, dist=1.80
2026-02-27 19:50:32,239 [INFO] Step 800: reward=-6.202, dist=1.77
2026-02-27 19:50:37,154 [INFO] Performing PPO update at global step 1523712
2026-02-27 19:50:37,477 [INFO] PPO losses — policy: -0.0400, value: 5021.4105, entropy: 4.2242
2026-02-27 19:50:37,482 [INFO] PPO update completed. Buffer cleared.
2026-02-27 19:50:38,789 [INFO] Episode 1904 COMPLETE | Reward -1797.74 | Steps 1000 | Terminated False | Truncated True
2026-02-27 19:50:44,880 [INFO] Step 0: reward=-0.214, dist=3.73
2026-02-27 19:50:49,378 [INFO] Step 200: reward=-1.940, dist=4.45
2026-02-27 19:50:55,699 [INFO] Step 400: reward=-0.205, dist=3.93
2026-02-27 19:51:01,162 [INFO] Step 600: reward=4.095, dist=2.58
2026-02-27 19:51:07,393 [INFO] Step 800: reward=-3.724, dist=1.67
2026-02-27 19:51:13,586 [INFO] Episode 1905 COMPLETE | Reward -788.64 | Steps 1000 | Terminated False | Truncated True
2026-02-27 19:51:13,606 [INFO] Checkpoint saved: checkpoints/ppo_ep_01905.pt
2026-02-27 19:51:16,796 [INFO] Step 0: reward=-0.305, dist=2.22
2026-02-27 19:51:20,846 [INFO] Step 200: reward=-0.305, dist=3.44
2026-02-27 19:51:26,941 [INFO] Step 400: reward=0.029, dist=4.87
2026-02-27 19:51:34,821 [INFO] Step 600: reward=-8.846, dist=3.45
2026-02-27 19:51:39,957 [INFO] Step 800: reward=-4.681, dist=3.07
2026-02-27 19:51:45,244 [INFO] Performing PPO update at global step 1525760
2026-02-27 19:51:45,537 [INFO] PPO losses — policy: 0.0078, value: 3876.6520, entropy: 4.2242
2026-02-27 19:51:45,544 [INFO] PPO update completed. Buffer cleared.
2026-02-27 19:51:45,916 [INFO] Episode 1906 COMPLETE | Reward -885.11 | Steps 1000 | Terminated False | Truncated True
2026-02-27 19:51:49,948 [INFO] Step 0: reward=-0.305, dist=2.60
2026-02-27 19:51:56,383 [INFO] Step 200: reward=-0.095, dist=4.89
2026-02-27 19:52:00,736 [INFO] Step 400: reward=-2.005, dist=4.59
2026-02-27 19:52:06,939 [INFO] Step 600: reward=0.732, dist=2.29
2026-02-27 19:52:09,662 [INFO] Episode 1907 COMPLETE | Reward 77.80 | Steps 693 | Terminated True | Truncated False
2026-02-27 19:52:13,958 [INFO] Step 0: reward=-0.205, dist=2.86
2026-02-27 19:52:19,462 [INFO] Step 200: reward=-0.120, dist=4.86
2026-02-27 19:52:26,767 [INFO] Step 400: reward=-0.871, dist=6.10
2026-02-27 19:52:31,490 [INFO] Step 600: reward=-4.947, dist=4.93
2026-02-27 19:52:35,023 [INFO] Step 800: reward=-1.457, dist=3.90
2026-02-27 19:52:39,741 [INFO] Episode 1908 COMPLETE | Reward -261.39 | Steps 1000 | Terminated False | Truncated True
2026-02-27 19:52:44,173 [INFO] Step 0: reward=5.935, dist=3.57
2026-02-27 19:52:50,420 [INFO] Episode 1909 COMPLETE | Reward 337.64 | Steps 191 | Terminated True | Truncated False
2026-02-27 19:52:54,477 [INFO] Step 0: reward=-0.206, dist=3.12
2026-02-27 19:52:59,727 [INFO] Performing PPO update at global step 1527808
2026-02-27 19:53:00,001 [INFO] PPO losses — policy: 0.1522, value: 2155.3406, entropy: 4.2242
2026-02-27 19:53:00,006 [INFO] PPO update completed. Buffer cleared.
2026-02-27 19:53:02,478 [INFO] Step 200: reward=-0.401, dist=1.32
2026-02-27 19:53:07,542 [INFO] Step 400: reward=-0.208, dist=3.14
2026-02-27 19:53:12,832 [INFO] Step 600: reward=-3.020, dist=3.57
2026-02-27 19:53:19,039 [INFO] Step 800: reward=5.030, dist=2.24
2026-02-27 19:53:21,972 [INFO] Episode 1910 COMPLETE | Reward -56.00 | Steps 928 | Terminated True | Truncated False
2026-02-27 19:53:21,988 [INFO] Checkpoint saved: checkpoints/ppo_ep_01910.pt
2026-02-27 19:53:26,178 [INFO] Step 0: reward=-0.305, dist=3.41
2026-02-27 19:53:32,109 [INFO] Step 200: reward=-0.634, dist=4.35
2026-02-27 19:53:36,956 [INFO] Step 400: reward=0.082, dist=6.02
2026-02-27 19:53:40,787 [INFO] Step 600: reward=-1.912, dist=6.30
2026-02-27 19:53:43,727 [INFO] Step 800: reward=-1.453, dist=5.70
2026-02-27 19:53:48,239 [INFO] Episode 1911 COMPLETE | Reward -264.97 | Steps 1000 | Terminated False | Truncated True
2026-02-27 19:53:51,255 [INFO] Step 0: reward=-0.205, dist=3.87
2026-02-27 19:53:57,941 [INFO] Step 200: reward=-3.695, dist=1.05
2026-02-27 19:53:58,115 [INFO] Episode 1912 COMPLETE | Reward 411.14 | Steps 206 | Terminated True | Truncated False
2026-02-27 19:54:01,876 [INFO] Step 0: reward=-0.205, dist=3.41
2026-02-27 19:54:04,063 [INFO] Performing PPO update at global step 1529856
2026-02-27 19:54:04,337 [INFO] PPO losses — policy: 0.0237, value: 1318.8136, entropy: 4.2242
2026-02-27 19:54:04,344 [INFO] PPO update completed. Buffer cleared.
2026-02-27 19:54:08,900 [INFO] Step 200: reward=0.087, dist=4.32
2026-02-27 19:54:08,918 [INFO] Policy action (normalized): v = +0.557, w = -0.619 | Cmd_vel (scaled): v = +0.557 m/s, w = -0.619 rad/s
2026-02-27 19:54:13,946 [INFO] Step 400: reward=-0.225, dist=3.74
2026-02-27 19:54:18,064 [INFO] Step 600: reward=0.660, dist=2.55
2026-02-27 19:54:22,098 [INFO] Episode 1913 COMPLETE | Reward -155.14 | Steps 783 | Terminated True | Truncated False
2026-02-27 19:54:33,472 [INFO] Step 0: reward=0.095, dist=4.24
2026-02-27 19:54:37,373 [INFO] Step 200: reward=0.002, dist=4.26
2026-02-27 19:54:44,225 [INFO] Step 400: reward=0.028, dist=6.53
2026-02-27 19:54:49,433 [INFO] Step 600: reward=0.080, dist=7.79
2026-02-27 19:54:55,024 [INFO] Step 800: reward=0.139, dist=7.20
2026-02-27 19:54:59,541 [INFO] Episode 1914 COMPLETE | Reward -347.76 | Steps 1000 | Terminated False | Truncated True
2026-02-27 19:55:02,633 [INFO] Step 0: reward=-0.205, dist=3.63
2026-02-27 19:55:06,108 [INFO] Step 200: reward=0.090, dist=4.73
2026-02-27 19:55:10,122 [INFO] Performing PPO update at global step 1531904
2026-02-27 19:55:10,391 [INFO] PPO losses — policy: 0.0213, value: 908.5001, entropy: 4.2242
2026-02-27 19:55:10,396 [INFO] PPO update completed. Buffer cleared.
2026-02-27 19:55:12,699 [INFO] Step 400: reward=-0.104, dist=7.06
2026-02-27 19:55:18,525 [INFO] Step 600: reward=-0.045, dist=7.51
2026-02-27 19:55:24,137 [INFO] Step 800: reward=0.085, dist=7.50
2026-02-27 19:55:29,930 [INFO] Episode 1915 COMPLETE | Reward -130.01 | Steps 1000 | Terminated False | Truncated True
2026-02-27 19:55:29,947 [INFO] Checkpoint saved: checkpoints/ppo_ep_01915.pt
2026-02-27 19:55:34,982 [INFO] Step 0: reward=-0.207, dist=2.29
2026-02-27 19:55:40,703 [INFO] Step 200: reward=-0.276, dist=3.97
2026-02-27 19:55:45,049 [INFO] Step 400: reward=0.084, dist=5.28
2026-02-27 19:55:51,073 [INFO] Step 600: reward=-0.052, dist=6.22
2026-02-27 19:55:56,811 [INFO] Step 800: reward=0.095, dist=5.67
2026-02-27 19:56:02,086 [INFO] Episode 1916 COMPLETE | Reward -243.04 | Steps 1000 | Terminated False | Truncated True
2026-02-27 19:56:04,930 [INFO] Step 0: reward=-0.210, dist=2.76
2026-02-27 19:56:09,421 [INFO] Step 200: reward=-0.207, dist=3.67
2026-02-27 19:56:12,926 [INFO] Performing PPO update at global step 1533952
2026-02-27 19:56:13,309 [INFO] PPO losses — policy: 0.0099, value: 567.3941, entropy: 4.2242
2026-02-27 19:56:13,316 [INFO] PPO update completed. Buffer cleared.
2026-02-27 19:56:14,419 [INFO] Step 400: reward=-0.083, dist=5.52
2026-02-27 19:56:19,857 [INFO] Step 600: reward=0.051, dist=6.39
2026-02-27 19:56:23,914 [INFO] Step 800: reward=-2.005, dist=6.47
2026-02-27 19:56:27,968 [INFO] Episode 1917 COMPLETE | Reward -647.37 | Steps 1000 | Terminated False | Truncated True
2026-02-27 19:56:31,960 [INFO] Step 0: reward=-0.243, dist=2.95
2026-02-27 19:56:37,993 [INFO] Step 200: reward=-0.205, dist=2.06
2026-02-27 19:56:41,483 [INFO] Episode 1918 COMPLETE | Reward 32.15 | Steps 345 | Terminated True | Truncated False
2026-02-27 19:56:45,597 [INFO] Step 0: reward=-0.249, dist=2.84
2026-02-27 19:56:52,456 [INFO] Step 200: reward=0.038, dist=4.91
2026-02-27 19:56:58,411 [INFO] Step 400: reward=0.094, dist=4.43
2026-02-27 19:57:03,910 [INFO] Step 600: reward=-1.400, dist=2.58
2026-02-27 19:57:08,284 [INFO] Episode 1919 COMPLETE | Reward 229.02 | Steps 770 | Terminated True | Truncated False
2026-02-27 19:57:11,238 [INFO] Step 0: reward=-0.206, dist=2.01
2026-02-27 19:57:19,123 [INFO] Step 200: reward=-0.172, dist=2.65
2026-02-27 19:57:22,143 [INFO] Performing PPO update at global step 1536000
2026-02-27 19:57:22,400 [INFO] PPO losses — policy: 0.0235, value: 730.5386, entropy: 4.2242
2026-02-27 19:57:22,405 [INFO] PPO update completed. Buffer cleared.
2026-02-27 19:57:25,101 [INFO] Step 400: reward=-2.180, dist=2.71
2026-02-27 19:57:30,304 [INFO] Step 600: reward=-3.977, dist=2.37
2026-02-27 19:57:36,702 [INFO] Step 800: reward=-0.221, dist=2.58
2026-02-27 19:57:43,075 [INFO] Episode 1920 COMPLETE | Reward -539.55 | Steps 1000 | Terminated False | Truncated True
2026-02-27 19:57:43,092 [INFO] Checkpoint saved: checkpoints/ppo_ep_01920.pt
2026-02-27 19:57:46,916 [INFO] Step 0: reward=-0.207, dist=3.13
2026-02-27 19:57:52,606 [INFO] Step 200: reward=-0.211, dist=3.96
2026-02-27 19:57:59,438 [INFO] Step 400: reward=-0.064, dist=6.40
2026-02-27 19:58:05,753 [INFO] Step 600: reward=0.037, dist=7.30
2026-02-27 19:58:12,295 [INFO] Step 800: reward=0.100, dist=6.28
2026-02-27 19:58:17,033 [INFO] Episode 1921 COMPLETE | Reward -144.79 | Steps 1000 | Terminated False | Truncated True
2026-02-27 19:58:21,172 [INFO] Step 0: reward=-0.214, dist=2.09
2026-02-27 19:58:25,484 [INFO] Step 200: reward=-2.205, dist=2.88
2026-02-27 19:58:29,423 [INFO] Performing PPO update at global step 1538048
2026-02-27 19:58:29,712 [INFO] PPO losses — policy: 0.2581, value: 376.5525, entropy: 4.2242
2026-02-27 19:58:29,719 [INFO] PPO update completed. Buffer cleared.
2026-02-27 19:58:30,355 [INFO] Step 400: reward=0.095, dist=4.75
2026-02-27 19:58:36,205 [INFO] Step 600: reward=0.492, dist=5.09
2026-02-27 19:58:42,115 [INFO] Step 800: reward=6.177, dist=2.20
2026-02-27 19:58:44,509 [INFO] Episode 1922 COMPLETE | Reward 1235.23 | Steps 864 | Terminated True | Truncated False
2026-02-27 19:58:46,940 [INFO] Step 0: reward=-0.205, dist=2.07
2026-02-27 19:58:49,500 [INFO] Episode 1923 COMPLETE | Reward 910.23 | Steps 169 | Terminated True | Truncated False
2026-02-27 19:58:53,334 [INFO] Step 0: reward=-0.205, dist=3.87
2026-02-27 19:58:59,198 [INFO] Step 200: reward=0.105, dist=5.69
2026-02-27 19:59:04,094 [INFO] Step 400: reward=5.940, dist=3.89
2026-02-27 19:59:08,902 [INFO] Step 600: reward=5.620, dist=1.53
2026-02-27 19:59:10,063 [INFO] Episode 1924 COMPLETE | Reward 1794.10 | Steps 635 | Terminated True | Truncated False
2026-02-27 19:59:10,106 [INFO] New BEST model saved! Reward = 1794.10 (episode 1924)
2026-02-27 19:59:14,441 [INFO] Step 0: reward=-0.205, dist=3.48
2026-02-27 19:59:19,963 [INFO] Step 200: reward=0.029, dist=5.27
2026-02-27 19:59:25,283 [INFO] Step 400: reward=6.351, dist=3.37
2026-02-27 19:59:30,077 [INFO] Episode 1925 COMPLETE | Reward 1324.52 | Steps 504 | Terminated True | Truncated False
2026-02-27 19:59:30,095 [INFO] Checkpoint saved: checkpoints/ppo_ep_01925.pt
2026-02-27 19:59:34,946 [INFO] Step 0: reward=5.995, dist=2.32
2026-02-27 19:59:37,413 [INFO] Policy action (normalized): v = +0.871, w = +0.715 | Cmd_vel (scaled): v = +0.871 m/s, w = +0.715 rad/s
2026-02-27 19:59:37,856 [INFO] Episode 1926 COMPLETE | Reward 705.25 | Steps 155 | Terminated True | Truncated False
2026-02-27 19:59:40,006 [INFO] Step 0: reward=5.995, dist=3.70
2026-02-27 19:59:42,143 [INFO] Performing PPO update at global step 1540096
2026-02-27 19:59:42,417 [INFO] PPO losses — policy: 1.6128, value: 2736.1841, entropy: 4.2242
2026-02-27 19:59:42,422 [INFO] PPO update completed. Buffer cleared.
2026-02-27 19:59:45,883 [INFO] Episode 1927 COMPLETE | Reward 992.87 | Steps 176 | Terminated True | Truncated False
2026-02-27 19:59:50,130 [INFO] Step 0: reward=-0.205, dist=3.90
2026-02-27 19:59:55,611 [INFO] Step 200: reward=0.151, dist=5.41
2026-02-27 19:59:59,703 [INFO] Step 400: reward=-0.205, dist=3.92
2026-02-27 20:00:05,468 [INFO] Step 600: reward=0.095, dist=5.27
2026-02-27 20:00:10,476 [INFO] Step 800: reward=5.789, dist=4.37
2026-02-27 20:00:16,427 [INFO] Episode 1928 COMPLETE | Reward -70.38 | Steps 1000 | Terminated False | Truncated True
2026-02-27 20:00:20,011 [INFO] Step 0: reward=-0.205, dist=2.49
2026-02-27 20:00:24,866 [INFO] Episode 1929 COMPLETE | Reward 526.80 | Steps 178 | Terminated True | Truncated False
2026-02-27 20:00:27,822 [INFO] Step 0: reward=-0.205, dist=2.16
2026-02-27 20:00:33,204 [INFO] Step 200: reward=-0.346, dist=3.46
2026-02-27 20:00:38,484 [INFO] Step 400: reward=6.255, dist=2.54
2026-02-27 20:00:43,946 [INFO] Step 600: reward=-0.410, dist=3.00
2026-02-27 20:00:48,150 [INFO] Performing PPO update at global step 1542144
2026-02-27 20:00:48,440 [INFO] PPO losses — policy: 0.2410, value: 2394.2393, entropy: 4.2242
2026-02-27 20:00:48,446 [INFO] PPO update completed. Buffer cleared.
2026-02-27 20:00:49,033 [INFO] Step 800: reward=-0.205, dist=3.14
2026-02-27 20:00:53,541 [INFO] Episode 1930 COMPLETE | Reward 601.86 | Steps 975 | Terminated True | Truncated False
2026-02-27 20:00:53,560 [INFO] Checkpoint saved: checkpoints/ppo_ep_01930.pt
2026-02-27 20:00:55,837 [INFO] Step 0: reward=-0.205, dist=2.93
2026-02-27 20:00:59,804 [INFO] Step 200: reward=-0.095, dist=2.92
2026-02-27 20:01:03,890 [INFO] Episode 1931 COMPLETE | Reward 671.20 | Steps 338 | Terminated True | Truncated False
2026-02-27 20:01:08,061 [INFO] Step 0: reward=-0.205, dist=2.40
2026-02-27 20:01:13,226 [INFO] Step 200: reward=0.095, dist=4.15
2026-02-27 20:01:19,293 [INFO] Step 400: reward=6.106, dist=2.16
2026-02-27 20:01:21,780 [INFO] Episode 1932 COMPLETE | Reward 1150.83 | Steps 529 | Terminated True | Truncated False
2026-02-27 20:01:25,837 [INFO] Step 0: reward=-0.205, dist=3.34
2026-02-27 20:01:30,737 [INFO] Episode 1933 COMPLETE | Reward 702.95 | Steps 134 | Terminated True | Truncated False
2026-02-27 20:01:32,776 [INFO] Step 0: reward=-0.205, dist=2.70
2026-02-27 20:01:37,038 [INFO] Step 200: reward=-0.436, dist=3.53
2026-02-27 20:01:44,414 [INFO] Step 400: reward=6.139, dist=2.64
2026-02-27 20:01:47,647 [INFO] Episode 1934 COMPLETE | Reward 653.02 | Steps 505 | Terminated True | Truncated False
2026-02-27 20:01:49,869 [INFO] Step 0: reward=-0.205, dist=3.26
2026-02-27 20:01:54,763 [INFO] Episode 1935 COMPLETE | Reward 804.90 | Steps 168 | Terminated True | Truncated False
2026-02-27 20:01:54,783 [INFO] Checkpoint saved: checkpoints/ppo_ep_01935.pt
2026-02-27 20:01:56,800 [INFO] Step 0: reward=-0.205, dist=2.15
2026-02-27 20:02:00,276 [INFO] Performing PPO update at global step 1544192
2026-02-27 20:02:00,537 [INFO] PPO losses — policy: 0.1711, value: 2554.1157, entropy: 4.2242
2026-02-27 20:02:00,543 [INFO] PPO update completed. Buffer cleared.
2026-02-27 20:02:01,187 [INFO] Step 200: reward=-0.174, dist=3.16
2026-02-27 20:02:05,613 [INFO] Step 400: reward=6.141, dist=1.56
2026-02-27 20:02:06,765 [INFO] Episode 1936 COMPLETE | Reward 775.51 | Steps 427 | Terminated True | Truncated False
2026-02-27 20:02:08,827 [INFO] Step 0: reward=-0.205, dist=3.21
2026-02-27 20:02:14,030 [INFO] Step 200: reward=5.630, dist=1.54
2026-02-27 20:02:15,252 [INFO] Episode 1937 COMPLETE | Reward 1094.66 | Steps 294 | Terminated True | Truncated False
2026-02-27 20:02:18,413 [INFO] Step 0: reward=-0.205, dist=2.32
2026-02-27 20:02:25,248 [INFO] Step 200: reward=6.160, dist=1.06
2026-02-27 20:02:25,348 [INFO] Episode 1938 COMPLETE | Reward 415.94 | Steps 208 | Terminated True | Truncated False
2026-02-27 20:02:29,153 [INFO] Step 0: reward=5.987, dist=2.51
2026-02-27 20:02:32,227 [INFO] Episode 1939 COMPLETE | Reward 890.61 | Steps 119 | Terminated True | Truncated False
2026-02-27 20:02:35,296 [INFO] Step 0: reward=-0.205, dist=2.37
2026-02-27 20:02:41,360 [INFO] Step 200: reward=-0.076, dist=2.97
2026-02-27 20:02:45,505 [INFO] Episode 1940 COMPLETE | Reward 828.49 | Steps 342 | Terminated True | Truncated False
2026-02-27 20:02:45,526 [INFO] Checkpoint saved: checkpoints/ppo_ep_01940.pt
2026-02-27 20:02:50,088 [INFO] Step 0: reward=-0.205, dist=3.55
2026-02-27 20:02:54,848 [INFO] Step 200: reward=0.091, dist=5.14
2026-02-27 20:03:00,543 [INFO] Step 400: reward=6.309, dist=3.01
2026-02-27 20:03:04,797 [INFO] Episode 1941 COMPLETE | Reward 1360.29 | Steps 587 | Terminated True | Truncated False
2026-02-27 20:03:08,981 [INFO] Step 0: reward=5.995, dist=3.52
2026-02-27 20:03:14,087 [INFO] Episode 1942 COMPLETE | Reward 1035.18 | Steps 192 | Terminated True | Truncated False
2026-02-27 20:03:17,297 [INFO] Step 0: reward=-0.205, dist=3.17
2026-02-27 20:03:18,907 [INFO] Performing PPO update at global step 1546240
2026-02-27 20:03:19,179 [INFO] PPO losses — policy: 0.1132, value: 2369.7553, entropy: 4.2242
2026-02-27 20:03:19,183 [INFO] PPO update completed. Buffer cleared.
2026-02-27 20:03:24,354 [INFO] Step 200: reward=0.598, dist=4.07
2026-02-27 20:03:29,722 [INFO] Step 400: reward=5.783, dist=1.40
2026-02-27 20:03:31,087 [INFO] Episode 1943 COMPLETE | Reward 1427.72 | Steps 437 | Terminated True | Truncated False
2026-02-27 20:03:34,064 [INFO] Step 0: reward=-0.205, dist=3.50
2026-02-27 20:03:39,797 [INFO] Step 200: reward=-0.203, dist=4.87
2026-02-27 20:03:47,104 [INFO] Step 400: reward=6.147, dist=2.77
2026-02-27 20:03:50,814 [INFO] Episode 1944 COMPLETE | Reward 1409.59 | Steps 520 | Terminated True | Truncated False
2026-02-27 20:03:55,806 [INFO] Step 0: reward=5.995, dist=2.44
2026-02-27 20:03:58,845 [INFO] Episode 1945 COMPLETE | Reward 669.53 | Steps 82 | Terminated True | Truncated False
2026-02-27 20:03:58,863 [INFO] Checkpoint saved: checkpoints/ppo_ep_01945.pt
2026-02-27 20:04:01,896 [INFO] Step 0: reward=-0.205, dist=3.02
2026-02-27 20:04:05,778 [INFO] Episode 1946 COMPLETE | Reward 712.54 | Steps 92 | Terminated True | Truncated False
2026-02-27 20:04:09,987 [INFO] Step 0: reward=-0.205, dist=3.72
2026-02-27 20:04:15,844 [INFO] Episode 1947 COMPLETE | Reward 949.31 | Steps 198 | Terminated True | Truncated False
2026-02-27 20:04:20,000 [INFO] Step 0: reward=-0.205, dist=2.26
2026-02-27 20:04:22,898 [INFO] Episode 1948 COMPLETE | Reward 470.99 | Steps 87 | Terminated True | Truncated False
2026-02-27 20:04:26,944 [INFO] Step 0: reward=-0.205, dist=2.10
2026-02-27 20:04:30,929 [INFO] Step 200: reward=-0.205, dist=3.44
2026-02-27 20:04:35,817 [INFO] Step 400: reward=0.452, dist=3.27
2026-02-27 20:04:40,610 [INFO] Episode 1949 COMPLETE | Reward 947.17 | Steps 593 | Terminated True | Truncated False
2026-02-27 20:04:43,875 [INFO] Step 0: reward=-0.205, dist=3.08
2026-02-27 20:04:46,986 [INFO] Performing PPO update at global step 1548288
2026-02-27 20:04:47,270 [INFO] PPO losses — policy: 0.1701, value: 2514.8939, entropy: 4.2242
2026-02-27 20:04:47,275 [INFO] PPO update completed. Buffer cleared.
2026-02-27 20:04:50,572 [INFO] Step 200: reward=0.260, dist=4.80
2026-02-27 20:04:54,397 [INFO] Step 400: reward=4.164, dist=3.37
2026-02-27 20:04:58,882 [INFO] Step 600: reward=6.296, dist=1.13
2026-02-27 20:04:59,166 [INFO] Episode 1950 COMPLETE | Reward 1812.37 | Steps 609 | Terminated True | Truncated False
2026-02-27 20:04:59,185 [INFO] Checkpoint saved: checkpoints/ppo_ep_01950.pt
2026-02-27 20:04:59,221 [INFO] New BEST model saved! Reward = 1812.37 (episode 1950)
2026-02-27 20:05:02,364 [INFO] Step 0: reward=-0.205, dist=3.04
2026-02-27 20:05:06,336 [INFO] Episode 1951 COMPLETE | Reward 810.93 | Steps 127 | Terminated True | Truncated False
2026-02-27 20:05:10,818 [INFO] Step 0: reward=0.095, dist=60.83
2026-02-27 20:05:12,478 [INFO] Episode 1952 COMPLETE | Reward -665.01 | Steps 62 | Terminated False | Truncated True
2026-02-27 20:05:15,404 [INFO] Step 0: reward=-0.205, dist=2.57
2026-02-27 20:05:20,147 [INFO] Step 200: reward=-0.205, dist=1.20
2026-02-27 20:05:20,725 [INFO] Episode 1953 COMPLETE | Reward 123.11 | Steps 229 | Terminated True | Truncated False
2026-02-27 20:05:24,835 [INFO] Step 0: reward=-0.205, dist=2.66
2026-02-27 20:05:31,897 [INFO] Step 200: reward=-2.205, dist=3.46
2026-02-27 20:05:38,491 [INFO] Step 400: reward=-0.464, dist=2.09
2026-02-27 20:05:42,884 [INFO] Step 600: reward=-0.416, dist=3.30
2026-02-27 20:05:47,368 [INFO] Policy action (normalized): v = +1.000, w = +1.000 | Cmd_vel (scaled): v = +1.000 m/s, w = +1.000 rad/s
2026-02-27 20:05:48,388 [INFO] Step 800: reward=-0.075, dist=2.18
2026-02-27 20:05:52,791 [INFO] Episode 1954 COMPLETE | Reward -706.58 | Steps 1000 | Terminated False | Truncated True
2026-02-27 20:05:54,863 [INFO] Step 0: reward=-0.205, dist=2.93
2026-02-27 20:05:58,128 [INFO] Performing PPO update at global step 1550336
2026-02-27 20:05:58,403 [INFO] PPO losses — policy: 0.1571, value: 2198.4421, entropy: 4.2242
2026-02-27 20:05:58,409 [INFO] PPO update completed. Buffer cleared.
2026-02-27 20:06:00,607 [INFO] Step 200: reward=-0.074, dist=2.07
2026-02-27 20:06:06,964 [INFO] Step 400: reward=-0.777, dist=2.61
2026-02-27 20:06:11,659 [INFO] Step 600: reward=-0.205, dist=2.60
2026-02-27 20:06:18,332 [INFO] Step 800: reward=-0.393, dist=2.31
2026-02-27 20:06:24,332 [INFO] Episode 1955 COMPLETE | Reward -421.06 | Steps 1000 | Terminated False | Truncated True
2026-02-27 20:06:24,350 [INFO] Checkpoint saved: checkpoints/ppo_ep_01955.pt
2026-02-27 20:06:28,882 [INFO] Step 0: reward=-0.205, dist=2.12
2026-02-27 20:06:33,449 [INFO] Step 200: reward=-0.394, dist=2.92
2026-02-27 20:06:38,224 [INFO] Step 400: reward=-0.205, dist=3.19
2026-02-27 20:06:43,053 [INFO] Step 600: reward=-2.205, dist=2.05
2026-02-27 20:06:47,647 [INFO] Step 800: reward=-0.323, dist=3.45
2026-02-27 20:06:54,360 [INFO] Episode 1956 COMPLETE | Reward -704.99 | Steps 1000 | Terminated False | Truncated True
2026-02-27 20:06:59,106 [INFO] Step 0: reward=-0.205, dist=3.01
2026-02-27 20:07:03,325 [INFO] Performing PPO update at global step 1552384
2026-02-27 20:07:03,594 [INFO] PPO losses — policy: 0.2816, value: 85.6415, entropy: 4.2242
2026-02-27 20:07:03,598 [INFO] PPO update completed. Buffer cleared.
2026-02-27 20:07:04,684 [INFO] Step 200: reward=0.060, dist=4.46
2026-02-27 20:07:09,291 [INFO] Step 400: reward=-0.087, dist=3.38
2026-02-27 20:07:14,025 [INFO] Step 600: reward=-0.205, dist=3.62
2026-02-27 20:07:17,840 [INFO] Step 800: reward=-1.905, dist=4.50
2026-02-27 20:07:23,570 [INFO] Episode 1957 COMPLETE | Reward -434.76 | Steps 1000 | Terminated False | Truncated True
2026-02-27 20:07:26,709 [INFO] Step 0: reward=-0.205, dist=2.66
2026-02-27 20:07:33,089 [INFO] Step 200: reward=-0.341, dist=2.46
2026-02-27 20:07:38,828 [INFO] Step 400: reward=-0.123, dist=2.90
2026-02-27 20:07:44,287 [INFO] Step 600: reward=-2.205, dist=2.14
2026-02-27 20:07:49,216 [INFO] Step 800: reward=-0.161, dist=3.17
2026-02-27 20:07:54,889 [INFO] Episode 1958 COMPLETE | Reward -504.68 | Steps 1000 | Terminated False | Truncated True
2026-02-27 20:07:58,027 [INFO] Step 0: reward=-0.205, dist=2.60
2026-02-27 20:08:03,648 [INFO] Step 200: reward=-2.205, dist=1.76
2026-02-27 20:08:03,672 [INFO] Performing PPO update at global step 1554432
2026-02-27 20:08:03,947 [INFO] PPO losses — policy: 0.2805, value: 69.5592, entropy: 4.2242
2026-02-27 20:08:03,951 [INFO] PPO update completed. Buffer cleared.
2026-02-27 20:08:09,249 [INFO] Step 400: reward=-0.205, dist=2.45
2026-02-27 20:08:14,806 [INFO] Step 600: reward=-2.079, dist=2.22
2026-02-27 20:08:19,709 [INFO] Step 800: reward=-2.396, dist=1.72
2026-02-27 20:08:25,227 [INFO] Episode 1959 COMPLETE | Reward -507.31 | Steps 1000 | Terminated False | Truncated True
2026-02-27 20:08:29,440 [INFO] Step 0: reward=-0.205, dist=3.42
2026-02-27 20:08:34,671 [INFO] Step 200: reward=-2.205, dist=2.55
2026-02-27 20:08:39,634 [INFO] Step 400: reward=-0.170, dist=3.87
2026-02-27 20:08:47,459 [INFO] Step 600: reward=-0.348, dist=2.61
2026-02-27 20:08:53,657 [INFO] Step 800: reward=-0.135, dist=3.43
2026-02-27 20:09:00,428 [INFO] Episode 1960 COMPLETE | Reward -479.81 | Steps 1000 | Terminated False | Truncated True
2026-02-27 20:09:00,449 [INFO] Checkpoint saved: checkpoints/ppo_ep_01960.pt
2026-02-27 20:09:03,564 [INFO] Step 0: reward=-0.205, dist=2.29
2026-02-27 20:09:08,011 [INFO] Step 200: reward=-0.346, dist=3.00
2026-02-27 20:09:10,771 [INFO] Performing PPO update at global step 1556480
2026-02-27 20:09:11,166 [INFO] PPO losses — policy: 0.2205, value: 80.4800, entropy: 4.2242
2026-02-27 20:09:11,174 [INFO] PPO update completed. Buffer cleared.
2026-02-27 20:09:16,889 [INFO] Step 400: reward=-0.296, dist=2.27
2026-02-27 20:09:22,508 [INFO] Step 600: reward=-0.267, dist=3.79
2026-02-27 20:09:28,916 [INFO] Step 800: reward=-0.205, dist=2.33
2026-02-27 20:09:35,588 [INFO] Episode 1961 COMPLETE | Reward -472.94 | Steps 1000 | Terminated False | Truncated True
2026-02-27 20:09:37,672 [INFO] Step 0: reward=-0.205, dist=2.23
2026-02-27 20:09:42,509 [INFO] Step 200: reward=-2.205, dist=1.55
2026-02-27 20:09:44,176 [INFO] Episode 1962 COMPLETE | Reward 73.09 | Steps 279 | Terminated True | Truncated False
2026-02-27 20:09:47,327 [INFO] Step 0: reward=-0.205, dist=3.06
2026-02-27 20:09:53,448 [INFO] Step 200: reward=-0.526, dist=2.68
2026-02-27 20:10:01,016 [INFO] Step 400: reward=-0.205, dist=2.41
2026-02-27 20:10:06,427 [INFO] Step 600: reward=-2.205, dist=3.19
2026-02-27 20:10:12,431 [INFO] Step 800: reward=0.064, dist=2.77
2026-02-27 20:10:18,430 [INFO] Episode 1963 COMPLETE | Reward -439.06 | Steps 1000 | Terminated False | Truncated True
2026-02-27 20:10:23,119 [INFO] Step 0: reward=-0.205, dist=3.47
2026-02-27 20:10:24,172 [INFO] Performing PPO update at global step 1558528
2026-02-27 20:10:24,457 [INFO] PPO losses — policy: 0.1091, value: 404.7178, entropy: 4.2242
2026-02-27 20:10:24,464 [INFO] PPO update completed. Buffer cleared.
2026-02-27 20:10:30,364 [INFO] Step 200: reward=0.095, dist=4.21
2026-02-27 20:10:34,879 [INFO] Step 400: reward=-0.274, dist=3.37
2026-02-27 20:10:40,873 [INFO] Step 600: reward=0.119, dist=4.67
2026-02-27 20:10:46,895 [INFO] Step 800: reward=-0.205, dist=3.32
2026-02-27 20:10:50,969 [INFO] Episode 1964 COMPLETE | Reward -380.51 | Steps 1000 | Terminated False | Truncated True
2026-02-27 20:10:53,181 [INFO] Step 0: reward=-0.205, dist=2.66
2026-02-27 20:10:58,318 [INFO] Step 200: reward=-0.322, dist=1.80
2026-02-27 20:11:05,378 [INFO] Step 400: reward=-2.205, dist=2.83
2026-02-27 20:11:08,224 [INFO] Policy action (normalized): v = +1.000, w = +1.000 | Cmd_vel (scaled): v = +1.000 m/s, w = +1.000 rad/s
2026-02-27 20:11:12,216 [INFO] Step 600: reward=-0.348, dist=2.48
2026-02-27 20:11:18,470 [INFO] Step 800: reward=-0.205, dist=2.60
2026-02-27 20:11:24,011 [INFO] Episode 1965 COMPLETE | Reward -565.93 | Steps 1000 | Terminated False | Truncated True
2026-02-27 20:11:24,029 [INFO] Checkpoint saved: checkpoints/ppo_ep_01965.pt
2026-02-27 20:11:29,116 [INFO] Step 0: reward=-0.205, dist=2.94
2026-02-27 20:11:32,145 [INFO] Performing PPO update at global step 1560576
2026-02-27 20:11:32,407 [INFO] PPO losses — policy: 0.2732, value: 83.0419, entropy: 4.2242
2026-02-27 20:11:32,413 [INFO] PPO update completed. Buffer cleared.
2026-02-27 20:11:36,274 [INFO] Step 200: reward=-0.256, dist=3.37
2026-02-27 20:11:43,550 [INFO] Step 400: reward=-0.205, dist=3.20
2026-02-27 20:11:51,935 [INFO] Step 600: reward=-0.354, dist=2.84
2026-02-27 20:11:56,640 [INFO] Step 800: reward=-0.205, dist=3.58
2026-02-27 20:12:02,754 [INFO] Episode 1966 COMPLETE | Reward -774.28 | Steps 1000 | Terminated False | Truncated True
2026-02-27 20:12:05,910 [INFO] Step 0: reward=0.095, dist=27.17
2026-02-27 20:12:12,240 [INFO] Step 200: reward=-0.923, dist=79.98
2026-02-27 20:12:17,338 [INFO] Step 400: reward=0.095, dist=80.22
2026-02-27 20:12:20,924 [INFO] Step 600: reward=-1.905, dist=80.71
2026-02-27 20:12:26,927 [INFO] Step 800: reward=0.095, dist=81.86
2026-02-27 20:12:30,877 [INFO] Episode 1967 COMPLETE | Reward -1277.05 | Steps 1000 | Terminated False | Truncated True
2026-02-27 20:12:34,213 [INFO] Step 0: reward=-0.205, dist=3.80
2026-02-27 20:12:36,941 [INFO] Performing PPO update at global step 1562624
2026-02-27 20:12:37,221 [INFO] PPO losses — policy: 0.2262, value: 493.2630, entropy: 4.2242
2026-02-27 20:12:37,227 [INFO] PPO update completed. Buffer cleared.
2026-02-27 20:12:40,814 [INFO] Step 200: reward=0.023, dist=3.07
2026-02-27 20:12:47,182 [INFO] Step 400: reward=-1.126, dist=3.27
2026-02-27 20:12:51,952 [INFO] Step 600: reward=-0.205, dist=3.95
2026-02-27 20:12:57,147 [INFO] Step 800: reward=-2.087, dist=3.08
2026-02-27 20:13:03,292 [INFO] Episode 1968 COMPLETE | Reward -814.35 | Steps 1000 | Terminated False | Truncated True
2026-02-27 20:13:08,069 [INFO] Step 0: reward=-0.205, dist=2.78
2026-02-27 20:13:14,433 [INFO] Step 200: reward=-0.200, dist=3.98
2026-02-27 20:13:19,899 [INFO] Step 400: reward=-0.205, dist=2.90
2026-02-27 20:13:24,958 [INFO] Step 600: reward=-2.342, dist=2.93
2026-02-27 20:13:29,950 [INFO] Step 800: reward=-0.205, dist=3.85
2026-02-27 20:13:34,638 [INFO] Episode 1969 COMPLETE | Reward -917.90 | Steps 1000 | Terminated False | Truncated True
2026-02-27 20:13:37,926 [INFO] Step 0: reward=-0.811, dist=1.91
2026-02-27 20:13:42,705 [INFO] Performing PPO update at global step 1564672
2026-02-27 20:13:42,974 [INFO] PPO losses — policy: 0.1463, value: 109.5358, entropy: 4.2242
2026-02-27 20:13:42,979 [INFO] PPO update completed. Buffer cleared.
2026-02-27 20:13:44,049 [INFO] Step 200: reward=-0.050, dist=2.42
2026-02-27 20:13:48,419 [INFO] Step 400: reward=-0.124, dist=1.19
2026-02-27 20:13:52,772 [INFO] Step 600: reward=-0.289, dist=1.60
2026-02-27 20:13:56,745 [INFO] Step 800: reward=-0.205, dist=2.50
2026-02-27 20:14:00,737 [INFO] Episode 1970 COMPLETE | Reward -850.43 | Steps 1000 | Terminated False | Truncated True
2026-02-27 20:14:00,758 [INFO] Checkpoint saved: checkpoints/ppo_ep_01970.pt
2026-02-27 20:14:03,864 [INFO] Step 0: reward=-0.205, dist=4.00
2026-02-27 20:14:10,703 [INFO] Step 200: reward=-0.709, dist=2.94
2026-02-27 20:14:16,962 [INFO] Step 400: reward=-0.335, dist=3.62
2026-02-27 20:14:22,771 [INFO] Step 600: reward=-0.205, dist=3.82
2026-02-27 20:14:28,457 [INFO] Step 800: reward=-2.283, dist=2.73
2026-02-27 20:14:32,604 [INFO] Episode 1971 COMPLETE | Reward -622.83 | Steps 1000 | Terminated False | Truncated True
2026-02-27 20:14:35,106 [INFO] Step 0: reward=-0.205, dist=3.78
2026-02-27 20:14:42,062 [INFO] Step 200: reward=0.095, dist=4.84
2026-02-27 20:14:42,510 [INFO] Performing PPO update at global step 1566720
2026-02-27 20:14:42,774 [INFO] PPO losses — policy: 0.1513, value: 130.5551, entropy: 4.2242
2026-02-27 20:14:42,778 [INFO] PPO update completed. Buffer cleared.
2026-02-27 20:14:48,313 [INFO] Step 400: reward=0.095, dist=4.09
2026-02-27 20:14:54,236 [INFO] Step 600: reward=-0.047, dist=4.26
2026-02-27 20:15:00,641 [INFO] Step 800: reward=-1.905, dist=4.80
2026-02-27 20:15:06,173 [INFO] Episode 1972 COMPLETE | Reward -425.77 | Steps 1000 | Terminated False | Truncated True
2026-02-27 20:15:10,915 [INFO] Step 0: reward=-0.205, dist=2.13
2026-02-27 20:15:16,218 [INFO] Step 200: reward=-2.070, dist=2.71
2026-02-27 20:15:21,713 [INFO] Step 400: reward=-0.205, dist=3.37
2026-02-27 20:15:26,808 [INFO] Step 600: reward=-2.127, dist=2.21
2026-02-27 20:15:32,191 [INFO] Step 800: reward=-0.904, dist=2.85
2026-02-27 20:15:36,654 [INFO] Episode 1973 COMPLETE | Reward -871.71 | Steps 1000 | Terminated False | Truncated True
2026-02-27 20:15:39,785 [INFO] Step 0: reward=-0.205, dist=1.98
2026-02-27 20:15:45,024 [INFO] Step 200: reward=-0.205, dist=2.66
2026-02-27 20:15:46,843 [INFO] Performing PPO update at global step 1568768
2026-02-27 20:15:47,149 [INFO] PPO losses — policy: 0.3628, value: 117.6522, entropy: 4.2242
2026-02-27 20:15:47,157 [INFO] PPO update completed. Buffer cleared.
2026-02-27 20:15:51,163 [INFO] Step 400: reward=-0.208, dist=1.38
2026-02-27 20:15:56,974 [INFO] Step 600: reward=-0.215, dist=2.46
2026-02-27 20:16:02,025 [INFO] Step 800: reward=-0.084, dist=2.23
2026-02-27 20:16:07,392 [INFO] Episode 1974 COMPLETE | Reward -608.50 | Steps 1000 | Terminated False | Truncated True
2026-02-27 20:16:11,600 [INFO] Step 0: reward=-0.235, dist=2.42
2026-02-27 20:16:19,245 [INFO] Step 200: reward=0.007, dist=2.10
2026-02-27 20:16:26,624 [INFO] Step 400: reward=-0.499, dist=2.56
2026-02-27 20:16:30,649 [INFO] Policy action (normalized): v = +0.987, w = +0.928 | Cmd_vel (scaled): v = +0.987 m/s, w = +0.928 rad/s
2026-02-27 20:16:34,642 [INFO] Step 600: reward=-0.104, dist=1.90
2026-02-27 20:16:38,949 [INFO] Step 800: reward=-0.239, dist=1.86
2026-02-27 20:16:43,889 [INFO] Episode 1975 COMPLETE | Reward -616.25 | Steps 1000 | Terminated False | Truncated True
2026-02-27 20:16:43,917 [INFO] Checkpoint saved: checkpoints/ppo_ep_01975.pt
2026-02-27 20:16:47,102 [INFO] Step 0: reward=-0.208, dist=3.92
2026-02-27 20:16:53,339 [INFO] Step 200: reward=-0.205, dist=2.55
2026-02-27 20:16:55,085 [INFO] Performing PPO update at global step 1570816
2026-02-27 20:16:55,458 [INFO] PPO losses — policy: 0.0341, value: 85.4743, entropy: 4.2242
2026-02-27 20:16:55,465 [INFO] PPO update completed. Buffer cleared.
2026-02-27 20:16:58,256 [INFO] Step 400: reward=-4.052, dist=3.45
2026-02-27 20:17:03,565 [INFO] Step 600: reward=-0.203, dist=3.69
2026-02-27 20:17:08,363 [INFO] Step 800: reward=-0.205, dist=2.78
2026-02-27 20:17:15,209 [INFO] Episode 1976 COMPLETE | Reward -824.65 | Steps 1000 | Terminated False | Truncated True
2026-02-27 20:17:19,262 [INFO] Step 0: reward=-0.224, dist=3.76
2026-02-27 20:17:24,943 [INFO] Step 200: reward=-0.205, dist=3.17
2026-02-27 20:17:30,942 [INFO] Step 400: reward=-0.819, dist=2.74
2026-02-27 20:17:36,593 [INFO] Step 600: reward=-0.207, dist=3.61
2026-02-27 20:17:43,784 [INFO] Step 800: reward=-0.237, dist=2.26
2026-02-27 20:17:47,879 [INFO] Episode 1977 COMPLETE | Reward -653.53 | Steps 1000 | Terminated False | Truncated True
2026-02-27 20:17:52,808 [INFO] Step 0: reward=-0.205, dist=2.27
2026-02-27 20:17:58,360 [INFO] Step 200: reward=-0.125, dist=1.77
2026-02-27 20:18:01,821 [INFO] Episode 1978 COMPLETE | Reward 41.73 | Steps 347 | Terminated True | Truncated False
2026-02-27 20:18:03,899 [INFO] Step 0: reward=-0.211, dist=2.82
2026-02-27 20:18:04,207 [INFO] Performing PPO update at global step 1572864
2026-02-27 20:18:04,485 [INFO] PPO losses — policy: 0.0586, value: 405.1189, entropy: 4.2242
2026-02-27 20:18:04,490 [INFO] PPO update completed. Buffer cleared.
2026-02-27 20:18:10,749 [INFO] Step 200: reward=-0.415, dist=2.15
2026-02-27 20:18:15,263 [INFO] Step 400: reward=-0.205, dist=3.06
2026-02-27 20:18:21,549 [INFO] Step 600: reward=-0.210, dist=2.53
2026-02-27 20:18:28,839 [INFO] Step 800: reward=-2.401, dist=2.54
2026-02-27 20:18:34,993 [INFO] Episode 1979 COMPLETE | Reward -701.39 | Steps 1000 | Terminated False | Truncated True
2026-02-27 20:18:37,975 [INFO] Step 0: reward=-0.205, dist=3.76
2026-02-27 20:18:42,992 [INFO] Step 200: reward=-2.119, dist=3.53
2026-02-27 20:18:48,892 [INFO] Step 400: reward=-0.205, dist=2.75
2026-02-27 20:18:54,509 [INFO] Step 600: reward=-0.653, dist=3.90
2026-02-27 20:19:00,169 [INFO] Step 800: reward=-0.205, dist=3.03
2026-02-27 20:19:05,243 [INFO] Episode 1980 COMPLETE | Reward -788.89 | Steps 1000 | Terminated False | Truncated True
2026-02-27 20:19:05,260 [INFO] Checkpoint saved: checkpoints/ppo_ep_01980.pt
2026-02-27 20:19:08,085 [INFO] Step 0: reward=-0.206, dist=3.30
2026-02-27 20:19:09,720 [INFO] Performing PPO update at global step 1574912
2026-02-27 20:19:10,130 [INFO] PPO losses — policy: 0.0331, value: 96.3708, entropy: 4.2242
2026-02-27 20:19:10,137 [INFO] PPO update completed. Buffer cleared.
2026-02-27 20:19:14,722 [INFO] Step 200: reward=-0.146, dist=3.46
2026-02-27 20:19:17,533 [INFO] Step 400: reward=-2.135, dist=2.93
2026-02-27 20:19:22,522 [INFO] Step 600: reward=-0.250, dist=2.72
2026-02-27 20:19:28,125 [INFO] Step 800: reward=-2.197, dist=3.64
2026-02-27 20:19:33,171 [INFO] Episode 1981 COMPLETE | Reward -993.22 | Steps 1000 | Terminated False | Truncated True
2026-02-27 20:19:36,261 [INFO] Step 0: reward=-0.205, dist=2.95
2026-02-27 20:19:42,203 [INFO] Step 200: reward=0.068, dist=4.07
2026-02-27 20:19:48,465 [INFO] Step 400: reward=-0.114, dist=3.50
2026-02-27 20:19:54,362 [INFO] Step 600: reward=-2.238, dist=3.51
2026-02-27 20:19:58,231 [INFO] Step 800: reward=-1.999, dist=4.10
2026-02-27 20:20:03,308 [INFO] Episode 1982 COMPLETE | Reward -789.03 | Steps 1000 | Terminated False | Truncated True
2026-02-27 20:20:05,622 [INFO] Step 0: reward=-0.205, dist=2.07
2026-02-27 20:20:08,504 [INFO] Performing PPO update at global step 1576960
2026-02-27 20:20:08,808 [INFO] PPO losses — policy: 0.0038, value: 156.2756, entropy: 4.2242
2026-02-27 20:20:08,813 [INFO] PPO update completed. Buffer cleared.
2026-02-27 20:20:10,820 [INFO] Step 200: reward=-2.305, dist=2.55
2026-02-27 20:20:18,605 [INFO] Step 400: reward=-2.289, dist=1.23
2026-02-27 20:20:24,576 [INFO] Step 600: reward=-0.407, dist=2.38
2026-02-27 20:20:30,247 [INFO] Step 800: reward=-2.137, dist=1.93
2026-02-27 20:20:36,332 [INFO] Episode 1983 COMPLETE | Reward -780.01 | Steps 1000 | Terminated False | Truncated True
2026-02-27 20:20:40,954 [INFO] Step 0: reward=-1.691, dist=3.38
2026-02-27 20:20:45,425 [INFO] Step 200: reward=-0.211, dist=3.23
2026-02-27 20:20:50,827 [INFO] Step 400: reward=-0.197, dist=2.27
2026-02-27 20:20:56,468 [INFO] Step 600: reward=-0.307, dist=3.34
2026-02-27 20:20:59,734 [INFO] Step 800: reward=-0.210, dist=3.46
2026-02-27 20:21:06,098 [INFO] Episode 1984 COMPLETE | Reward -961.34 | Steps 1000 | Terminated False | Truncated True
2026-02-27 20:21:08,684 [INFO] Step 0: reward=-0.305, dist=3.55
2026-02-27 20:21:14,121 [INFO] Performing PPO update at global step 1579008
2026-02-27 20:21:14,407 [INFO] PPO losses — policy: 0.0111, value: 142.4330, entropy: 4.2242
2026-02-27 20:21:14,412 [INFO] PPO update completed. Buffer cleared.
2026-02-27 20:21:16,086 [INFO] Step 200: reward=-0.179, dist=2.28
2026-02-27 20:21:21,708 [INFO] Step 400: reward=-0.434, dist=3.31
2026-02-27 20:21:27,918 [INFO] Step 600: reward=-0.225, dist=3.28
2026-02-27 20:21:34,377 [INFO] Step 800: reward=-0.226, dist=2.17
2026-02-27 20:21:40,312 [INFO] Episode 1985 COMPLETE | Reward -736.17 | Steps 1000 | Terminated False | Truncated True
2026-02-27 20:21:40,330 [INFO] Checkpoint saved: checkpoints/ppo_ep_01985.pt
2026-02-27 20:21:44,373 [INFO] Step 0: reward=-0.206, dist=2.93
2026-02-27 20:21:47,643 [INFO] Policy action (normalized): v = +1.000, w = +0.978 | Cmd_vel (scaled): v = +1.000 m/s, w = +0.978 rad/s
2026-02-27 20:21:48,890 [INFO] Step 200: reward=-1.811, dist=3.51
2026-02-27 20:21:54,059 [INFO] Step 400: reward=-0.199, dist=2.87
2026-02-27 20:22:00,409 [INFO] Step 600: reward=-0.367, dist=2.58
2026-02-27 20:22:06,396 [INFO] Step 800: reward=-2.206, dist=3.56
2026-02-27 20:22:11,639 [INFO] Episode 1986 COMPLETE | Reward -885.20 | Steps 1000 | Terminated False | Truncated True
2026-02-27 20:22:15,851 [INFO] Step 0: reward=-0.305, dist=3.07
2026-02-27 20:22:21,052 [INFO] Step 200: reward=-2.242, dist=3.54
2026-02-27 20:22:21,064 [INFO] Performing PPO update at global step 1581056
2026-02-27 20:22:21,334 [INFO] PPO losses — policy: 0.0098, value: 129.0547, entropy: 4.2242
2026-02-27 20:22:21,339 [INFO] PPO update completed. Buffer cleared.
2026-02-27 20:22:26,084 [INFO] Step 400: reward=0.078, dist=4.45
2026-02-27 20:22:32,489 [INFO] Step 600: reward=-0.161, dist=3.54
2026-02-27 20:22:38,453 [INFO] Step 800: reward=-0.536, dist=3.52
2026-02-27 20:22:43,851 [INFO] Episode 1987 COMPLETE | Reward -778.45 | Steps 1000 | Terminated False | Truncated True
2026-02-27 20:22:46,885 [INFO] Step 0: reward=-0.253, dist=2.30
2026-02-27 20:22:53,340 [INFO] Step 200: reward=-0.211, dist=1.77
2026-02-27 20:22:57,445 [INFO] Episode 1988 COMPLETE | Reward -18.96 | Steps 357 | Terminated True | Truncated False
2026-02-27 20:23:01,890 [INFO] Step 0: reward=-0.208, dist=2.38
2026-02-27 20:23:07,928 [INFO] Step 200: reward=-0.132, dist=1.77
2026-02-27 20:23:14,314 [INFO] Step 400: reward=-2.215, dist=1.33
2026-02-27 20:23:19,831 [INFO] Step 600: reward=-2.305, dist=2.36
2026-02-27 20:23:25,572 [INFO] Step 800: reward=-1.136, dist=1.60
2026-02-27 20:23:27,325 [INFO] Performing PPO update at global step 1583104
2026-02-27 20:23:27,612 [INFO] PPO losses — policy: 0.0011, value: 431.5695, entropy: 4.2242
2026-02-27 20:23:27,617 [INFO] PPO update completed. Buffer cleared.
2026-02-27 20:23:29,134 [INFO] Episode 1989 COMPLETE | Reward -660.07 | Steps 956 | Terminated True | Truncated False
2026-02-27 20:23:32,097 [INFO] Step 0: reward=-0.205, dist=3.54
2026-02-27 20:23:37,680 [INFO] Step 200: reward=-0.090, dist=4.77
2026-02-27 20:23:44,030 [INFO] Step 400: reward=-0.005, dist=4.21
2026-02-27 20:23:52,221 [INFO] Step 600: reward=0.092, dist=4.64
2026-02-27 20:23:59,097 [INFO] Step 800: reward=0.076, dist=4.65
2026-02-27 20:24:05,275 [INFO] Episode 1990 COMPLETE | Reward -431.72 | Steps 1000 | Terminated False | Truncated True
2026-02-27 20:24:05,295 [INFO] Checkpoint saved: checkpoints/ppo_ep_01990.pt
2026-02-27 20:24:09,329 [INFO] Step 0: reward=-0.305, dist=2.81
2026-02-27 20:24:15,306 [INFO] Step 200: reward=-0.337, dist=3.48
2026-02-27 20:24:20,607 [INFO] Step 400: reward=-0.159, dist=3.91
2026-02-27 20:24:25,160 [INFO] Step 600: reward=-2.205, dist=2.84
2026-02-27 20:24:30,498 [INFO] Step 800: reward=-0.207, dist=2.97
2026-02-27 20:24:35,408 [INFO] Performing PPO update at global step 1585152
2026-02-27 20:24:35,704 [INFO] PPO losses — policy: 0.0201, value: 347.2775, entropy: 4.2242
2026-02-27 20:24:35,709 [INFO] PPO update completed. Buffer cleared.
2026-02-27 20:24:36,012 [INFO] Episode 1991 COMPLETE | Reward -922.06 | Steps 1000 | Terminated False | Truncated True
2026-02-27 20:25:01,219 [INFO] Step 0: reward=-100.000, dist=3247.26
2026-02-27 20:25:01,219 [INFO] Episode 1992 COMPLETE | Reward -100.00 | Steps 1 | Terminated False | Truncated True
2026-02-27 20:25:05,307 [INFO] Step 0: reward=0.093, dist=4.24
2026-02-27 20:25:10,583 [INFO] Step 200: reward=-0.341, dist=6.15
2026-02-27 20:25:16,251 [INFO] Step 400: reward=0.146, dist=7.22
2026-02-27 20:25:22,009 [INFO] Step 600: reward=0.207, dist=5.97
2026-02-27 20:25:28,158 [INFO] Step 800: reward=4.940, dist=4.41
2026-02-27 20:25:32,726 [INFO] Episode 1993 COMPLETE | Reward -394.84 | Steps 1000 | Terminated False | Truncated True
2026-02-27 20:25:35,823 [INFO] Step 0: reward=-0.206, dist=3.68
2026-02-27 20:25:42,074 [INFO] Step 200: reward=-0.012, dist=5.57
2026-02-27 20:25:49,612 [INFO] Step 400: reward=0.054, dist=6.41
2026-02-27 20:25:55,687 [INFO] Step 600: reward=-1.905, dist=6.24
2026-02-27 20:26:02,532 [INFO] Step 800: reward=-2.005, dist=4.47
2026-02-27 20:26:06,588 [INFO] Episode 1994 COMPLETE | Reward -334.89 | Steps 1000 | Terminated False | Truncated True
2026-02-27 20:26:09,628 [INFO] Step 0: reward=0.087, dist=31.82
2026-02-27 20:26:10,080 [INFO] Performing PPO update at global step 1587200
2026-02-27 20:26:10,341 [INFO] PPO losses — policy: 0.0097, value: 1045.8133, entropy: 4.2242
2026-02-27 20:26:10,346 [INFO] PPO update completed. Buffer cleared.
2026-02-27 20:26:14,442 [INFO] Step 200: reward=-1.522, dist=83.43
2026-02-27 20:26:20,443 [INFO] Step 400: reward=0.026, dist=89.87
2026-02-27 20:26:23,912 [INFO] Step 600: reward=-1.908, dist=90.67
2026-02-27 20:26:27,093 [INFO] Step 800: reward=-2.042, dist=91.86
2026-02-27 20:26:31,530 [INFO] Episode 1995 COMPLETE | Reward -1198.64 | Steps 1000 | Terminated False | Truncated True
2026-02-27 20:26:31,550 [INFO] Checkpoint saved: checkpoints/ppo_ep_01995.pt
2026-02-27 20:26:33,705 [INFO] Step 0: reward=-0.206, dist=3.67
2026-02-27 20:26:39,677 [INFO] Step 200: reward=-2.014, dist=3.71
2026-02-27 20:26:45,798 [INFO] Step 400: reward=-0.376, dist=2.98
2026-02-27 20:26:54,111 [INFO] Step 600: reward=0.143, dist=4.16
2026-02-27 20:26:59,265 [INFO] Step 800: reward=-2.125, dist=3.30
2026-02-27 20:27:03,448 [INFO] Episode 1996 COMPLETE | Reward -778.69 | Steps 1000 | Terminated False | Truncated True
2026-02-27 20:27:07,936 [INFO] Step 0: reward=-0.206, dist=2.86
2026-02-27 20:27:10,503 [INFO] Performing PPO update at global step 1589248
2026-02-27 20:27:10,786 [INFO] PPO losses — policy: 0.0025, value: 311.5658, entropy: 4.2242
2026-02-27 20:27:10,791 [INFO] PPO update completed. Buffer cleared.
2026-02-27 20:27:14,557 [INFO] Step 200: reward=-1.169, dist=2.26
2026-02-27 20:27:20,342 [INFO] Step 400: reward=-0.207, dist=1.70
2026-02-27 20:27:27,450 [INFO] Step 600: reward=-0.172, dist=2.72
2026-02-27 20:27:33,786 [INFO] Step 800: reward=-0.266, dist=1.50
2026-02-27 20:27:34,180 [INFO] Policy action (normalized): v = +0.999, w = +0.885 | Cmd_vel (scaled): v = +0.999 m/s, w = +0.885 rad/s
2026-02-27 20:27:40,412 [INFO] Episode 1997 COMPLETE | Reward -658.56 | Steps 1000 | Terminated False | Truncated True
2026-02-27 20:27:44,494 [INFO] Step 0: reward=-0.232, dist=3.83
2026-02-27 20:27:51,879 [INFO] Step 200: reward=-0.305, dist=3.07
2026-02-27 20:27:58,738 [INFO] Step 400: reward=-0.205, dist=3.15
2026-02-27 20:28:05,575 [INFO] Step 600: reward=-0.134, dist=3.42
2026-02-27 20:28:11,637 [INFO] Step 800: reward=-0.205, dist=2.47
2026-02-27 20:28:16,641 [INFO] Episode 1998 COMPLETE | Reward -605.88 | Steps 1000 | Terminated False | Truncated True
2026-02-27 20:28:18,704 [INFO] Step 0: reward=-0.205, dist=3.71
2026-02-27 20:28:21,659 [INFO] Performing PPO update at global step 1591296
2026-02-27 20:28:21,944 [INFO] PPO losses — policy: 0.0348, value: 52.2677, entropy: 4.2242
2026-02-27 20:28:21,950 [INFO] PPO update completed. Buffer cleared.
2026-02-27 20:28:24,651 [INFO] Step 200: reward=-0.306, dist=2.75
2026-02-27 20:28:31,137 [INFO] Step 400: reward=-0.251, dist=3.96
2026-02-27 20:28:36,730 [INFO] Step 600: reward=-0.220, dist=3.25
2026-02-27 20:28:41,995 [INFO] Step 800: reward=-4.156, dist=2.72
2026-02-27 20:28:47,661 [INFO] Episode 1999 COMPLETE | Reward -918.29 | Steps 1000 | Terminated False | Truncated True
2026-02-27 20:28:50,821 [INFO] Step 0: reward=-0.209, dist=3.47
2026-02-27 20:28:56,554 [INFO] Step 200: reward=-0.207, dist=3.09
2026-02-27 20:29:02,735 [INFO] Step 400: reward=-0.241, dist=2.40
2026-02-27 20:29:08,410 [INFO] Step 600: reward=-2.416, dist=3.41
2026-02-27 20:29:14,892 [INFO] Step 800: reward=-0.205, dist=3.08
2026-02-27 20:29:20,491 [INFO] Episode 2000 COMPLETE | Reward -812.67 | Steps 1000 | Terminated False | Truncated True
2026-02-27 20:29:20,512 [INFO] Checkpoint saved: checkpoints/ppo_ep_02000.pt
2026-02-27 20:29:22,667 [INFO] Step 0: reward=-0.205, dist=3.65
2026-02-27 20:29:27,305 [INFO] Performing PPO update at global step 1593344
2026-02-27 20:29:27,589 [INFO] PPO losses — policy: 0.0000, value: 117.9327, entropy: 4.2242
2026-02-27 20:29:27,594 [INFO] PPO update completed. Buffer cleared.
2026-02-27 20:29:28,047 [INFO] Step 200: reward=-0.180, dist=2.79
2026-02-27 20:29:34,090 [INFO] Step 400: reward=-2.326, dist=3.72
2026-02-27 20:29:40,151 [INFO] Step 600: reward=-0.219, dist=3.90
2026-02-27 20:29:45,475 [INFO] Step 800: reward=-0.231, dist=2.86
2026-02-27 20:29:51,632 [INFO] Episode 2001 COMPLETE | Reward -744.40 | Steps 1000 | Terminated False | Truncated True
2026-02-27 20:29:56,199 [INFO] Step 0: reward=-0.205, dist=2.27
2026-02-27 20:30:00,469 [INFO] Step 200: reward=-0.205, dist=2.14
2026-02-27 20:30:04,797 [INFO] Step 400: reward=-2.207, dist=1.25
2026-02-27 20:30:11,183 [INFO] Step 600: reward=-2.205, dist=1.92
2026-02-27 20:30:15,778 [INFO] Step 800: reward=-0.251, dist=2.33
2026-02-27 20:30:23,017 [INFO] Episode 2002 COMPLETE | Reward -1015.98 | Steps 1000 | Terminated False | Truncated True
2026-02-27 20:30:26,123 [INFO] Step 0: reward=-0.205, dist=3.04
2026-02-27 20:30:31,087 [INFO] Step 200: reward=-0.225, dist=3.38
2026-02-27 20:30:32,005 [INFO] Performing PPO update at global step 1595392
2026-02-27 20:30:32,287 [INFO] PPO losses — policy: 0.0008, value: 174.0300, entropy: 4.2242
2026-02-27 20:30:32,292 [INFO] PPO update completed. Buffer cleared.
2026-02-27 20:30:38,225 [INFO] Step 400: reward=-0.313, dist=2.07
2026-02-27 20:30:44,218 [INFO] Step 600: reward=-0.313, dist=3.20
2026-02-27 20:30:51,168 [INFO] Step 800: reward=-0.193, dist=2.99
2026-02-27 20:30:56,021 [INFO] Episode 2003 COMPLETE | Reward -814.95 | Steps 1000 | Terminated False | Truncated True
2026-02-27 20:30:59,113 [INFO] Step 0: reward=-0.305, dist=3.65
2026-02-27 20:31:05,995 [INFO] Step 200: reward=0.226, dist=4.59
2026-02-27 20:31:11,130 [INFO] Step 400: reward=-0.201, dist=3.74
2026-02-27 20:31:16,725 [INFO] Step 600: reward=-0.226, dist=3.82
2026-02-27 20:31:20,520 [INFO] Step 800: reward=0.094, dist=4.54
2026-02-27 20:31:26,700 [INFO] Episode 2004 COMPLETE | Reward -718.53 | Steps 1000 | Terminated False | Truncated True
2026-02-27 20:31:30,814 [INFO] Step 0: reward=-0.205, dist=2.21
2026-02-27 20:31:35,769 [INFO] Step 200: reward=-2.205, dist=3.18
2026-02-27 20:31:37,647 [INFO] Performing PPO update at global step 1597440
2026-02-27 20:31:37,912 [INFO] PPO losses — policy: 0.0013, value: 126.8340, entropy: 4.2242
2026-02-27 20:31:37,917 [INFO] PPO update completed. Buffer cleared.
2026-02-27 20:31:42,046 [INFO] Step 400: reward=-0.207, dist=3.62
2026-02-27 20:31:46,572 [INFO] Step 600: reward=-0.206, dist=2.79
2026-02-27 20:31:54,016 [INFO] Step 800: reward=-2.215, dist=2.95
2026-02-27 20:31:59,819 [INFO] Episode 2005 COMPLETE | Reward -1018.89 | Steps 1000 | Terminated False | Truncated True
2026-02-27 20:31:59,837 [INFO] Checkpoint saved: checkpoints/ppo_ep_02005.pt
2026-02-27 20:32:02,897 [INFO] Step 0: reward=-0.205, dist=2.56
2026-02-27 20:32:08,589 [INFO] Step 200: reward=-0.200, dist=1.55
2026-02-27 20:32:14,554 [INFO] Step 400: reward=-0.347, dist=2.61
2026-02-27 20:32:21,534 [INFO] Step 600: reward=0.038, dist=2.29
2026-02-27 20:32:27,485 [INFO] Step 800: reward=-1.650, dist=1.84
2026-02-27 20:32:32,988 [INFO] Episode 2006 COMPLETE | Reward -814.30 | Steps 1000 | Terminated False | Truncated True
2026-02-27 20:32:36,195 [INFO] Step 0: reward=-0.205, dist=2.75
2026-02-27 20:32:43,251 [INFO] Step 200: reward=-0.031, dist=1.95
2026-02-27 20:32:45,559 [INFO] Performing PPO update at global step 1599488
2026-02-27 20:32:45,850 [INFO] PPO losses — policy: 0.0385, value: 139.1355, entropy: 4.2242
2026-02-27 20:32:45,858 [INFO] PPO update completed. Buffer cleared.
2026-02-27 20:32:47,934 [INFO] Step 400: reward=-0.378, dist=1.63
2026-02-27 20:32:54,094 [INFO] Step 600: reward=-2.190, dist=2.92
2026-02-27 20:33:01,196 [INFO] Step 800: reward=-0.220, dist=1.87
2026-02-27 20:33:02,399 [INFO] Policy action (normalized): v = +0.277, w = +0.989 | Cmd_vel (scaled): v = +0.277 m/s, w = +0.989 rad/s
2026-02-27 20:33:06,238 [INFO] Episode 2007 COMPLETE | Reward -894.59 | Steps 1000 | Terminated False | Truncated True
2026-02-27 20:33:10,441 [INFO] Step 0: reward=-0.215, dist=1.80
2026-02-27 20:33:15,467 [INFO] Step 200: reward=-2.262, dist=2.73
2026-02-27 20:33:21,322 [INFO] Step 400: reward=-0.083, dist=3.04
2026-02-27 20:33:27,881 [INFO] Step 600: reward=-0.275, dist=1.93
2026-02-27 20:33:33,995 [INFO] Step 800: reward=-0.389, dist=2.98
2026-02-27 20:33:39,630 [INFO] Episode 2008 COMPLETE | Reward -764.10 | Steps 1000 | Terminated False | Truncated True
2026-02-27 20:33:44,002 [INFO] Step 0: reward=-0.205, dist=3.33
2026-02-27 20:33:51,274 [INFO] Step 200: reward=-0.207, dist=2.59
2026-02-27 20:33:56,956 [INFO] Performing PPO update at global step 1601536
2026-02-27 20:33:57,224 [INFO] PPO losses — policy: -0.0022, value: 89.3729, entropy: 4.2242
2026-02-27 20:33:57,229 [INFO] PPO update completed. Buffer cleared.
2026-02-27 20:33:58,373 [INFO] Step 400: reward=-0.455, dist=2.51
2026-02-27 20:34:04,626 [INFO] Step 600: reward=-0.205, dist=3.13
2026-02-27 20:34:11,245 [INFO] Step 800: reward=-0.223, dist=2.09
2026-02-27 20:34:16,303 [INFO] Episode 2009 COMPLETE | Reward -756.08 | Steps 1000 | Terminated False | Truncated True
2026-02-27 20:34:20,398 [INFO] Step 0: reward=-0.222, dist=1.94
2026-02-27 20:34:25,945 [INFO] Step 200: reward=-2.221, dist=3.09
2026-02-27 20:34:33,134 [INFO] Step 400: reward=-0.196, dist=2.34
2026-02-27 20:34:38,074 [INFO] Step 600: reward=-2.230, dist=1.99
2026-02-27 20:34:43,481 [INFO] Step 800: reward=-2.235, dist=2.98
2026-02-27 20:34:49,671 [INFO] Episode 2010 COMPLETE | Reward -890.05 | Steps 1000 | Terminated False | Truncated True
2026-02-27 20:34:49,689 [INFO] Checkpoint saved: checkpoints/ppo_ep_02010.pt
2026-02-27 20:34:53,433 [INFO] Step 0: reward=-0.205, dist=2.49
2026-02-27 20:34:59,593 [INFO] Step 200: reward=-0.390, dist=3.29
2026-02-27 20:35:05,706 [INFO] Step 400: reward=-0.305, dist=3.53
2026-02-27 20:35:06,633 [INFO] Performing PPO update at global step 1603584
2026-02-27 20:35:06,922 [INFO] PPO losses — policy: 0.0134, value: 135.4146, entropy: 4.2242
2026-02-27 20:35:06,929 [INFO] PPO update completed. Buffer cleared.
2026-02-27 20:35:13,368 [INFO] Step 600: reward=-0.206, dist=2.64
2026-02-27 20:35:20,426 [INFO] Step 800: reward=-0.284, dist=3.67
2026-02-27 20:35:27,441 [INFO] Episode 2011 COMPLETE | Reward -617.58 | Steps 1000 | Terminated False | Truncated True
2026-02-27 20:35:31,979 [INFO] Step 0: reward=-1.412, dist=2.66
2026-02-27 20:35:38,110 [INFO] Step 200: reward=-0.072, dist=1.60
2026-02-27 20:35:43,843 [INFO] Step 400: reward=-2.205, dist=2.12
2026-02-27 20:35:50,695 [INFO] Step 600: reward=-0.214, dist=2.80
2026-02-27 20:35:57,420 [INFO] Step 800: reward=-0.206, dist=1.58
2026-02-27 20:36:04,042 [INFO] Episode 2012 COMPLETE | Reward -730.76 | Steps 1000 | Terminated False | Truncated True
2026-02-27 20:36:08,208 [INFO] Step 0: reward=-0.217, dist=3.64
2026-02-27 20:36:15,354 [INFO] Step 200: reward=-0.347, dist=2.55
2026-02-27 20:36:20,003 [INFO] Step 400: reward=-2.255, dist=3.53
2026-02-27 20:36:22,586 [INFO] Performing PPO update at global step 1605632
2026-02-27 20:36:22,983 [INFO] PPO losses — policy: 0.0065, value: 110.7603, entropy: 4.2242
2026-02-27 20:36:22,990 [INFO] PPO update completed. Buffer cleared.
2026-02-27 20:36:27,310 [INFO] Step 600: reward=-0.177, dist=3.45
2026-02-27 20:36:33,335 [INFO] Step 800: reward=-0.346, dist=2.77
2026-02-27 20:36:39,448 [INFO] Episode 2013 COMPLETE | Reward -865.24 | Steps 1000 | Terminated False | Truncated True
2026-02-27 20:36:44,268 [INFO] Step 0: reward=-0.232, dist=3.29
2026-02-27 20:36:49,418 [INFO] Step 200: reward=-0.113, dist=2.86
2026-02-27 20:36:55,792 [INFO] Step 400: reward=-0.271, dist=1.99
2026-02-27 20:37:00,546 [INFO] Step 600: reward=-0.327, dist=2.74
2026-02-27 20:37:07,042 [INFO] Step 800: reward=-0.218, dist=2.86
2026-02-27 20:37:12,912 [INFO] Episode 2014 COMPLETE | Reward -874.44 | Steps 1000 | Terminated False | Truncated True
2026-02-27 20:37:16,112 [INFO] Step 0: reward=-0.205, dist=2.84
2026-02-27 20:37:21,306 [INFO] Step 200: reward=-2.206, dist=3.49
2026-02-27 20:37:25,929 [INFO] Step 400: reward=-1.919, dist=4.01
2026-02-27 20:37:29,153 [INFO] Performing PPO update at global step 1607680
2026-02-27 20:37:29,451 [INFO] PPO losses — policy: 0.0195, value: 154.5186, entropy: 4.2242
2026-02-27 20:37:29,457 [INFO] PPO update completed. Buffer cleared.
2026-02-27 20:37:32,287 [INFO] Step 600: reward=-0.250, dist=3.02
2026-02-27 20:37:39,504 [INFO] Step 800: reward=-0.317, dist=3.18
2026-02-27 20:37:44,084 [INFO] Episode 2015 COMPLETE | Reward -1119.70 | Steps 1000 | Terminated False | Truncated True
2026-02-27 20:37:44,105 [INFO] Checkpoint saved: checkpoints/ppo_ep_02015.pt
2026-02-27 20:37:48,175 [INFO] Step 0: reward=-0.210, dist=3.52
2026-02-27 20:37:55,214 [INFO] Step 200: reward=-0.586, dist=4.33
2026-02-27 20:38:00,906 [INFO] Step 400: reward=-0.248, dist=3.23
2026-02-27 20:38:06,455 [INFO] Step 600: reward=-2.207, dist=3.42
2026-02-27 20:38:11,496 [INFO] Step 800: reward=-1.884, dist=4.34
2026-02-27 20:38:17,224 [INFO] Episode 2016 COMPLETE | Reward -701.65 | Steps 1000 | Terminated False | Truncated True
2026-02-27 20:38:20,144 [INFO] Step 0: reward=-0.212, dist=1.87
2026-02-27 20:38:28,600 [INFO] Step 200: reward=-0.171, dist=3.19
2026-02-27 20:38:34,181 [INFO] Step 400: reward=-0.152, dist=2.51
2026-02-27 20:38:39,864 [INFO] Performing PPO update at global step 1609728
2026-02-27 20:38:40,137 [INFO] PPO losses — policy: 0.0216, value: 138.9338, entropy: 4.2242
2026-02-27 20:38:40,142 [INFO] PPO update completed. Buffer cleared.
2026-02-27 20:38:41,867 [INFO] Step 600: reward=-1.936, dist=2.52
2026-02-27 20:38:48,212 [INFO] Step 800: reward=-0.225, dist=3.27
2026-02-27 20:38:49,034 [INFO] Policy action (normalized): v = +0.925, w = +1.000 | Cmd_vel (scaled): v = +0.925 m/s, w = +1.000 rad/s
2026-02-27 20:38:55,038 [INFO] Episode 2017 COMPLETE | Reward -759.99 | Steps 1000 | Terminated False | Truncated True
2026-02-27 20:38:57,352 [INFO] Step 0: reward=-0.984, dist=2.07
2026-02-27 20:39:03,453 [INFO] Step 200: reward=-0.131, dist=1.73
2026-02-27 20:39:06,192 [INFO] Episode 2018 COMPLETE | Reward 67.46 | Steps 281 | Terminated True | Truncated False
2026-02-27 20:39:10,874 [INFO] Step 0: reward=-0.206, dist=2.47
2026-02-27 20:39:15,182 [INFO] Step 200: reward=-1.838, dist=1.71
2026-02-27 20:39:21,206 [INFO] Step 400: reward=-0.205, dist=1.67
2026-02-27 20:39:27,309 [INFO] Step 600: reward=-0.224, dist=2.52
2026-02-27 20:39:34,090 [INFO] Step 800: reward=-2.208, dist=1.72
2026-02-27 20:39:40,991 [INFO] Episode 2019 COMPLETE | Reward -815.89 | Steps 1000 | Terminated False | Truncated True
2026-02-27 20:39:44,201 [INFO] Step 0: reward=-1.805, dist=3.72
2026-02-27 20:39:50,522 [INFO] Step 200: reward=0.056, dist=4.65
2026-02-27 20:39:53,964 [INFO] Performing PPO update at global step 1611776
2026-02-27 20:39:54,239 [INFO] PPO losses — policy: -0.0032, value: 490.3050, entropy: 4.2242
2026-02-27 20:39:54,246 [INFO] PPO update completed. Buffer cleared.
2026-02-27 20:39:56,240 [INFO] Step 400: reward=-0.207, dist=3.89
2026-02-27 20:40:01,993 [INFO] Step 600: reward=-0.210, dist=3.44
2026-02-27 20:40:08,118 [INFO] Step 800: reward=0.089, dist=4.63
2026-02-27 20:40:13,773 [INFO] Episode 2020 COMPLETE | Reward -754.49 | Steps 1000 | Terminated False | Truncated True
2026-02-27 20:40:13,790 [INFO] Checkpoint saved: checkpoints/ppo_ep_02020.pt
2026-02-27 20:40:16,802 [INFO] Step 0: reward=-0.208, dist=2.31
2026-02-27 20:40:23,117 [INFO] Step 200: reward=-2.305, dist=1.98
2026-02-27 20:40:28,248 [INFO] Step 400: reward=-2.205, dist=1.12
2026-02-27 20:40:34,347 [INFO] Step 600: reward=-0.459, dist=2.10
2026-02-27 20:40:40,884 [INFO] Step 800: reward=-2.228, dist=2.30
2026-02-27 20:40:45,963 [INFO] Episode 2021 COMPLETE | Reward -1023.51 | Steps 1000 | Terminated False | Truncated True
2026-02-27 20:40:50,093 [INFO] Step 0: reward=-0.218, dist=3.20
2026-02-27 20:40:55,949 [INFO] Step 200: reward=-2.214, dist=2.25
2026-02-27 20:41:02,176 [INFO] Performing PPO update at global step 1613824
2026-02-27 20:41:02,458 [INFO] PPO losses — policy: 0.0004, value: 136.8706, entropy: 4.2242
2026-02-27 20:41:02,464 [INFO] PPO update completed. Buffer cleared.
2026-02-27 20:41:02,636 [INFO] Step 400: reward=-2.236, dist=2.63
2026-02-27 20:41:09,434 [INFO] Step 600: reward=-0.109, dist=2.70
2026-02-27 20:41:15,514 [INFO] Step 800: reward=-0.239, dist=1.68
2026-02-27 20:41:21,643 [INFO] Episode 2022 COMPLETE | Reward -701.49 | Steps 1000 | Terminated False | Truncated True
2026-02-27 20:41:23,918 [INFO] Step 0: reward=-0.259, dist=2.78
2026-02-27 20:41:29,801 [INFO] Step 200: reward=-0.346, dist=1.78
2026-02-27 20:41:35,826 [INFO] Step 400: reward=-0.318, dist=3.01
2026-02-27 20:41:42,157 [INFO] Step 600: reward=-0.231, dist=2.66
2026-02-27 20:41:47,897 [INFO] Step 800: reward=-2.256, dist=1.73
2026-02-27 20:41:53,612 [INFO] Episode 2023 COMPLETE | Reward -734.07 | Steps 1000 | Terminated False | Truncated True
2026-02-27 20:41:56,826 [INFO] Step 0: reward=-0.256, dist=3.05
2026-02-27 20:42:03,340 [INFO] Step 200: reward=-0.778, dist=4.19
2026-02-27 20:42:09,419 [INFO] Step 400: reward=-2.213, dist=3.84
2026-02-27 20:42:09,980 [INFO] Performing PPO update at global step 1615872
2026-02-27 20:42:10,246 [INFO] PPO losses — policy: 0.0150, value: 89.9124, entropy: 4.2242
2026-02-27 20:42:10,251 [INFO] PPO update completed. Buffer cleared.
2026-02-27 20:42:16,071 [INFO] Step 600: reward=-0.234, dist=3.38
2026-02-27 20:42:21,124 [INFO] Step 800: reward=-1.908, dist=4.24
2026-02-27 20:42:29,164 [INFO] Episode 2024 COMPLETE | Reward -577.66 | Steps 1000 | Terminated False | Truncated True
2026-02-27 20:42:32,384 [INFO] Step 0: reward=-0.205, dist=3.18
2026-02-27 20:42:38,419 [INFO] Step 200: reward=0.048, dist=2.63
2026-02-27 20:42:44,124 [INFO] Step 400: reward=-2.301, dist=2.07
2026-02-27 20:42:49,819 [INFO] Step 600: reward=-0.205, dist=3.14
2026-02-27 20:42:54,348 [INFO] Step 800: reward=-0.061, dist=3.04
2026-02-27 20:42:59,397 [INFO] Episode 2025 COMPLETE | Reward -1045.02 | Steps 1000 | Terminated False | Truncated True
2026-02-27 20:42:59,417 [INFO] Checkpoint saved: checkpoints/ppo_ep_02025.pt
2026-02-27 20:43:01,498 [INFO] Step 0: reward=-1.124, dist=1.99
2026-02-27 20:43:06,929 [INFO] Step 200: reward=-0.215, dist=3.10
2026-02-27 20:43:12,422 [INFO] Step 400: reward=-0.219, dist=2.59
2026-02-27 20:43:14,305 [INFO] Performing PPO update at global step 1617920
2026-02-27 20:43:14,591 [INFO] PPO losses — policy: 0.0147, value: 141.0401, entropy: 4.2242
2026-02-27 20:43:14,598 [INFO] PPO update completed. Buffer cleared.
2026-02-27 20:43:17,879 [INFO] Step 600: reward=-0.210, dist=1.73
2026-02-27 20:43:24,544 [INFO] Step 800: reward=-2.142, dist=2.95
2026-02-27 20:43:31,323 [INFO] Episode 2026 COMPLETE | Reward -719.77 | Steps 1000 | Terminated False | Truncated True
2026-02-27 20:43:35,383 [INFO] Step 0: reward=-0.305, dist=2.24
2026-02-27 20:43:41,083 [INFO] Step 200: reward=-0.217, dist=2.70
2026-02-27 20:43:46,881 [INFO] Step 400: reward=-0.106, dist=1.76
2026-02-27 20:43:52,004 [INFO] Step 600: reward=-0.305, dist=1.95
2026-02-27 20:43:57,655 [INFO] Step 800: reward=-0.246, dist=2.76
2026-02-27 20:44:04,380 [INFO] Episode 2027 COMPLETE | Reward -796.99 | Steps 1000 | Terminated False | Truncated True
2026-02-27 20:44:07,965 [INFO] Step 0: reward=-0.238, dist=3.02
2026-02-27 20:44:12,971 [INFO] Step 200: reward=-0.748, dist=4.05
2026-02-27 20:44:19,517 [INFO] Step 400: reward=-0.110, dist=3.99
2026-02-27 20:44:23,619 [INFO] Performing PPO update at global step 1619968
2026-02-27 20:44:24,028 [INFO] PPO losses — policy: 0.0218, value: 97.5057, entropy: 4.2242
2026-02-27 20:44:24,036 [INFO] PPO update completed. Buffer cleared.
2026-02-27 20:44:25,209 [INFO] Policy action (normalized): v = +0.987, w = +0.843 | Cmd_vel (scaled): v = +0.987 m/s, w = +0.843 rad/s
2026-02-27 20:44:26,027 [INFO] Step 600: reward=-2.205, dist=2.88
2026-02-27 20:44:32,865 [INFO] Step 800: reward=-0.293, dist=3.95
2026-02-27 20:44:39,905 [INFO] Episode 2028 COMPLETE | Reward -653.82 | Steps 1000 | Terminated False | Truncated True
2026-02-27 20:44:44,012 [INFO] Step 0: reward=-0.215, dist=2.28
2026-02-27 20:44:49,272 [INFO] Step 200: reward=-0.456, dist=3.33
2026-02-27 20:44:57,168 [INFO] Step 400: reward=-0.296, dist=3.18
2026-02-27 20:45:01,992 [INFO] Step 600: reward=-0.229, dist=2.48
2026-02-27 20:45:08,327 [INFO] Step 800: reward=-0.478, dist=3.58
2026-02-27 20:45:14,264 [INFO] Episode 2029 COMPLETE | Reward -866.60 | Steps 1000 | Terminated False | Truncated True
2026-02-27 20:45:18,653 [INFO] Step 0: reward=-0.206, dist=2.17
2026-02-27 20:45:24,629 [INFO] Step 200: reward=-0.184, dist=2.48
2026-02-27 20:45:31,031 [INFO] Step 400: reward=-0.219, dist=1.28
2026-02-27 20:45:35,482 [INFO] Performing PPO update at global step 1622016
2026-02-27 20:45:35,748 [INFO] PPO losses — policy: 0.0047, value: 101.2117, entropy: 4.2242
2026-02-27 20:45:35,757 [INFO] PPO update completed. Buffer cleared.
2026-02-27 20:45:36,766 [INFO] Step 600: reward=-0.215, dist=2.35
2026-02-27 20:45:42,151 [INFO] Step 800: reward=-0.206, dist=2.33
2026-02-27 20:45:48,522 [INFO] Episode 2030 COMPLETE | Reward -707.32 | Steps 1000 | Terminated False | Truncated True
2026-02-27 20:45:48,542 [INFO] Checkpoint saved: checkpoints/ppo_ep_02030.pt
2026-02-27 20:45:53,066 [INFO] Step 0: reward=-0.220, dist=3.67
2026-02-27 20:45:58,803 [INFO] Step 200: reward=0.050, dist=3.07
2026-02-27 20:46:02,900 [INFO] Step 400: reward=-2.222, dist=2.42
2026-02-27 20:46:08,420 [INFO] Step 600: reward=-0.358, dist=3.39
2026-02-27 20:46:15,232 [INFO] Step 800: reward=-0.137, dist=3.38
2026-02-27 20:46:20,695 [INFO] Episode 2031 COMPLETE | Reward -862.58 | Steps 1000 | Terminated False | Truncated True
2026-02-27 20:46:23,775 [INFO] Step 0: reward=-0.205, dist=3.56
2026-02-27 20:46:30,507 [INFO] Step 200: reward=0.001, dist=4.56
2026-02-27 20:46:37,167 [INFO] Step 400: reward=0.114, dist=4.40
2026-02-27 20:46:42,749 [INFO] Step 600: reward=-0.205, dist=3.74
2026-02-27 20:46:43,396 [INFO] Performing PPO update at global step 1624064
2026-02-27 20:46:43,696 [INFO] PPO losses — policy: 0.1301, value: 106.7946, entropy: 4.2242
2026-02-27 20:46:43,702 [INFO] PPO update completed. Buffer cleared.
2026-02-27 20:46:50,482 [INFO] Step 800: reward=-1.093, dist=5.01
2026-02-27 20:46:56,036 [INFO] Episode 2032 COMPLETE | Reward -577.44 | Steps 1000 | Terminated False | Truncated True
2026-02-27 20:46:58,999 [INFO] Step 0: reward=-0.211, dist=3.22
2026-02-27 20:47:06,129 [INFO] Step 200: reward=-0.207, dist=3.33
2026-02-27 20:47:11,571 [INFO] Step 400: reward=-0.046, dist=4.25
2026-02-27 20:47:18,240 [INFO] Step 600: reward=-1.768, dist=3.08
2026-02-27 20:47:25,016 [INFO] Step 800: reward=-2.208, dist=3.72
2026-02-27 20:47:31,261 [INFO] Episode 2033 COMPLETE | Reward -756.62 | Steps 1000 | Terminated False | Truncated True
2026-02-27 20:47:34,329 [INFO] Step 0: reward=-0.205, dist=2.82
2026-02-27 20:47:41,313 [INFO] Step 200: reward=-0.023, dist=4.12
2026-02-27 20:47:47,279 [INFO] Step 400: reward=-2.205, dist=3.34
2026-02-27 20:47:53,581 [INFO] Step 600: reward=-0.208, dist=3.23
2026-02-27 20:47:56,166 [INFO] Performing PPO update at global step 1626112
2026-02-27 20:47:56,448 [INFO] PPO losses — policy: 0.0014, value: 100.9679, entropy: 4.2242
2026-02-27 20:47:56,455 [INFO] PPO update completed. Buffer cleared.
2026-02-27 20:48:01,203 [INFO] Step 800: reward=-1.766, dist=4.32
2026-02-27 20:48:06,929 [INFO] Episode 2034 COMPLETE | Reward -865.59 | Steps 1000 | Terminated False | Truncated True
2026-02-27 20:48:09,436 [INFO] Step 0: reward=-0.213, dist=2.04
2026-02-27 20:48:14,076 [INFO] Step 200: reward=-0.328, dist=2.57
2026-02-27 20:48:20,932 [INFO] Step 400: reward=0.317, dist=1.60
2026-02-27 20:48:25,211 [INFO] Step 600: reward=-0.596, dist=1.36
2026-02-27 20:48:31,386 [INFO] Step 800: reward=-0.354, dist=2.57
2026-02-27 20:48:37,473 [INFO] Episode 2035 COMPLETE | Reward -1080.32 | Steps 1000 | Terminated False | Truncated True
2026-02-27 20:48:37,498 [INFO] Checkpoint saved: checkpoints/ppo_ep_02035.pt
2026-02-27 20:48:40,818 [INFO] Step 0: reward=-0.205, dist=3.33
2026-02-27 20:48:46,524 [INFO] Step 200: reward=0.030, dist=4.38
2026-02-27 20:48:52,797 [INFO] Step 400: reward=-0.157, dist=3.66
2026-02-27 20:48:58,752 [INFO] Step 600: reward=-0.271, dist=3.54
2026-02-27 20:49:03,099 [INFO] Performing PPO update at global step 1628160
2026-02-27 20:49:03,389 [INFO] PPO losses — policy: 0.0076, value: 182.4044, entropy: 4.2242
2026-02-27 20:49:03,394 [INFO] PPO update completed. Buffer cleared.
2026-02-27 20:49:05,621 [INFO] Step 800: reward=-3.015, dist=4.50
2026-02-27 20:49:13,020 [INFO] Episode 2036 COMPLETE | Reward -744.65 | Steps 1000 | Terminated False | Truncated True
2026-02-27 20:49:24,579 [INFO] Step 0: reward=0.092, dist=4.44
2026-02-27 20:49:30,397 [INFO] Step 200: reward=-0.230, dist=3.62
2026-02-27 20:49:36,276 [INFO] Step 400: reward=0.020, dist=4.67
2026-02-27 20:49:41,727 [INFO] Step 600: reward=-1.693, dist=4.70
2026-02-27 20:49:47,377 [INFO] Step 800: reward=-0.205, dist=2.69
2026-02-27 20:49:55,273 [INFO] Episode 2037 COMPLETE | Reward -719.71 | Steps 1000 | Terminated False | Truncated True
2026-02-27 20:49:59,167 [INFO] Step 0: reward=-0.205, dist=2.46
2026-02-27 20:50:07,967 [INFO] Step 200: reward=-0.147, dist=1.27
2026-02-27 20:50:14,758 [INFO] Step 400: reward=-0.379, dist=2.02
2026-02-27 20:50:20,625 [INFO] Policy action (normalized): v = +0.695, w = +0.860 | Cmd_vel (scaled): v = +0.695 m/s, w = +0.860 rad/s
2026-02-27 20:50:22,557 [INFO] Step 600: reward=-0.107, dist=1.85
2026-02-27 20:50:27,242 [INFO] Performing PPO update at global step 1630208
2026-02-27 20:50:27,520 [INFO] PPO losses — policy: 0.0110, value: 100.9186, entropy: 4.2242
2026-02-27 20:50:27,526 [INFO] PPO update completed. Buffer cleared.
2026-02-27 20:50:28,932 [INFO] Step 800: reward=-0.358, dist=1.45
2026-02-27 20:50:36,620 [INFO] Episode 2038 COMPLETE | Reward -543.27 | Steps 1000 | Terminated False | Truncated True
2026-02-27 20:50:38,855 [INFO] Step 0: reward=-0.305, dist=2.82
2026-02-27 20:50:45,590 [INFO] Step 200: reward=-0.228, dist=1.58
2026-02-27 20:50:51,469 [INFO] Step 400: reward=-0.261, dist=2.75
2026-02-27 20:50:58,822 [INFO] Step 600: reward=-0.018, dist=2.07
2026-02-27 20:51:05,772 [INFO] Step 800: reward=-2.205, dist=2.46
2026-02-27 20:51:13,269 [INFO] Episode 2039 COMPLETE | Reward -665.19 | Steps 1000 | Terminated False | Truncated True
2026-02-27 20:51:15,547 [INFO] Step 0: reward=-0.856, dist=2.71
2026-02-27 20:51:23,677 [INFO] Step 200: reward=-0.220, dist=1.46
2026-02-27 20:51:30,109 [INFO] Step 400: reward=-2.305, dist=2.70
2026-02-27 20:51:37,835 [INFO] Step 600: reward=-0.205, dist=2.08
2026-02-27 20:51:43,002 [INFO] Step 800: reward=-2.229, dist=1.37
2026-02-27 20:51:43,322 [INFO] Performing PPO update at global step 1632256
2026-02-27 20:51:43,608 [INFO] PPO losses — policy: 0.0179, value: 76.3759, entropy: 4.2242
2026-02-27 20:51:43,613 [INFO] PPO update completed. Buffer cleared.
2026-02-27 20:51:48,997 [INFO] Episode 2040 COMPLETE | Reward -813.34 | Steps 1000 | Terminated False | Truncated True
2026-02-27 20:51:49,017 [INFO] Checkpoint saved: checkpoints/ppo_ep_02040.pt
2026-02-27 20:51:53,053 [INFO] Step 0: reward=-0.211, dist=2.87
2026-02-27 20:52:00,463 [INFO] Step 200: reward=0.106, dist=4.01
2026-02-27 20:52:06,458 [INFO] Step 400: reward=0.182, dist=3.01
2026-02-27 20:52:13,594 [INFO] Step 600: reward=-2.291, dist=3.66
2026-02-27 20:52:18,016 [INFO] Step 800: reward=0.064, dist=4.05
2026-02-27 20:52:23,948 [INFO] Episode 2041 COMPLETE | Reward -741.77 | Steps 1000 | Terminated False | Truncated True
2026-02-27 20:52:29,092 [INFO] Step 0: reward=-0.210, dist=3.21
2026-02-27 20:52:34,492 [INFO] Step 200: reward=0.025, dist=2.21
2026-02-27 20:52:42,316 [INFO] Step 400: reward=-1.748, dist=2.88
2026-02-27 20:52:49,227 [INFO] Step 600: reward=-2.305, dist=2.45
2026-02-27 20:52:54,339 [INFO] Step 800: reward=-0.234, dist=1.81
2026-02-27 20:52:56,811 [INFO] Performing PPO update at global step 1634304
2026-02-27 20:52:57,077 [INFO] PPO losses — policy: 0.0068, value: 125.7304, entropy: 4.2242
2026-02-27 20:52:57,083 [INFO] PPO update completed. Buffer cleared.
2026-02-27 20:53:02,284 [INFO] Episode 2042 COMPLETE | Reward -822.97 | Steps 1000 | Terminated False | Truncated True
2026-02-27 20:53:06,442 [INFO] Step 0: reward=-1.910, dist=3.59
2026-02-27 20:53:14,545 [INFO] Step 200: reward=-0.489, dist=2.98
2026-02-27 20:53:20,178 [INFO] Step 400: reward=0.094, dist=4.07
2026-02-27 20:53:26,635 [INFO] Step 600: reward=-0.087, dist=3.02
2026-02-27 20:53:34,192 [INFO] Step 800: reward=-0.205, dist=3.55
2026-02-27 20:53:41,439 [INFO] Episode 2043 COMPLETE | Reward -710.04 | Steps 1000 | Terminated False | Truncated True
2026-02-27 20:53:44,571 [INFO] Step 0: reward=-0.207, dist=2.41
2026-02-27 20:53:51,734 [INFO] Step 200: reward=-0.156, dist=1.42
2026-02-27 20:53:58,252 [INFO] Step 400: reward=-0.712, dist=2.04
2026-02-27 20:54:05,096 [INFO] Step 600: reward=-0.157, dist=2.41
2026-02-27 20:54:10,745 [INFO] Step 800: reward=-0.189, dist=1.28
2026-02-27 20:54:13,708 [INFO] Performing PPO update at global step 1636352
2026-02-27 20:54:13,987 [INFO] PPO losses — policy: 0.0264, value: 94.7851, entropy: 4.2242
2026-02-27 20:54:13,993 [INFO] PPO update completed. Buffer cleared.
2026-02-27 20:54:16,944 [INFO] Episode 2044 COMPLETE | Reward -752.71 | Steps 1000 | Terminated False | Truncated True
2026-02-27 20:54:21,013 [INFO] Step 0: reward=-0.206, dist=3.52
2026-02-27 20:54:27,752 [INFO] Step 200: reward=-0.258, dist=2.61
2026-02-27 20:54:33,004 [INFO] Step 400: reward=-0.246, dist=3.59
2026-02-27 20:54:39,103 [INFO] Step 600: reward=-1.481, dist=3.21
2026-02-27 20:54:45,002 [INFO] Step 800: reward=-0.215, dist=2.50
2026-02-27 20:54:51,656 [INFO] Episode 2045 COMPLETE | Reward -937.22 | Steps 1000 | Terminated False | Truncated True
2026-02-27 20:54:51,674 [INFO] Checkpoint saved: checkpoints/ppo_ep_02045.pt
2026-02-27 20:54:56,001 [INFO] Step 0: reward=-0.208, dist=2.57
2026-02-27 20:55:02,989 [INFO] Step 200: reward=-0.132, dist=2.64
2026-02-27 20:55:09,758 [INFO] Step 400: reward=-0.297, dist=1.94
2026-02-27 20:55:17,423 [INFO] Step 600: reward=-0.187, dist=3.12
2026-02-27 20:55:24,805 [INFO] Step 800: reward=-2.208, dist=1.78
2026-02-27 20:55:31,003 [INFO] Performing PPO update at global step 1638400
2026-02-27 20:55:31,273 [INFO] PPO losses — policy: 0.0007, value: 122.2400, entropy: 4.2242
2026-02-27 20:55:31,278 [INFO] PPO update completed. Buffer cleared.
2026-02-27 20:55:32,992 [INFO] Episode 2046 COMPLETE | Reward -590.70 | Steps 1000 | Terminated False | Truncated True
2026-02-27 20:55:38,114 [INFO] Step 0: reward=-0.231, dist=3.52
2026-02-27 20:55:44,088 [INFO] Step 200: reward=-1.949, dist=4.55
2026-02-27 20:55:50,511 [INFO] Step 400: reward=-0.134, dist=3.65
2026-02-27 20:55:57,348 [INFO] Step 600: reward=-0.250, dist=4.21
2026-02-27 20:56:03,870 [INFO] Step 800: reward=0.171, dist=4.23
2026-02-27 20:56:11,045 [INFO] Episode 2047 COMPLETE | Reward -490.73 | Steps 1000 | Terminated False | Truncated True
2026-02-27 20:56:15,071 [INFO] Step 0: reward=-0.305, dist=2.21
2026-02-27 20:56:21,563 [INFO] Step 200: reward=-0.230, dist=3.31
2026-02-27 20:56:26,027 [INFO] Step 400: reward=-2.206, dist=2.53
2026-02-27 20:56:32,356 [INFO] Policy action (normalized): v = +0.997, w = +0.972 | Cmd_vel (scaled): v = +0.997 m/s, w = +0.972 rad/s
2026-02-27 20:56:34,043 [INFO] Step 600: reward=-0.377, dist=2.63
2026-02-27 20:56:39,519 [INFO] Step 800: reward=-2.231, dist=3.16
2026-02-27 20:56:45,137 [INFO] Performing PPO update at global step 1640448
2026-02-27 20:56:45,423 [INFO] PPO losses — policy: 0.0165, value: 101.0771, entropy: 4.2242
2026-02-27 20:56:45,429 [INFO] PPO update completed. Buffer cleared.
2026-02-27 20:56:45,435 [INFO] Episode 2048 COMPLETE | Reward -827.12 | Steps 1000 | Terminated False | Truncated True
2026-02-27 20:56:49,609 [INFO] Step 0: reward=-0.305, dist=3.09
2026-02-27 20:56:55,645 [INFO] Step 200: reward=-0.000, dist=4.13
2026-02-27 20:57:00,387 [INFO] Step 400: reward=-1.904, dist=4.44
2026-02-27 20:57:08,093 [INFO] Step 600: reward=-0.305, dist=3.36
2026-02-27 20:57:15,238 [INFO] Step 800: reward=-0.083, dist=4.60
2026-02-27 20:57:20,018 [INFO] Episode 2049 COMPLETE | Reward -715.84 | Steps 1000 | Terminated False | Truncated True
2026-02-27 20:57:23,103 [INFO] Step 0: reward=-0.209, dist=2.59
2026-02-27 20:57:29,317 [INFO] Step 200: reward=0.069, dist=2.82
2026-02-27 20:57:36,830 [INFO] Step 400: reward=-0.221, dist=1.67
2026-02-27 20:57:41,503 [INFO] Step 600: reward=-2.225, dist=2.63
2026-02-27 20:57:47,243 [INFO] Step 800: reward=-0.143, dist=2.75
2026-02-27 20:57:53,174 [INFO] Episode 2050 COMPLETE | Reward -839.87 | Steps 1000 | Terminated False | Truncated True
2026-02-27 20:57:53,193 [INFO] Checkpoint saved: checkpoints/ppo_ep_02050.pt
2026-02-27 20:57:56,225 [INFO] Step 0: reward=-0.223, dist=2.97
2026-02-27 20:57:57,812 [INFO] Performing PPO update at global step 1642496
2026-02-27 20:57:58,096 [INFO] PPO losses — policy: 0.0107, value: 119.1250, entropy: 4.2242
2026-02-27 20:57:58,101 [INFO] PPO update completed. Buffer cleared.
2026-02-27 20:58:04,546 [INFO] Step 200: reward=-0.102, dist=4.10
2026-02-27 20:58:10,388 [INFO] Step 400: reward=-0.147, dist=3.85
2026-02-27 20:58:17,259 [INFO] Step 600: reward=-0.325, dist=2.95
2026-02-27 20:58:23,520 [INFO] Step 800: reward=-0.005, dist=4.12
2026-02-27 20:58:28,699 [INFO] Episode 2051 COMPLETE | Reward -747.23 | Steps 1000 | Terminated False | Truncated True
2026-02-27 20:58:31,798 [INFO] Step 0: reward=-0.207, dist=2.61
2026-02-27 20:58:39,265 [INFO] Step 200: reward=-0.243, dist=1.84
2026-02-27 20:58:45,415 [INFO] Step 400: reward=-2.305, dist=1.48
2026-02-27 20:58:51,787 [INFO] Step 600: reward=-0.308, dist=2.53
2026-02-27 20:58:58,240 [INFO] Step 800: reward=0.090, dist=2.09
2026-02-27 20:59:04,189 [INFO] Episode 2052 COMPLETE | Reward -862.36 | Steps 1000 | Terminated False | Truncated True
2026-02-27 20:59:07,426 [INFO] Step 0: reward=-0.213, dist=2.20
2026-02-27 20:59:11,803 [INFO] Performing PPO update at global step 1644544
2026-02-27 20:59:12,067 [INFO] PPO losses — policy: 0.2544, value: 111.7633, entropy: 4.2242
2026-02-27 20:59:12,072 [INFO] PPO update completed. Buffer cleared.
2026-02-27 20:59:14,829 [INFO] Step 200: reward=-2.214, dist=3.25
2026-02-27 20:59:20,254 [INFO] Step 400: reward=-0.229, dist=3.55
2026-02-27 20:59:26,011 [INFO] Step 600: reward=-2.215, dist=3.19
2026-02-27 20:59:32,647 [INFO] Step 800: reward=-2.205, dist=2.29
2026-02-27 20:59:39,872 [INFO] Episode 2053 COMPLETE | Reward -1201.16 | Steps 1000 | Terminated False | Truncated True
2026-02-27 20:59:44,208 [INFO] Step 0: reward=-0.305, dist=2.34
2026-02-27 20:59:50,490 [INFO] Step 200: reward=-2.205, dist=2.87
2026-02-27 20:59:56,164 [INFO] Step 400: reward=-0.212, dist=2.53
2026-02-27 21:00:01,819 [INFO] Step 600: reward=-0.224, dist=2.05
2026-02-27 21:00:07,986 [INFO] Step 800: reward=-2.196, dist=1.32
2026-02-27 21:00:12,705 [INFO] Episode 2054 COMPLETE | Reward -1517.19 | Steps 1000 | Terminated False | Truncated True
2026-02-27 21:00:16,752 [INFO] Step 0: reward=-0.206, dist=2.50
2026-02-27 21:00:20,438 [INFO] Performing PPO update at global step 1646592
2026-02-27 21:00:20,717 [INFO] PPO losses — policy: 0.0189, value: 341.3795, entropy: 4.2242
2026-02-27 21:00:20,722 [INFO] PPO update completed. Buffer cleared.
2026-02-27 21:00:22,487 [INFO] Step 200: reward=-0.432, dist=2.67
2026-02-27 21:00:27,497 [INFO] Step 400: reward=-2.358, dist=3.20
2026-02-27 21:00:33,229 [INFO] Step 600: reward=-0.771, dist=4.09
2026-02-27 21:00:39,298 [INFO] Step 800: reward=-2.151, dist=3.91
2026-02-27 21:00:45,258 [INFO] Episode 2055 COMPLETE | Reward -1181.06 | Steps 1000 | Terminated False | Truncated True
2026-02-27 21:00:45,277 [INFO] Checkpoint saved: checkpoints/ppo_ep_02055.pt
2026-02-27 21:00:48,242 [INFO] Step 0: reward=-0.205, dist=2.97
2026-02-27 21:00:54,924 [INFO] Step 200: reward=-0.359, dist=3.93
2026-02-27 21:01:00,532 [INFO] Step 400: reward=0.095, dist=4.39
2026-02-27 21:01:05,681 [INFO] Step 600: reward=-1.913, dist=4.30
2026-02-27 21:01:10,783 [INFO] Step 800: reward=-2.082, dist=3.68
2026-02-27 21:01:16,527 [INFO] Episode 2056 COMPLETE | Reward -1261.38 | Steps 1000 | Terminated False | Truncated True
2026-02-27 21:01:19,724 [INFO] Step 0: reward=-0.225, dist=2.09
2026-02-27 21:01:24,298 [INFO] Performing PPO update at global step 1648640
2026-02-27 21:01:24,563 [INFO] PPO losses — policy: 0.0208, value: 275.1858, entropy: 4.2242
2026-02-27 21:01:24,570 [INFO] PPO update completed. Buffer cleared.
2026-02-27 21:01:24,880 [INFO] Step 200: reward=-0.205, dist=2.28
2026-02-27 21:01:31,789 [INFO] Step 400: reward=-0.286, dist=3.21
2026-02-27 21:01:36,540 [INFO] Step 600: reward=-0.209, dist=3.60
2026-02-27 21:01:42,284 [INFO] Step 800: reward=-0.173, dist=3.40
2026-02-27 21:01:49,330 [INFO] Episode 2057 COMPLETE | Reward -1217.45 | Steps 1000 | Terminated False | Truncated True
2026-02-27 21:01:53,574 [INFO] Step 0: reward=0.068, dist=4.03
2026-02-27 21:01:59,286 [INFO] Step 200: reward=-2.143, dist=3.37
2026-02-27 21:02:04,543 [INFO] Step 400: reward=-0.194, dist=2.59
2026-02-27 21:02:08,862 [INFO] Policy action (normalized): v = +0.992, w = -0.047 | Cmd_vel (scaled): v = +0.992 m/s, w = -0.047 rad/s
2026-02-27 21:02:10,446 [INFO] Step 600: reward=-0.207, dist=2.87
2026-02-27 21:02:16,358 [INFO] Step 800: reward=-2.251, dist=3.95
2026-02-27 21:02:21,230 [INFO] Episode 2058 COMPLETE | Reward -1160.65 | Steps 1000 | Terminated False | Truncated True
2026-02-27 21:02:25,952 [INFO] Step 0: reward=-0.229, dist=3.64
2026-02-27 21:02:32,430 [INFO] Step 200: reward=-1.937, dist=4.15
2026-02-27 21:02:32,883 [INFO] Performing PPO update at global step 1650688
2026-02-27 21:02:33,281 [INFO] PPO losses — policy: 0.0211, value: 218.8700, entropy: 4.2242
2026-02-27 21:02:33,287 [INFO] PPO update completed. Buffer cleared.
2026-02-27 21:02:38,074 [INFO] Step 400: reward=-0.135, dist=4.00
2026-02-27 21:02:42,561 [INFO] Step 600: reward=-2.263, dist=3.42
2026-02-27 21:02:49,446 [INFO] Step 800: reward=-0.246, dist=2.56
2026-02-27 21:02:55,525 [INFO] Episode 2059 COMPLETE | Reward -1121.51 | Steps 1000 | Terminated False | Truncated True
2026-02-27 21:02:58,605 [INFO] Step 0: reward=-0.208, dist=3.31
2026-02-27 21:03:05,317 [INFO] Step 200: reward=-2.247, dist=3.15
2026-02-27 21:03:10,173 [INFO] Step 400: reward=-3.558, dist=3.97
2026-02-27 21:03:16,248 [INFO] Step 600: reward=0.084, dist=4.48
2026-02-27 21:03:23,140 [INFO] Step 800: reward=-2.938, dist=4.12
2026-02-27 21:03:29,242 [INFO] Episode 2060 COMPLETE | Reward -960.71 | Steps 1000 | Terminated False | Truncated True
2026-02-27 21:03:29,264 [INFO] Checkpoint saved: checkpoints/ppo_ep_02060.pt
2026-02-27 21:03:32,462 [INFO] Step 0: reward=-0.206, dist=2.68
2026-02-27 21:03:40,987 [INFO] Step 200: reward=-0.133, dist=2.04
2026-02-27 21:03:44,979 [INFO] Performing PPO update at global step 1652736
2026-02-27 21:03:45,254 [INFO] PPO losses — policy: 0.0125, value: 193.2046, entropy: 4.2242
2026-02-27 21:03:45,258 [INFO] PPO update completed. Buffer cleared.
2026-02-27 21:03:48,800 [INFO] Step 400: reward=-0.216, dist=1.10
2026-02-27 21:03:55,230 [INFO] Step 600: reward=-1.330, dist=2.08
2026-02-27 21:04:00,843 [INFO] Step 800: reward=-0.267, dist=2.76
2026-02-27 21:04:07,770 [INFO] Episode 2061 COMPLETE | Reward -825.18 | Steps 1000 | Terminated False | Truncated True
2026-02-27 21:04:11,131 [INFO] Step 0: reward=-0.205, dist=3.75
2026-02-27 21:04:17,658 [INFO] Step 200: reward=-2.288, dist=2.74
2026-02-27 21:04:24,318 [INFO] Step 400: reward=-0.279, dist=2.16
2026-02-27 21:04:30,731 [INFO] Step 600: reward=-2.305, dist=2.94
2026-02-27 21:04:37,097 [INFO] Step 800: reward=-0.247, dist=3.77
2026-02-27 21:04:44,565 [INFO] Episode 2062 COMPLETE | Reward -843.26 | Steps 1000 | Terminated False | Truncated True
2026-02-27 21:04:48,788 [INFO] Step 0: reward=-0.209, dist=3.68
2026-02-27 21:04:54,682 [INFO] Step 200: reward=-0.982, dist=2.70
2026-02-27 21:04:59,206 [INFO] Performing PPO update at global step 1654784
2026-02-27 21:04:59,486 [INFO] PPO losses — policy: 0.0117, value: 134.5455, entropy: 4.2242
2026-02-27 21:04:59,491 [INFO] PPO update completed. Buffer cleared.
2026-02-27 21:05:01,674 [INFO] Step 400: reward=-0.451, dist=3.26
2026-02-27 21:05:09,046 [INFO] Step 600: reward=0.095, dist=4.14
2026-02-27 21:05:15,038 [INFO] Step 800: reward=-0.149, dist=3.52
2026-02-27 21:05:21,770 [INFO] Episode 2063 COMPLETE | Reward -818.06 | Steps 1000 | Terminated False | Truncated True
2026-02-27 21:05:26,056 [INFO] Step 0: reward=-0.217, dist=2.84
2026-02-27 21:05:31,706 [INFO] Step 200: reward=-2.207, dist=2.53
2026-02-27 21:05:36,919 [INFO] Step 400: reward=-0.324, dist=3.24
2026-02-27 21:05:42,187 [INFO] Step 600: reward=-0.205, dist=3.91
2026-02-27 21:05:48,042 [INFO] Step 800: reward=-1.899, dist=4.03
2026-02-27 21:05:53,499 [INFO] Episode 2064 COMPLETE | Reward -1134.71 | Steps 1000 | Terminated False | Truncated True
2026-02-27 21:05:56,613 [INFO] Step 0: reward=-0.207, dist=2.91
2026-02-27 21:06:01,941 [INFO] Step 200: reward=-0.217, dist=3.29
2026-02-27 21:06:06,895 [INFO] Performing PPO update at global step 1656832
2026-02-27 21:06:07,169 [INFO] PPO losses — policy: 0.0590, value: 190.7812, entropy: 4.2242
2026-02-27 21:06:07,174 [INFO] PPO update completed. Buffer cleared.
2026-02-27 21:06:07,702 [INFO] Step 400: reward=0.095, dist=4.30
2026-02-27 21:06:13,922 [INFO] Step 600: reward=-2.005, dist=4.23
2026-02-27 21:06:19,323 [INFO] Step 800: reward=-0.206, dist=3.43
2026-02-27 21:06:25,878 [INFO] Episode 2065 COMPLETE | Reward -885.56 | Steps 1000 | Terminated False | Truncated True
2026-02-27 21:06:25,896 [INFO] Checkpoint saved: checkpoints/ppo_ep_02065.pt
2026-02-27 21:06:29,315 [INFO] Step 0: reward=-0.205, dist=3.71
2026-02-27 21:06:36,052 [INFO] Step 200: reward=-0.205, dist=3.41
2026-02-27 21:06:42,071 [INFO] Step 400: reward=-0.305, dist=2.29
2026-02-27 21:06:49,161 [INFO] Step 600: reward=-0.325, dist=2.67
2026-02-27 21:06:55,123 [INFO] Step 800: reward=-2.215, dist=3.53
2026-02-27 21:07:00,281 [INFO] Episode 2066 COMPLETE | Reward -1006.30 | Steps 1000 | Terminated False | Truncated True
2026-02-27 21:07:05,152 [INFO] Step 0: reward=-0.225, dist=3.08
2026-02-27 21:07:11,388 [INFO] Step 200: reward=0.037, dist=4.22
2026-02-27 21:07:17,661 [INFO] Step 400: reward=0.169, dist=4.74
2026-02-27 21:07:18,743 [INFO] Performing PPO update at global step 1658880
2026-02-27 21:07:19,028 [INFO] PPO losses — policy: 0.0373, value: 137.7013, entropy: 4.2242
2026-02-27 21:07:19,034 [INFO] PPO update completed. Buffer cleared.
2026-02-27 21:07:25,627 [INFO] Step 600: reward=-1.917, dist=4.11
2026-02-27 21:07:30,837 [INFO] Step 800: reward=-2.221, dist=3.39
2026-02-27 21:07:38,013 [INFO] Episode 2067 COMPLETE | Reward -952.11 | Steps 1000 | Terminated False | Truncated True
2026-02-27 21:07:40,279 [INFO] Step 0: reward=-0.236, dist=2.63
2026-02-27 21:07:45,433 [INFO] Step 200: reward=-2.202, dist=2.21
2026-02-27 21:07:50,267 [INFO] Step 400: reward=-0.206, dist=2.39
2026-02-27 21:07:54,477 [INFO] Policy action (normalized): v = +0.830, w = -0.950 | Cmd_vel (scaled): v = +0.830 m/s, w = -0.950 rad/s
2026-02-27 21:07:56,279 [INFO] Step 600: reward=-0.305, dist=3.37
2026-02-27 21:08:03,749 [INFO] Step 800: reward=-0.247, dist=3.75
2026-02-27 21:08:09,520 [INFO] Episode 2068 COMPLETE | Reward -1277.90 | Steps 1000 | Terminated False | Truncated True
2026-02-27 21:08:14,049 [INFO] Step 0: reward=-0.256, dist=3.65
2026-02-27 21:08:19,800 [INFO] Step 200: reward=-2.294, dist=3.52
2026-02-27 21:08:26,461 [INFO] Step 400: reward=-0.305, dist=2.60
2026-02-27 21:08:28,234 [INFO] Performing PPO update at global step 1660928
2026-02-27 21:08:28,515 [INFO] PPO losses — policy: 0.0100, value: 221.6048, entropy: 4.2242
2026-02-27 21:08:28,523 [INFO] PPO update completed. Buffer cleared.
2026-02-27 21:08:30,405 [INFO] Step 600: reward=-2.235, dist=1.96
2026-02-27 21:08:37,043 [INFO] Step 800: reward=-0.284, dist=2.49
2026-02-27 21:08:43,039 [INFO] Episode 2069 COMPLETE | Reward -1168.91 | Steps 1000 | Terminated False | Truncated True
2026-02-27 21:08:53,274 [INFO] Step 0: reward=-0.005, dist=4.45
2026-02-27 21:08:59,903 [INFO] Step 200: reward=-2.224, dist=3.60
2026-02-27 21:09:05,512 [INFO] Step 400: reward=0.074, dist=4.01
2026-02-27 21:09:10,550 [INFO] Step 600: reward=0.095, dist=4.79
2026-02-27 21:09:15,260 [INFO] Step 800: reward=-1.919, dist=5.11
2026-02-27 21:09:21,503 [INFO] Episode 2070 COMPLETE | Reward -1074.13 | Steps 1000 | Terminated False | Truncated True
2026-02-27 21:09:21,532 [INFO] Checkpoint saved: checkpoints/ppo_ep_02070.pt
2026-02-27 21:09:25,754 [INFO] Step 0: reward=-0.212, dist=3.11
2026-02-27 21:09:31,994 [INFO] Step 200: reward=-0.230, dist=3.70
2026-02-27 21:09:39,701 [INFO] Step 400: reward=0.003, dist=3.13
2026-02-27 21:09:43,609 [INFO] Performing PPO update at global step 1662976
2026-02-27 21:09:43,898 [INFO] PPO losses — policy: 0.0058, value: 220.8688, entropy: 4.2242
2026-02-27 21:09:43,904 [INFO] PPO update completed. Buffer cleared.
2026-02-27 21:09:46,501 [INFO] Step 600: reward=-0.189, dist=2.15
2026-02-27 21:09:52,735 [INFO] Step 800: reward=-0.223, dist=2.57
2026-02-27 21:10:00,518 [INFO] Episode 2071 COMPLETE | Reward -970.53 | Steps 1000 | Terminated False | Truncated True
2026-02-27 21:10:05,117 [INFO] Step 0: reward=-0.305, dist=3.69
2026-02-27 21:10:11,408 [INFO] Step 200: reward=-1.749, dist=2.72
2026-02-27 21:10:16,279 [INFO] Step 400: reward=-0.205, dist=2.23
2026-02-27 21:10:21,436 [INFO] Step 600: reward=-2.224, dist=2.54
2026-02-27 21:10:25,838 [INFO] Step 800: reward=-2.360, dist=3.29
2026-02-27 21:10:32,252 [INFO] Episode 2072 COMPLETE | Reward -1229.16 | Steps 1000 | Terminated False | Truncated True
2026-02-27 21:10:35,136 [INFO] Step 0: reward=-1.649, dist=2.39
2026-02-27 21:10:42,003 [INFO] Step 200: reward=-0.259, dist=2.21
2026-02-27 21:10:48,109 [INFO] Step 400: reward=-2.212, dist=3.15
2026-02-27 21:10:53,261 [INFO] Performing PPO update at global step 1665024
2026-02-27 21:10:53,537 [INFO] PPO losses — policy: 0.0091, value: 207.7770, entropy: 4.2242
2026-02-27 21:10:53,544 [INFO] PPO update completed. Buffer cleared.
2026-02-27 21:10:54,169 [INFO] Step 600: reward=-0.305, dist=3.59
2026-02-27 21:11:00,044 [INFO] Step 800: reward=-2.207, dist=3.26
2026-02-27 21:11:06,431 [INFO] Episode 2073 COMPLETE | Reward -1069.13 | Steps 1000 | Terminated False | Truncated True
2026-02-27 21:11:09,675 [INFO] Step 0: reward=-0.209, dist=3.11
2026-02-27 21:11:15,342 [INFO] Step 200: reward=-0.380, dist=3.82
2026-02-27 21:11:22,551 [INFO] Step 400: reward=-0.205, dist=3.04
2026-02-27 21:11:27,079 [INFO] Step 600: reward=-2.219, dist=2.37
2026-02-27 21:11:32,545 [INFO] Step 800: reward=-2.332, dist=2.30
2026-02-27 21:11:37,470 [INFO] Episode 2074 COMPLETE | Reward -1227.18 | Steps 1000 | Terminated False | Truncated True
2026-02-27 21:11:41,013 [INFO] Step 0: reward=-0.824, dist=2.79
2026-02-27 21:11:46,414 [INFO] Step 200: reward=-0.232, dist=2.39
2026-02-27 21:11:53,435 [INFO] Step 400: reward=-2.205, dist=3.29
2026-02-27 21:11:59,321 [INFO] Step 600: reward=-0.250, dist=3.92
2026-02-27 21:11:59,994 [INFO] Performing PPO update at global step 1667072
2026-02-27 21:12:00,292 [INFO] PPO losses — policy: 0.0276, value: 245.5463, entropy: 4.2242
2026-02-27 21:12:00,298 [INFO] PPO update completed. Buffer cleared.
2026-02-27 21:12:06,589 [INFO] Step 800: reward=-0.234, dist=3.55
2026-02-27 21:12:12,625 [INFO] Episode 2075 COMPLETE | Reward -1059.28 | Steps 1000 | Terminated False | Truncated True
2026-02-27 21:12:12,645 [INFO] Checkpoint saved: checkpoints/ppo_ep_02075.pt
2026-02-27 21:12:14,960 [INFO] Step 0: reward=-0.205, dist=3.73
2026-02-27 21:12:20,810 [INFO] Step 200: reward=-0.157, dist=3.61
2026-02-27 21:12:24,945 [INFO] Step 400: reward=-2.256, dist=3.17
2026-02-27 21:12:30,510 [INFO] Step 600: reward=-2.304, dist=2.20
2026-02-27 21:12:38,025 [INFO] Step 800: reward=-2.905, dist=2.58
2026-02-27 21:12:44,853 [INFO] Episode 2076 COMPLETE | Reward -1060.80 | Steps 1000 | Terminated False | Truncated True
2026-02-27 21:12:48,945 [INFO] Step 0: reward=-0.212, dist=3.17
2026-02-27 21:12:55,036 [INFO] Step 200: reward=-1.959, dist=4.12
2026-02-27 21:13:00,134 [INFO] Step 400: reward=-1.905, dist=4.69
2026-02-27 21:13:05,918 [INFO] Step 600: reward=0.122, dist=4.18
2026-02-27 21:13:08,331 [INFO] Performing PPO update at global step 1669120
2026-02-27 21:13:08,607 [INFO] PPO losses — policy: 0.0099, value: 165.1044, entropy: 4.2242
2026-02-27 21:13:08,612 [INFO] PPO update completed. Buffer cleared.
2026-02-27 21:13:11,433 [INFO] Step 800: reward=-2.305, dist=3.48
2026-02-27 21:13:16,678 [INFO] Episode 2077 COMPLETE | Reward -1056.49 | Steps 1000 | Terminated False | Truncated True
2026-02-27 21:13:20,633 [INFO] Step 0: reward=-0.211, dist=2.44
2026-02-27 21:13:28,080 [INFO] Step 200: reward=-2.207, dist=2.20
2026-02-27 21:13:33,738 [INFO] Step 400: reward=-0.205, dist=2.96
2026-02-27 21:13:36,830 [INFO] Policy action (normalized): v = +0.364, w = -0.694 | Cmd_vel (scaled): v = +0.364 m/s, w = -0.694 rad/s
2026-02-27 21:13:38,096 [INFO] Step 600: reward=-0.305, dist=3.58
2026-02-27 21:13:43,005 [INFO] Step 800: reward=-2.205, dist=3.73
2026-02-27 21:13:49,064 [INFO] Episode 2078 COMPLETE | Reward -1333.34 | Steps 1000 | Terminated False | Truncated True
2026-02-27 21:13:53,358 [INFO] Step 0: reward=-0.216, dist=2.18
2026-02-27 21:13:59,181 [INFO] Step 200: reward=-0.922, dist=3.15
2026-02-27 21:14:04,607 [INFO] Step 400: reward=-2.216, dist=3.19
2026-02-27 21:14:09,756 [INFO] Step 600: reward=-0.031, dist=2.72
2026-02-27 21:14:13,500 [INFO] Performing PPO update at global step 1671168
2026-02-27 21:14:13,784 [INFO] PPO losses — policy: 0.0101, value: 296.7067, entropy: 4.2242
2026-02-27 21:14:13,789 [INFO] PPO update completed. Buffer cleared.
2026-02-27 21:14:15,596 [INFO] Step 800: reward=-2.177, dist=1.69
2026-02-27 21:14:23,405 [INFO] Episode 2079 COMPLETE | Reward -998.20 | Steps 1000 | Terminated False | Truncated True
2026-02-27 21:14:26,445 [INFO] Step 0: reward=-0.206, dist=3.10
2026-02-27 21:14:30,693 [INFO] Step 200: reward=-2.213, dist=2.60
2026-02-27 21:14:36,069 [INFO] Step 400: reward=-0.259, dist=1.69
2026-02-27 21:14:41,749 [INFO] Step 600: reward=-2.261, dist=1.61
2026-02-27 21:14:48,096 [INFO] Step 800: reward=-0.213, dist=2.81
2026-02-27 21:14:55,244 [INFO] Episode 2080 COMPLETE | Reward -1192.12 | Steps 1000 | Terminated False | Truncated True
2026-02-27 21:14:55,261 [INFO] Checkpoint saved: checkpoints/ppo_ep_02080.pt
2026-02-27 21:14:59,129 [INFO] Step 0: reward=-0.208, dist=3.81
2026-02-27 21:15:06,066 [INFO] Step 200: reward=-0.293, dist=3.54
2026-02-27 21:15:11,478 [INFO] Step 400: reward=0.035, dist=4.35
2026-02-27 21:15:16,815 [INFO] Step 600: reward=-1.948, dist=4.94
2026-02-27 21:15:20,985 [INFO] Performing PPO update at global step 1673216
2026-02-27 21:15:21,277 [INFO] PPO losses — policy: 0.0115, value: 182.7914, entropy: 4.2242
2026-02-27 21:15:21,283 [INFO] PPO update completed. Buffer cleared.
2026-02-27 21:15:21,930 [INFO] Step 800: reward=-2.005, dist=4.67
2026-02-27 21:15:27,918 [INFO] Episode 2081 COMPLETE | Reward -976.40 | Steps 1000 | Terminated False | Truncated True
2026-02-27 21:15:31,224 [INFO] Step 0: reward=-0.205, dist=2.75
2026-02-27 21:15:35,227 [INFO] Step 200: reward=-2.205, dist=3.13
2026-02-27 21:15:39,052 [INFO] Step 400: reward=-2.305, dist=3.33
2026-02-27 21:15:45,728 [INFO] Step 600: reward=-2.205, dist=2.55
2026-02-27 21:15:51,857 [INFO] Step 800: reward=-1.876, dist=1.73
2026-02-27 21:15:57,987 [INFO] Episode 2082 COMPLETE | Reward -1343.60 | Steps 1000 | Terminated False | Truncated True
2026-02-27 21:16:00,059 [INFO] Step 0: reward=-0.212, dist=2.73
2026-02-27 21:16:05,211 [INFO] Step 200: reward=-2.173, dist=2.24
2026-02-27 21:16:11,003 [INFO] Step 400: reward=-0.208, dist=2.99
2026-02-27 21:16:16,039 [INFO] Step 600: reward=-1.933, dist=3.68
2026-02-27 21:16:23,933 [INFO] Step 800: reward=-2.305, dist=2.99
2026-02-27 21:16:24,350 [INFO] Performing PPO update at global step 1675264
2026-02-27 21:16:24,618 [INFO] PPO losses — policy: 0.0190, value: 236.4368, entropy: 4.2242
2026-02-27 21:16:24,623 [INFO] PPO update completed. Buffer cleared.
2026-02-27 21:16:30,705 [INFO] Episode 2083 COMPLETE | Reward -954.04 | Steps 1000 | Terminated False | Truncated True
2026-02-27 21:16:34,906 [INFO] Step 0: reward=0.042, dist=4.01
2026-02-27 21:16:41,834 [INFO] Step 200: reward=-2.209, dist=3.06
2026-02-27 21:16:47,291 [INFO] Step 400: reward=-0.543, dist=3.76
2026-02-27 21:16:52,596 [INFO] Step 600: reward=-2.005, dist=4.53
2026-02-27 21:16:59,430 [INFO] Step 800: reward=0.122, dist=4.17
2026-02-27 21:17:08,423 [INFO] Episode 2084 COMPLETE | Reward -809.22 | Steps 1000 | Terminated False | Truncated True
2026-02-27 21:17:11,513 [INFO] Step 0: reward=-0.205, dist=2.04
2026-02-27 21:17:18,421 [INFO] Step 200: reward=-2.212, dist=2.63
2026-02-27 21:17:24,990 [INFO] Step 400: reward=-2.206, dist=2.02
2026-02-27 21:17:30,549 [INFO] Episode 2085 COMPLETE | Reward -244.86 | Steps 559 | Terminated True | Truncated False
2026-02-27 21:17:30,569 [INFO] Checkpoint saved: checkpoints/ppo_ep_02085.pt
2026-02-27 21:17:34,905 [INFO] Step 0: reward=-0.260, dist=2.45
2026-02-27 21:17:42,059 [INFO] Step 200: reward=-0.147, dist=1.84
2026-02-27 21:17:45,585 [INFO] Performing PPO update at global step 1677312
2026-02-27 21:17:45,857 [INFO] PPO losses — policy: 0.0132, value: 465.6505, entropy: 4.2242
2026-02-27 21:17:45,862 [INFO] PPO update completed. Buffer cleared.
2026-02-27 21:17:49,634 [INFO] Step 400: reward=-0.420, dist=1.17
2026-02-27 21:17:56,975 [INFO] Step 600: reward=-0.206, dist=2.42
2026-02-27 21:18:04,162 [INFO] Step 800: reward=-0.159, dist=2.48
2026-02-27 21:18:11,580 [INFO] Episode 2086 COMPLETE | Reward -536.66 | Steps 1000 | Terminated False | Truncated True
2026-02-27 21:18:15,049 [INFO] Step 0: reward=-0.212, dist=2.04
2026-02-27 21:18:21,184 [INFO] Step 200: reward=-0.305, dist=2.63
2026-02-27 21:18:27,654 [INFO] Step 400: reward=-2.257, dist=3.67
2026-02-27 21:18:33,583 [INFO] Step 600: reward=-2.205, dist=3.67
2026-02-27 21:18:39,771 [INFO] Step 800: reward=-0.232, dist=2.93
2026-02-27 21:18:45,172 [INFO] Episode 2087 COMPLETE | Reward -1087.37 | Steps 1000 | Terminated False | Truncated True
2026-02-27 21:18:49,926 [INFO] Step 0: reward=-0.211, dist=2.83
2026-02-27 21:18:55,111 [INFO] Step 200: reward=-2.088, dist=2.05
2026-02-27 21:19:01,213 [INFO] Performing PPO update at global step 1679360
2026-02-27 21:19:01,490 [INFO] PPO losses — policy: 0.3431, value: 146.1619, entropy: 4.2242
2026-02-27 21:19:01,495 [INFO] PPO update completed. Buffer cleared.
2026-02-27 21:19:02,118 [INFO] Step 400: reward=-2.228, dist=2.13
2026-02-27 21:19:09,272 [INFO] Step 600: reward=-2.366, dist=2.94
2026-02-27 21:19:16,590 [INFO] Step 800: reward=-2.205, dist=3.34
2026-02-27 21:19:22,175 [INFO] Policy action (normalized): v = +0.992, w = -0.976 | Cmd_vel (scaled): v = +0.992 m/s, w = -0.976 rad/s
2026-02-27 21:19:22,472 [INFO] Episode 2088 COMPLETE | Reward -1286.24 | Steps 1000 | Terminated False | Truncated True
2026-02-27 21:19:35,980 [INFO] Step 0: reward=0.094, dist=4.44
2026-02-27 21:19:41,542 [INFO] Step 200: reward=-2.170, dist=3.74
2026-02-27 21:19:48,530 [INFO] Step 400: reward=-0.262, dist=3.93
2026-02-27 21:19:53,625 [INFO] Step 600: reward=-1.906, dist=4.44
2026-02-27 21:19:58,257 [INFO] Step 800: reward=-0.529, dist=2.75
2026-02-27 21:20:02,942 [INFO] Episode 2089 COMPLETE | Reward -1547.26 | Steps 1000 | Terminated False | Truncated True
2026-02-27 21:20:05,022 [INFO] Step 0: reward=-0.261, dist=2.61
2026-02-27 21:20:09,365 [INFO] Step 200: reward=-0.366, dist=3.04
2026-02-27 21:20:15,715 [INFO] Performing PPO update at global step 1681408
2026-02-27 21:20:15,981 [INFO] PPO losses — policy: 0.0019, value: 419.1049, entropy: 4.2242
2026-02-27 21:20:15,987 [INFO] PPO update completed. Buffer cleared.
2026-02-27 21:20:15,991 [INFO] Step 400: reward=-2.216, dist=3.85
2026-02-27 21:20:21,723 [INFO] Step 600: reward=-0.223, dist=3.93
2026-02-27 21:20:28,761 [INFO] Step 800: reward=-2.201, dist=3.25
2026-02-27 21:20:34,986 [INFO] Episode 2090 COMPLETE | Reward -1437.94 | Steps 1000 | Terminated False | Truncated True
2026-02-27 21:20:35,005 [INFO] Checkpoint saved: checkpoints/ppo_ep_02090.pt
2026-02-27 21:20:38,222 [INFO] Step 0: reward=-0.305, dist=3.36
2026-02-27 21:20:44,249 [INFO] Step 200: reward=-1.915, dist=4.13
2026-02-27 21:20:50,001 [INFO] Step 400: reward=0.053, dist=4.79
2026-02-27 21:20:57,181 [INFO] Step 600: reward=-1.993, dist=4.86
2026-02-27 21:21:02,393 [INFO] Step 800: reward=-1.947, dist=4.33
2026-02-27 21:21:09,279 [INFO] Episode 2091 COMPLETE | Reward -1251.61 | Steps 1000 | Terminated False | Truncated True
2026-02-27 21:21:14,139 [INFO] Step 0: reward=-1.301, dist=3.75
2026-02-27 21:21:21,674 [INFO] Step 200: reward=0.027, dist=4.34
2026-02-27 21:21:29,801 [INFO] Step 400: reward=-0.054, dist=5.25
2026-02-27 21:21:30,553 [INFO] Performing PPO update at global step 1683456
2026-02-27 21:21:30,830 [INFO] PPO losses — policy: -0.0057, value: 233.0803, entropy: 4.2242
2026-02-27 21:21:30,835 [INFO] PPO update completed. Buffer cleared.
2026-02-27 21:21:33,475 [INFO] Step 600: reward=-1.909, dist=5.62
2026-02-27 21:21:39,863 [INFO] Step 800: reward=-1.906, dist=5.52
2026-02-27 21:21:46,879 [INFO] Episode 2092 COMPLETE | Reward -999.16 | Steps 1000 | Terminated False | Truncated True
2026-02-27 21:21:51,051 [INFO] Step 0: reward=-0.305, dist=3.22
2026-02-27 21:21:56,851 [INFO] Step 200: reward=-2.213, dist=3.87
2026-02-27 21:22:04,489 [INFO] Step 400: reward=0.039, dist=4.69
2026-02-27 21:22:11,170 [INFO] Step 600: reward=0.088, dist=4.54
2026-02-27 21:22:18,762 [INFO] Step 800: reward=-2.193, dist=3.42
2026-02-27 21:22:23,581 [INFO] Episode 2093 COMPLETE | Reward -1196.51 | Steps 1000 | Terminated False | Truncated True
2026-02-27 21:22:26,029 [INFO] Step 0: reward=-1.167, dist=4.20
2026-02-27 21:22:31,279 [INFO] Step 200: reward=-2.246, dist=3.64
2026-02-27 21:22:36,884 [INFO] Step 400: reward=-2.184, dist=2.93
2026-02-27 21:22:39,754 [INFO] Performing PPO update at global step 1685504
2026-02-27 21:22:40,036 [INFO] PPO losses — policy: 0.0025, value: 270.6729, entropy: 4.2242
2026-02-27 21:22:40,041 [INFO] PPO update completed. Buffer cleared.
2026-02-27 21:22:42,584 [INFO] Step 600: reward=-0.223, dist=2.62
2026-02-27 21:22:48,407 [INFO] Step 800: reward=-0.492, dist=3.27
2026-02-27 21:22:53,543 [INFO] Episode 2094 COMPLETE | Reward -1481.49 | Steps 1000 | Terminated False | Truncated True
2026-02-27 21:22:56,121 [INFO] Step 0: reward=-0.205, dist=2.83
2026-02-27 21:23:02,251 [INFO] Step 200: reward=-2.205, dist=3.58
2026-02-27 21:23:07,846 [INFO] Step 400: reward=-0.235, dist=3.86
2026-02-27 21:23:13,155 [INFO] Step 600: reward=-2.159, dist=3.64
2026-02-27 21:23:19,120 [INFO] Step 800: reward=-2.253, dist=2.82
2026-02-27 21:23:24,827 [INFO] Episode 2095 COMPLETE | Reward -1510.75 | Steps 1000 | Terminated False | Truncated True
2026-02-27 21:23:24,854 [INFO] Checkpoint saved: checkpoints/ppo_ep_02095.pt
2026-02-27 21:23:29,163 [INFO] Step 0: reward=-0.305, dist=3.93
2026-02-27 21:23:37,022 [INFO] Step 200: reward=-0.266, dist=3.00
2026-02-27 21:23:44,791 [INFO] Step 400: reward=-0.322, dist=3.63
2026-02-27 21:23:49,660 [INFO] Performing PPO update at global step 1687552
2026-02-27 21:23:50,001 [INFO] PPO losses — policy: -0.0032, value: 332.9733, entropy: 4.2242
2026-02-27 21:23:50,006 [INFO] PPO update completed. Buffer cleared.
2026-02-27 21:23:52,019 [INFO] Step 600: reward=0.073, dist=4.50
2026-02-27 21:24:00,384 [INFO] Step 800: reward=-4.158, dist=3.71
2026-02-27 21:24:07,188 [INFO] Episode 2096 COMPLETE | Reward -803.18 | Steps 1000 | Terminated False | Truncated True
2026-02-27 21:24:10,306 [INFO] Step 0: reward=-0.305, dist=3.62
2026-02-27 21:24:16,552 [INFO] Step 200: reward=-0.212, dist=3.82
2026-02-27 21:24:21,361 [INFO] Step 400: reward=-0.052, dist=4.44
2026-02-27 21:24:26,053 [INFO] Step 600: reward=0.078, dist=5.10
2026-02-27 21:24:31,313 [INFO] Step 800: reward=0.089, dist=5.21
2026-02-27 21:24:37,530 [INFO] Episode 2097 COMPLETE | Reward -1255.91 | Steps 1000 | Terminated False | Truncated True
2026-02-27 21:24:40,648 [INFO] Step 0: reward=-0.262, dist=3.09
2026-02-27 21:24:46,670 [INFO] Step 200: reward=-0.305, dist=2.36
2026-02-27 21:24:53,341 [INFO] Step 400: reward=-0.236, dist=1.56
2026-02-27 21:24:57,998 [INFO] Performing PPO update at global step 1689600
2026-02-27 21:24:58,271 [INFO] PPO losses — policy: 0.0148, value: 228.0256, entropy: 4.2242
2026-02-27 21:24:58,277 [INFO] PPO update completed. Buffer cleared.
2026-02-27 21:24:58,517 [INFO] Step 600: reward=-0.316, dist=1.86
2026-02-27 21:25:05,661 [INFO] Step 800: reward=-0.223, dist=2.93
2026-02-27 21:25:11,674 [INFO] Policy action (normalized): v = +0.569, w = -0.515 | Cmd_vel (scaled): v = +0.569 m/s, w = -0.515 rad/s
2026-02-27 21:25:12,183 [INFO] Episode 2098 COMPLETE | Reward -1270.55 | Steps 1000 | Terminated False | Truncated True
2026-02-27 21:25:17,030 [INFO] Step 0: reward=-0.205, dist=3.64
2026-02-27 21:25:24,263 [INFO] Step 200: reward=-2.305, dist=3.44
2026-02-27 21:25:29,039 [INFO] Step 400: reward=-0.203, dist=2.84
2026-02-27 21:25:36,896 [INFO] Step 600: reward=-0.267, dist=2.14
2026-02-27 21:25:45,501 [INFO] Step 800: reward=-0.375, dist=3.57
2026-02-27 21:25:51,853 [INFO] Episode 2099 COMPLETE | Reward -956.87 | Steps 1000 | Terminated False | Truncated True
2026-02-27 21:26:02,631 [INFO] Step 0: reward=-1.384, dist=4.42
2026-02-27 21:26:09,559 [INFO] Step 200: reward=-2.216, dist=3.57
2026-02-27 21:26:15,208 [INFO] Step 400: reward=-1.944, dist=4.02
2026-02-27 21:26:21,965 [INFO] Step 600: reward=-0.051, dist=4.73
2026-02-27 21:26:23,547 [INFO] Performing PPO update at global step 1691648
2026-02-27 21:26:23,985 [INFO] PPO losses — policy: 0.0108, value: 220.0839, entropy: 4.2242
2026-02-27 21:26:23,996 [INFO] PPO update completed. Buffer cleared.
2026-02-27 21:26:27,719 [INFO] Step 800: reward=-0.175, dist=3.16
2026-02-27 21:26:33,662 [INFO] Episode 2100 COMPLETE | Reward -1037.06 | Steps 1000 | Terminated False | Truncated True
2026-02-27 21:26:33,692 [INFO] Checkpoint saved: checkpoints/ppo_ep_02100.pt
2026-02-27 21:26:37,840 [INFO] Step 0: reward=-0.305, dist=2.43
2026-02-27 21:26:45,594 [INFO] Step 200: reward=-2.349, dist=3.51
2026-02-27 21:26:51,773 [INFO] Step 400: reward=-0.206, dist=3.92
2026-02-27 21:26:58,544 [INFO] Step 600: reward=-0.205, dist=3.62
2026-02-27 21:27:04,988 [INFO] Step 800: reward=-0.209, dist=2.70
2026-02-27 21:27:09,546 [INFO] Episode 2101 COMPLETE | Reward -1342.28 | Steps 1000 | Terminated False | Truncated True
2026-02-27 21:27:12,718 [INFO] Step 0: reward=-2.151, dist=3.31
2026-02-27 21:27:18,355 [INFO] Step 200: reward=-2.237, dist=3.65
2026-02-27 21:27:23,732 [INFO] Step 400: reward=-0.053, dist=4.32
2026-02-27 21:27:29,147 [INFO] Step 600: reward=0.045, dist=4.89
2026-02-27 21:27:32,310 [INFO] Performing PPO update at global step 1693696
2026-02-27 21:27:32,578 [INFO] PPO losses — policy: -0.0007, value: 281.4869, entropy: 4.2242
2026-02-27 21:27:32,583 [INFO] PPO update completed. Buffer cleared.
2026-02-27 21:27:35,722 [INFO] Step 800: reward=-1.905, dist=4.51
2026-02-27 21:27:42,217 [INFO] Episode 2102 COMPLETE | Reward -1179.92 | Steps 1000 | Terminated False | Truncated True
2026-02-27 21:27:47,022 [INFO] Step 0: reward=-0.205, dist=2.55
2026-02-27 21:27:52,208 [INFO] Step 200: reward=-2.212, dist=3.40
2026-02-27 21:27:59,529 [INFO] Step 400: reward=-2.216, dist=3.17
2026-02-27 21:28:04,991 [INFO] Step 600: reward=-0.208, dist=2.27
2026-02-27 21:28:11,276 [INFO] Step 800: reward=-0.249, dist=2.73
2026-02-27 21:28:16,957 [INFO] Episode 2103 COMPLETE | Reward -1099.94 | Steps 1000 | Terminated False | Truncated True
2026-02-27 21:28:20,172 [INFO] Step 0: reward=-0.263, dist=3.17
2026-02-27 21:28:26,789 [INFO] Step 200: reward=-2.448, dist=2.95
2026-02-27 21:28:33,469 [INFO] Step 400: reward=-0.046, dist=4.09
2026-02-27 21:28:39,408 [INFO] Step 600: reward=-1.844, dist=4.30
2026-02-27 21:28:44,631 [INFO] Performing PPO update at global step 1695744
2026-02-27 21:28:44,909 [INFO] PPO losses — policy: 0.0151, value: 161.0574, entropy: 4.2242
2026-02-27 21:28:44,915 [INFO] PPO update completed. Buffer cleared.
2026-02-27 21:28:47,156 [INFO] Step 800: reward=-0.208, dist=3.00
2026-02-27 21:28:54,331 [INFO] Episode 2104 COMPLETE | Reward -797.14 | Steps 1000 | Terminated False | Truncated True
2026-02-27 21:28:59,117 [INFO] Step 0: reward=-1.727, dist=3.40
2026-02-27 21:29:03,465 [INFO] Step 200: reward=-1.947, dist=4.14
2026-02-27 21:29:09,048 [INFO] Step 400: reward=-2.917, dist=4.28
2026-02-27 21:29:13,601 [INFO] Step 600: reward=-2.055, dist=3.89
2026-02-27 21:29:18,529 [INFO] Step 800: reward=-0.179, dist=3.07
2026-02-27 21:29:24,434 [INFO] Episode 2105 COMPLETE | Reward -1308.55 | Steps 1000 | Terminated False | Truncated True
2026-02-27 21:29:24,452 [INFO] Checkpoint saved: checkpoints/ppo_ep_02105.pt
2026-02-27 21:29:27,709 [INFO] Step 0: reward=-0.221, dist=2.28
2026-02-27 21:29:33,490 [INFO] Step 200: reward=-2.198, dist=2.86
2026-02-27 21:29:40,349 [INFO] Step 400: reward=-2.232, dist=2.21
2026-02-27 21:29:47,119 [INFO] Step 600: reward=-0.257, dist=1.44
2026-02-27 21:29:51,932 [INFO] Performing PPO update at global step 1697792
2026-02-27 21:29:52,201 [INFO] PPO losses — policy: 0.0090, value: 230.5112, entropy: 4.2242
2026-02-27 21:29:52,205 [INFO] PPO update completed. Buffer cleared.
2026-02-27 21:29:52,614 [INFO] Step 800: reward=-0.220, dist=2.28
2026-02-27 21:29:58,397 [INFO] Episode 2106 COMPLETE | Reward -1135.44 | Steps 1000 | Terminated False | Truncated True
2026-02-27 21:30:02,575 [INFO] Step 0: reward=-0.206, dist=3.53
2026-02-27 21:30:08,044 [INFO] Step 200: reward=0.095, dist=4.04
2026-02-27 21:30:14,058 [INFO] Step 400: reward=-0.089, dist=3.32
2026-02-27 21:30:21,329 [INFO] Step 600: reward=-2.004, dist=2.52
2026-02-27 21:30:27,540 [INFO] Step 800: reward=-2.335, dist=3.29
2026-02-27 21:30:31,647 [INFO] Episode 2107 COMPLETE | Reward -1203.05 | Steps 1000 | Terminated False | Truncated True
2026-02-27 21:30:35,270 [INFO] Step 0: reward=-0.207, dist=2.19
2026-02-27 21:30:41,740 [INFO] Step 200: reward=-0.256, dist=2.66
2026-02-27 21:30:47,324 [INFO] Step 400: reward=-2.207, dist=2.02
2026-02-27 21:30:53,292 [INFO] Step 600: reward=-0.226, dist=1.13
2026-02-27 21:30:58,950 [INFO] Step 800: reward=-2.305, dist=1.90
2026-02-27 21:30:59,951 [INFO] Performing PPO update at global step 1699840
2026-02-27 21:31:00,247 [INFO] PPO losses — policy: 0.0021, value: 200.1484, entropy: 4.2242
2026-02-27 21:31:00,251 [INFO] PPO update completed. Buffer cleared.
2026-02-27 21:31:04,271 [INFO] Policy action (normalized): v = +0.205, w = +0.971 | Cmd_vel (scaled): v = +0.205 m/s, w = +0.971 rad/s
2026-02-27 21:31:04,668 [INFO] Episode 2108 COMPLETE | Reward -1159.37 | Steps 1000 | Terminated False | Truncated True
2026-02-27 21:31:08,863 [INFO] Step 0: reward=-0.207, dist=2.26
2026-02-27 21:31:16,961 [INFO] Step 200: reward=-0.242, dist=1.48
2026-02-27 21:31:50,994 [INFO] Step 400: reward=-0.010, dist=0.00
2026-02-27 21:32:52,461 [INFO] Step 600: reward=-0.010, dist=0.00
2026-02-27 21:33:53,903 [INFO] Step 800: reward=-0.010, dist=0.00
2026-02-27 21:34:55,345 [INFO] Step 1000: reward=-0.010, dist=0.00
2026-02-27 21:35:56,798 [INFO] Step 1200: reward=-0.010, dist=0.00
2026-02-27 21:36:58,332 [INFO] Step 1400: reward=-0.010, dist=0.00
2026-02-27 21:37:59,834 [INFO] Step 1600: reward=-0.010, dist=0.00
2026-02-27 21:39:01,413 [INFO] Step 1800: reward=-0.010, dist=0.00
2026-02-27 21:39:25,688 [INFO] Performing PPO update at global step 1701888
2026-02-27 21:39:25,918 [INFO] PPO losses — policy: 0.0051, value: 129.4770, entropy: 4.2242
2026-02-27 21:39:25,922 [INFO] PPO update completed. Buffer cleared.
2026-02-27 21:40:03,184 [INFO] Step 2000: reward=-0.010, dist=0.00
2026-02-27 21:41:04,641 [INFO] Step 2200: reward=-0.010, dist=0.00
2026-02-27 21:42:06,036 [INFO] Step 2400: reward=-0.010, dist=0.00
2026-02-27 21:43:07,481 [INFO] Step 2600: reward=-0.010, dist=0.00
2026-02-27 21:44:08,950 [INFO] Step 2800: reward=-0.010, dist=0.00
2026-02-27 21:45:10,380 [INFO] Step 3000: reward=-0.010, dist=0.00
2026-02-27 21:46:11,843 [INFO] Step 3200: reward=-0.010, dist=0.00
2026-02-27 21:47:13,305 [INFO] Step 3400: reward=-0.010, dist=0.00
2026-02-27 21:48:14,816 [INFO] Step 3600: reward=-0.010, dist=0.00
2026-02-27 21:49:16,298 [INFO] Step 3800: reward=-0.010, dist=0.00
2026-02-27 21:49:55,327 [INFO] Performing PPO update at global step 1703936
2026-02-27 21:49:55,574 [INFO] PPO losses — policy: 0.0180, value: 100.0246, entropy: 4.2242
2026-02-27 21:49:55,578 [INFO] PPO update completed. Buffer cleared.
2026-02-27 21:50:18,021 [INFO] Step 4000: reward=-0.010, dist=0.00
2026-02-27 21:51:19,412 [INFO] Step 4200: reward=-0.010, dist=0.00
2026-02-27 21:52:20,877 [INFO] Step 4400: reward=-0.010, dist=0.00
2026-02-27 21:53:22,354 [INFO] Step 4600: reward=-0.010, dist=0.00
2026-02-27 21:54:23,786 [INFO] Step 4800: reward=-0.010, dist=0.00
2026-02-27 21:55:25,240 [INFO] Step 5000: reward=-0.010, dist=0.00
2026-02-27 21:56:26,661 [INFO] Step 5200: reward=-0.010, dist=0.00
2026-02-27 21:57:28,066 [INFO] Step 5400: reward=-0.010, dist=0.00
2026-02-27 21:58:29,512 [INFO] Step 5600: reward=-0.010, dist=0.00
2026-02-27 21:59:31,032 [INFO] Step 5800: reward=-0.010, dist=0.00
2026-02-27 22:00:24,851 [INFO] Performing PPO update at global step 1705984
2026-02-27 22:00:25,082 [INFO] PPO losses — policy: 0.0078, value: 66.1799, entropy: 4.2242
2026-02-27 22:00:25,086 [INFO] PPO update completed. Buffer cleared.
2026-02-27 22:00:32,799 [INFO] Step 6000: reward=-0.010, dist=0.00
2026-02-27 22:01:34,231 [INFO] Step 6200: reward=-0.010, dist=0.00
2026-02-27 22:02:35,703 [INFO] Step 6400: reward=-0.010, dist=0.00
2026-02-27 22:03:37,143 [INFO] Step 6600: reward=-0.010, dist=0.00
2026-02-27 22:04:38,570 [INFO] Step 6800: reward=-0.010, dist=0.00
2026-02-27 22:05:39,962 [INFO] Step 7000: reward=-0.010, dist=0.00
2026-02-27 22:06:41,457 [INFO] Step 7200: reward=-0.010, dist=0.00
2026-02-27 22:07:42,955 [INFO] Step 7400: reward=-0.010, dist=0.00
2026-02-27 22:08:44,326 [INFO] Step 7600: reward=-0.010, dist=0.00
2026-02-27 22:09:45,765 [INFO] Step 7800: reward=-0.010, dist=0.00
2026-02-27 22:10:47,181 [INFO] Step 8000: reward=-0.010, dist=0.00
2026-02-27 22:10:54,268 [INFO] Performing PPO update at global step 1708032
2026-02-27 22:10:54,508 [INFO] PPO losses — policy: 0.0268, value: 47.1306, entropy: 4.2242
2026-02-27 22:10:54,512 [INFO] PPO update completed. Buffer cleared.
2026-02-27 22:11:48,947 [INFO] Step 8200: reward=-0.010, dist=0.00
2026-02-27 22:12:50,368 [INFO] Step 8400: reward=-0.010, dist=0.00
2026-02-27 22:13:51,793 [INFO] Step 8600: reward=-0.010, dist=0.00
2026-02-27 22:14:53,282 [INFO] Step 8800: reward=-0.010, dist=0.00
2026-02-27 22:15:54,702 [INFO] Step 9000: reward=-0.010, dist=0.00
2026-02-27 22:16:56,200 [INFO] Step 9200: reward=-0.010, dist=0.00
2026-02-27 22:17:57,627 [INFO] Step 9400: reward=-0.010, dist=0.00
2026-02-27 22:18:59,101 [INFO] Step 9600: reward=-0.010, dist=0.00
2026-02-27 22:20:00,560 [INFO] Step 9800: reward=-0.010, dist=0.00
2026-02-27 22:20:59,301 [INFO] Policy action (normalized): v = +0.411, w = -0.991 | Cmd_vel (scaled): v = +0.411 m/s, w = -0.991 rad/s
2026-02-27 22:21:02,072 [INFO] Step 10000: reward=-0.010, dist=0.00
2026-02-27 22:21:23,882 [INFO] Performing PPO update at global step 1710080
2026-02-27 22:21:24,124 [INFO] PPO losses — policy: 0.0027, value: 34.1083, entropy: 4.2242
2026-02-27 22:21:24,128 [INFO] PPO update completed. Buffer cleared.
2026-02-27 22:22:03,777 [INFO] Step 10200: reward=-0.010, dist=0.00
2026-02-27 22:23:05,254 [INFO] Step 10400: reward=-0.010, dist=0.00
2026-02-27 22:24:06,678 [INFO] Step 10600: reward=-0.010, dist=0.00
2026-02-27 22:25:08,150 [INFO] Step 10800: reward=-0.010, dist=0.00
2026-02-27 22:26:09,537 [INFO] Step 11000: reward=-0.010, dist=0.00
2026-02-27 22:27:10,981 [INFO] Step 11200: reward=-0.010, dist=0.00
2026-02-27 22:28:12,407 [INFO] Step 11400: reward=-0.010, dist=0.00
2026-02-27 22:29:13,824 [INFO] Step 11600: reward=-0.010, dist=0.00
2026-02-27 22:30:15,324 [INFO] Step 11800: reward=-0.010, dist=0.00
2026-02-27 22:31:16,761 [INFO] Step 12000: reward=-0.010, dist=0.00
2026-02-27 22:31:53,354 [INFO] Performing PPO update at global step 1712128
2026-02-27 22:31:53,598 [INFO] PPO losses — policy: 0.0051, value: 23.9724, entropy: 4.2242
2026-02-27 22:31:53,602 [INFO] PPO update completed. Buffer cleared.
2026-02-27 22:32:18,508 [INFO] Step 12200: reward=-0.010, dist=0.00
2026-02-27 22:33:19,936 [INFO] Step 12400: reward=-0.010, dist=0.00
2026-02-27 22:34:21,376 [INFO] Step 12600: reward=-0.010, dist=0.00
2026-02-27 22:35:22,856 [INFO] Step 12800: reward=-0.010, dist=0.00
2026-02-27 22:36:24,281 [INFO] Step 13000: reward=-0.010, dist=0.00
2026-02-27 22:37:25,716 [INFO] Step 13200: reward=-0.010, dist=0.00
2026-02-27 22:38:27,135 [INFO] Step 13400: reward=-0.010, dist=0.00
2026-02-27 22:39:28,566 [INFO] Step 13600: reward=-0.010, dist=0.00
2026-02-27 22:40:30,083 [INFO] Step 13800: reward=-0.010, dist=0.00
2026-02-27 22:41:31,602 [INFO] Step 14000: reward=-0.010, dist=0.00
2026-02-27 22:42:22,908 [INFO] Performing PPO update at global step 1714176
2026-02-27 22:42:23,151 [INFO] PPO losses — policy: 0.0154, value: 13.9032, entropy: 4.2242
2026-02-27 22:42:23,155 [INFO] PPO update completed. Buffer cleared.
2026-02-27 22:42:33,349 [INFO] Step 14200: reward=-0.010, dist=0.00
2026-02-27 22:43:34,819 [INFO] Step 14400: reward=-0.010, dist=0.00
2026-02-27 22:44:36,224 [INFO] Step 14600: reward=-0.010, dist=0.00
2026-02-27 22:45:37,691 [INFO] Step 14800: reward=-0.010, dist=0.00
2026-02-27 22:46:39,169 [INFO] Step 15000: reward=-0.010, dist=0.00
2026-02-27 22:47:40,596 [INFO] Step 15200: reward=-0.010, dist=0.00
2026-02-27 22:48:42,137 [INFO] Step 15400: reward=-0.010, dist=0.00
2026-02-27 22:49:43,543 [INFO] Step 15600: reward=-0.010, dist=0.00
2026-02-27 22:50:44,983 [INFO] Step 15800: reward=-0.010, dist=0.00
2026-02-27 22:51:46,388 [INFO] Step 16000: reward=-0.010, dist=0.00
2026-02-27 22:52:47,853 [INFO] Step 16200: reward=-0.010, dist=0.00
2026-02-27 22:52:52,461 [INFO] Performing PPO update at global step 1716224
2026-02-27 22:52:52,699 [INFO] PPO losses — policy: 0.0050, value: 8.4516, entropy: 4.2242
2026-02-27 22:52:52,703 [INFO] PPO update completed. Buffer cleared.
2026-02-27 22:53:49,593 [INFO] Step 16400: reward=-0.010, dist=0.00
2026-02-27 22:54:51,017 [INFO] Step 16600: reward=-0.010, dist=0.00
2026-02-27 22:55:52,362 [INFO] Step 16800: reward=-0.010, dist=0.00
2026-02-27 22:56:53,815 [INFO] Step 17000: reward=-0.010, dist=0.00
2026-02-27 22:57:55,263 [INFO] Step 17200: reward=-0.010, dist=0.00
2026-02-27 22:58:56,697 [INFO] Step 17400: reward=-0.010, dist=0.00
2026-02-27 22:59:58,197 [INFO] Step 17600: reward=-0.010, dist=0.00
2026-02-27 23:00:59,659 [INFO] Step 17800: reward=-0.010, dist=0.00
2026-02-27 23:02:01,129 [INFO] Step 18000: reward=-0.010, dist=0.00
2026-02-27 23:03:02,651 [INFO] Step 18200: reward=-0.010, dist=0.00
2026-02-27 23:03:22,029 [INFO] Performing PPO update at global step 1718272
2026-02-27 23:03:22,270 [INFO] PPO losses — policy: 0.0039, value: 4.9848, entropy: 4.2242
2026-02-27 23:03:22,274 [INFO] PPO update completed. Buffer cleared.
2026-02-27 23:04:04,402 [INFO] Step 18400: reward=-0.010, dist=0.00
2026-02-27 23:05:05,853 [INFO] Step 18600: reward=-0.010, dist=0.00
2026-02-27 23:06:07,301 [INFO] Step 18800: reward=-0.010, dist=0.00
2026-02-27 23:07:08,702 [INFO] Step 19000: reward=-0.010, dist=0.00
2026-02-27 23:08:10,107 [INFO] Step 19200: reward=-0.010, dist=0.00
2026-02-27 23:09:11,595 [INFO] Step 19400: reward=-0.010, dist=0.00
2026-02-27 23:10:13,102 [INFO] Step 19600: reward=-0.010, dist=0.00
2026-02-27 23:11:14,491 [INFO] Step 19800: reward=-0.010, dist=0.00
2026-02-27 23:12:13,157 [INFO] Policy action (normalized): v = +0.997, w = -1.000 | Cmd_vel (scaled): v = +0.997 m/s, w = -1.000 rad/s
2026-02-27 23:12:15,928 [INFO] Step 20000: reward=-0.010, dist=0.00
2026-02-27 23:13:17,415 [INFO] Step 20200: reward=-0.010, dist=0.00
2026-02-27 23:13:51,512 [INFO] Performing PPO update at global step 1720320
2026-02-27 23:13:51,746 [INFO] PPO losses — policy: 0.0004, value: 3.2626, entropy: 4.2242
2026-02-27 23:13:51,750 [INFO] PPO update completed. Buffer cleared.
2026-02-27 23:14:19,174 [INFO] Step 20400: reward=-0.010, dist=0.00
2026-02-27 23:15:20,591 [INFO] Step 20600: reward=-0.010, dist=0.00
2026-02-27 23:16:22,015 [INFO] Step 20800: reward=-0.010, dist=0.00
2026-02-27 23:17:23,439 [INFO] Step 21000: reward=-0.010, dist=0.00
2026-02-27 23:18:24,829 [INFO] Step 21200: reward=-0.010, dist=0.00
2026-02-27 23:19:26,252 [INFO] Step 21400: reward=-0.010, dist=0.00
2026-02-27 23:20:27,812 [INFO] Step 21600: reward=-0.010, dist=0.00
2026-02-27 23:21:29,325 [INFO] Step 21800: reward=-0.010, dist=0.00
2026-02-27 23:22:30,793 [INFO] Step 22000: reward=-0.010, dist=0.00
2026-02-27 23:23:32,249 [INFO] Step 22200: reward=-0.010, dist=0.00
2026-02-27 23:24:21,075 [INFO] Performing PPO update at global step 1722368
2026-02-27 23:24:21,306 [INFO] PPO losses — policy: -0.0042, value: 2.0828, entropy: 4.2242
2026-02-27 23:24:21,310 [INFO] PPO update completed. Buffer cleared.
2026-02-27 23:24:33,930 [INFO] Step 22400: reward=-0.010, dist=0.00
2026-02-27 23:25:35,320 [INFO] Step 22600: reward=-0.010, dist=0.00
2026-02-27 23:26:36,814 [INFO] Step 22800: reward=-0.010, dist=0.00
2026-02-27 23:27:38,159 [INFO] Step 23000: reward=-0.010, dist=0.00
2026-02-27 23:28:39,626 [INFO] Step 23200: reward=-0.010, dist=0.00
2026-02-27 23:29:41,056 [INFO] Step 23400: reward=-0.010, dist=0.00
2026-02-27 23:30:42,512 [INFO] Step 23600: reward=-0.010, dist=0.00
2026-02-27 23:31:43,991 [INFO] Step 23800: reward=-0.010, dist=0.00
2026-02-27 23:32:45,499 [INFO] Step 24000: reward=-0.010, dist=0.00
2026-02-27 23:33:46,967 [INFO] Step 24200: reward=-0.010, dist=0.00
2026-02-27 23:34:48,419 [INFO] Step 24400: reward=-0.010, dist=0.00
2026-02-27 23:34:50,571 [INFO] Performing PPO update at global step 1724416
2026-02-27 23:34:50,802 [INFO] PPO losses — policy: 0.0018, value: 1.4535, entropy: 4.2242
2026-02-27 23:34:50,806 [INFO] PPO update completed. Buffer cleared.
2026-02-27 23:35:50,110 [INFO] Step 24600: reward=-0.010, dist=0.00
2026-02-27 23:36:51,571 [INFO] Step 24800: reward=-0.010, dist=0.00
2026-02-27 23:37:52,976 [INFO] Step 25000: reward=-0.010, dist=0.00
2026-02-27 23:38:54,388 [INFO] Step 25200: reward=-0.010, dist=0.00
2026-02-27 23:39:55,881 [INFO] Step 25400: reward=-0.010, dist=0.00
2026-02-27 23:40:57,314 [INFO] Step 25600: reward=-0.010, dist=0.00
2026-02-27 23:41:58,758 [INFO] Step 25800: reward=-0.010, dist=0.00
2026-02-27 23:43:00,218 [INFO] Step 26000: reward=-0.010, dist=0.00
2026-02-27 23:44:01,677 [INFO] Step 26200: reward=-0.010, dist=0.00
2026-02-27 23:45:03,129 [INFO] Step 26400: reward=-0.010, dist=0.00
2026-02-27 23:45:20,106 [INFO] Performing PPO update at global step 1726464
2026-02-27 23:45:20,348 [INFO] PPO losses — policy: 0.0015, value: 0.8252, entropy: 4.2242
2026-02-27 23:45:20,352 [INFO] PPO update completed. Buffer cleared.
2026-02-27 23:46:04,881 [INFO] Step 26600: reward=-0.010, dist=0.00
2026-02-27 23:47:06,321 [INFO] Step 26800: reward=-0.010, dist=0.00
2026-02-27 23:48:07,795 [INFO] Step 27000: reward=-0.010, dist=0.00
2026-02-27 23:49:09,229 [INFO] Step 27200: reward=-0.010, dist=0.00
2026-02-27 23:50:10,673 [INFO] Step 27400: reward=-0.010, dist=0.00
2026-02-27 23:51:12,107 [INFO] Step 27600: reward=-0.010, dist=0.00
2026-02-27 23:52:13,493 [INFO] Step 27800: reward=-0.010, dist=0.00
2026-02-27 23:53:14,959 [INFO] Step 28000: reward=-0.010, dist=0.00
2026-02-27 23:54:16,461 [INFO] Step 28200: reward=-0.010, dist=0.00
2026-02-27 23:55:17,951 [INFO] Step 28400: reward=-0.010, dist=0.00
2026-02-27 23:55:49,632 [INFO] Performing PPO update at global step 1728512
2026-02-27 23:55:49,866 [INFO] PPO losses — policy: -0.0028, value: 0.5062, entropy: 4.2242
2026-02-27 23:55:49,869 [INFO] PPO update completed. Buffer cleared.
2026-02-27 23:56:19,687 [INFO] Step 28600: reward=-0.010, dist=0.00
2026-02-27 23:57:21,134 [INFO] Step 28800: reward=-0.010, dist=0.00
2026-02-27 23:58:22,596 [INFO] Step 29000: reward=-0.010, dist=0.00
2026-02-27 23:59:24,053 [INFO] Step 29200: reward=-0.010, dist=0.00
2026-02-28 00:00:25,470 [INFO] Step 29400: reward=-0.010, dist=0.00
2026-02-28 00:01:26,920 [INFO] Step 29600: reward=-0.010, dist=0.00
2026-02-28 00:02:28,352 [INFO] Step 29800: reward=-0.010, dist=0.00
2026-02-28 00:03:27,001 [INFO] Policy action (normalized): v = +0.426, w = -0.989 | Cmd_vel (scaled): v = +0.426 m/s, w = -0.989 rad/s
2026-02-28 00:03:29,768 [INFO] Step 30000: reward=-0.010, dist=0.00
2026-02-28 00:04:31,178 [INFO] Step 30200: reward=-0.010, dist=0.00
2026-02-28 00:05:32,603 [INFO] Step 30400: reward=-0.010, dist=0.00
2026-02-28 00:06:19,003 [INFO] Performing PPO update at global step 1730560
2026-02-28 00:06:19,236 [INFO] PPO losses — policy: 0.0025, value: 0.2684, entropy: 4.2239
2026-02-28 00:06:19,240 [INFO] PPO update completed. Buffer cleared.
2026-02-28 00:06:34,334 [INFO] Step 30600: reward=-0.010, dist=0.00
2026-02-28 00:07:35,750 [INFO] Step 30800: reward=-0.010, dist=0.00
2026-02-28 00:08:37,117 [INFO] Step 31000: reward=-0.010, dist=0.00
2026-02-28 00:09:38,528 [INFO] Step 31200: reward=-0.010, dist=0.00
2026-02-28 00:10:39,985 [INFO] Step 31400: reward=-0.010, dist=0.00
2026-02-28 00:11:41,466 [INFO] Step 31600: reward=-0.010, dist=0.00
2026-02-28 00:12:42,961 [INFO] Step 31800: reward=-0.010, dist=0.00
2026-02-28 00:13:44,424 [INFO] Step 32000: reward=-0.010, dist=0.00
2026-02-28 00:14:45,934 [INFO] Step 32200: reward=-0.010, dist=0.00
2026-02-28 00:15:47,415 [INFO] Step 32400: reward=-0.010, dist=0.00
2026-02-28 00:16:48,643 [INFO] Performing PPO update at global step 1732608
2026-02-28 00:16:48,874 [INFO] PPO losses — policy: -0.0034, value: 0.2077, entropy: 4.2242
2026-02-28 00:16:48,878 [INFO] PPO update completed. Buffer cleared.
2026-02-28 00:16:49,186 [INFO] Step 32600: reward=-0.010, dist=0.00
2026-02-28 00:17:50,723 [INFO] Step 32800: reward=-0.010, dist=0.00
2026-02-28 00:18:52,218 [INFO] Step 33000: reward=-0.010, dist=0.00
2026-02-28 00:19:53,595 [INFO] Step 33200: reward=-0.010, dist=0.00
2026-02-28 00:20:55,030 [INFO] Step 33400: reward=-0.010, dist=0.00
2026-02-28 00:21:56,494 [INFO] Step 33600: reward=-0.010, dist=0.00
2026-02-28 00:22:57,944 [INFO] Step 33800: reward=-0.010, dist=0.00
2026-02-28 00:23:59,351 [INFO] Step 34000: reward=-0.010, dist=0.00
2026-02-28 00:25:00,728 [INFO] Step 34200: reward=-0.010, dist=0.00
2026-02-28 00:26:02,196 [INFO] Step 34400: reward=-0.010, dist=0.00
2026-02-28 00:27:03,658 [INFO] Step 34600: reward=-0.010, dist=0.00
2026-02-28 00:27:18,105 [INFO] Performing PPO update at global step 1734656
2026-02-28 00:27:18,338 [INFO] PPO losses — policy: 0.0019, value: 0.1444, entropy: 4.2242
2026-02-28 00:27:18,343 [INFO] PPO update completed. Buffer cleared.
2026-02-28 00:28:05,332 [INFO] Step 34800: reward=-0.010, dist=0.00
2026-02-28 00:29:06,734 [INFO] Step 35000: reward=-0.010, dist=0.00
2026-02-28 00:30:08,121 [INFO] Step 35200: reward=-0.010, dist=0.00
2026-02-28 00:31:09,562 [INFO] Step 35400: reward=-0.010, dist=0.00
2026-02-28 00:32:10,912 [INFO] Step 35600: reward=-0.010, dist=0.00
2026-02-28 00:33:12,344 [INFO] Step 35800: reward=-0.010, dist=0.00
2026-02-28 00:34:13,800 [INFO] Step 36000: reward=-0.010, dist=0.00
2026-02-28 00:35:15,283 [INFO] Step 36200: reward=-0.010, dist=0.00
2026-02-28 00:36:16,778 [INFO] Step 36400: reward=-0.010, dist=0.00
2026-02-28 00:37:18,357 [INFO] Step 36600: reward=-0.010, dist=0.00
2026-02-28 00:37:47,584 [INFO] Performing PPO update at global step 1736704
2026-02-28 00:37:47,813 [INFO] PPO losses — policy: -0.0013, value: 0.1140, entropy: 4.2242
2026-02-28 00:37:47,817 [INFO] PPO update completed. Buffer cleared.
2026-02-28 00:38:20,108 [INFO] Step 36800: reward=-0.010, dist=0.00
2026-02-28 00:39:21,610 [INFO] Step 37000: reward=-0.010, dist=0.00
2026-02-28 00:40:23,079 [INFO] Step 37200: reward=-0.010, dist=0.00
2026-02-28 00:41:24,464 [INFO] Step 37400: reward=-0.010, dist=0.00
2026-02-28 00:42:25,883 [INFO] Step 37600: reward=-0.010, dist=0.00
2026-02-28 00:43:27,295 [INFO] Step 37800: reward=-0.010, dist=0.00
2026-02-28 00:44:28,741 [INFO] Step 38000: reward=-0.010, dist=0.00
2026-02-28 00:45:30,217 [INFO] Step 38200: reward=-0.010, dist=0.00
2026-02-28 00:46:31,728 [INFO] Step 38400: reward=-0.010, dist=0.00
2026-02-28 00:47:33,171 [INFO] Step 38600: reward=-0.010, dist=0.00
2026-02-28 00:48:17,163 [INFO] Performing PPO update at global step 1738752
2026-02-28 00:48:17,393 [INFO] PPO losses — policy: -0.0014, value: 0.1041, entropy: 4.2242
2026-02-28 00:48:17,397 [INFO] PPO update completed. Buffer cleared.
2026-02-28 00:48:34,950 [INFO] Step 38800: reward=-0.010, dist=0.00
2026-02-28 00:49:36,399 [INFO] Step 39000: reward=-0.010, dist=0.00
2026-02-28 00:50:37,800 [INFO] Step 39200: reward=-0.010, dist=0.00
2026-02-28 00:51:39,209 [INFO] Step 39400: reward=-0.010, dist=0.00
2026-02-28 00:52:40,622 [INFO] Step 39600: reward=-0.010, dist=0.00
2026-02-28 00:53:42,049 [INFO] Step 39800: reward=-0.010, dist=0.00
2026-02-28 00:54:40,723 [INFO] Policy action (normalized): v = +0.890, w = -0.951 | Cmd_vel (scaled): v = +0.890 m/s, w = -0.951 rad/s
2026-02-28 00:54:43,486 [INFO] Step 40000: reward=-0.010, dist=0.00
2026-02-28 00:55:44,930 [INFO] Step 40200: reward=-0.010, dist=0.00
2026-02-28 00:56:46,362 [INFO] Step 40400: reward=-0.010, dist=0.00
2026-02-28 00:57:47,847 [INFO] Step 40600: reward=-0.010, dist=0.00
2026-02-28 00:58:46,581 [INFO] Performing PPO update at global step 1740800
2026-02-28 00:58:46,813 [INFO] PPO losses — policy: 0.0005, value: 0.0380, entropy: 4.2242
2026-02-28 00:58:46,817 [INFO] PPO update completed. Buffer cleared.
2026-02-28 00:58:49,608 [INFO] Step 40800: reward=-0.010, dist=0.00
2026-02-28 00:59:51,032 [INFO] Step 41000: reward=-0.010, dist=0.00
2026-02-28 01:00:52,527 [INFO] Step 41200: reward=-0.010, dist=0.00
2026-02-28 01:01:53,952 [INFO] Step 41400: reward=-0.010, dist=0.00
2026-02-28 01:02:55,394 [INFO] Step 41600: reward=-0.010, dist=0.00
2026-02-28 01:03:56,856 [INFO] Step 41800: reward=-0.010, dist=0.00
2026-02-28 01:04:58,318 [INFO] Step 42000: reward=-0.010, dist=0.00
2026-02-28 01:05:59,797 [INFO] Step 42200: reward=-0.010, dist=0.00
2026-02-28 01:07:01,251 [INFO] Step 42400: reward=-0.010, dist=0.00
2026-02-28 01:08:02,699 [INFO] Step 42600: reward=-0.010, dist=0.00
2026-02-28 01:09:04,192 [INFO] Step 42800: reward=-0.010, dist=0.00
2026-02-28 01:09:16,190 [INFO] Performing PPO update at global step 1742848
2026-02-28 01:09:16,422 [INFO] PPO losses — policy: 0.0019, value: 0.0265, entropy: 4.2241
2026-02-28 01:09:16,426 [INFO] PPO update completed. Buffer cleared.
2026-02-28 01:10:05,966 [INFO] Step 43000: reward=-0.010, dist=0.00
2026-02-28 01:11:07,451 [INFO] Step 43200: reward=-0.010, dist=0.00
2026-02-28 01:12:08,845 [INFO] Step 43400: reward=-0.010, dist=0.00
2026-02-28 01:13:10,311 [INFO] Step 43600: reward=-0.010, dist=0.00
2026-02-28 01:14:11,772 [INFO] Step 43800: reward=-0.010, dist=0.00
2026-02-28 01:15:13,259 [INFO] Step 44000: reward=-0.010, dist=0.00
2026-02-28 01:16:14,734 [INFO] Step 44200: reward=-0.010, dist=0.00
2026-02-28 01:17:16,202 [INFO] Step 44400: reward=-0.010, dist=0.00
2026-02-28 01:18:17,697 [INFO] Step 44600: reward=-0.010, dist=0.00
2026-02-28 01:19:19,204 [INFO] Step 44800: reward=-0.010, dist=0.00
2026-02-28 01:19:45,950 [INFO] Performing PPO update at global step 1744896
2026-02-28 01:19:46,183 [INFO] PPO losses — policy: -0.0032, value: 0.0219, entropy: 4.2242
2026-02-28 01:19:46,186 [INFO] PPO update completed. Buffer cleared.
2026-02-28 01:20:20,921 [INFO] Step 45000: reward=-0.010, dist=0.00
2026-02-28 01:21:22,363 [INFO] Step 45200: reward=-0.010, dist=0.00
2026-02-28 01:22:23,828 [INFO] Step 45400: reward=-0.010, dist=0.00
2026-02-28 01:23:25,285 [INFO] Step 45600: reward=-0.010, dist=0.00
2026-02-28 01:24:26,732 [INFO] Step 45800: reward=-0.010, dist=0.00
2026-02-28 01:25:28,166 [INFO] Step 46000: reward=-0.010, dist=0.00
2026-02-28 01:26:29,635 [INFO] Step 46200: reward=-0.010, dist=0.00
2026-02-28 01:27:31,102 [INFO] Step 46400: reward=-0.010, dist=0.00
2026-02-28 01:28:32,567 [INFO] Step 46600: reward=-0.010, dist=0.00
2026-02-28 01:29:34,064 [INFO] Step 46800: reward=-0.010, dist=0.00
2026-02-28 01:30:15,567 [INFO] Performing PPO update at global step 1746944
2026-02-28 01:30:15,814 [INFO] PPO losses — policy: -0.0005, value: 0.0149, entropy: 4.2242
2026-02-28 01:30:15,818 [INFO] PPO update completed. Buffer cleared.
2026-02-28 01:30:35,790 [INFO] Step 47000: reward=-0.010, dist=0.00
2026-02-28 01:31:37,209 [INFO] Step 47200: reward=-0.010, dist=0.00
2026-02-28 01:32:38,694 [INFO] Step 47400: reward=-0.010, dist=0.00
2026-02-28 01:33:40,152 [INFO] Step 47600: reward=-0.010, dist=0.00
2026-02-28 01:34:41,587 [INFO] Step 47800: reward=-0.010, dist=0.00
2026-02-28 01:35:43,139 [INFO] Step 48000: reward=-0.010, dist=0.00
2026-02-28 01:36:44,572 [INFO] Step 48200: reward=-0.010, dist=0.00
2026-02-28 01:37:46,059 [INFO] Step 48400: reward=-0.010, dist=0.00
2026-02-28 01:38:47,556 [INFO] Step 48600: reward=-0.010, dist=0.00
2026-02-28 01:39:49,053 [INFO] Step 48800: reward=-0.010, dist=0.00
2026-02-28 01:40:45,311 [INFO] Performing PPO update at global step 1748992
2026-02-28 01:40:45,541 [INFO] PPO losses — policy: -0.0040, value: 0.0119, entropy: 4.2242
2026-02-28 01:40:45,547 [INFO] PPO update completed. Buffer cleared.
2026-02-28 01:40:50,787 [INFO] Step 49000: reward=-0.010, dist=0.00
2026-02-28 01:41:52,169 [INFO] Step 49200: reward=-0.010, dist=0.00
2026-02-28 01:42:53,598 [INFO] Step 49400: reward=-0.010, dist=0.00
2026-02-28 01:43:55,019 [INFO] Step 49600: reward=-0.010, dist=0.00
2026-02-28 01:44:56,429 [INFO] Step 49800: reward=-0.010, dist=0.00
2026-02-28 01:45:55,091 [INFO] Policy action (normalized): v = -0.985, w = +0.969 | Cmd_vel (scaled): v = -0.985 m/s, w = +0.969 rad/s
2026-02-28 01:45:57,856 [INFO] Step 50000: reward=-0.010, dist=0.00
2026-02-28 01:46:59,275 [INFO] Step 50200: reward=-0.010, dist=0.00
2026-02-28 01:48:00,708 [INFO] Step 50400: reward=-0.010, dist=0.00
2026-02-28 01:49:02,155 [INFO] Step 50600: reward=-0.010, dist=0.00
2026-02-28 01:50:03,639 [INFO] Step 50800: reward=-0.010, dist=0.00
2026-02-28 01:51:05,162 [INFO] Step 51000: reward=-0.010, dist=0.00
2026-02-28 01:51:14,700 [INFO] Performing PPO update at global step 1751040
2026-02-28 01:51:14,931 [INFO] PPO losses — policy: -0.0000, value: 0.0120, entropy: 4.2242
2026-02-28 01:51:14,935 [INFO] PPO update completed. Buffer cleared.
2026-02-28 01:52:06,892 [INFO] Step 51200: reward=-0.010, dist=0.00
2026-02-28 01:53:08,307 [INFO] Step 51400: reward=-0.010, dist=0.00
2026-02-28 01:54:09,724 [INFO] Step 51600: reward=-0.010, dist=0.00
2026-02-28 01:55:11,154 [INFO] Step 51800: reward=-0.010, dist=0.00
2026-02-28 01:56:12,653 [INFO] Step 52000: reward=-0.010, dist=0.00
2026-02-28 01:57:14,104 [INFO] Step 52200: reward=-0.010, dist=0.00
2026-02-28 01:58:15,526 [INFO] Step 52400: reward=-0.010, dist=0.00
2026-02-28 01:59:16,942 [INFO] Step 52600: reward=-0.010, dist=0.00
2026-02-28 02:00:18,368 [INFO] Step 52800: reward=-0.010, dist=0.00
2026-02-28 02:01:19,874 [INFO] Step 53000: reward=-0.010, dist=0.00
2026-02-28 02:01:44,148 [INFO] Performing PPO update at global step 1753088
2026-02-28 02:01:44,376 [INFO] PPO losses — policy: -0.0014, value: 0.0084, entropy: 4.2242
2026-02-28 02:01:44,380 [INFO] PPO update completed. Buffer cleared.
2026-02-28 02:02:21,616 [INFO] Step 53200: reward=-0.010, dist=0.00
2026-02-28 02:03:23,095 [INFO] Step 53400: reward=-0.010, dist=0.00
2026-02-28 02:04:24,549 [INFO] Step 53600: reward=-0.010, dist=0.00
2026-02-28 02:05:25,951 [INFO] Step 53800: reward=-0.010, dist=0.00
2026-02-28 02:06:27,429 [INFO] Step 54000: reward=-0.010, dist=0.00
2026-02-28 02:07:28,852 [INFO] Step 54200: reward=-0.010, dist=0.00
2026-02-28 02:08:30,265 [INFO] Step 54400: reward=-0.010, dist=0.00
2026-02-28 02:09:31,767 [INFO] Step 54600: reward=-0.010, dist=0.00
2026-02-28 02:10:33,239 [INFO] Step 54800: reward=-0.010, dist=0.00
2026-02-28 02:11:34,707 [INFO] Step 55000: reward=-0.010, dist=0.00
2026-02-28 02:12:13,728 [INFO] Performing PPO update at global step 1755136
2026-02-28 02:12:13,962 [INFO] PPO losses — policy: -0.0018, value: 0.0080, entropy: 4.2242
2026-02-28 02:12:13,966 [INFO] PPO update completed. Buffer cleared.
2026-02-28 02:12:36,437 [INFO] Step 55200: reward=-0.010, dist=0.00
2026-02-28 02:13:37,884 [INFO] Step 55400: reward=-0.010, dist=0.00
2026-02-28 02:14:39,334 [INFO] Step 55600: reward=-0.010, dist=0.00
2026-02-28 02:15:40,759 [INFO] Step 55800: reward=-0.010, dist=0.00
2026-02-28 02:16:42,208 [INFO] Step 56000: reward=-0.010, dist=0.00
2026-02-28 02:17:43,702 [INFO] Step 56200: reward=-0.010, dist=0.00
2026-02-28 02:18:45,181 [INFO] Step 56400: reward=-0.010, dist=0.00
2026-02-28 02:19:46,625 [INFO] Step 56600: reward=-0.010, dist=0.00
2026-02-28 02:20:48,102 [INFO] Step 56800: reward=-0.010, dist=0.00
2026-02-28 02:21:49,564 [INFO] Step 57000: reward=-0.010, dist=0.00
2026-02-28 02:22:43,377 [INFO] Performing PPO update at global step 1757184
2026-02-28 02:22:43,613 [INFO] PPO losses — policy: -0.0016, value: 0.0091, entropy: 4.2242
2026-02-28 02:22:43,616 [INFO] PPO update completed. Buffer cleared.
2026-02-28 02:22:51,332 [INFO] Step 57200: reward=-0.010, dist=0.00
2026-02-28 02:23:52,721 [INFO] Step 57400: reward=-0.010, dist=0.00
2026-02-28 02:24:54,113 [INFO] Step 57600: reward=-0.010, dist=0.00
2026-02-28 02:25:55,608 [INFO] Step 57800: reward=-0.010, dist=0.00
2026-02-28 02:26:57,048 [INFO] Step 58000: reward=-0.010, dist=0.00
2026-02-28 02:27:58,481 [INFO] Step 58200: reward=-0.010, dist=0.00
2026-02-28 02:28:59,917 [INFO] Step 58400: reward=-0.010, dist=0.00
2026-02-28 02:30:01,347 [INFO] Step 58600: reward=-0.010, dist=0.00
2026-02-28 02:31:02,819 [INFO] Step 58800: reward=-0.010, dist=0.00
2026-02-28 02:32:04,381 [INFO] Step 59000: reward=-0.010, dist=0.00
2026-02-28 02:33:05,850 [INFO] Step 59200: reward=-0.010, dist=0.00
2026-02-28 02:33:12,926 [INFO] Performing PPO update at global step 1759232
2026-02-28 02:33:13,162 [INFO] PPO losses — policy: 0.0000, value: 0.0065, entropy: 4.2242
2026-02-28 02:33:13,165 [INFO] PPO update completed. Buffer cleared.
2026-02-28 02:34:07,576 [INFO] Step 59400: reward=-0.010, dist=0.00
2026-02-28 02:35:08,983 [INFO] Step 59600: reward=-0.010, dist=0.00
2026-02-28 02:36:10,429 [INFO] Step 59800: reward=-0.010, dist=0.00
2026-02-28 02:37:09,129 [INFO] Policy action (normalized): v = +0.999, w = -0.924 | Cmd_vel (scaled): v = +0.999 m/s, w = -0.924 rad/s
2026-02-28 02:37:11,893 [INFO] Step 60000: reward=-0.010, dist=0.00
2026-02-28 02:38:13,315 [INFO] Step 60200: reward=-0.010, dist=0.00
2026-02-28 02:39:14,794 [INFO] Step 60400: reward=-0.010, dist=0.00
2026-02-28 02:40:16,171 [INFO] Step 60600: reward=-0.010, dist=0.00
2026-02-28 02:41:17,650 [INFO] Step 60800: reward=-0.010, dist=0.00
2026-02-28 02:42:19,150 [INFO] Step 61000: reward=-0.010, dist=0.00
2026-02-28 02:43:20,595 [INFO] Step 61200: reward=-0.010, dist=0.00
2026-02-28 02:43:42,416 [INFO] Performing PPO update at global step 1761280
2026-02-28 02:43:42,665 [INFO] PPO losses — policy: -0.0018, value: 0.0060, entropy: 4.2242
2026-02-28 02:43:42,668 [INFO] PPO update completed. Buffer cleared.
2026-02-28 02:44:22,314 [INFO] Step 61400: reward=-0.010, dist=0.00
2026-02-28 02:45:23,820 [INFO] Step 61600: reward=-0.010, dist=0.00
2026-02-28 02:46:25,216 [INFO] Step 61800: reward=-0.010, dist=0.00
2026-02-28 02:47:26,690 [INFO] Step 62000: reward=-0.010, dist=0.00
2026-02-28 02:48:28,174 [INFO] Step 62200: reward=-0.010, dist=0.00
2026-02-28 02:49:29,592 [INFO] Step 62400: reward=-0.010, dist=0.00
2026-02-28 02:50:31,075 [INFO] Step 62600: reward=-0.010, dist=0.00
2026-02-28 02:51:32,548 [INFO] Step 62800: reward=-0.010, dist=0.00
2026-02-28 02:52:33,975 [INFO] Step 63000: reward=-0.010, dist=0.00
2026-02-28 02:53:35,370 [INFO] Step 63200: reward=-0.010, dist=0.00
2026-02-28 02:54:11,908 [INFO] Performing PPO update at global step 1763328
2026-02-28 02:54:12,140 [INFO] PPO losses — policy: -0.0019, value: 0.0057, entropy: 4.2242
2026-02-28 02:54:12,144 [INFO] PPO update completed. Buffer cleared.
2026-02-28 02:54:37,050 [INFO] Step 63400: reward=-0.010, dist=0.00
2026-02-28 02:55:38,462 [INFO] Step 63600: reward=-0.010, dist=0.00
2026-02-28 02:56:39,948 [INFO] Step 63800: reward=-0.010, dist=0.00
2026-02-28 02:57:41,390 [INFO] Step 64000: reward=-0.010, dist=0.00
2026-02-28 02:58:42,826 [INFO] Step 64200: reward=-0.010, dist=0.00
2026-02-28 02:59:44,282 [INFO] Step 64400: reward=-0.010, dist=0.00
2026-02-28 03:00:45,721 [INFO] Step 64600: reward=-0.010, dist=0.00
2026-02-28 03:01:47,148 [INFO] Step 64800: reward=-0.010, dist=0.00
2026-02-28 03:02:48,635 [INFO] Step 65000: reward=-0.010, dist=0.00
2026-02-28 03:03:50,085 [INFO] Step 65200: reward=-0.010, dist=0.00
2026-02-28 03:04:41,387 [INFO] Performing PPO update at global step 1765376
2026-02-28 03:04:41,619 [INFO] PPO losses — policy: -0.0030, value: 0.0060, entropy: 4.2242
2026-02-28 03:04:41,623 [INFO] PPO update completed. Buffer cleared.
2026-02-28 03:04:51,795 [INFO] Step 65400: reward=-0.010, dist=0.00
2026-02-28 03:05:53,250 [INFO] Step 65600: reward=-0.010, dist=0.00
2026-02-28 03:06:54,668 [INFO] Step 65800: reward=-0.010, dist=0.00
2026-02-28 03:07:56,082 [INFO] Step 66000: reward=-0.010, dist=0.00
2026-02-28 03:08:57,539 [INFO] Step 66200: reward=-0.010, dist=0.00
2026-02-28 03:09:59,030 [INFO] Step 66400: reward=-0.010, dist=0.00
2026-02-28 03:11:00,488 [INFO] Step 66600: reward=-0.010, dist=0.00
2026-02-28 03:12:01,938 [INFO] Step 66800: reward=-0.010, dist=0.00
2026-02-28 03:13:03,396 [INFO] Step 67000: reward=-0.010, dist=0.00
2026-02-28 03:14:04,862 [INFO] Step 67200: reward=-0.010, dist=0.00
2026-02-28 03:15:06,260 [INFO] Step 67400: reward=-0.010, dist=0.00
2026-02-28 03:15:10,853 [INFO] Performing PPO update at global step 1767424
2026-02-28 03:15:11,089 [INFO] PPO losses — policy: 0.0002, value: 0.0063, entropy: 4.1607
2026-02-28 03:15:11,094 [INFO] PPO update completed. Buffer cleared.
2026-02-28 03:16:07,930 [INFO] Step 67600: reward=-0.010, dist=0.00
2026-02-28 03:17:09,299 [INFO] Step 67800: reward=-0.010, dist=0.00
2026-02-28 03:18:10,731 [INFO] Step 68000: reward=-0.010, dist=0.00
2026-02-28 03:19:12,106 [INFO] Step 68200: reward=-0.010, dist=0.00
2026-02-28 03:20:13,547 [INFO] Step 68400: reward=-0.010, dist=0.00
2026-02-28 03:21:14,962 [INFO] Step 68600: reward=-0.010, dist=0.00
2026-02-28 03:22:16,377 [INFO] Step 68800: reward=-0.010, dist=0.00
2026-02-28 03:23:17,822 [INFO] Step 69000: reward=-0.010, dist=0.00
2026-02-28 03:24:19,338 [INFO] Step 69200: reward=-0.010, dist=0.00
2026-02-28 03:25:20,834 [INFO] Step 69400: reward=-0.010, dist=0.00
2026-02-28 03:25:40,165 [INFO] Performing PPO update at global step 1769472
2026-02-28 03:25:40,406 [INFO] PPO losses — policy: -0.0037, value: 0.0059, entropy: 4.0512
2026-02-28 03:25:40,410 [INFO] PPO update completed. Buffer cleared.
2026-02-28 03:26:22,560 [INFO] Step 69600: reward=-0.010, dist=0.00
2026-02-28 03:27:23,990 [INFO] Step 69800: reward=-0.010, dist=0.00
2026-02-28 03:28:22,622 [INFO] Policy action (normalized): v = +0.994, w = -0.640 | Cmd_vel (scaled): v = +0.994 m/s, w = -0.640 rad/s
2026-02-28 03:28:25,380 [INFO] Step 70000: reward=-0.010, dist=0.00
2026-02-28 03:29:26,753 [INFO] Step 70200: reward=-0.010, dist=0.00
2026-02-28 03:30:28,185 [INFO] Step 70400: reward=-0.010, dist=0.00
2026-02-28 03:31:29,631 [INFO] Step 70600: reward=-0.010, dist=0.00
2026-02-28 03:32:31,089 [INFO] Step 70800: reward=-0.010, dist=0.00
2026-02-28 03:33:32,510 [INFO] Step 71000: reward=-0.010, dist=0.00
2026-02-28 03:34:33,991 [INFO] Step 71200: reward=-0.010, dist=0.00
2026-02-28 03:35:35,490 [INFO] Step 71400: reward=-0.010, dist=0.00
2026-02-28 03:36:09,618 [INFO] Performing PPO update at global step 1771520
2026-02-28 03:36:09,847 [INFO] PPO losses — policy: 0.0008, value: 0.0052, entropy: 4.0022
2026-02-28 03:36:09,850 [INFO] PPO update completed. Buffer cleared.
2026-02-28 03:36:37,280 [INFO] Step 71600: reward=-0.010, dist=0.00
2026-02-28 03:37:38,782 [INFO] Step 71800: reward=-0.010, dist=0.00
2026-02-28 03:38:40,207 [INFO] Step 72000: reward=-0.010, dist=0.00
2026-02-28 03:39:41,615 [INFO] Step 72200: reward=-0.010, dist=0.00
2026-02-28 03:40:43,084 [INFO] Step 72400: reward=-0.010, dist=0.00
2026-02-28 03:41:44,550 [INFO] Step 72600: reward=-0.010, dist=0.00
2026-02-28 03:42:45,959 [INFO] Step 72800: reward=-0.010, dist=0.00
2026-02-28 03:43:47,416 [INFO] Step 73000: reward=-0.010, dist=0.00
2026-02-28 03:44:48,838 [INFO] Step 73200: reward=-0.010, dist=0.00
2026-02-28 03:45:50,282 [INFO] Step 73400: reward=-0.010, dist=0.00
2026-02-28 03:46:39,142 [INFO] Performing PPO update at global step 1773568
2026-02-28 03:46:39,373 [INFO] PPO losses — policy: -0.0005, value: 0.0051, entropy: 3.9236
2026-02-28 03:46:39,377 [INFO] PPO update completed. Buffer cleared.
2026-02-28 03:46:51,996 [INFO] Step 73600: reward=-0.010, dist=0.00
2026-02-28 03:47:53,452 [INFO] Step 73800: reward=-0.010, dist=0.00
2026-02-28 03:48:54,904 [INFO] Step 74000: reward=-0.010, dist=0.00
2026-02-28 03:49:56,389 [INFO] Step 74200: reward=-0.010, dist=0.00
2026-02-28 03:50:57,905 [INFO] Step 74400: reward=-0.010, dist=0.00
2026-02-28 03:51:59,385 [INFO] Step 74600: reward=-0.010, dist=0.00
2026-02-28 03:53:00,900 [INFO] Step 74800: reward=-0.010, dist=0.00
2026-02-28 03:54:02,358 [INFO] Step 75000: reward=-0.010, dist=0.00
2026-02-28 03:55:03,812 [INFO] Step 75200: reward=-0.010, dist=0.00
2026-02-28 03:56:05,324 [INFO] Step 75400: reward=-0.010, dist=0.00
2026-02-28 03:57:06,824 [INFO] Step 75600: reward=-0.010, dist=0.00
2026-02-28 03:57:08,984 [INFO] Performing PPO update at global step 1775616
2026-02-28 03:57:09,217 [INFO] PPO losses — policy: -0.0037, value: 0.0047, entropy: 3.8608
2026-02-28 03:57:09,221 [INFO] PPO update completed. Buffer cleared.
2026-02-28 03:58:08,487 [INFO] Step 75800: reward=-0.010, dist=0.00
2026-02-28 03:59:09,949 [INFO] Step 76000: reward=-0.010, dist=0.00
2026-02-28 04:00:11,375 [INFO] Step 76200: reward=-0.010, dist=0.00
2026-02-28 04:01:12,887 [INFO] Step 76400: reward=-0.010, dist=0.00
2026-02-28 04:02:14,303 [INFO] Step 76600: reward=-0.010, dist=0.00
2026-02-28 04:03:15,784 [INFO] Step 76800: reward=-0.010, dist=0.00
2026-02-28 04:04:17,241 [INFO] Step 77000: reward=-0.010, dist=0.00
2026-02-28 04:05:18,687 [INFO] Step 77200: reward=-0.010, dist=0.00
2026-02-28 04:06:20,158 [INFO] Step 77400: reward=-0.010, dist=0.00
2026-02-28 04:07:21,683 [INFO] Step 77600: reward=-0.010, dist=0.00
2026-02-28 04:07:38,613 [INFO] Performing PPO update at global step 1777664
2026-02-28 04:07:38,862 [INFO] PPO losses — policy: -0.0060, value: 0.0047, entropy: 3.7004
2026-02-28 04:07:38,866 [INFO] PPO update completed. Buffer cleared.
2026-02-28 04:08:23,481 [INFO] Step 77800: reward=-0.010, dist=0.00
2026-02-28 04:09:24,889 [INFO] Step 78000: reward=-0.010, dist=0.00
2026-02-28 04:10:26,339 [INFO] Step 78200: reward=-0.010, dist=0.00
2026-02-28 04:11:27,764 [INFO] Step 78400: reward=-0.010, dist=0.00
2026-02-28 04:12:29,266 [INFO] Step 78600: reward=-0.010, dist=0.00
2026-02-28 04:13:30,707 [INFO] Step 78800: reward=-0.010, dist=0.00
2026-02-28 04:14:32,106 [INFO] Step 79000: reward=-0.010, dist=0.00
2026-02-28 04:15:33,529 [INFO] Step 79200: reward=-0.010, dist=0.00
2026-02-28 04:16:34,893 [INFO] Step 79400: reward=-0.010, dist=0.00
2026-02-28 04:17:36,360 [INFO] Step 79600: reward=-0.010, dist=0.00
2026-02-28 04:18:08,039 [INFO] Performing PPO update at global step 1779712
2026-02-28 04:18:08,276 [INFO] PPO losses — policy: 0.0007, value: 0.0045, entropy: 3.5876
2026-02-28 04:18:08,280 [INFO] PPO update completed. Buffer cleared.
2026-02-28 04:18:38,091 [INFO] Step 79800: reward=-0.010, dist=0.00
2026-02-28 04:19:36,720 [INFO] Policy action (normalized): v = -0.921, w = +0.300 | Cmd_vel (scaled): v = -0.921 m/s, w = +0.300 rad/s
2026-02-28 04:19:39,466 [INFO] Step 80000: reward=-0.010, dist=0.00
2026-02-28 04:20:40,893 [INFO] Step 80200: reward=-0.010, dist=0.00
2026-02-28 04:21:42,369 [INFO] Step 80400: reward=-0.010, dist=0.00
2026-02-28 04:22:43,841 [INFO] Step 80600: reward=-0.010, dist=0.00
2026-02-28 04:23:45,333 [INFO] Step 80800: reward=-0.010, dist=0.00
2026-02-28 04:24:46,881 [INFO] Step 81000: reward=-0.010, dist=0.00
2026-02-28 04:25:48,320 [INFO] Step 81200: reward=-0.010, dist=0.00
2026-02-28 04:26:49,751 [INFO] Step 81400: reward=-0.010, dist=0.00
2026-02-28 04:27:51,157 [INFO] Step 81600: reward=-0.010, dist=0.00
2026-02-28 04:28:37,620 [INFO] Performing PPO update at global step 1781760
2026-02-28 04:28:37,857 [INFO] PPO losses — policy: -0.0023, value: 0.0043, entropy: 3.4946
2026-02-28 04:28:37,861 [INFO] PPO update completed. Buffer cleared.
2026-02-28 04:28:52,952 [INFO] Step 81800: reward=-0.010, dist=0.00
2026-02-28 04:29:54,350 [INFO] Step 82000: reward=-0.010, dist=0.00
2026-02-28 04:30:55,736 [INFO] Step 82200: reward=-0.010, dist=0.00
2026-02-28 04:31:57,172 [INFO] Step 82400: reward=-0.010, dist=0.00
2026-02-28 04:32:58,583 [INFO] Step 82600: reward=-0.010, dist=0.00
2026-02-28 04:34:00,042 [INFO] Step 82800: reward=-0.010, dist=0.00
2026-02-28 04:35:01,435 [INFO] Step 83000: reward=-0.010, dist=0.00
2026-02-28 04:36:02,841 [INFO] Step 83200: reward=-0.010, dist=0.00
2026-02-28 04:37:04,292 [INFO] Step 83400: reward=-0.010, dist=0.00
2026-02-28 04:38:05,769 [INFO] Step 83600: reward=-0.010, dist=0.00
2026-02-28 04:39:06,921 [INFO] Performing PPO update at global step 1783808
2026-02-28 04:39:07,152 [INFO] PPO losses — policy: -0.0016, value: 0.0041, entropy: 3.3675
2026-02-28 04:39:07,157 [INFO] PPO update completed. Buffer cleared.
2026-02-28 04:39:07,465 [INFO] Step 83800: reward=-0.010, dist=0.00
2026-02-28 04:40:08,957 [INFO] Step 84000: reward=-0.010, dist=0.00
2026-02-28 04:41:10,384 [INFO] Step 84200: reward=-0.010, dist=0.00
2026-02-28 04:42:11,865 [INFO] Step 84400: reward=-0.010, dist=0.00
2026-02-28 04:43:13,290 [INFO] Step 84600: reward=-0.010, dist=0.00
2026-02-28 04:44:14,774 [INFO] Step 84800: reward=-0.010, dist=0.00
2026-02-28 04:45:16,229 [INFO] Step 85000: reward=-0.010, dist=0.00
2026-02-28 04:46:17,661 [INFO] Step 85200: reward=-0.010, dist=0.00
2026-02-28 04:47:19,079 [INFO] Step 85400: reward=-0.010, dist=0.00
2026-02-28 04:48:20,560 [INFO] Step 85600: reward=-0.010, dist=0.00
2026-02-28 04:49:21,967 [INFO] Step 85800: reward=-0.010, dist=0.00
2026-02-28 04:49:36,403 [INFO] Performing PPO update at global step 1785856
2026-02-28 04:49:36,634 [INFO] PPO losses — policy: -0.0008, value: 0.0047, entropy: 3.4108
2026-02-28 04:49:36,638 [INFO] PPO update completed. Buffer cleared.
2026-02-28 04:50:23,619 [INFO] Step 86000: reward=-0.010, dist=0.00
2026-02-28 04:51:25,046 [INFO] Step 86200: reward=-0.010, dist=0.00
2026-02-28 04:52:26,496 [INFO] Step 86400: reward=-0.010, dist=0.00
2026-02-28 04:53:27,971 [INFO] Step 86600: reward=-0.010, dist=0.00
2026-02-28 04:54:29,420 [INFO] Step 86800: reward=-0.010, dist=0.00
2026-02-28 04:55:30,814 [INFO] Step 87000: reward=-0.010, dist=0.00
2026-02-28 04:56:32,227 [INFO] Step 87200: reward=-0.010, dist=0.00
2026-02-28 04:57:33,617 [INFO] Step 87400: reward=-0.010, dist=0.00
2026-02-28 04:58:35,025 [INFO] Step 87600: reward=-0.010, dist=0.00
2026-02-28 04:59:36,489 [INFO] Step 87800: reward=-0.010, dist=0.00
2026-02-28 05:00:05,699 [INFO] Performing PPO update at global step 1787904
2026-02-28 05:00:05,938 [INFO] PPO losses — policy: 0.0033, value: 0.0038, entropy: 3.2548
2026-02-28 05:00:05,942 [INFO] PPO update completed. Buffer cleared.
2026-02-28 05:00:38,233 [INFO] Step 88000: reward=-0.010, dist=0.00
2026-02-28 05:01:39,673 [INFO] Step 88200: reward=-0.010, dist=0.00
2026-02-28 05:02:41,164 [INFO] Step 88400: reward=-0.010, dist=0.00
2026-02-28 05:03:42,644 [INFO] Step 88600: reward=-0.010, dist=0.00
2026-02-28 05:04:44,076 [INFO] Step 88800: reward=-0.010, dist=0.00
2026-02-28 05:05:45,520 [INFO] Step 89000: reward=-0.010, dist=0.00
2026-02-28 05:06:47,045 [INFO] Step 89200: reward=-0.010, dist=0.00
2026-02-28 05:07:48,512 [INFO] Step 89400: reward=-0.010, dist=0.00
2026-02-28 05:08:49,987 [INFO] Step 89600: reward=-0.010, dist=0.00
2026-02-28 05:09:51,456 [INFO] Step 89800: reward=-0.010, dist=0.00
2026-02-28 05:10:35,387 [INFO] Performing PPO update at global step 1789952
2026-02-28 05:10:35,620 [INFO] PPO losses — policy: -0.0028, value: 0.0037, entropy: 3.2568
2026-02-28 05:10:35,624 [INFO] PPO update completed. Buffer cleared.
2026-02-28 05:10:50,361 [INFO] Policy action (normalized): v = +0.877, w = -0.514 | Cmd_vel (scaled): v = +0.877 m/s, w = -0.514 rad/s
2026-02-28 05:10:53,158 [INFO] Step 90000: reward=-0.010, dist=0.00
2026-02-28 05:11:54,628 [INFO] Step 90200: reward=-0.010, dist=0.00
2026-02-28 05:12:56,027 [INFO] Step 90400: reward=-0.010, dist=0.00
2026-02-28 05:13:57,495 [INFO] Step 90600: reward=-0.010, dist=0.00
2026-02-28 05:14:58,975 [INFO] Step 90800: reward=-0.010, dist=0.00
2026-02-28 05:16:00,432 [INFO] Step 91000: reward=-0.010, dist=0.00
2026-02-28 05:17:01,946 [INFO] Step 91200: reward=-0.010, dist=0.00
2026-02-28 05:18:03,402 [INFO] Step 91400: reward=-0.010, dist=0.00
2026-02-28 05:19:04,890 [INFO] Step 91600: reward=-0.010, dist=0.00
2026-02-28 05:20:06,375 [INFO] Step 91800: reward=-0.010, dist=0.00
2026-02-28 05:21:05,070 [INFO] Performing PPO update at global step 1792000
2026-02-28 05:21:05,298 [INFO] PPO losses — policy: -0.0023, value: 0.0038, entropy: 3.1017
2026-02-28 05:21:05,302 [INFO] PPO update completed. Buffer cleared.
2026-02-28 05:21:08,094 [INFO] Step 92000: reward=-0.010, dist=0.00
2026-02-28 05:22:09,544 [INFO] Step 92200: reward=-0.010, dist=0.00
2026-02-28 05:23:10,972 [INFO] Step 92400: reward=-0.010, dist=0.00
2026-02-28 05:24:12,397 [INFO] Step 92600: reward=-0.010, dist=0.00
2026-02-28 05:25:13,852 [INFO] Step 92800: reward=-0.010, dist=0.00
2026-02-28 05:26:15,283 [INFO] Step 93000: reward=-0.010, dist=0.00
2026-02-28 05:27:16,720 [INFO] Step 93200: reward=-0.010, dist=0.00
2026-02-28 05:28:18,149 [INFO] Step 93400: reward=-0.010, dist=0.00
2026-02-28 05:29:19,559 [INFO] Step 93600: reward=-0.010, dist=0.00
2026-02-28 05:30:21,000 [INFO] Step 93800: reward=-0.010, dist=0.00
2026-02-28 05:31:22,430 [INFO] Step 94000: reward=-0.010, dist=0.00
2026-02-28 05:31:34,413 [INFO] Performing PPO update at global step 1794048
2026-02-28 05:31:34,655 [INFO] PPO losses — policy: -0.0032, value: 0.0043, entropy: 3.0073
2026-02-28 05:31:34,658 [INFO] PPO update completed. Buffer cleared.
2026-02-28 05:32:24,145 [INFO] Step 94200: reward=-0.010, dist=0.00
2026-02-28 05:33:25,628 [INFO] Step 94400: reward=-0.010, dist=0.00
2026-02-28 05:34:27,126 [INFO] Step 94600: reward=-0.010, dist=0.00
2026-02-28 05:35:28,581 [INFO] Step 94800: reward=-0.010, dist=0.00
2026-02-28 05:36:30,011 [INFO] Step 95000: reward=-0.010, dist=0.00
2026-02-28 05:37:31,472 [INFO] Step 95200: reward=-0.010, dist=0.00
2026-02-28 05:38:32,972 [INFO] Step 95400: reward=-0.010, dist=0.00
2026-02-28 05:39:34,401 [INFO] Step 95600: reward=-0.010, dist=0.00
2026-02-28 05:40:35,831 [INFO] Step 95800: reward=-0.010, dist=0.00
2026-02-28 05:41:37,257 [INFO] Step 96000: reward=-0.010, dist=0.00
2026-02-28 05:42:03,969 [INFO] Performing PPO update at global step 1796096
2026-02-28 05:42:04,199 [INFO] PPO losses — policy: -0.0001, value: 0.0041, entropy: 2.9508
2026-02-28 05:42:04,203 [INFO] PPO update completed. Buffer cleared.
2026-02-28 05:42:38,967 [INFO] Step 96200: reward=-0.010, dist=0.00
2026-02-28 05:43:40,417 [INFO] Step 96400: reward=-0.010, dist=0.00
2026-02-28 05:44:41,868 [INFO] Step 96600: reward=-0.010, dist=0.00
2026-02-28 05:45:43,256 [INFO] Step 96800: reward=-0.010, dist=0.00
2026-02-28 05:46:44,747 [INFO] Step 97000: reward=-0.010, dist=0.00
2026-02-28 05:47:46,192 [INFO] Step 97200: reward=-0.010, dist=0.00
2026-02-28 05:48:47,664 [INFO] Step 97400: reward=-0.010, dist=0.00
2026-02-28 05:49:49,163 [INFO] Step 97600: reward=-0.010, dist=0.00
2026-02-28 05:50:50,652 [INFO] Step 97800: reward=-0.010, dist=0.00
2026-02-28 05:51:52,110 [INFO] Step 98000: reward=-0.010, dist=0.00
2026-02-28 05:52:33,533 [INFO] Performing PPO update at global step 1798144
2026-02-28 05:52:33,768 [INFO] PPO losses — policy: -0.0024, value: 0.0042, entropy: 2.9016
2026-02-28 05:52:33,771 [INFO] PPO update completed. Buffer cleared.
2026-02-28 05:52:53,763 [INFO] Step 98200: reward=-0.010, dist=0.00
2026-02-28 05:53:55,163 [INFO] Step 98400: reward=-0.010, dist=0.00
2026-02-28 05:54:56,632 [INFO] Step 98600: reward=-0.010, dist=0.00
2026-02-28 05:55:58,056 [INFO] Step 98800: reward=-0.010, dist=0.00
2026-02-28 05:56:59,550 [INFO] Step 99000: reward=-0.010, dist=0.00
2026-02-28 05:58:01,034 [INFO] Step 99200: reward=-0.010, dist=0.00
2026-02-28 05:59:02,483 [INFO] Step 99400: reward=-0.010, dist=0.00
2026-02-28 06:00:04,025 [INFO] Step 99600: reward=-0.010, dist=0.00
2026-02-28 06:01:05,506 [INFO] Step 99800: reward=-0.010, dist=0.00
2026-02-28 06:02:04,253 [INFO] Policy action (normalized): v = +0.524, w = -0.027 | Cmd_vel (scaled): v = +0.524 m/s, w = -0.027 rad/s
2026-02-28 06:02:07,012 [INFO] Step 100000: reward=-0.010, dist=0.00
2026-02-28 06:03:03,255 [INFO] Performing PPO update at global step 1800192
2026-02-28 06:03:03,489 [INFO] PPO losses — policy: -0.0021, value: 0.0047, entropy: 2.8526
2026-02-28 06:03:03,493 [INFO] PPO update completed. Buffer cleared.
2026-02-28 06:03:08,751 [INFO] Step 100200: reward=-0.010, dist=0.00
2026-02-28 06:04:10,204 [INFO] Step 100400: reward=-0.010, dist=0.00
2026-02-28 06:05:11,637 [INFO] Step 100600: reward=-0.010, dist=0.00
2026-02-28 06:06:13,086 [INFO] Step 100800: reward=-0.010, dist=0.00
2026-02-28 06:07:14,595 [INFO] Step 101000: reward=-0.010, dist=0.00
2026-02-28 06:08:16,109 [INFO] Step 101200: reward=-0.010, dist=0.00
2026-02-28 06:09:17,600 [INFO] Step 101400: reward=-0.010, dist=0.00
2026-02-28 06:10:19,118 [INFO] Step 101600: reward=-0.010, dist=0.00
2026-02-28 06:11:20,568 [INFO] Step 101800: reward=-0.010, dist=0.00
2026-02-28 06:12:22,115 [INFO] Step 102000: reward=-0.010, dist=0.00
2026-02-28 06:13:23,636 [INFO] Step 102200: reward=-0.010, dist=0.00
2026-02-28 06:13:33,163 [INFO] Performing PPO update at global step 1802240
2026-02-28 06:13:33,398 [INFO] PPO losses — policy: -0.0008, value: 0.0042, entropy: 2.8072
2026-02-28 06:13:33,402 [INFO] PPO update completed. Buffer cleared.
2026-02-28 06:14:25,399 [INFO] Step 102400: reward=-0.010, dist=0.00
2026-02-28 06:15:26,788 [INFO] Step 102600: reward=-0.010, dist=0.00
2026-02-28 06:16:28,264 [INFO] Step 102800: reward=-0.010, dist=0.00
2026-02-28 06:17:29,792 [INFO] Step 103000: reward=-0.010, dist=0.00
2026-02-28 06:18:31,261 [INFO] Step 103200: reward=-0.010, dist=0.00
2026-02-28 06:19:32,759 [INFO] Step 103400: reward=-0.010, dist=0.00
2026-02-28 06:20:34,257 [INFO] Step 103600: reward=-0.010, dist=0.00
2026-02-28 06:21:35,781 [INFO] Step 103800: reward=-0.010, dist=0.00
2026-02-28 06:22:37,277 [INFO] Step 104000: reward=-0.010, dist=0.00
2026-02-28 06:23:38,798 [INFO] Step 104200: reward=-0.010, dist=0.00
2026-02-28 06:24:03,090 [INFO] Performing PPO update at global step 1804288
2026-02-28 06:24:03,321 [INFO] PPO losses — policy: -0.0010, value: 0.0048, entropy: 2.7846
2026-02-28 06:24:03,324 [INFO] PPO update completed. Buffer cleared.
2026-02-28 06:24:40,491 [INFO] Step 104400: reward=-0.010, dist=0.00
2026-02-28 06:25:41,900 [INFO] Step 104600: reward=-0.010, dist=0.00
2026-02-28 06:26:43,353 [INFO] Step 104800: reward=-0.010, dist=0.00
2026-02-28 06:27:44,829 [INFO] Step 105000: reward=-0.010, dist=0.00
2026-02-28 06:28:46,280 [INFO] Step 105200: reward=-0.010, dist=0.00
2026-02-28 06:29:47,744 [INFO] Step 105400: reward=-0.010, dist=0.00
2026-02-28 06:30:49,159 [INFO] Step 105600: reward=-0.010, dist=0.00
2026-02-28 06:31:50,588 [INFO] Step 105800: reward=-0.010, dist=0.00
2026-02-28 06:32:52,069 [INFO] Step 106000: reward=-0.010, dist=0.00
2026-02-28 06:33:53,564 [INFO] Step 106200: reward=-0.010, dist=0.00
2026-02-28 06:34:32,607 [INFO] Performing PPO update at global step 1806336
2026-02-28 06:34:32,841 [INFO] PPO losses — policy: -0.0003, value: 0.0055, entropy: 2.7513
2026-02-28 06:34:32,844 [INFO] PPO update completed. Buffer cleared.
2026-02-28 06:34:55,297 [INFO] Step 106400: reward=-0.010, dist=0.00
2026-02-28 06:35:56,744 [INFO] Step 106600: reward=-0.010, dist=0.00
2026-02-28 06:36:58,237 [INFO] Step 106800: reward=-0.010, dist=0.00
2026-02-28 06:37:59,731 [INFO] Step 107000: reward=-0.010, dist=0.00
2026-02-28 06:39:01,153 [INFO] Step 107200: reward=-0.010, dist=0.00
2026-02-28 06:40:02,689 [INFO] Step 107400: reward=-0.010, dist=0.00
2026-02-28 06:41:04,206 [INFO] Step 107600: reward=-0.010, dist=0.00
2026-02-28 06:42:05,701 [INFO] Step 107800: reward=-0.010, dist=0.00
2026-02-28 06:43:07,119 [INFO] Step 108000: reward=-0.010, dist=0.00
2026-02-28 06:44:08,506 [INFO] Step 108200: reward=-0.010, dist=0.00
2026-02-28 06:45:02,325 [INFO] Performing PPO update at global step 1808384
2026-02-28 06:45:02,555 [INFO] PPO losses — policy: -0.0053, value: 0.0052, entropy: 2.6375
2026-02-28 06:45:02,559 [INFO] PPO update completed. Buffer cleared.
2026-02-28 06:45:10,274 [INFO] Step 108400: reward=-0.010, dist=0.00
2026-02-28 06:46:11,756 [INFO] Step 108600: reward=-0.010, dist=0.00
2026-02-28 06:47:13,199 [INFO] Step 108800: reward=-0.010, dist=0.00
2026-02-28 06:48:14,583 [INFO] Step 109000: reward=-0.010, dist=0.00
2026-02-28 06:49:16,027 [INFO] Step 109200: reward=-0.010, dist=0.00
2026-02-28 06:50:17,415 [INFO] Step 109400: reward=-0.010, dist=0.00
2026-02-28 06:51:18,887 [INFO] Step 109600: reward=-0.010, dist=0.00
2026-02-28 06:52:20,349 [INFO] Step 109800: reward=-0.010, dist=0.00
2026-02-28 06:53:19,103 [INFO] Policy action (normalized): v = +0.529, w = -0.806 | Cmd_vel (scaled): v = +0.529 m/s, w = -0.806 rad/s
2026-02-28 06:53:21,862 [INFO] Step 110000: reward=-0.010, dist=0.00
2026-02-28 06:54:23,306 [INFO] Step 110200: reward=-0.010, dist=0.00
2026-02-28 06:55:24,788 [INFO] Step 110400: reward=-0.010, dist=0.00
2026-02-28 06:55:31,877 [INFO] Performing PPO update at global step 1810432
2026-02-28 06:55:32,108 [INFO] PPO losses — policy: 0.0001, value: 0.0049, entropy: 2.5809
2026-02-28 06:55:32,112 [INFO] PPO update completed. Buffer cleared.
2026-02-28 06:56:26,505 [INFO] Step 110600: reward=-0.010, dist=0.00
2026-02-28 06:57:27,895 [INFO] Step 110800: reward=-0.010, dist=0.00
2026-02-28 06:58:29,400 [INFO] Step 111000: reward=-0.010, dist=0.00
2026-02-28 06:59:30,829 [INFO] Step 111200: reward=-0.010, dist=0.00
2026-02-28 07:00:32,275 [INFO] Step 111400: reward=-0.010, dist=0.00
2026-02-28 07:01:33,669 [INFO] Step 111600: reward=-0.010, dist=0.00
2026-02-28 07:02:35,187 [INFO] Step 111800: reward=-0.010, dist=0.00
2026-02-28 07:03:36,676 [INFO] Step 112000: reward=-0.010, dist=0.00
2026-02-28 07:04:38,167 [INFO] Step 112200: reward=-0.010, dist=0.00
2026-02-28 07:05:39,654 [INFO] Step 112400: reward=-0.010, dist=0.00
2026-02-28 07:06:01,501 [INFO] Performing PPO update at global step 1812480
2026-02-28 07:06:01,738 [INFO] PPO losses — policy: -0.0027, value: 0.0055, entropy: 2.5193
2026-02-28 07:06:01,743 [INFO] PPO update completed. Buffer cleared.
2026-02-28 07:06:41,360 [INFO] Step 112600: reward=-0.010, dist=0.00
2026-02-28 07:07:42,810 [INFO] Step 112800: reward=-0.010, dist=0.00
2026-02-28 07:08:44,265 [INFO] Step 113000: reward=-0.010, dist=0.00
2026-02-28 07:09:45,735 [INFO] Step 113200: reward=-0.010, dist=0.00
2026-02-28 07:10:47,162 [INFO] Step 113400: reward=-0.010, dist=0.00
2026-02-28 07:11:48,651 [INFO] Step 113600: reward=-0.010, dist=0.00
2026-02-28 07:12:50,151 [INFO] Step 113800: reward=-0.010, dist=0.00
2026-02-28 07:13:51,576 [INFO] Step 114000: reward=-0.010, dist=0.00
2026-02-28 07:14:52,999 [INFO] Step 114200: reward=-0.010, dist=0.00
2026-02-28 07:15:54,453 [INFO] Step 114400: reward=-0.010, dist=0.00
2026-02-28 07:16:31,099 [INFO] Performing PPO update at global step 1814528
2026-02-28 07:16:31,330 [INFO] PPO losses — policy: -0.0030, value: 0.0046, entropy: 2.5878
2026-02-28 07:16:31,334 [INFO] PPO update completed. Buffer cleared.
2026-02-28 07:16:56,259 [INFO] Step 114600: reward=-0.010, dist=0.00
2026-02-28 07:17:57,697 [INFO] Step 114800: reward=-0.010, dist=0.00
2026-02-28 07:18:59,171 [INFO] Step 115000: reward=-0.010, dist=0.00
2026-02-28 07:20:00,536 [INFO] Step 115200: reward=-0.010, dist=0.00
2026-02-28 07:21:01,935 [INFO] Step 115400: reward=-0.010, dist=0.00
2026-02-28 07:22:03,413 [INFO] Step 115600: reward=-0.010, dist=0.00
2026-02-28 07:23:04,863 [INFO] Step 115800: reward=-0.010, dist=0.00
2026-02-28 07:24:06,334 [INFO] Step 116000: reward=-0.010, dist=0.00
2026-02-28 07:25:07,832 [INFO] Step 116200: reward=-0.010, dist=0.00
2026-02-28 07:26:09,231 [INFO] Step 116400: reward=-0.010, dist=0.00
2026-02-28 07:27:00,545 [INFO] Performing PPO update at global step 1816576
2026-02-28 07:27:00,779 [INFO] PPO losses — policy: -0.0009, value: 0.0046, entropy: 2.5656
2026-02-28 07:27:00,782 [INFO] PPO update completed. Buffer cleared.
2026-02-28 07:27:10,966 [INFO] Step 116600: reward=-0.010, dist=0.00
2026-02-28 07:28:12,385 [INFO] Step 116800: reward=-0.010, dist=0.00
2026-02-28 07:29:13,848 [INFO] Step 117000: reward=-0.010, dist=0.00
2026-02-28 07:30:15,179 [INFO] Step 117200: reward=-0.010, dist=0.00
2026-02-28 07:31:16,550 [INFO] Step 117400: reward=-0.010, dist=0.00
2026-02-28 07:32:17,983 [INFO] Step 117600: reward=-0.010, dist=0.00
2026-02-28 07:33:19,439 [INFO] Step 117800: reward=-0.010, dist=0.00
2026-02-28 07:34:20,904 [INFO] Step 118000: reward=-0.010, dist=0.00
2026-02-28 07:35:22,347 [INFO] Step 118200: reward=-0.010, dist=0.00
2026-02-28 07:36:23,821 [INFO] Step 118400: reward=-0.010, dist=0.00
2026-02-28 07:37:25,261 [INFO] Step 118600: reward=-0.010, dist=0.00
2026-02-28 07:37:29,857 [INFO] Performing PPO update at global step 1818624
2026-02-28 07:37:30,088 [INFO] PPO losses — policy: 0.0014, value: 0.0051, entropy: 2.5298
2026-02-28 07:37:30,092 [INFO] PPO update completed. Buffer cleared.
2026-02-28 07:38:27,000 [INFO] Step 118800: reward=-0.010, dist=0.00
2026-02-28 07:39:28,407 [INFO] Step 119000: reward=-0.010, dist=0.00
2026-02-28 07:40:29,869 [INFO] Step 119200: reward=-0.010, dist=0.00
2026-02-28 07:41:31,305 [INFO] Step 119400: reward=-0.010, dist=0.00
2026-02-28 07:42:32,759 [INFO] Step 119600: reward=-0.010, dist=0.00
2026-02-28 07:43:34,207 [INFO] Step 119800: reward=-0.010, dist=0.00
2026-02-28 07:44:32,912 [INFO] Policy action (normalized): v = +0.705, w = -0.818 | Cmd_vel (scaled): v = +0.705 m/s, w = -0.818 rad/s
2026-02-28 07:44:35,677 [INFO] Step 120000: reward=-0.010, dist=0.00
2026-02-28 07:45:37,150 [INFO] Step 120200: reward=-0.010, dist=0.00
2026-02-28 07:46:38,678 [INFO] Step 120400: reward=-0.010, dist=0.00
2026-02-28 07:47:40,134 [INFO] Step 120600: reward=-0.010, dist=0.00
2026-02-28 07:47:59,486 [INFO] Performing PPO update at global step 1820672
2026-02-28 07:47:59,723 [INFO] PPO losses — policy: -0.0068, value: 0.0043, entropy: 2.3856
2026-02-28 07:47:59,728 [INFO] PPO update completed. Buffer cleared.
2026-02-28 07:48:41,842 [INFO] Step 120800: reward=-0.010, dist=0.00
2026-02-28 07:49:43,273 [INFO] Step 121000: reward=-0.010, dist=0.00
2026-02-28 07:50:44,746 [INFO] Step 121200: reward=-0.010, dist=0.00
2026-02-28 07:51:46,240 [INFO] Step 121400: reward=-0.010, dist=0.00
2026-02-28 07:52:47,660 [INFO] Step 121600: reward=-0.010, dist=0.00
2026-02-28 07:53:49,096 [INFO] Step 121800: reward=-0.010, dist=0.00
2026-02-28 07:54:50,588 [INFO] Step 122000: reward=-0.010, dist=0.00
2026-02-28 07:55:52,107 [INFO] Step 122200: reward=-0.010, dist=0.00
2026-02-28 07:56:53,604 [INFO] Step 122400: reward=-0.010, dist=0.00
2026-02-28 07:57:55,007 [INFO] Step 122600: reward=-0.010, dist=0.00
2026-02-28 07:58:29,108 [INFO] Performing PPO update at global step 1822720
2026-02-28 07:58:29,337 [INFO] PPO losses — policy: -0.0020, value: 0.0044, entropy: 2.2663
2026-02-28 07:58:29,340 [INFO] PPO update completed. Buffer cleared.
2026-02-28 07:58:56,715 [INFO] Step 122800: reward=-0.010, dist=0.00
2026-02-28 07:59:58,151 [INFO] Step 123000: reward=-0.010, dist=0.00
2026-02-28 08:00:59,601 [INFO] Step 123200: reward=-0.010, dist=0.00
2026-02-28 08:02:01,045 [INFO] Step 123400: reward=-0.010, dist=0.00
2026-02-28 08:03:02,444 [INFO] Step 123600: reward=-0.010, dist=0.00
2026-02-28 08:04:03,845 [INFO] Step 123800: reward=-0.010, dist=0.00
2026-02-28 08:05:05,205 [INFO] Step 124000: reward=-0.010, dist=0.00
2026-02-28 08:06:06,702 [INFO] Step 124200: reward=-0.010, dist=0.00
2026-02-28 08:07:08,160 [INFO] Step 124400: reward=-0.010, dist=0.00
2026-02-28 08:08:09,646 [INFO] Step 124600: reward=-0.010, dist=0.00
2026-02-28 08:08:58,467 [INFO] Performing PPO update at global step 1824768
2026-02-28 08:08:58,697 [INFO] PPO losses — policy: -0.0004, value: 0.0044, entropy: 2.2469
2026-02-28 08:08:58,700 [INFO] PPO update completed. Buffer cleared.
2026-02-28 08:09:11,308 [INFO] Step 124800: reward=-0.010, dist=0.00
2026-02-28 08:10:12,706 [INFO] Step 125000: reward=-0.010, dist=0.00
2026-02-28 08:11:14,130 [INFO] Step 125200: reward=-0.010, dist=0.00
2026-02-28 08:12:15,562 [INFO] Step 125400: reward=-0.010, dist=0.00
2026-02-28 08:13:17,029 [INFO] Step 125600: reward=-0.010, dist=0.00
2026-02-28 08:14:18,561 [INFO] Step 125800: reward=-0.010, dist=0.00
2026-02-28 08:15:20,042 [INFO] Step 126000: reward=-0.010, dist=0.00
2026-02-28 08:16:21,539 [INFO] Step 126200: reward=-0.010, dist=0.00
2026-02-28 08:17:23,009 [INFO] Step 126400: reward=-0.010, dist=0.00
2026-02-28 08:18:24,539 [INFO] Step 126600: reward=-0.010, dist=0.00
2026-02-28 08:19:26,087 [INFO] Step 126800: reward=-0.010, dist=0.00
2026-02-28 08:19:28,242 [INFO] Performing PPO update at global step 1826816
2026-02-28 08:19:28,474 [INFO] PPO losses — policy: -0.0073, value: 0.0055, entropy: 2.0957
2026-02-28 08:19:28,477 [INFO] PPO update completed. Buffer cleared.
2026-02-28 08:20:27,810 [INFO] Step 127000: reward=-0.010, dist=0.00
2026-02-28 08:21:29,301 [INFO] Step 127200: reward=-0.010, dist=0.00
2026-02-28 08:22:30,765 [INFO] Step 127400: reward=-0.010, dist=0.00
2026-02-28 08:23:32,208 [INFO] Step 127600: reward=-0.010, dist=0.00
2026-02-28 08:24:33,667 [INFO] Step 127800: reward=-0.010, dist=0.00
2026-02-28 08:25:35,086 [INFO] Step 128000: reward=-0.010, dist=0.00
2026-02-28 08:26:36,509 [INFO] Step 128200: reward=-0.010, dist=0.00
2026-02-28 08:27:37,945 [INFO] Step 128400: reward=-0.010, dist=0.00
2026-02-28 08:28:39,464 [INFO] Step 128600: reward=-0.010, dist=0.00
2026-02-28 08:29:40,901 [INFO] Step 128800: reward=-0.010, dist=0.00
2026-02-28 08:29:57,810 [INFO] Performing PPO update at global step 1828864
2026-02-28 08:29:58,046 [INFO] PPO losses — policy: 0.0018, value: 0.0057, entropy: 2.0594
2026-02-28 08:29:58,049 [INFO] PPO update completed. Buffer cleared.
2026-02-28 08:30:42,630 [INFO] Step 129000: reward=-0.010, dist=0.00
2026-02-28 08:31:44,115 [INFO] Step 129200: reward=-0.010, dist=0.00
2026-02-28 08:32:45,508 [INFO] Step 129400: reward=-0.010, dist=0.00
2026-02-28 08:33:46,902 [INFO] Step 129600: reward=-0.010, dist=0.00
2026-02-28 08:34:48,382 [INFO] Step 129800: reward=-0.010, dist=0.00
2026-02-28 08:35:47,117 [INFO] Policy action (normalized): v = -0.082, w = -0.169 | Cmd_vel (scaled): v = -0.082 m/s, w = -0.169 rad/s
2026-02-28 08:35:49,881 [INFO] Step 130000: reward=-0.010, dist=0.00
2026-02-28 08:36:51,407 [INFO] Step 130200: reward=-0.010, dist=0.00
2026-02-28 08:37:52,853 [INFO] Step 130400: reward=-0.010, dist=0.00
2026-02-28 08:38:54,283 [INFO] Step 130600: reward=-0.010, dist=0.00
2026-02-28 08:39:55,744 [INFO] Step 130800: reward=-0.010, dist=0.00
2026-02-28 08:40:27,440 [INFO] Performing PPO update at global step 1830912
2026-02-28 08:40:27,685 [INFO] PPO losses — policy: -0.0003, value: 0.0041, entropy: 2.1055
2026-02-28 08:40:27,689 [INFO] PPO update completed. Buffer cleared.
2026-02-28 08:40:57,532 [INFO] Step 131000: reward=-0.010, dist=0.00
2026-02-28 08:41:58,953 [INFO] Step 131200: reward=-0.010, dist=0.00
2026-02-28 08:43:00,373 [INFO] Step 131400: reward=-0.010, dist=0.00
2026-02-28 08:44:01,786 [INFO] Step 131600: reward=-0.010, dist=0.00
2026-02-28 08:45:03,166 [INFO] Step 131800: reward=-0.010, dist=0.00
2026-02-28 08:46:04,598 [INFO] Step 132000: reward=-0.010, dist=0.00
2026-02-28 08:47:06,041 [INFO] Step 132200: reward=-0.010, dist=0.00
2026-02-28 08:48:07,492 [INFO] Step 132400: reward=-0.010, dist=0.00
2026-02-28 08:49:08,938 [INFO] Step 132600: reward=-0.010, dist=0.00
2026-02-28 08:50:10,394 [INFO] Step 132800: reward=-0.010, dist=0.00
2026-02-28 08:50:56,850 [INFO] Performing PPO update at global step 1832960
2026-02-28 08:50:57,084 [INFO] PPO losses — policy: -0.0028, value: 0.0046, entropy: 2.0245
2026-02-28 08:50:57,088 [INFO] PPO update completed. Buffer cleared.
2026-02-28 08:51:12,166 [INFO] Step 133000: reward=-0.010, dist=0.00
2026-02-28 08:52:13,581 [INFO] Step 133200: reward=-0.010, dist=0.00
2026-02-28 08:53:15,025 [INFO] Step 133400: reward=-0.010, dist=0.00
2026-02-28 08:54:16,434 [INFO] Step 133600: reward=-0.010, dist=0.00
2026-02-28 08:55:17,960 [INFO] Step 133800: reward=-0.010, dist=0.00
2026-02-28 08:56:19,394 [INFO] Step 134000: reward=-0.010, dist=0.00
2026-02-28 08:57:20,847 [INFO] Step 134200: reward=-0.010, dist=0.00
2026-02-28 08:58:22,331 [INFO] Step 134400: reward=-0.010, dist=0.00
2026-02-28 08:59:23,808 [INFO] Step 134600: reward=-0.010, dist=0.00
2026-02-28 09:00:25,280 [INFO] Step 134800: reward=-0.010, dist=0.00
2026-02-28 09:01:26,413 [INFO] Performing PPO update at global step 1835008
2026-02-28 09:01:26,644 [INFO] PPO losses — policy: -0.0053, value: 0.0044, entropy: 1.8984
2026-02-28 09:01:26,648 [INFO] PPO update completed. Buffer cleared.
2026-02-28 09:01:26,956 [INFO] Step 135000: reward=-0.010, dist=0.00
2026-02-28 09:02:28,421 [INFO] Step 135200: reward=-0.010, dist=0.00
2026-02-28 09:03:29,866 [INFO] Step 135400: reward=-0.010, dist=0.00
2026-02-28 09:04:31,356 [INFO] Step 135600: reward=-0.010, dist=0.00
2026-02-28 09:05:32,841 [INFO] Step 135800: reward=-0.010, dist=0.00
2026-02-28 09:06:34,291 [INFO] Step 136000: reward=-0.010, dist=0.00
2026-02-28 09:07:35,767 [INFO] Step 136200: reward=-0.010, dist=0.00
2026-02-28 09:08:37,302 [INFO] Step 136400: reward=-0.010, dist=0.00
2026-02-28 09:09:38,816 [INFO] Step 136600: reward=-0.010, dist=0.00
2026-02-28 09:10:40,268 [INFO] Step 136800: reward=-0.010, dist=0.00
2026-02-28 09:11:41,685 [INFO] Step 137000: reward=-0.010, dist=0.00
2026-02-28 09:11:56,120 [INFO] Performing PPO update at global step 1837056
2026-02-28 09:11:56,349 [INFO] PPO losses — policy: -0.0012, value: 0.0038, entropy: 1.7734
2026-02-28 09:11:56,354 [INFO] PPO update completed. Buffer cleared.
2026-02-28 09:12:43,371 [INFO] Step 137200: reward=-0.010, dist=0.00
2026-02-28 09:13:44,786 [INFO] Step 137400: reward=-0.010, dist=0.00
2026-02-28 09:14:46,221 [INFO] Step 137600: reward=-0.010, dist=0.00
2026-02-28 09:15:47,660 [INFO] Step 137800: reward=-0.010, dist=0.00
2026-02-28 09:16:49,130 [INFO] Step 138000: reward=-0.010, dist=0.00
2026-02-28 09:17:50,551 [INFO] Step 138200: reward=-0.010, dist=0.00
2026-02-28 09:18:52,002 [INFO] Step 138400: reward=-0.010, dist=0.00
2026-02-28 09:19:53,508 [INFO] Step 138600: reward=-0.010, dist=0.00
2026-02-28 09:20:54,973 [INFO] Step 138800: reward=-0.010, dist=0.00
2026-02-28 09:21:56,379 [INFO] Step 139000: reward=-0.010, dist=0.00
2026-02-28 09:22:25,549 [INFO] Performing PPO update at global step 1839104
2026-02-28 09:22:25,786 [INFO] PPO losses — policy: -0.0017, value: 0.0042, entropy: 1.7250
2026-02-28 09:22:25,790 [INFO] PPO update completed. Buffer cleared.
2026-02-28 09:22:58,062 [INFO] Step 139200: reward=-0.010, dist=0.00
2026-02-28 09:23:59,484 [INFO] Step 139400: reward=-0.010, dist=0.00
2026-02-28 09:25:00,944 [INFO] Step 139600: reward=-0.010, dist=0.00
2026-02-28 09:26:02,415 [INFO] Step 139800: reward=-0.010, dist=0.00
2026-02-28 09:27:01,124 [INFO] Policy action (normalized): v = +0.379, w = +0.153 | Cmd_vel (scaled): v = +0.379 m/s, w = +0.153 rad/s
2026-02-28 09:27:03,889 [INFO] Step 140000: reward=-0.010, dist=0.00
2026-02-28 09:28:05,329 [INFO] Step 140200: reward=-0.010, dist=0.00
2026-02-28 09:29:06,792 [INFO] Step 140400: reward=-0.010, dist=0.00
2026-02-28 09:30:08,183 [INFO] Step 140600: reward=-0.010, dist=0.00
2026-02-28 09:31:09,598 [INFO] Step 140800: reward=-0.010, dist=0.00
2026-02-28 09:32:11,086 [INFO] Step 141000: reward=-0.010, dist=0.00
2026-02-28 09:32:55,008 [INFO] Performing PPO update at global step 1841152
2026-02-28 09:32:55,237 [INFO] PPO losses — policy: -0.0044, value: 0.0035, entropy: 1.6599
2026-02-28 09:32:55,241 [INFO] PPO update completed. Buffer cleared.
2026-02-28 09:33:12,791 [INFO] Step 141200: reward=-0.010, dist=0.00
2026-02-28 09:34:14,206 [INFO] Step 141400: reward=-0.010, dist=0.00
2026-02-28 09:35:15,566 [INFO] Step 141600: reward=-0.010, dist=0.00
2026-02-28 09:36:16,973 [INFO] Step 141800: reward=-0.010, dist=0.00
2026-02-28 09:37:18,433 [INFO] Step 142000: reward=-0.010, dist=0.00
2026-02-28 09:38:19,927 [INFO] Step 142200: reward=-0.010, dist=0.00
2026-02-28 09:39:21,418 [INFO] Step 142400: reward=-0.010, dist=0.00
2026-02-28 09:40:22,868 [INFO] Step 142600: reward=-0.010, dist=0.00
2026-02-28 09:41:24,333 [INFO] Step 142800: reward=-0.010, dist=0.00
2026-02-28 09:42:25,783 [INFO] Step 143000: reward=-0.010, dist=0.00
2026-02-28 09:43:24,463 [INFO] Performing PPO update at global step 1843200
2026-02-28 09:43:24,709 [INFO] PPO losses — policy: 0.0013, value: 0.0037, entropy: 1.5918
2026-02-28 09:43:24,713 [INFO] PPO update completed. Buffer cleared.
2026-02-28 09:43:27,509 [INFO] Step 143200: reward=-0.010, dist=0.00
2026-02-28 09:44:28,906 [INFO] Step 143400: reward=-0.010, dist=0.00
2026-02-28 09:45:30,367 [INFO] Step 143600: reward=-0.010, dist=0.00
2026-02-28 09:46:31,856 [INFO] Step 143800: reward=-0.010, dist=0.00
2026-02-28 09:47:33,263 [INFO] Step 144000: reward=-0.010, dist=0.00
2026-02-28 09:48:34,725 [INFO] Step 144200: reward=-0.010, dist=0.00
2026-02-28 09:49:36,196 [INFO] Step 144400: reward=-0.010, dist=0.00
2026-02-28 09:50:37,677 [INFO] Step 144600: reward=-0.010, dist=0.00
2026-02-28 09:51:39,151 [INFO] Step 144800: reward=-0.010, dist=0.00
2026-02-28 09:52:40,633 [INFO] Step 145000: reward=-0.010, dist=0.00
2026-02-28 09:53:42,124 [INFO] Step 145200: reward=-0.010, dist=0.00
2026-02-28 09:53:54,096 [INFO] Performing PPO update at global step 1845248
2026-02-28 09:53:54,327 [INFO] PPO losses — policy: -0.0008, value: 0.0038, entropy: 1.4384
2026-02-28 09:53:54,331 [INFO] PPO update completed. Buffer cleared.
2026-02-28 09:54:43,736 [INFO] Step 145400: reward=-0.010, dist=0.00
2026-02-28 09:55:45,195 [INFO] Step 145600: reward=-0.010, dist=0.00
2026-02-28 09:56:46,644 [INFO] Step 145800: reward=-0.010, dist=0.00
2026-02-28 09:57:48,109 [INFO] Step 146000: reward=-0.010, dist=0.00
2026-02-28 09:58:49,551 [INFO] Step 146200: reward=-0.010, dist=0.00
2026-02-28 09:59:50,987 [INFO] Step 146400: reward=-0.010, dist=0.00
2026-02-28 10:00:52,419 [INFO] Step 146600: reward=-0.010, dist=0.00
2026-02-28 10:01:53,887 [INFO] Step 146800: reward=-0.010, dist=0.00
2026-02-28 10:02:55,390 [INFO] Step 147000: reward=-0.010, dist=0.00
2026-02-28 10:03:56,830 [INFO] Step 147200: reward=-0.010, dist=0.00
2026-02-28 10:04:23,569 [INFO] Performing PPO update at global step 1847296
2026-02-28 10:04:23,799 [INFO] PPO losses — policy: -0.0019, value: 0.0040, entropy: 1.3259
2026-02-28 10:04:23,804 [INFO] PPO update completed. Buffer cleared.
2026-02-28 10:04:58,520 [INFO] Step 147400: reward=-0.010, dist=0.00
2026-02-28 10:05:59,854 [INFO] Step 147600: reward=-0.010, dist=0.00
2026-02-28 10:07:01,332 [INFO] Step 147800: reward=-0.010, dist=0.00
2026-02-28 10:08:02,806 [INFO] Step 148000: reward=-0.010, dist=0.00
2026-02-28 10:09:04,273 [INFO] Step 148200: reward=-0.010, dist=0.00
2026-02-28 10:10:05,767 [INFO] Step 148400: reward=-0.010, dist=0.00
2026-02-28 10:11:07,254 [INFO] Step 148600: reward=-0.010, dist=0.00
2026-02-28 10:12:08,742 [INFO] Step 148800: reward=-0.010, dist=0.00
2026-02-28 10:13:10,212 [INFO] Step 149000: reward=-0.010, dist=0.00
2026-02-28 10:14:11,669 [INFO] Step 149200: reward=-0.010, dist=0.00
2026-02-28 10:14:53,176 [INFO] Performing PPO update at global step 1849344
2026-02-28 10:14:53,407 [INFO] PPO losses — policy: -0.0001, value: 0.0051, entropy: 1.2221
2026-02-28 10:14:53,411 [INFO] PPO update completed. Buffer cleared.
2026-02-28 10:15:13,426 [INFO] Step 149400: reward=-0.010, dist=0.00
2026-02-28 10:16:14,880 [INFO] Step 149600: reward=-0.010, dist=0.00
2026-02-28 10:17:16,307 [INFO] Step 149800: reward=-0.010, dist=0.00
2026-02-28 10:18:14,983 [INFO] Policy action (normalized): v = +0.366, w = +0.665 | Cmd_vel (scaled): v = +0.366 m/s, w = +0.665 rad/s
2026-02-28 10:18:17,748 [INFO] Step 150000: reward=-0.010, dist=0.00
2026-02-28 10:19:19,148 [INFO] Step 150200: reward=-0.010, dist=0.00
2026-02-28 10:20:20,576 [INFO] Step 150400: reward=-0.010, dist=0.00
2026-02-28 10:21:22,002 [INFO] Step 150600: reward=-0.010, dist=0.00
2026-02-28 10:22:23,478 [INFO] Step 150800: reward=-0.010, dist=0.00
2026-02-28 10:23:24,956 [INFO] Step 151000: reward=-0.010, dist=0.00
2026-02-28 10:24:26,452 [INFO] Step 151200: reward=-0.010, dist=0.00
2026-02-28 10:25:22,679 [INFO] Performing PPO update at global step 1851392
2026-02-28 10:25:22,908 [INFO] PPO losses — policy: -0.0008, value: 0.0040, entropy: 1.1379
2026-02-28 10:25:22,912 [INFO] PPO update completed. Buffer cleared.
2026-02-28 10:25:28,174 [INFO] Step 151400: reward=-0.010, dist=0.00
2026-02-28 10:26:29,586 [INFO] Step 151600: reward=-0.010, dist=0.00
2026-02-28 10:27:31,017 [INFO] Step 151800: reward=-0.010, dist=0.00
2026-02-28 10:28:32,451 [INFO] Step 152000: reward=-0.010, dist=0.00
2026-02-28 10:29:33,894 [INFO] Step 152200: reward=-0.010, dist=0.00
2026-02-28 10:30:35,367 [INFO] Step 152400: reward=-0.010, dist=0.00
2026-02-28 10:31:36,801 [INFO] Step 152600: reward=-0.010, dist=0.00
2026-02-28 10:32:38,217 [INFO] Step 152800: reward=-0.010, dist=0.00
2026-02-28 10:33:39,617 [INFO] Step 153000: reward=-0.010, dist=0.00
2026-02-28 10:34:41,073 [INFO] Step 153200: reward=-0.010, dist=0.00
2026-02-28 10:35:42,487 [INFO] Step 153400: reward=-0.010, dist=0.00
2026-02-28 10:35:52,005 [INFO] Performing PPO update at global step 1853440
2026-02-28 10:35:52,242 [INFO] PPO losses — policy: 0.0040, value: 0.0048, entropy: 1.1268
2026-02-28 10:35:52,246 [INFO] PPO update completed. Buffer cleared.
2026-02-28 10:36:44,219 [INFO] Step 153600: reward=-0.010, dist=0.00
2026-02-28 10:37:45,672 [INFO] Step 153800: reward=-0.010, dist=0.00
2026-02-28 10:38:47,132 [INFO] Step 154000: reward=-0.010, dist=0.00
2026-02-28 10:39:48,579 [INFO] Step 154200: reward=-0.010, dist=0.00
2026-02-28 10:40:49,962 [INFO] Step 154400: reward=-0.010, dist=0.00
2026-02-28 10:41:51,372 [INFO] Step 154600: reward=-0.010, dist=0.00
2026-02-28 10:42:52,841 [INFO] Step 154800: reward=-0.010, dist=0.00
2026-02-28 10:43:54,293 [INFO] Step 155000: reward=-0.010, dist=0.00
2026-02-28 10:44:55,716 [INFO] Step 155200: reward=-0.010, dist=0.00
2026-02-28 10:45:57,193 [INFO] Step 155400: reward=-0.010, dist=0.00
2026-02-28 10:46:21,491 [INFO] Performing PPO update at global step 1855488
2026-02-28 10:46:21,728 [INFO] PPO losses — policy: 0.0002, value: 0.0044, entropy: 1.0883
2026-02-28 10:46:21,732 [INFO] PPO update completed. Buffer cleared.
2026-02-28 10:46:58,934 [INFO] Step 155600: reward=-0.010, dist=0.00
2026-02-28 10:48:00,384 [INFO] Step 155800: reward=-0.010, dist=0.00
2026-02-28 10:49:01,825 [INFO] Step 156000: reward=-0.010, dist=0.00
2026-02-28 10:50:03,290 [INFO] Step 156200: reward=-0.010, dist=0.00
2026-02-28 10:51:04,699 [INFO] Step 156400: reward=-0.010, dist=0.00
2026-02-28 10:52:06,161 [INFO] Step 156600: reward=-0.010, dist=0.00
2026-02-28 10:53:07,635 [INFO] Step 156800: reward=-0.010, dist=0.00
2026-02-28 10:54:09,030 [INFO] Step 157000: reward=-0.010, dist=0.00
2026-02-28 10:55:10,529 [INFO] Step 157200: reward=-0.010, dist=0.00
2026-02-28 10:56:12,041 [INFO] Step 157400: reward=-0.010, dist=0.00
2026-02-28 10:56:51,042 [INFO] Performing PPO update at global step 1857536
2026-02-28 10:56:51,281 [INFO] PPO losses — policy: -0.0057, value: 0.0040, entropy: 1.0363
2026-02-28 10:56:51,285 [INFO] PPO update completed. Buffer cleared.
2026-02-28 10:57:13,742 [INFO] Step 157600: reward=-0.010, dist=0.00
2026-02-28 10:58:15,205 [INFO] Step 157800: reward=-0.010, dist=0.00
2026-02-28 10:59:16,654 [INFO] Step 158000: reward=-0.010, dist=0.00
2026-02-28 11:00:18,120 [INFO] Step 158200: reward=-0.010, dist=0.00
2026-02-28 11:01:19,588 [INFO] Step 158400: reward=-0.010, dist=0.00
2026-02-28 11:02:21,084 [INFO] Step 158600: reward=-0.010, dist=0.00
2026-02-28 11:03:22,529 [INFO] Step 158800: reward=-0.010, dist=0.00
2026-02-28 11:04:23,976 [INFO] Step 159000: reward=-0.010, dist=0.00
2026-02-28 11:05:25,484 [INFO] Step 159200: reward=-0.010, dist=0.00
2026-02-28 11:06:26,899 [INFO] Step 159400: reward=-0.010, dist=0.00
2026-02-28 11:07:20,698 [INFO] Performing PPO update at global step 1859584
2026-02-28 11:07:20,931 [INFO] PPO losses — policy: 0.0003, value: 0.0070, entropy: 0.9356
2026-02-28 11:07:20,935 [INFO] PPO update completed. Buffer cleared.
2026-02-28 11:07:28,637 [INFO] Step 159600: reward=-0.010, dist=0.00
2026-02-28 11:08:30,075 [INFO] Step 159800: reward=-0.010, dist=0.00
2026-02-28 11:09:28,790 [INFO] Policy action (normalized): v = +0.674, w = -0.062 | Cmd_vel (scaled): v = +0.674 m/s, w = -0.062 rad/s
2026-02-28 11:09:31,552 [INFO] Step 160000: reward=-0.010, dist=0.00
2026-02-28 11:10:32,942 [INFO] Step 160200: reward=-0.010, dist=0.00
2026-02-28 11:11:34,370 [INFO] Step 160400: reward=-0.010, dist=0.00
2026-02-28 11:12:35,760 [INFO] Step 160600: reward=-0.010, dist=0.00
2026-02-28 11:13:37,172 [INFO] Step 160800: reward=-0.010, dist=0.00
2026-02-28 11:14:38,606 [INFO] Step 161000: reward=-0.010, dist=0.00
2026-02-28 11:15:40,037 [INFO] Step 161200: reward=-0.010, dist=0.00
2026-02-28 11:16:41,486 [INFO] Step 161400: reward=-0.010, dist=0.00
2026-02-28 11:17:42,967 [INFO] Step 161600: reward=-0.010, dist=0.00
2026-02-28 11:17:50,038 [INFO] Performing PPO update at global step 1861632
2026-02-28 11:17:50,277 [INFO] PPO losses — policy: -0.0000, value: 0.0045, entropy: 0.9316
2026-02-28 11:17:50,281 [INFO] PPO update completed. Buffer cleared.
2026-02-28 11:18:44,667 [INFO] Step 161800: reward=-0.010, dist=0.00
2026-02-28 11:19:46,104 [INFO] Step 162000: reward=-0.010, dist=0.00
2026-02-28 11:20:47,516 [INFO] Step 162200: reward=-0.010, dist=0.00
2026-02-28 11:21:48,997 [INFO] Step 162400: reward=-0.010, dist=0.00
2026-02-28 11:22:50,492 [INFO] Step 162600: reward=-0.010, dist=0.00
2026-02-28 11:23:52,015 [INFO] Step 162800: reward=-0.010, dist=0.00
2026-02-28 11:24:53,511 [INFO] Step 163000: reward=-0.010, dist=0.00
2026-02-28 11:25:54,992 [INFO] Step 163200: reward=-0.010, dist=0.00
2026-02-28 11:26:56,467 [INFO] Step 163400: reward=-0.010, dist=0.00
2026-02-28 11:27:57,941 [INFO] Step 163600: reward=-0.010, dist=0.00
2026-02-28 11:28:19,761 [INFO] Performing PPO update at global step 1863680
2026-02-28 11:28:20,005 [INFO] PPO losses — policy: -0.0022, value: 0.0041, entropy: 0.8390
2026-02-28 11:28:20,008 [INFO] PPO update completed. Buffer cleared.
2026-02-28 11:28:59,623 [INFO] Step 163800: reward=-0.010, dist=0.00
2026-02-28 11:30:01,080 [INFO] Step 164000: reward=-0.010, dist=0.00
2026-02-28 11:31:02,505 [INFO] Step 164200: reward=-0.010, dist=0.00
2026-02-28 11:32:03,881 [INFO] Step 164400: reward=-0.010, dist=0.00
2026-02-28 11:33:05,315 [INFO] Step 164600: reward=-0.010, dist=0.00
2026-02-28 11:34:06,829 [INFO] Step 164800: reward=-0.010, dist=0.00
2026-02-28 11:35:08,310 [INFO] Step 165000: reward=-0.010, dist=0.00
2026-02-28 11:36:09,756 [INFO] Step 165200: reward=-0.010, dist=0.00
2026-02-28 11:37:11,217 [INFO] Step 165400: reward=-0.010, dist=0.00
2026-02-28 11:38:12,672 [INFO] Step 165600: reward=-0.010, dist=0.00
2026-02-28 11:38:49,175 [INFO] Performing PPO update at global step 1865728
2026-02-28 11:38:49,406 [INFO] PPO losses — policy: 0.0006, value: 0.0045, entropy: 0.8403
2026-02-28 11:38:49,410 [INFO] PPO update completed. Buffer cleared.
2026-02-28 11:39:14,320 [INFO] Step 165800: reward=-0.010, dist=0.00
2026-02-28 11:40:15,770 [INFO] Step 166000: reward=-0.010, dist=0.00
2026-02-28 11:41:17,267 [INFO] Step 166200: reward=-0.010, dist=0.00
2026-02-28 11:42:18,748 [INFO] Step 166400: reward=-0.010, dist=0.00
2026-02-28 11:43:20,237 [INFO] Step 166600: reward=-0.010, dist=0.00
2026-02-28 11:44:21,706 [INFO] Step 166800: reward=-0.010, dist=0.00
2026-02-28 11:45:23,183 [INFO] Step 167000: reward=-0.010, dist=0.00
2026-02-28 11:46:24,668 [INFO] Step 167200: reward=-0.010, dist=0.00
2026-02-28 11:47:26,081 [INFO] Step 167400: reward=-0.010, dist=0.00
2026-02-28 11:48:27,537 [INFO] Step 167600: reward=-0.010, dist=0.00
2026-02-28 11:49:18,872 [INFO] Performing PPO update at global step 1867776
2026-02-28 11:49:19,100 [INFO] PPO losses — policy: 0.0001, value: 0.0043, entropy: 0.7027
2026-02-28 11:49:19,104 [INFO] PPO update completed. Buffer cleared.
2026-02-28 11:49:29,252 [INFO] Step 167800: reward=-0.010, dist=0.00
2026-02-28 11:50:30,673 [INFO] Step 168000: reward=-0.010, dist=0.00
2026-02-28 11:51:32,162 [INFO] Step 168200: reward=-0.010, dist=0.00
2026-02-28 11:52:33,550 [INFO] Step 168400: reward=-0.010, dist=0.00
2026-02-28 11:53:35,050 [INFO] Step 168600: reward=-0.010, dist=0.00
2026-02-28 11:54:36,508 [INFO] Step 168800: reward=-0.010, dist=0.00
2026-02-28 11:55:37,918 [INFO] Step 169000: reward=-0.010, dist=0.00
2026-02-28 11:56:39,348 [INFO] Step 169200: reward=-0.010, dist=0.00
2026-02-28 11:57:40,789 [INFO] Step 169400: reward=-0.010, dist=0.00
2026-02-28 11:58:42,254 [INFO] Step 169600: reward=-0.010, dist=0.00
2026-02-28 11:59:43,693 [INFO] Step 169800: reward=-0.010, dist=0.00
2026-02-28 11:59:48,305 [INFO] Performing PPO update at global step 1869824
2026-02-28 11:59:48,536 [INFO] PPO losses — policy: 0.0019, value: 0.0041, entropy: 0.7096
2026-02-28 11:59:48,540 [INFO] PPO update completed. Buffer cleared.
2026-02-28 12:00:42,576 [INFO] Policy action (normalized): v = +0.568, w = -0.908 | Cmd_vel (scaled): v = +0.568 m/s, w = -0.908 rad/s
2026-02-28 12:00:45,347 [INFO] Step 170000: reward=-0.010, dist=0.00
2026-02-28 12:01:46,756 [INFO] Step 170200: reward=-0.010, dist=0.00
2026-02-28 12:02:48,191 [INFO] Step 170400: reward=-0.010, dist=0.00
2026-02-28 12:03:49,663 [INFO] Step 170600: reward=-0.010, dist=0.00
2026-02-28 12:04:51,096 [INFO] Step 170800: reward=-0.010, dist=0.00
2026-02-28 12:05:52,531 [INFO] Step 171000: reward=-0.010, dist=0.00
2026-02-28 12:06:53,978 [INFO] Step 171200: reward=-0.010, dist=0.00
2026-02-28 12:07:55,411 [INFO] Step 171400: reward=-0.010, dist=0.00
2026-02-28 12:08:56,999 [INFO] Step 171600: reward=-0.010, dist=0.00
2026-02-28 12:09:58,475 [INFO] Step 171800: reward=-0.010, dist=0.00
2026-02-28 12:10:17,805 [INFO] Performing PPO update at global step 1871872
2026-02-28 12:10:18,041 [INFO] PPO losses — policy: -0.0011, value: 0.0043, entropy: 0.6597
2026-02-28 12:10:18,045 [INFO] PPO update completed. Buffer cleared.
2026-02-28 12:11:00,122 [INFO] Step 172000: reward=-0.010, dist=0.00
2026-02-28 12:12:01,550 [INFO] Step 172200: reward=-0.010, dist=0.00
2026-02-28 12:13:02,984 [INFO] Step 172400: reward=-0.010, dist=0.00
2026-02-28 12:14:04,441 [INFO] Step 172600: reward=-0.010, dist=0.00
2026-02-28 12:15:05,908 [INFO] Step 172800: reward=-0.010, dist=0.00
2026-02-28 12:16:07,395 [INFO] Step 173000: reward=-0.010, dist=0.00
2026-02-28 12:17:08,829 [INFO] Step 173200: reward=-0.010, dist=0.00
2026-02-28 12:18:10,274 [INFO] Step 173400: reward=-0.010, dist=0.00
2026-02-28 12:19:11,700 [INFO] Step 173600: reward=-0.010, dist=0.00
2026-02-28 12:20:13,143 [INFO] Step 173800: reward=-0.010, dist=0.00
2026-02-28 12:20:47,297 [INFO] Performing PPO update at global step 1873920
2026-02-28 12:20:47,534 [INFO] PPO losses — policy: -0.0009, value: 0.0044, entropy: 0.6955
2026-02-28 12:20:47,538 [INFO] PPO update completed. Buffer cleared.
2026-02-28 12:21:14,907 [INFO] Step 174000: reward=-0.010, dist=0.00
2026-02-28 12:22:16,360 [INFO] Step 174200: reward=-0.010, dist=0.00
2026-02-28 12:23:17,778 [INFO] Step 174400: reward=-0.010, dist=0.00
2026-02-28 12:24:19,132 [INFO] Step 174600: reward=-0.010, dist=0.00
2026-02-28 12:25:20,547 [INFO] Step 174800: reward=-0.010, dist=0.00
2026-02-28 12:26:22,010 [INFO] Step 175000: reward=-0.010, dist=0.00
2026-02-28 12:27:23,478 [INFO] Step 175200: reward=-0.010, dist=0.00
2026-02-28 12:28:24,930 [INFO] Step 175400: reward=-0.010, dist=0.00
2026-02-28 12:29:26,432 [INFO] Step 175600: reward=-0.010, dist=0.00
2026-02-28 12:30:27,897 [INFO] Step 175800: reward=-0.010, dist=0.00
2026-02-28 12:31:16,736 [INFO] Performing PPO update at global step 1875968
2026-02-28 12:31:16,972 [INFO] PPO losses — policy: -0.0020, value: 0.0045, entropy: 0.6520
2026-02-28 12:31:16,976 [INFO] PPO update completed. Buffer cleared.
2026-02-28 12:31:29,601 [INFO] Step 176000: reward=-0.010, dist=0.00
2026-02-28 12:32:31,043 [INFO] Step 176200: reward=-0.010, dist=0.00
2026-02-28 12:33:32,482 [INFO] Step 176400: reward=-0.010, dist=0.00
2026-02-28 12:34:33,963 [INFO] Step 176600: reward=-0.010, dist=0.00
2026-02-28 12:35:35,359 [INFO] Step 176800: reward=-0.010, dist=0.00
2026-02-28 12:36:36,852 [INFO] Step 177000: reward=-0.010, dist=0.00
2026-02-28 12:37:38,297 [INFO] Step 177200: reward=-0.010, dist=0.00
2026-02-28 12:38:39,764 [INFO] Step 177400: reward=-0.010, dist=0.00
2026-02-28 12:39:41,131 [INFO] Step 177600: reward=-0.010, dist=0.00
2026-02-28 12:40:42,602 [INFO] Step 177800: reward=-0.010, dist=0.00
2026-02-28 12:41:44,047 [INFO] Step 178000: reward=-0.010, dist=0.00
2026-02-28 12:41:46,198 [INFO] Performing PPO update at global step 1878016
2026-02-28 12:41:46,431 [INFO] PPO losses — policy: -0.0047, value: 0.0040, entropy: 0.5832
2026-02-28 12:41:46,435 [INFO] PPO update completed. Buffer cleared.
2026-02-28 12:42:45,687 [INFO] Step 178200: reward=-0.010, dist=0.00
2026-02-28 12:43:47,106 [INFO] Step 178400: reward=-0.010, dist=0.00
2026-02-28 12:44:48,485 [INFO] Step 178600: reward=-0.010, dist=0.00
2026-02-28 12:45:49,890 [INFO] Step 178800: reward=-0.010, dist=0.00
2026-02-28 12:46:51,282 [INFO] Step 179000: reward=-0.010, dist=0.00
2026-02-28 12:47:52,658 [INFO] Step 179200: reward=-0.010, dist=0.00
2026-02-28 12:48:54,081 [INFO] Step 179400: reward=-0.010, dist=0.00
2026-02-28 12:49:55,519 [INFO] Step 179600: reward=-0.010, dist=0.00
2026-02-28 12:50:56,974 [INFO] Step 179800: reward=-0.010, dist=0.00
2026-02-28 12:51:55,682 [INFO] Policy action (normalized): v = +0.469, w = +0.532 | Cmd_vel (scaled): v = +0.469 m/s, w = +0.532 rad/s
2026-02-28 12:51:58,445 [INFO] Step 180000: reward=-0.010, dist=0.00
2026-02-28 12:52:15,342 [INFO] Performing PPO update at global step 1880064
2026-02-28 12:52:15,574 [INFO] PPO losses — policy: -0.0007, value: 0.0043, entropy: 0.5058
2026-02-28 12:52:15,578 [INFO] PPO update completed. Buffer cleared.
2026-02-28 12:53:00,144 [INFO] Step 180200: reward=-0.010, dist=0.00
2026-02-28 12:54:01,562 [INFO] Step 180400: reward=-0.010, dist=0.00
2026-02-28 12:55:02,986 [INFO] Step 180600: reward=-0.010, dist=0.00
2026-02-28 12:56:04,337 [INFO] Step 180800: reward=-0.010, dist=0.00
2026-02-28 12:57:05,740 [INFO] Step 181000: reward=-0.010, dist=0.00
2026-02-28 12:58:07,145 [INFO] Step 181200: reward=-0.010, dist=0.00
2026-02-28 12:59:08,576 [INFO] Step 181400: reward=-0.010, dist=0.00
2026-02-28 13:00:10,038 [INFO] Step 181600: reward=-0.010, dist=0.00
2026-02-28 13:01:11,408 [INFO] Step 181800: reward=-0.010, dist=0.00
2026-02-28 13:02:12,851 [INFO] Step 182000: reward=-0.010, dist=0.00
2026-02-28 13:02:44,509 [INFO] Performing PPO update at global step 1882112
2026-02-28 13:02:44,745 [INFO] PPO losses — policy: 0.0006, value: 0.0045, entropy: 0.4887
2026-02-28 13:02:44,749 [INFO] PPO update completed. Buffer cleared.
2026-02-28 13:03:14,540 [INFO] Step 182200: reward=-0.010, dist=0.00
2026-02-28 13:04:15,968 [INFO] Step 182400: reward=-0.010, dist=0.00
2026-02-28 13:05:17,376 [INFO] Step 182600: reward=-0.010, dist=0.00
2026-02-28 13:06:18,826 [INFO] Step 182800: reward=-0.010, dist=0.00
2026-02-28 13:07:20,222 [INFO] Step 183000: reward=-0.010, dist=0.00
2026-02-28 13:08:21,671 [INFO] Step 183200: reward=-0.010, dist=0.00
2026-02-28 13:09:23,050 [INFO] Step 183400: reward=-0.010, dist=0.00
2026-02-28 13:10:24,496 [INFO] Step 183600: reward=-0.010, dist=0.00
2026-02-28 13:11:25,950 [INFO] Step 183800: reward=-0.010, dist=0.00
2026-02-28 13:12:27,283 [INFO] Step 184000: reward=-0.010, dist=0.00
2026-02-28 13:13:13,629 [INFO] Performing PPO update at global step 1884160
2026-02-28 13:13:13,862 [INFO] PPO losses — policy: -0.0001, value: 0.0043, entropy: 0.4343
2026-02-28 13:13:13,866 [INFO] PPO update completed. Buffer cleared.
2026-02-28 13:13:28,945 [INFO] Step 184200: reward=-0.010, dist=0.00
2026-02-28 13:14:30,258 [INFO] Step 184400: reward=-0.010, dist=0.00
2026-02-28 13:15:31,659 [INFO] Step 184600: reward=-0.010, dist=0.00
2026-02-28 13:16:33,083 [INFO] Step 184800: reward=-0.010, dist=0.00
2026-02-28 13:17:34,518 [INFO] Step 185000: reward=-0.010, dist=0.00
2026-02-28 13:18:35,974 [INFO] Step 185200: reward=-0.010, dist=0.00
2026-02-28 13:19:37,426 [INFO] Step 185400: reward=-0.010, dist=0.00
2026-02-28 13:20:38,864 [INFO] Step 185600: reward=-0.010, dist=0.00
2026-02-28 13:21:40,295 [INFO] Step 185800: reward=-0.010, dist=0.00
2026-02-28 13:22:41,766 [INFO] Step 186000: reward=-0.010, dist=0.00
2026-02-28 13:23:42,922 [INFO] Performing PPO update at global step 1886208
2026-02-28 13:23:43,157 [INFO] PPO losses — policy: 0.0015, value: 0.0042, entropy: 0.3972
2026-02-28 13:23:43,161 [INFO] PPO update completed. Buffer cleared.
2026-02-28 13:23:43,468 [INFO] Step 186200: reward=-0.010, dist=0.00
2026-02-28 13:24:44,881 [INFO] Step 186400: reward=-0.010, dist=0.00
2026-02-28 13:25:46,314 [INFO] Step 186600: reward=-0.010, dist=0.00
2026-02-28 13:26:47,688 [INFO] Step 186800: reward=-0.010, dist=0.00
2026-02-28 13:27:49,163 [INFO] Step 187000: reward=-0.010, dist=0.00
2026-02-28 13:28:50,596 [INFO] Step 187200: reward=-0.010, dist=0.00
2026-02-28 13:29:52,098 [INFO] Step 187400: reward=-0.010, dist=0.00
2026-02-28 13:30:53,496 [INFO] Step 187600: reward=-0.010, dist=0.00
2026-02-28 13:31:54,947 [INFO] Step 187800: reward=-0.010, dist=0.00
2026-02-28 13:32:56,430 [INFO] Step 188000: reward=-0.010, dist=0.00
2026-02-28 13:33:57,884 [INFO] Step 188200: reward=-0.010, dist=0.00
2026-02-28 13:34:12,308 [INFO] Performing PPO update at global step 1888256
2026-02-28 13:34:12,540 [INFO] PPO losses — policy: 0.0038, value: 0.0042, entropy: 0.3725
2026-02-28 13:34:12,544 [INFO] PPO update completed. Buffer cleared.
2026-02-28 13:34:59,569 [INFO] Step 188400: reward=-0.010, dist=0.00
2026-02-28 13:36:00,983 [INFO] Step 188600: reward=-0.010, dist=0.00
2026-02-28 13:37:02,376 [INFO] Step 188800: reward=-0.010, dist=0.00
2026-02-28 13:38:03,785 [INFO] Step 189000: reward=-0.010, dist=0.00
2026-02-28 13:39:05,197 [INFO] Step 189200: reward=-0.010, dist=0.00
2026-02-28 13:40:06,623 [INFO] Step 189400: reward=-0.010, dist=0.00
2026-02-28 13:41:08,099 [INFO] Step 189600: reward=-0.010, dist=0.00
2026-02-28 13:42:09,546 [INFO] Step 189800: reward=-0.010, dist=0.00
2026-02-28 13:43:08,253 [INFO] Policy action (normalized): v = +0.510, w = -0.761 | Cmd_vel (scaled): v = +0.510 m/s, w = -0.761 rad/s
2026-02-28 13:43:11,021 [INFO] Step 190000: reward=-0.010, dist=0.00
2026-02-28 13:44:12,458 [INFO] Step 190200: reward=-0.010, dist=0.00
2026-02-28 13:44:41,666 [INFO] Performing PPO update at global step 1890304
2026-02-28 13:44:41,897 [INFO] PPO losses — policy: -0.0019, value: 0.0042, entropy: 0.3861
2026-02-28 13:44:41,901 [INFO] PPO update completed. Buffer cleared.
2026-02-28 13:45:14,180 [INFO] Step 190400: reward=-0.010, dist=0.00
2026-02-28 13:46:15,633 [INFO] Step 190600: reward=-0.010, dist=0.00
2026-02-28 13:47:17,077 [INFO] Step 190800: reward=-0.010, dist=0.00
2026-02-28 13:48:18,470 [INFO] Step 191000: reward=-0.010, dist=0.00
2026-02-28 13:49:19,914 [INFO] Step 191200: reward=-0.010, dist=0.00
2026-02-28 13:50:21,335 [INFO] Step 191400: reward=-0.010, dist=0.00
2026-02-28 13:51:22,737 [INFO] Step 191600: reward=-0.010, dist=0.00
2026-02-28 13:52:24,179 [INFO] Step 191800: reward=-0.010, dist=0.00
2026-02-28 13:53:25,595 [INFO] Step 192000: reward=-0.010, dist=0.00
2026-02-28 13:54:27,059 [INFO] Step 192200: reward=-0.010, dist=0.00
2026-02-28 13:55:11,040 [INFO] Performing PPO update at global step 1892352
2026-02-28 13:55:11,275 [INFO] PPO losses — policy: 0.0044, value: 0.0042, entropy: 0.3430
2026-02-28 13:55:11,279 [INFO] PPO update completed. Buffer cleared.
2026-02-28 13:55:28,844 [INFO] Step 192400: reward=-0.010, dist=0.00
2026-02-28 13:56:30,276 [INFO] Step 192600: reward=-0.010, dist=0.00
2026-02-28 13:57:31,738 [INFO] Step 192800: reward=-0.010, dist=0.00
2026-02-28 13:58:33,108 [INFO] Step 193000: reward=-0.010, dist=0.00
2026-02-28 13:59:34,550 [INFO] Step 193200: reward=-0.010, dist=0.00
2026-02-28 14:00:35,967 [INFO] Step 193400: reward=-0.010, dist=0.00
2026-02-28 14:01:37,490 [INFO] Step 193600: reward=-0.010, dist=0.00
2026-02-28 14:02:39,024 [INFO] Step 193800: reward=-0.010, dist=0.00
2026-02-28 14:03:40,468 [INFO] Step 194000: reward=-0.010, dist=0.00
2026-02-28 14:04:41,908 [INFO] Step 194200: reward=-0.010, dist=0.00
2026-02-28 14:05:40,633 [INFO] Performing PPO update at global step 1894400
2026-02-28 14:05:40,860 [INFO] PPO losses — policy: 0.0008, value: 0.0043, entropy: 0.2354
2026-02-28 14:05:40,864 [INFO] PPO update completed. Buffer cleared.
2026-02-28 14:05:43,652 [INFO] Step 194400: reward=-0.010, dist=0.00
2026-02-28 14:06:45,091 [INFO] Step 194600: reward=-0.010, dist=0.00
2026-02-28 14:07:46,539 [INFO] Step 194800: reward=-0.010, dist=0.00
2026-02-28 14:08:47,973 [INFO] Step 195000: reward=-0.010, dist=0.00
2026-02-28 14:09:49,415 [INFO] Step 195200: reward=-0.010, dist=0.00
2026-02-28 14:10:50,866 [INFO] Step 195400: reward=-0.010, dist=0.00
2026-02-28 14:11:52,325 [INFO] Step 195600: reward=-0.010, dist=0.00
2026-02-28 14:12:53,773 [INFO] Step 195800: reward=-0.010, dist=0.00
2026-02-28 14:13:55,216 [INFO] Step 196000: reward=-0.010, dist=0.00
2026-02-28 14:14:56,696 [INFO] Step 196200: reward=-0.010, dist=0.00
2026-02-28 14:15:58,171 [INFO] Step 196400: reward=-0.010, dist=0.00
2026-02-28 14:16:10,140 [INFO] Performing PPO update at global step 1896448
2026-02-28 14:16:10,387 [INFO] PPO losses — policy: 0.0014, value: 0.0042, entropy: 0.2858
2026-02-28 14:16:10,391 [INFO] PPO update completed. Buffer cleared.
2026-02-28 14:16:59,863 [INFO] Step 196600: reward=-0.010, dist=0.00
2026-02-28 14:18:01,261 [INFO] Step 196800: reward=-0.010, dist=0.00
2026-02-28 14:19:02,706 [INFO] Step 197000: reward=-0.010, dist=0.00
2026-02-28 14:20:04,115 [INFO] Step 197200: reward=-0.010, dist=0.00
2026-02-28 14:21:05,573 [INFO] Step 197400: reward=-0.010, dist=0.00
2026-02-28 14:22:07,042 [INFO] Step 197600: reward=-0.010, dist=0.00
2026-02-28 14:23:08,467 [INFO] Step 197800: reward=-0.010, dist=0.00
2026-02-28 14:24:09,876 [INFO] Step 198000: reward=-0.010, dist=0.00
2026-02-28 14:25:11,327 [INFO] Step 198200: reward=-0.010, dist=0.00
2026-02-28 14:26:12,754 [INFO] Step 198400: reward=-0.010, dist=0.00
2026-02-28 14:26:39,492 [INFO] Performing PPO update at global step 1898496
2026-02-28 14:26:39,719 [INFO] PPO losses — policy: -0.0009, value: 0.0040, entropy: 0.2468
2026-02-28 14:26:39,723 [INFO] PPO update completed. Buffer cleared.
2026-02-28 14:27:14,428 [INFO] Step 198600: reward=-0.010, dist=0.00
2026-02-28 14:28:15,835 [INFO] Step 198800: reward=-0.010, dist=0.00
2026-02-28 14:29:17,252 [INFO] Step 199000: reward=-0.010, dist=0.00
2026-02-28 14:30:18,713 [INFO] Step 199200: reward=-0.010, dist=0.00
2026-02-28 14:31:20,160 [INFO] Step 199400: reward=-0.010, dist=0.00
2026-02-28 14:32:21,663 [INFO] Step 199600: reward=-0.010, dist=0.00
2026-02-28 14:33:23,105 [INFO] Step 199800: reward=-0.010, dist=0.00
2026-02-28 14:34:21,812 [INFO] Policy action (normalized): v = +0.529, w = -0.585 | Cmd_vel (scaled): v = +0.529 m/s, w = -0.585 rad/s
2026-02-28 14:34:24,582 [INFO] Step 200000: reward=-0.010, dist=0.00
2026-02-28 14:35:25,996 [INFO] Step 200200: reward=-0.010, dist=0.00
2026-02-28 14:36:27,443 [INFO] Step 200400: reward=-0.010, dist=0.00
2026-02-28 14:37:08,928 [INFO] Performing PPO update at global step 1900544
2026-02-28 14:37:09,172 [INFO] PPO losses — policy: 0.0015, value: 0.0042, entropy: 0.0605
2026-02-28 14:37:09,176 [INFO] PPO update completed. Buffer cleared.
2026-02-28 14:37:29,198 [INFO] Step 200600: reward=-0.010, dist=0.00
2026-02-28 14:38:30,584 [INFO] Step 200800: reward=-0.010, dist=0.00
2026-02-28 14:39:32,031 [INFO] Step 201000: reward=-0.010, dist=0.00
2026-02-28 14:40:33,392 [INFO] Step 201200: reward=-0.010, dist=0.00
2026-02-28 14:41:34,820 [INFO] Step 201400: reward=-0.010, dist=0.00
2026-02-28 14:42:36,280 [INFO] Step 201600: reward=-0.010, dist=0.00
2026-02-28 14:43:37,725 [INFO] Step 201800: reward=-0.010, dist=0.00
2026-02-28 14:44:39,166 [INFO] Step 202000: reward=-0.010, dist=0.00
2026-02-28 14:45:40,622 [INFO] Step 202200: reward=-0.010, dist=0.00
2026-02-28 14:46:42,074 [INFO] Step 202400: reward=-0.010, dist=0.00
2026-02-28 14:47:38,376 [INFO] Performing PPO update at global step 1902592
2026-02-28 14:47:38,608 [INFO] PPO losses — policy: -0.0004, value: 0.0040, entropy: 0.0654
2026-02-28 14:47:38,612 [INFO] PPO update completed. Buffer cleared.
2026-02-28 14:47:43,873 [INFO] Step 202600: reward=-0.010, dist=0.00
2026-02-28 14:48:45,238 [INFO] Step 202800: reward=-0.010, dist=0.00
2026-02-28 14:49:46,621 [INFO] Step 203000: reward=-0.010, dist=0.00
2026-02-28 14:50:48,086 [INFO] Step 203200: reward=-0.010, dist=0.00
2026-02-28 14:51:49,509 [INFO] Step 203400: reward=-0.010, dist=0.00
2026-02-28 14:52:50,926 [INFO] Step 203600: reward=-0.010, dist=0.00
2026-02-28 14:53:52,306 [INFO] Step 203800: reward=-0.010, dist=0.00
2026-02-28 14:54:53,793 [INFO] Step 204000: reward=-0.010, dist=0.00
2026-02-28 14:55:55,226 [INFO] Step 204200: reward=-0.010, dist=0.00
2026-02-28 14:56:56,670 [INFO] Step 204400: reward=-0.010, dist=0.00
2026-02-28 14:57:58,101 [INFO] Step 204600: reward=-0.010, dist=0.00
2026-02-28 14:58:07,639 [INFO] Performing PPO update at global step 1904640
2026-02-28 14:58:07,876 [INFO] PPO losses — policy: 0.0039, value: 0.0040, entropy: 0.0474
2026-02-28 14:58:07,880 [INFO] PPO update completed. Buffer cleared.
2026-02-28 14:58:59,771 [INFO] Step 204800: reward=-0.010, dist=0.00
2026-02-28 15:00:01,268 [INFO] Step 205000: reward=-0.010, dist=0.00
2026-02-28 15:01:02,699 [INFO] Step 205200: reward=-0.010, dist=0.00
2026-02-28 15:02:04,151 [INFO] Step 205400: reward=-0.010, dist=0.00
2026-02-28 15:03:05,674 [INFO] Step 205600: reward=-0.010, dist=0.00
2026-02-28 15:04:07,159 [INFO] Step 205800: reward=-0.010, dist=0.00
2026-02-28 15:05:08,641 [INFO] Step 206000: reward=-0.010, dist=0.00
2026-02-28 15:06:10,140 [INFO] Step 206200: reward=-0.010, dist=0.00
2026-02-28 15:07:11,650 [INFO] Step 206400: reward=-0.010, dist=0.00
2026-02-28 15:08:13,145 [INFO] Step 206600: reward=-0.010, dist=0.00
2026-02-28 15:08:37,472 [INFO] Performing PPO update at global step 1906688
2026-02-28 15:08:37,705 [INFO] PPO losses — policy: 0.0065, value: 0.0041, entropy: 0.0184
2026-02-28 15:08:37,711 [INFO] PPO update completed. Buffer cleared.
2026-02-28 15:09:14,911 [INFO] Step 206800: reward=-0.010, dist=0.00
2026-02-28 15:10:16,359 [INFO] Step 207000: reward=-0.010, dist=0.00
2026-02-28 15:11:17,744 [INFO] Step 207200: reward=-0.010, dist=0.00
2026-02-28 15:12:19,206 [INFO] Step 207400: reward=-0.010, dist=0.00
2026-02-28 15:13:20,666 [INFO] Step 207600: reward=-0.010, dist=0.00
2026-02-28 15:14:22,035 [INFO] Step 207800: reward=-0.010, dist=0.00
2026-02-28 15:15:23,542 [INFO] Step 208000: reward=-0.010, dist=0.00
2026-02-28 15:16:24,965 [INFO] Step 208200: reward=-0.010, dist=0.00
2026-02-28 15:17:26,441 [INFO] Step 208400: reward=-0.010, dist=0.00
2026-02-28 15:18:27,880 [INFO] Step 208600: reward=-0.010, dist=0.00
2026-02-28 15:19:06,874 [INFO] Performing PPO update at global step 1908736
2026-02-28 15:19:07,128 [INFO] PPO losses — policy: 0.0043, value: 0.0041, entropy: 0.0391
2026-02-28 15:19:07,131 [INFO] PPO update completed. Buffer cleared.
2026-02-28 15:19:29,589 [INFO] Step 208800: reward=-0.010, dist=0.00
2026-02-28 15:20:31,041 [INFO] Step 209000: reward=-0.010, dist=0.00
2026-02-28 15:21:32,478 [INFO] Step 209200: reward=-0.010, dist=0.00
2026-02-28 15:22:33,932 [INFO] Step 209400: reward=-0.010, dist=0.00
2026-02-28 15:23:35,352 [INFO] Step 209600: reward=-0.010, dist=0.00
2026-02-28 15:24:36,819 [INFO] Step 209800: reward=-0.010, dist=0.00
2026-02-28 15:25:35,486 [INFO] Policy action (normalized): v = +0.492, w = -0.375 | Cmd_vel (scaled): v = +0.492 m/s, w = -0.375 rad/s
2026-02-28 15:25:38,253 [INFO] Step 210000: reward=-0.010, dist=0.00
2026-02-28 15:26:39,719 [INFO] Step 210200: reward=-0.010, dist=0.00
2026-02-28 15:27:41,201 [INFO] Step 210400: reward=-0.010, dist=0.00
2026-02-28 15:28:42,695 [INFO] Step 210600: reward=-0.010, dist=0.00
2026-02-28 15:29:36,437 [INFO] Performing PPO update at global step 1910784
2026-02-28 15:29:36,667 [INFO] PPO losses — policy: 0.0019, value: 0.0039, entropy: 0.0006
2026-02-28 15:29:36,671 [INFO] PPO update completed. Buffer cleared.
2026-02-28 15:29:44,373 [INFO] Step 210800: reward=-0.010, dist=0.00
2026-02-28 15:30:45,833 [INFO] Step 211000: reward=-0.010, dist=0.00
2026-02-28 15:31:47,285 [INFO] Step 211200: reward=-0.010, dist=0.00
2026-02-28 15:32:48,641 [INFO] Step 211400: reward=-0.010, dist=0.00
2026-02-28 15:33:50,126 [INFO] Step 211600: reward=-0.010, dist=0.00
2026-02-28 15:34:51,573 [INFO] Step 211800: reward=-0.010, dist=0.00
2026-02-28 15:35:53,008 [INFO] Step 212000: reward=-0.010, dist=0.00
2026-02-28 15:36:54,482 [INFO] Step 212200: reward=-0.010, dist=0.00
2026-02-28 15:37:55,974 [INFO] Step 212400: reward=-0.010, dist=0.00
2026-02-28 15:38:57,493 [INFO] Step 212600: reward=-0.010, dist=0.00
2026-02-28 15:39:58,961 [INFO] Step 212800: reward=-0.010, dist=0.00
2026-02-28 15:40:06,041 [INFO] Performing PPO update at global step 1912832
2026-02-28 15:40:06,270 [INFO] PPO losses — policy: 0.0057, value: 0.0041, entropy: -0.0027
2026-02-28 15:40:06,274 [INFO] PPO update completed. Buffer cleared.
2026-02-28 15:41:00,604 [INFO] Step 213000: reward=-0.010, dist=0.00
2026-02-28 15:42:02,035 [INFO] Step 213200: reward=-0.010, dist=0.00
2026-02-28 15:43:03,481 [INFO] Step 213400: reward=-0.010, dist=0.00
2026-02-28 15:44:04,957 [INFO] Step 213600: reward=-0.010, dist=0.00
2026-02-28 15:45:06,466 [INFO] Step 213800: reward=-0.010, dist=0.00
2026-02-28 15:46:07,819 [INFO] Step 214000: reward=-0.010, dist=0.00
2026-02-28 15:47:09,187 [INFO] Step 214200: reward=-0.010, dist=0.00
2026-02-28 15:48:10,660 [INFO] Step 214400: reward=-0.010, dist=0.00
2026-02-28 15:49:12,069 [INFO] Step 214600: reward=-0.010, dist=0.00
2026-02-28 15:50:13,528 [INFO] Step 214800: reward=-0.010, dist=0.00
2026-02-28 15:50:35,328 [INFO] Performing PPO update at global step 1914880
2026-02-28 15:50:35,579 [INFO] PPO losses — policy: 0.0033, value: 0.0041, entropy: -0.1033
2026-02-28 15:50:35,583 [INFO] PPO update completed. Buffer cleared.
2026-02-28 15:51:15,241 [INFO] Step 215000: reward=-0.010, dist=0.00
2026-02-28 15:52:16,672 [INFO] Step 215200: reward=-0.010, dist=0.00
2026-02-28 15:53:18,070 [INFO] Step 215400: reward=-0.010, dist=0.00
2026-02-28 15:54:19,499 [INFO] Step 215600: reward=-0.010, dist=0.00
2026-02-28 15:55:20,953 [INFO] Step 215800: reward=-0.010, dist=0.00
2026-02-28 15:56:22,400 [INFO] Step 216000: reward=-0.010, dist=0.00
2026-02-28 15:57:23,861 [INFO] Step 216200: reward=-0.010, dist=0.00
2026-02-28 15:58:25,332 [INFO] Step 216400: reward=-0.010, dist=0.00
2026-02-28 15:59:26,720 [INFO] Step 216600: reward=-0.010, dist=0.00
2026-02-28 16:00:28,168 [INFO] Step 216800: reward=-0.010, dist=0.00
2026-02-28 16:01:04,750 [INFO] Performing PPO update at global step 1916928
2026-02-28 16:01:04,982 [INFO] PPO losses — policy: 0.0135, value: 0.0040, entropy: -0.1153
2026-02-28 16:01:04,985 [INFO] PPO update completed. Buffer cleared.
2026-02-28 16:01:29,901 [INFO] Step 217000: reward=-0.010, dist=0.00
2026-02-28 16:02:31,356 [INFO] Step 217200: reward=-0.010, dist=0.00
2026-02-28 16:03:32,760 [INFO] Step 217400: reward=-0.010, dist=0.00
2026-02-28 16:04:34,140 [INFO] Step 217600: reward=-0.010, dist=0.00
2026-02-28 16:05:35,566 [INFO] Step 217800: reward=-0.010, dist=0.00
2026-02-28 16:06:37,066 [INFO] Step 218000: reward=-0.010, dist=0.00
2026-02-28 16:07:38,516 [INFO] Step 218200: reward=-0.010, dist=0.00
2026-02-28 16:08:40,005 [INFO] Step 218400: reward=-0.010, dist=0.00
2026-02-28 16:09:41,506 [INFO] Step 218600: reward=-0.010, dist=0.00
2026-02-28 16:10:42,982 [INFO] Step 218800: reward=-0.010, dist=0.00
2026-02-28 16:11:34,322 [INFO] Performing PPO update at global step 1918976
2026-02-28 16:11:34,555 [INFO] PPO losses — policy: 0.0014, value: 0.0043, entropy: -0.1330
2026-02-28 16:11:34,559 [INFO] PPO update completed. Buffer cleared.
2026-02-28 16:11:44,729 [INFO] Step 219000: reward=-0.010, dist=0.00
2026-02-28 16:12:46,215 [INFO] Step 219200: reward=-0.010, dist=0.00
2026-02-28 16:13:47,645 [INFO] Step 219400: reward=-0.010, dist=0.00
2026-02-28 16:14:49,165 [INFO] Step 219600: reward=-0.010, dist=0.00
2026-02-28 16:15:50,608 [INFO] Step 219800: reward=-0.010, dist=0.00
2026-02-28 16:16:49,248 [INFO] Policy action (normalized): v = +0.592, w = -0.868 | Cmd_vel (scaled): v = +0.592 m/s, w = -0.868 rad/s
2026-02-28 16:16:52,015 [INFO] Step 220000: reward=-0.010, dist=0.00
2026-02-28 16:17:53,523 [INFO] Step 220200: reward=-0.010, dist=0.00
2026-02-28 16:18:55,030 [INFO] Step 220400: reward=-0.010, dist=0.00
2026-02-28 16:19:56,483 [INFO] Step 220600: reward=-0.010, dist=0.00
2026-02-28 16:20:57,940 [INFO] Step 220800: reward=-0.010, dist=0.00
2026-02-28 16:21:59,466 [INFO] Step 221000: reward=-0.010, dist=0.00
2026-02-28 16:22:04,084 [INFO] Performing PPO update at global step 1921024
2026-02-28 16:22:04,323 [INFO] PPO losses — policy: 0.0082, value: 0.0043, entropy: -0.1887
2026-02-28 16:22:04,327 [INFO] PPO update completed. Buffer cleared.
2026-02-28 16:23:01,152 [INFO] Step 221200: reward=-0.010, dist=0.00
2026-02-28 16:24:02,603 [INFO] Step 221400: reward=-0.010, dist=0.00
2026-02-28 16:25:04,055 [INFO] Step 221600: reward=-0.010, dist=0.00
2026-02-28 16:26:05,452 [INFO] Step 221800: reward=-0.010, dist=0.00
2026-02-28 16:27:06,906 [INFO] Step 222000: reward=-0.010, dist=0.00
2026-02-28 16:28:08,319 [INFO] Step 222200: reward=-0.010, dist=0.00
2026-02-28 16:29:09,797 [INFO] Step 222400: reward=-0.010, dist=0.00
2026-02-28 16:30:11,265 [INFO] Step 222600: reward=-0.010, dist=0.00
2026-02-28 16:31:12,707 [INFO] Step 222800: reward=-0.010, dist=0.00
2026-02-28 16:32:14,146 [INFO] Step 223000: reward=-0.010, dist=0.00
2026-02-28 16:32:33,506 [INFO] Performing PPO update at global step 1923072
2026-02-28 16:32:33,739 [INFO] PPO losses — policy: 0.0161, value: 0.0041, entropy: -0.2359
2026-02-28 16:32:33,742 [INFO] PPO update completed. Buffer cleared.
2026-02-28 16:33:15,880 [INFO] Step 223200: reward=-0.010, dist=0.00
2026-02-28 16:34:17,262 [INFO] Step 223400: reward=-0.010, dist=0.00
2026-02-28 16:35:18,695 [INFO] Step 223600: reward=-0.010, dist=0.00
2026-02-28 16:36:20,121 [INFO] Step 223800: reward=-0.010, dist=0.00
2026-02-28 16:37:21,560 [INFO] Step 224000: reward=-0.010, dist=0.00
2026-02-28 16:38:22,984 [INFO] Step 224200: reward=-0.010, dist=0.00
2026-02-28 16:39:24,482 [INFO] Step 224400: reward=-0.010, dist=0.00
2026-02-28 16:40:25,953 [INFO] Step 224600: reward=-0.010, dist=0.00
2026-02-28 16:41:27,415 [INFO] Step 224800: reward=-0.010, dist=0.00
2026-02-28 16:42:28,879 [INFO] Step 225000: reward=-0.010, dist=0.00
2026-02-28 16:43:02,963 [INFO] Performing PPO update at global step 1925120
2026-02-28 16:43:03,194 [INFO] PPO losses — policy: 0.0107, value: 0.0043, entropy: -0.2158
2026-02-28 16:43:03,198 [INFO] PPO update completed. Buffer cleared.
2026-02-28 16:43:30,596 [INFO] Step 225200: reward=-0.010, dist=0.00
2026-02-28 16:44:32,053 [INFO] Step 225400: reward=-0.010, dist=0.00
2026-02-28 16:45:33,544 [INFO] Step 225600: reward=-0.010, dist=0.00
2026-02-28 16:46:35,005 [INFO] Step 225800: reward=-0.010, dist=0.00
2026-02-28 16:47:36,469 [INFO] Step 226000: reward=-0.010, dist=0.00
2026-02-28 16:48:37,966 [INFO] Step 226200: reward=-0.010, dist=0.00
2026-02-28 16:49:39,367 [INFO] Step 226400: reward=-0.010, dist=0.00
2026-02-28 16:50:40,848 [INFO] Step 226600: reward=-0.010, dist=0.00
2026-02-28 16:51:42,314 [INFO] Step 226800: reward=-0.010, dist=0.00
2026-02-28 16:52:43,821 [INFO] Step 227000: reward=-0.010, dist=0.00
2026-02-28 16:53:32,689 [INFO] Performing PPO update at global step 1927168
2026-02-28 16:53:32,920 [INFO] PPO losses — policy: 0.0035, value: 0.0043, entropy: -0.2140
2026-02-28 16:53:32,924 [INFO] PPO update completed. Buffer cleared.
2026-02-28 16:53:45,560 [INFO] Step 227200: reward=-0.010, dist=0.00
2026-02-28 16:54:46,976 [INFO] Step 227400: reward=-0.010, dist=0.00
2026-02-28 16:55:48,390 [INFO] Step 227600: reward=-0.010, dist=0.00
2026-02-28 16:56:49,787 [INFO] Step 227800: reward=-0.010, dist=0.00
2026-02-28 16:57:51,171 [INFO] Step 228000: reward=-0.010, dist=0.00
2026-02-28 16:58:52,645 [INFO] Step 228200: reward=-0.010, dist=0.00
2026-02-28 16:59:54,037 [INFO] Step 228400: reward=-0.010, dist=0.00
2026-02-28 17:00:55,496 [INFO] Step 228600: reward=-0.010, dist=0.00
2026-02-28 17:01:56,992 [INFO] Step 228800: reward=-0.010, dist=0.00
2026-02-28 17:02:58,411 [INFO] Step 229000: reward=-0.010, dist=0.00
2026-02-28 17:03:59,894 [INFO] Step 229200: reward=-0.010, dist=0.00
2026-02-28 17:04:02,041 [INFO] Performing PPO update at global step 1929216
2026-02-28 17:04:02,281 [INFO] PPO losses — policy: 0.0015, value: 0.0042, entropy: -0.2690
2026-02-28 17:04:02,285 [INFO] PPO update completed. Buffer cleared.
2026-02-28 17:05:01,573 [INFO] Step 229400: reward=-0.010, dist=0.00
2026-02-28 17:06:02,986 [INFO] Step 229600: reward=-0.010, dist=0.00
2026-02-28 17:07:04,455 [INFO] Step 229800: reward=-0.010, dist=0.00
2026-02-28 17:08:03,177 [INFO] Policy action (normalized): v = +0.558, w = +0.625 | Cmd_vel (scaled): v = +0.558 m/s, w = +0.625 rad/s
2026-02-28 17:08:05,942 [INFO] Step 230000: reward=-0.010, dist=0.00
2026-02-28 17:09:07,412 [INFO] Step 230200: reward=-0.010, dist=0.00
2026-02-28 17:10:08,926 [INFO] Step 230400: reward=-0.010, dist=0.00
2026-02-28 17:11:10,332 [INFO] Step 230600: reward=-0.010, dist=0.00
2026-02-28 17:12:11,762 [INFO] Step 230800: reward=-0.010, dist=0.00
2026-02-28 17:13:13,207 [INFO] Step 231000: reward=-0.010, dist=0.00
2026-02-28 17:14:14,630 [INFO] Step 231200: reward=-0.010, dist=0.00
2026-02-28 17:14:31,534 [INFO] Performing PPO update at global step 1931264
2026-02-28 17:14:31,766 [INFO] PPO losses — policy: 0.0061, value: 0.0044, entropy: -0.2049
2026-02-28 17:14:31,770 [INFO] PPO update completed. Buffer cleared.
2026-02-28 17:15:16,346 [INFO] Step 231400: reward=-0.010, dist=0.00
2026-02-28 17:16:17,819 [INFO] Step 231600: reward=-0.010, dist=0.00
2026-02-28 17:17:19,218 [INFO] Step 231800: reward=-0.010, dist=0.00
2026-02-28 17:18:20,653 [INFO] Step 232000: reward=-0.010, dist=0.00
2026-02-28 17:19:22,125 [INFO] Step 232200: reward=-0.010, dist=0.00
2026-02-28 17:20:23,552 [INFO] Step 232400: reward=-0.010, dist=0.00
2026-02-28 17:21:25,008 [INFO] Step 232600: reward=-0.010, dist=0.00
2026-02-28 17:22:26,493 [INFO] Step 232800: reward=-0.010, dist=0.00
2026-02-28 17:23:27,877 [INFO] Step 233000: reward=-0.010, dist=0.00
2026-02-28 17:24:29,332 [INFO] Step 233200: reward=-0.010, dist=0.00
2026-02-28 17:25:00,953 [INFO] Performing PPO update at global step 1933312
2026-02-28 17:25:01,187 [INFO] PPO losses — policy: 0.0022, value: 0.0040, entropy: -0.2660
2026-02-28 17:25:01,191 [INFO] PPO update completed. Buffer cleared.
2026-02-28 17:25:31,002 [INFO] Step 233400: reward=-0.010, dist=0.00
2026-02-28 17:26:32,413 [INFO] Step 233600: reward=-0.010, dist=0.00
2026-02-28 17:27:33,878 [INFO] Step 233800: reward=-0.010, dist=0.00
2026-02-28 17:28:35,355 [INFO] Step 234000: reward=-0.010, dist=0.00
2026-02-28 17:29:36,839 [INFO] Step 234200: reward=-0.010, dist=0.00
2026-02-28 17:30:38,325 [INFO] Step 234400: reward=-0.010, dist=0.00
2026-02-28 17:31:39,794 [INFO] Step 234600: reward=-0.010, dist=0.00
2026-02-28 17:32:41,257 [INFO] Step 234800: reward=-0.010, dist=0.00
2026-02-28 17:33:42,698 [INFO] Step 235000: reward=-0.010, dist=0.00
2026-02-28 17:34:44,148 [INFO] Step 235200: reward=-0.010, dist=0.00
2026-02-28 17:35:30,533 [INFO] Performing PPO update at global step 1935360
2026-02-28 17:35:30,772 [INFO] PPO losses — policy: 0.0027, value: 0.0040, entropy: -0.4769
2026-02-28 17:35:30,776 [INFO] PPO update completed. Buffer cleared.
2026-02-28 17:35:45,844 [INFO] Step 235400: reward=-0.010, dist=0.00
2026-02-28 17:36:47,256 [INFO] Step 235600: reward=-0.010, dist=0.00
2026-02-28 17:37:48,660 [INFO] Step 235800: reward=-0.010, dist=0.00
2026-02-28 17:38:50,134 [INFO] Step 236000: reward=-0.010, dist=0.00
2026-02-28 17:39:51,609 [INFO] Step 236200: reward=-0.010, dist=0.00
2026-02-28 17:40:53,056 [INFO] Step 236400: reward=-0.010, dist=0.00
2026-02-28 17:41:54,540 [INFO] Step 236600: reward=-0.010, dist=0.00
2026-02-28 17:42:55,952 [INFO] Step 236800: reward=-0.010, dist=0.00
2026-02-28 17:43:57,390 [INFO] Step 237000: reward=-0.010, dist=0.00
2026-02-28 17:44:58,853 [INFO] Step 237200: reward=-0.010, dist=0.00
2026-02-28 17:46:00,020 [INFO] Performing PPO update at global step 1937408
2026-02-28 17:46:00,250 [INFO] PPO losses — policy: 0.0096, value: 0.0040, entropy: -0.5718
2026-02-28 17:46:00,254 [INFO] PPO update completed. Buffer cleared.
2026-02-28 17:46:00,560 [INFO] Step 237400: reward=-0.010, dist=0.00
2026-02-28 17:47:02,066 [INFO] Step 237600: reward=-0.010, dist=0.00
2026-02-28 17:48:03,507 [INFO] Step 237800: reward=-0.010, dist=0.00
2026-02-28 17:49:04,970 [INFO] Step 238000: reward=-0.010, dist=0.00
2026-02-28 17:50:06,477 [INFO] Step 238200: reward=-0.010, dist=0.00
2026-02-28 17:51:07,974 [INFO] Step 238400: reward=-0.010, dist=0.00
2026-02-28 17:52:09,440 [INFO] Step 238600: reward=-0.010, dist=0.00
2026-02-28 17:53:10,921 [INFO] Step 238800: reward=-0.010, dist=0.00
2026-02-28 17:54:12,406 [INFO] Step 239000: reward=-0.010, dist=0.00
2026-02-28 17:55:13,874 [INFO] Step 239200: reward=-0.010, dist=0.00
2026-02-28 17:56:15,331 [INFO] Step 239400: reward=-0.010, dist=0.00
2026-02-28 17:56:29,788 [INFO] Performing PPO update at global step 1939456
2026-02-28 17:56:30,021 [INFO] PPO losses — policy: -0.0002, value: 0.0041, entropy: -0.6790
2026-02-28 17:56:30,024 [INFO] PPO update completed. Buffer cleared.
2026-02-28 17:57:16,997 [INFO] Step 239600: reward=-0.010, dist=0.00
2026-02-28 17:58:18,371 [INFO] Step 239800: reward=-0.010, dist=0.00
2026-02-28 17:59:17,061 [INFO] Policy action (normalized): v = +0.531, w = -0.343 | Cmd_vel (scaled): v = +0.531 m/s, w = -0.343 rad/s
2026-02-28 17:59:19,829 [INFO] Step 240000: reward=-0.010, dist=0.00
2026-02-28 18:00:21,261 [INFO] Step 240200: reward=-0.010, dist=0.00
2026-02-28 18:01:22,669 [INFO] Step 240400: reward=-0.010, dist=0.00
2026-02-28 18:02:24,100 [INFO] Step 240600: reward=-0.010, dist=0.00
2026-02-28 18:03:25,545 [INFO] Step 240800: reward=-0.010, dist=0.00
2026-02-28 18:04:27,018 [INFO] Step 241000: reward=-0.010, dist=0.00
2026-02-28 18:05:28,502 [INFO] Step 241200: reward=-0.010, dist=0.00
2026-02-28 18:06:29,974 [INFO] Step 241400: reward=-0.010, dist=0.00
2026-02-28 18:06:59,196 [INFO] Performing PPO update at global step 1941504
2026-02-28 18:06:59,431 [INFO] PPO losses — policy: 0.0131, value: 0.0039, entropy: -0.7862
2026-02-28 18:06:59,435 [INFO] PPO update completed. Buffer cleared.
2026-02-28 18:07:31,719 [INFO] Step 241600: reward=-0.010, dist=0.00
2026-02-28 18:08:33,127 [INFO] Step 241800: reward=-0.010, dist=0.00
2026-02-28 18:09:34,578 [INFO] Step 242000: reward=-0.010, dist=0.00
2026-02-28 18:10:36,036 [INFO] Step 242200: reward=-0.010, dist=0.00
2026-02-28 18:11:37,449 [INFO] Step 242400: reward=-0.010, dist=0.00
2026-02-28 18:12:38,941 [INFO] Step 242600: reward=-0.010, dist=0.00
2026-02-28 18:13:40,388 [INFO] Step 242800: reward=-0.010, dist=0.00
2026-02-28 18:14:41,875 [INFO] Step 243000: reward=-0.010, dist=0.00
2026-02-28 18:15:43,361 [INFO] Step 243200: reward=-0.010, dist=0.00
2026-02-28 18:16:44,857 [INFO] Step 243400: reward=-0.010, dist=0.00
2026-02-28 18:17:28,785 [INFO] Performing PPO update at global step 1943552
2026-02-28 18:17:29,019 [INFO] PPO losses — policy: 0.0163, value: 0.0041, entropy: -0.8362
2026-02-28 18:17:29,023 [INFO] PPO update completed. Buffer cleared.
2026-02-28 18:17:46,562 [INFO] Step 243600: reward=-0.010, dist=0.00
2026-02-28 18:18:47,998 [INFO] Step 243800: reward=-0.010, dist=0.00
2026-02-28 18:19:49,415 [INFO] Step 244000: reward=-0.010, dist=0.00
2026-02-28 18:20:50,873 [INFO] Step 244200: reward=-0.010, dist=0.00
2026-02-28 18:21:52,305 [INFO] Step 244400: reward=-0.010, dist=0.00
2026-02-28 18:22:53,763 [INFO] Step 244600: reward=-0.010, dist=0.00
2026-02-28 18:23:55,182 [INFO] Step 244800: reward=-0.010, dist=0.00
2026-02-28 18:24:56,652 [INFO] Step 245000: reward=-0.010, dist=0.00
2026-02-28 18:25:58,127 [INFO] Step 245200: reward=-0.010, dist=0.00
2026-02-28 18:26:59,584 [INFO] Step 245400: reward=-0.010, dist=0.00
2026-02-28 18:27:58,348 [INFO] Performing PPO update at global step 1945600
2026-02-28 18:27:58,580 [INFO] PPO losses — policy: 0.0105, value: 0.0040, entropy: -0.7839
2026-02-28 18:27:58,583 [INFO] PPO update completed. Buffer cleared.
2026-02-28 18:28:01,373 [INFO] Step 245600: reward=-0.010, dist=0.00
2026-02-28 18:29:02,774 [INFO] Step 245800: reward=-0.010, dist=0.00
2026-02-28 18:30:04,189 [INFO] Step 246000: reward=-0.010, dist=0.00
2026-02-28 18:31:05,634 [INFO] Step 246200: reward=-0.010, dist=0.00
2026-02-28 18:32:07,063 [INFO] Step 246400: reward=-0.010, dist=0.00
2026-02-28 18:33:08,494 [INFO] Step 246600: reward=-0.010, dist=0.00
2026-02-28 18:34:09,939 [INFO] Step 246800: reward=-0.010, dist=0.00
2026-02-28 18:35:11,355 [INFO] Step 247000: reward=-0.010, dist=0.00
2026-02-28 18:36:12,799 [INFO] Step 247200: reward=-0.010, dist=0.00
2026-02-28 18:37:14,299 [INFO] Step 247400: reward=-0.010, dist=0.00
2026-02-28 18:38:15,729 [INFO] Step 247600: reward=-0.010, dist=0.00
2026-02-28 18:38:27,709 [INFO] Performing PPO update at global step 1947648
2026-02-28 18:38:27,941 [INFO] PPO losses — policy: 0.0051, value: 0.0039, entropy: -0.7682
2026-02-28 18:38:27,946 [INFO] PPO update completed. Buffer cleared.
2026-02-28 18:39:17,419 [INFO] Step 247800: reward=-0.010, dist=0.00
2026-02-28 18:40:18,780 [INFO] Step 248000: reward=-0.010, dist=0.00
2026-02-28 18:41:20,190 [INFO] Step 248200: reward=-0.010, dist=0.00
2026-02-28 18:42:21,623 [INFO] Step 248400: reward=-0.010, dist=0.00
2026-02-28 18:43:23,019 [INFO] Step 248600: reward=-0.010, dist=0.00
2026-02-28 18:44:24,401 [INFO] Step 248800: reward=-0.010, dist=0.00
2026-02-28 18:45:25,818 [INFO] Step 249000: reward=-0.010, dist=0.00
2026-02-28 18:46:27,291 [INFO] Step 249200: reward=-0.010, dist=0.00
2026-02-28 18:47:28,737 [INFO] Step 249400: reward=-0.010, dist=0.00
2026-02-28 18:48:30,208 [INFO] Step 249600: reward=-0.010, dist=0.00
2026-02-28 18:48:56,939 [INFO] Performing PPO update at global step 1949696
2026-02-28 18:48:57,169 [INFO] PPO losses — policy: 0.0136, value: 0.0043, entropy: -0.6855
2026-02-28 18:48:57,174 [INFO] PPO update completed. Buffer cleared.
2026-02-28 18:49:31,910 [INFO] Step 249800: reward=-0.010, dist=0.00
2026-02-28 18:50:30,548 [INFO] Policy action (normalized): v = +0.617, w = -0.431 | Cmd_vel (scaled): v = +0.617 m/s, w = -0.431 rad/s
2026-02-28 18:50:33,315 [INFO] Step 250000: reward=-0.010, dist=0.00
2026-02-28 18:51:34,739 [INFO] Step 250200: reward=-0.010, dist=0.00
2026-02-28 18:52:36,225 [INFO] Step 250400: reward=-0.010, dist=0.00
2026-02-28 18:53:37,671 [INFO] Step 250600: reward=-0.010, dist=0.00
2026-02-28 18:54:39,101 [INFO] Step 250800: reward=-0.010, dist=0.00
2026-02-28 18:55:40,497 [INFO] Step 251000: reward=-0.010, dist=0.00
2026-02-28 18:56:41,917 [INFO] Step 251200: reward=-0.010, dist=0.00
2026-02-28 18:57:43,333 [INFO] Step 251400: reward=-0.010, dist=0.00
2026-02-28 18:58:44,778 [INFO] Step 251600: reward=-0.010, dist=0.00
2026-02-28 18:59:26,245 [INFO] Performing PPO update at global step 1951744
2026-02-28 18:59:26,478 [INFO] PPO losses — policy: 0.0045, value: 0.0043, entropy: -0.7284
2026-02-28 18:59:26,482 [INFO] PPO update completed. Buffer cleared.
2026-02-28 18:59:46,468 [INFO] Step 251800: reward=-0.010, dist=0.00
2026-02-28 19:00:47,910 [INFO] Step 252000: reward=-0.010, dist=0.00
2026-02-28 19:01:49,311 [INFO] Step 252200: reward=-0.010, dist=0.00
2026-02-28 19:02:50,757 [INFO] Step 252400: reward=-0.010, dist=0.00
2026-02-28 19:03:52,180 [INFO] Step 252600: reward=-0.010, dist=0.00
2026-02-28 19:04:53,582 [INFO] Step 252800: reward=-0.010, dist=0.00
2026-02-28 19:05:54,984 [INFO] Step 253000: reward=-0.010, dist=0.00
2026-02-28 19:06:56,396 [INFO] Step 253200: reward=-0.010, dist=0.00
2026-02-28 19:07:57,844 [INFO] Step 253400: reward=-0.010, dist=0.00
2026-02-28 19:08:59,283 [INFO] Step 253600: reward=-0.010, dist=0.00
2026-02-28 19:09:55,536 [INFO] Performing PPO update at global step 1953792
2026-02-28 19:09:55,771 [INFO] PPO losses — policy: 0.0111, value: 0.0037, entropy: -0.7571
2026-02-28 19:09:55,775 [INFO] PPO update completed. Buffer cleared.
2026-02-28 19:10:01,022 [INFO] Step 253800: reward=-0.010, dist=0.00
2026-02-28 19:11:02,389 [INFO] Step 254000: reward=-0.010, dist=0.00
2026-02-28 19:12:03,780 [INFO] Step 254200: reward=-0.010, dist=0.00
2026-02-28 19:13:05,227 [INFO] Step 254400: reward=-0.010, dist=0.00
2026-02-28 19:14:06,645 [INFO] Step 254600: reward=-0.010, dist=0.00
2026-02-28 19:15:08,091 [INFO] Step 254800: reward=-0.010, dist=0.00
2026-02-28 19:16:09,507 [INFO] Step 255000: reward=-0.010, dist=0.00
2026-02-28 19:17:10,901 [INFO] Step 255200: reward=-0.010, dist=0.00
2026-02-28 19:18:12,305 [INFO] Step 255400: reward=-0.010, dist=0.00
2026-02-28 19:19:13,788 [INFO] Step 255600: reward=-0.010, dist=0.00
2026-02-28 19:20:15,220 [INFO] Step 255800: reward=-0.010, dist=0.00
2026-02-28 19:20:24,742 [INFO] Performing PPO update at global step 1955840
2026-02-28 19:20:24,972 [INFO] PPO losses — policy: -0.0005, value: 0.0038, entropy: -0.9068
2026-02-28 19:20:24,976 [INFO] PPO update completed. Buffer cleared.
2026-02-28 19:21:16,879 [INFO] Step 256000: reward=-0.010, dist=0.00
2026-02-28 19:22:18,251 [INFO] Step 256200: reward=-0.010, dist=0.00
2026-02-28 19:23:19,681 [INFO] Step 256400: reward=-0.010, dist=0.00
2026-02-28 19:24:21,050 [INFO] Step 256600: reward=-0.010, dist=0.00
2026-02-28 19:25:22,482 [INFO] Step 256800: reward=-0.010, dist=0.00
2026-02-28 19:26:23,974 [INFO] Step 257000: reward=-0.010, dist=0.00
2026-02-28 19:27:25,369 [INFO] Step 257200: reward=-0.010, dist=0.00
2026-02-28 19:28:26,713 [INFO] Step 257400: reward=-0.010, dist=0.00
2026-02-28 19:29:28,164 [INFO] Step 257600: reward=-0.010, dist=0.00
2026-02-28 19:30:29,654 [INFO] Step 257800: reward=-0.010, dist=0.00
2026-02-28 19:30:53,920 [INFO] Performing PPO update at global step 1957888
2026-02-28 19:30:54,155 [INFO] PPO losses — policy: 0.0072, value: 0.0037, entropy: -0.8421
2026-02-28 19:30:54,159 [INFO] PPO update completed. Buffer cleared.
2026-02-28 19:31:31,311 [INFO] Step 258000: reward=-0.010, dist=0.00
2026-02-28 19:32:32,728 [INFO] Step 258200: reward=-0.010, dist=0.00
2026-02-28 19:33:34,099 [INFO] Step 258400: reward=-0.010, dist=0.00
2026-02-28 19:34:35,520 [INFO] Step 258600: reward=-0.010, dist=0.00
2026-02-28 19:35:36,929 [INFO] Step 258800: reward=-0.010, dist=0.00
2026-02-28 19:36:38,352 [INFO] Step 259000: reward=-0.010, dist=0.00
2026-02-28 19:37:39,835 [INFO] Step 259200: reward=-0.010, dist=0.00
2026-02-28 19:38:41,282 [INFO] Step 259400: reward=-0.010, dist=0.00
2026-02-28 19:39:42,697 [INFO] Step 259600: reward=-0.010, dist=0.00
2026-02-28 19:40:44,129 [INFO] Step 259800: reward=-0.010, dist=0.00
2026-02-28 19:41:23,191 [INFO] Performing PPO update at global step 1959936
2026-02-28 19:41:23,421 [INFO] PPO losses — policy: 0.0099, value: 0.0037, entropy: -0.7970
2026-02-28 19:41:23,425 [INFO] PPO update completed. Buffer cleared.
2026-02-28 19:41:43,096 [INFO] Policy action (normalized): v = +0.513, w = +0.450 | Cmd_vel (scaled): v = +0.513 m/s, w = +0.450 rad/s
2026-02-28 19:41:45,894 [INFO] Step 260000: reward=-0.010, dist=0.00
2026-02-28 19:42:47,337 [INFO] Step 260200: reward=-0.010, dist=0.00
2026-02-28 19:43:48,751 [INFO] Step 260400: reward=-0.010, dist=0.00
2026-02-28 19:44:50,197 [INFO] Step 260600: reward=-0.010, dist=0.00
2026-02-28 19:45:51,665 [INFO] Step 260800: reward=-0.010, dist=0.00
2026-02-28 19:46:53,093 [INFO] Step 261000: reward=-0.010, dist=0.00
2026-02-28 19:47:54,534 [INFO] Step 261200: reward=-0.010, dist=0.00
2026-02-28 19:48:55,988 [INFO] Step 261400: reward=-0.010, dist=0.00
2026-02-28 19:49:57,364 [INFO] Step 261600: reward=-0.010, dist=0.00
2026-02-28 19:50:58,838 [INFO] Step 261800: reward=-0.010, dist=0.00
2026-02-28 19:51:52,646 [INFO] Performing PPO update at global step 1961984
2026-02-28 19:51:52,877 [INFO] PPO losses — policy: 0.0068, value: 0.0037, entropy: -0.8575
2026-02-28 19:51:52,881 [INFO] PPO update completed. Buffer cleared.
2026-02-28 19:52:00,584 [INFO] Step 262000: reward=-0.010, dist=0.00
2026-02-28 19:53:02,030 [INFO] Step 262200: reward=-0.010, dist=0.00
2026-02-28 19:54:03,467 [INFO] Step 262400: reward=-0.010, dist=0.00
2026-02-28 19:55:04,927 [INFO] Step 262600: reward=-0.010, dist=0.00
2026-02-28 19:56:06,315 [INFO] Step 262800: reward=-0.010, dist=0.00
2026-02-28 19:57:07,743 [INFO] Step 263000: reward=-0.010, dist=0.00
2026-02-28 19:58:09,151 [INFO] Step 263200: reward=-0.010, dist=0.00
2026-02-28 19:59:10,621 [INFO] Step 263400: reward=-0.010, dist=0.00
2026-02-28 20:00:12,090 [INFO] Step 263600: reward=-0.010, dist=0.00
2026-02-28 20:01:13,498 [INFO] Step 263800: reward=-0.010, dist=0.00
2026-02-28 20:02:14,940 [INFO] Step 264000: reward=-0.010, dist=0.00
2026-02-28 20:02:21,993 [INFO] Performing PPO update at global step 1964032
2026-02-28 20:02:22,230 [INFO] PPO losses — policy: 0.0087, value: 0.0036, entropy: -1.0517
2026-02-28 20:02:22,234 [INFO] PPO update completed. Buffer cleared.
2026-02-28 20:03:16,639 [INFO] Step 264200: reward=-0.010, dist=0.00
2026-02-28 20:04:18,078 [INFO] Step 264400: reward=-0.010, dist=0.00
2026-02-28 20:05:19,502 [INFO] Step 264600: reward=-0.010, dist=0.00
2026-02-28 20:06:20,933 [INFO] Step 264800: reward=-0.010, dist=0.00
2026-02-28 20:07:22,340 [INFO] Step 265000: reward=-0.010, dist=0.00
2026-02-28 20:08:23,775 [INFO] Step 265200: reward=-0.010, dist=0.00
2026-02-28 20:09:25,217 [INFO] Step 265400: reward=-0.010, dist=0.00
2026-02-28 20:10:26,678 [INFO] Step 265600: reward=-0.010, dist=0.00
2026-02-28 20:11:28,165 [INFO] Step 265800: reward=-0.010, dist=0.00
2026-02-28 20:12:29,584 [INFO] Step 266000: reward=-0.010, dist=0.00
2026-02-28 20:12:51,418 [INFO] Performing PPO update at global step 1966080
2026-02-28 20:12:51,667 [INFO] PPO losses — policy: 0.0058, value: 0.0037, entropy: -1.1127
2026-02-28 20:12:51,671 [INFO] PPO update completed. Buffer cleared.
2026-02-28 20:13:31,277 [INFO] Step 266200: reward=-0.010, dist=0.00
2026-02-28 20:14:32,688 [INFO] Step 266400: reward=-0.010, dist=0.00
2026-02-28 20:15:34,073 [INFO] Step 266600: reward=-0.010, dist=0.00
2026-02-28 20:16:35,534 [INFO] Step 266800: reward=-0.010, dist=0.00
2026-02-28 20:17:37,021 [INFO] Step 267000: reward=-0.010, dist=0.00
2026-02-28 20:18:38,482 [INFO] Step 267200: reward=-0.010, dist=0.00
2026-02-28 20:19:39,919 [INFO] Step 267400: reward=-0.010, dist=0.00
2026-02-28 20:20:41,316 [INFO] Step 267600: reward=-0.010, dist=0.00
2026-02-28 20:21:42,801 [INFO] Step 267800: reward=-0.010, dist=0.00
2026-02-28 20:22:44,276 [INFO] Step 268000: reward=-0.010, dist=0.00
2026-02-28 20:23:20,841 [INFO] Performing PPO update at global step 1968128
2026-02-28 20:23:21,081 [INFO] PPO losses — policy: 0.0098, value: 0.0039, entropy: -1.0019
2026-02-28 20:23:21,085 [INFO] PPO update completed. Buffer cleared.
2026-02-28 20:23:46,005 [INFO] Step 268200: reward=-0.010, dist=0.00
2026-02-28 20:24:47,413 [INFO] Step 268400: reward=-0.010, dist=0.00
2026-02-28 20:25:48,807 [INFO] Step 268600: reward=-0.010, dist=0.00
2026-02-28 20:26:50,230 [INFO] Step 268800: reward=-0.010, dist=0.00
2026-02-28 20:27:51,666 [INFO] Step 269000: reward=-0.010, dist=0.00
2026-02-28 20:28:53,134 [INFO] Step 269200: reward=-0.010, dist=0.00
2026-02-28 20:29:54,583 [INFO] Step 269400: reward=-0.010, dist=0.00
2026-02-28 20:30:56,009 [INFO] Step 269600: reward=-0.010, dist=0.00
2026-02-28 20:31:57,396 [INFO] Step 269800: reward=-0.010, dist=0.00
2026-02-28 20:32:56,099 [INFO] Policy action (normalized): v = +0.531, w = +0.365 | Cmd_vel (scaled): v = +0.531 m/s, w = +0.365 rad/s
2026-02-28 20:32:58,869 [INFO] Step 270000: reward=-0.010, dist=0.00
2026-02-28 20:33:50,190 [INFO] Performing PPO update at global step 1970176
2026-02-28 20:33:50,420 [INFO] PPO losses — policy: 0.0063, value: 0.0040, entropy: -1.0429
2026-02-28 20:33:50,424 [INFO] PPO update completed. Buffer cleared.
2026-02-28 20:34:00,580 [INFO] Step 270200: reward=-0.010, dist=0.00
2026-02-28 20:35:02,000 [INFO] Step 270400: reward=-0.010, dist=0.00
2026-02-28 20:36:03,429 [INFO] Step 270600: reward=-0.010, dist=0.00
2026-02-28 20:37:04,844 [INFO] Step 270800: reward=-0.010, dist=0.00
2026-02-28 20:38:06,319 [INFO] Step 271000: reward=-0.010, dist=0.00
2026-02-28 20:39:07,755 [INFO] Step 271200: reward=-0.010, dist=0.00
2026-02-28 20:40:09,240 [INFO] Step 271400: reward=-0.010, dist=0.00
2026-02-28 20:41:10,738 [INFO] Step 271600: reward=-0.010, dist=0.00
2026-02-28 20:42:12,184 [INFO] Step 271800: reward=-0.010, dist=0.00
2026-02-28 20:43:13,620 [INFO] Step 272000: reward=-0.010, dist=0.00
2026-02-28 20:44:15,031 [INFO] Step 272200: reward=-0.010, dist=0.00
2026-02-28 20:44:19,642 [INFO] Performing PPO update at global step 1972224
2026-02-28 20:44:19,872 [INFO] PPO losses — policy: 0.0098, value: 0.0039, entropy: -1.0442
2026-02-28 20:44:19,877 [INFO] PPO update completed. Buffer cleared.
2026-02-28 20:45:16,749 [INFO] Step 272400: reward=-0.010, dist=0.00
2026-02-28 20:46:18,170 [INFO] Step 272600: reward=-0.010, dist=0.00
2026-02-28 20:47:19,564 [INFO] Step 272800: reward=-0.010, dist=0.00
2026-02-28 20:48:20,946 [INFO] Step 273000: reward=-0.010, dist=0.00
2026-02-28 20:49:22,416 [INFO] Step 273200: reward=-0.010, dist=0.00
2026-02-28 20:50:23,833 [INFO] Step 273400: reward=-0.010, dist=0.00
2026-02-28 20:51:25,263 [INFO] Step 273600: reward=-0.010, dist=0.00
2026-02-28 20:52:26,734 [INFO] Step 273800: reward=-0.010, dist=0.00
2026-02-28 20:53:28,192 [INFO] Step 274000: reward=-0.010, dist=0.00
2026-02-28 20:54:29,620 [INFO] Step 274200: reward=-0.010, dist=0.00
2026-02-28 20:54:48,954 [INFO] Performing PPO update at global step 1974272
2026-02-28 20:54:49,184 [INFO] PPO losses — policy: 0.0081, value: 0.0039, entropy: -1.0899
2026-02-28 20:54:49,188 [INFO] PPO update completed. Buffer cleared.
2026-02-28 20:55:31,284 [INFO] Step 274400: reward=-0.010, dist=0.00
2026-02-28 20:56:32,686 [INFO] Step 274600: reward=-0.010, dist=0.00
2026-02-28 20:57:34,096 [INFO] Step 274800: reward=-0.010, dist=0.00
2026-02-28 20:58:35,535 [INFO] Step 275000: reward=-0.010, dist=0.00
2026-02-28 20:59:36,978 [INFO] Step 275200: reward=-0.010, dist=0.00
2026-02-28 21:00:38,429 [INFO] Step 275400: reward=-0.010, dist=0.00
2026-02-28 21:01:39,914 [INFO] Step 275600: reward=-0.010, dist=0.00
2026-02-28 21:02:41,324 [INFO] Step 275800: reward=-0.010, dist=0.00
2026-02-28 21:03:42,745 [INFO] Step 276000: reward=-0.010, dist=0.00
2026-02-28 21:04:44,202 [INFO] Step 276200: reward=-0.010, dist=0.00
2026-02-28 21:05:18,282 [INFO] Performing PPO update at global step 1976320
2026-02-28 21:05:18,515 [INFO] PPO losses — policy: 0.0138, value: 0.0041, entropy: -1.1681
2026-02-28 21:05:18,519 [INFO] PPO update completed. Buffer cleared.
2026-02-28 21:05:45,859 [INFO] Step 276400: reward=-0.010, dist=0.00
2026-02-28 21:06:47,295 [INFO] Step 276600: reward=-0.010, dist=0.00
2026-02-28 21:07:48,695 [INFO] Step 276800: reward=-0.010, dist=0.00
2026-02-28 21:08:50,132 [INFO] Step 277000: reward=-0.010, dist=0.00
2026-02-28 21:09:51,571 [INFO] Step 277200: reward=-0.010, dist=0.00
2026-02-28 21:10:53,022 [INFO] Step 277400: reward=-0.010, dist=0.00
2026-02-28 21:11:54,492 [INFO] Step 277600: reward=-0.010, dist=0.00
2026-02-28 21:12:55,922 [INFO] Step 277800: reward=-0.010, dist=0.00
2026-02-28 21:13:57,342 [INFO] Step 278000: reward=-0.010, dist=0.00
2026-02-28 21:14:58,811 [INFO] Step 278200: reward=-0.010, dist=0.00
2026-02-28 21:15:47,655 [INFO] Performing PPO update at global step 1978368
2026-02-28 21:15:47,888 [INFO] PPO losses — policy: 0.0048, value: 0.0039, entropy: -1.1829
2026-02-28 21:15:47,892 [INFO] PPO update completed. Buffer cleared.
2026-02-28 21:16:00,514 [INFO] Step 278400: reward=-0.010, dist=0.00
2026-02-28 21:17:01,938 [INFO] Step 278600: reward=-0.010, dist=0.00
2026-02-28 21:18:03,361 [INFO] Step 278800: reward=-0.010, dist=0.00
2026-02-28 21:19:04,758 [INFO] Step 279000: reward=-0.010, dist=0.00
2026-02-28 21:20:06,123 [INFO] Step 279200: reward=-0.010, dist=0.00
2026-02-28 21:21:07,502 [INFO] Step 279400: reward=-0.010, dist=0.00
2026-02-28 21:22:08,893 [INFO] Step 279600: reward=-0.010, dist=0.00
2026-02-28 21:23:10,347 [INFO] Step 279800: reward=-0.010, dist=0.00
2026-02-28 21:24:09,001 [INFO] Policy action (normalized): v = +0.545, w = +0.610 | Cmd_vel (scaled): v = +0.545 m/s, w = +0.610 rad/s
2026-02-28 21:24:11,767 [INFO] Step 280000: reward=-0.010, dist=0.00
2026-02-28 21:25:13,200 [INFO] Step 280200: reward=-0.010, dist=0.00
2026-02-28 21:26:14,659 [INFO] Step 280400: reward=-0.010, dist=0.00
2026-02-28 21:26:16,811 [INFO] Performing PPO update at global step 1980416
2026-02-28 21:26:17,042 [INFO] PPO losses — policy: 0.0052, value: 0.0040, entropy: -1.0552
2026-02-28 21:26:17,047 [INFO] PPO update completed. Buffer cleared.
2026-02-28 21:27:16,353 [INFO] Step 280600: reward=-0.010, dist=0.00
2026-02-28 21:28:17,740 [INFO] Step 280800: reward=-0.010, dist=0.00
2026-02-28 21:29:19,135 [INFO] Step 281000: reward=-0.010, dist=0.00
2026-02-28 21:30:20,515 [INFO] Step 281200: reward=-0.010, dist=0.00
2026-02-28 21:31:21,934 [INFO] Step 281400: reward=-0.010, dist=0.00
2026-02-28 21:32:23,388 [INFO] Step 281600: reward=-0.010, dist=0.00
2026-02-28 21:33:24,810 [INFO] Step 281800: reward=-0.010, dist=0.00
2026-02-28 21:34:26,270 [INFO] Step 282000: reward=-0.010, dist=0.00
2026-02-28 21:35:27,723 [INFO] Step 282200: reward=-0.010, dist=0.00
2026-02-28 21:36:29,180 [INFO] Step 282400: reward=-0.010, dist=0.00
2026-02-28 21:36:46,076 [INFO] Performing PPO update at global step 1982464
2026-02-28 21:36:46,308 [INFO] PPO losses — policy: 0.0064, value: 0.0039, entropy: -0.9861
2026-02-28 21:36:46,312 [INFO] PPO update completed. Buffer cleared.
2026-02-28 21:37:30,854 [INFO] Step 282600: reward=-0.010, dist=0.00
2026-02-28 21:38:32,206 [INFO] Step 282800: reward=-0.010, dist=0.00
2026-02-28 21:39:33,623 [INFO] Step 283000: reward=-0.010, dist=0.00
2026-02-28 21:40:35,040 [INFO] Step 283200: reward=-0.010, dist=0.00
2026-02-28 21:41:36,463 [INFO] Step 283400: reward=-0.010, dist=0.00
2026-02-28 21:42:37,837 [INFO] Step 283600: reward=-0.010, dist=0.00
2026-02-28 21:43:39,223 [INFO] Step 283800: reward=-0.010, dist=0.00
2026-02-28 21:44:40,686 [INFO] Step 284000: reward=-0.010, dist=0.00
2026-02-28 21:45:42,143 [INFO] Step 284200: reward=-0.010, dist=0.00
2026-02-28 21:46:43,551 [INFO] Step 284400: reward=-0.010, dist=0.00
2026-02-28 21:47:15,185 [INFO] Performing PPO update at global step 1984512
2026-02-28 21:47:15,415 [INFO] PPO losses — policy: 0.0064, value: 0.0039, entropy: -0.9646
2026-02-28 21:47:15,419 [INFO] PPO update completed. Buffer cleared.
2026-02-28 21:47:45,222 [INFO] Step 284600: reward=-0.010, dist=0.00
2026-02-28 21:48:46,670 [INFO] Step 284800: reward=-0.010, dist=0.00
2026-02-28 21:49:48,124 [INFO] Step 285000: reward=-0.010, dist=0.00
2026-02-28 21:50:49,551 [INFO] Step 285200: reward=-0.010, dist=0.00
2026-02-28 21:51:51,029 [INFO] Step 285400: reward=-0.010, dist=0.00
2026-02-28 21:52:52,399 [INFO] Step 285600: reward=-0.010, dist=0.00
2026-02-28 21:53:53,803 [INFO] Step 285800: reward=-0.010, dist=0.00
2026-02-28 21:54:55,249 [INFO] Step 286000: reward=-0.010, dist=0.00
2026-02-28 21:55:56,732 [INFO] Step 286200: reward=-0.010, dist=0.00
2026-02-28 21:56:58,190 [INFO] Step 286400: reward=-0.010, dist=0.00
2026-02-28 21:57:44,620 [INFO] Performing PPO update at global step 1986560
2026-02-28 21:57:44,848 [INFO] PPO losses — policy: 0.0059, value: 0.0038, entropy: -1.1045
2026-02-28 21:57:44,852 [INFO] PPO update completed. Buffer cleared.
2026-02-28 21:57:59,937 [INFO] Step 286600: reward=-0.010, dist=0.00
2026-02-28 21:59:01,332 [INFO] Step 286800: reward=-0.010, dist=0.00
2026-02-28 22:00:02,767 [INFO] Step 287000: reward=-0.010, dist=0.00
2026-02-28 22:01:04,199 [INFO] Step 287200: reward=-0.010, dist=0.00
2026-02-28 22:02:05,643 [INFO] Step 287400: reward=-0.010, dist=0.00
2026-02-28 22:03:07,117 [INFO] Step 287600: reward=-0.010, dist=0.00
2026-02-28 22:04:08,578 [INFO] Step 287800: reward=-0.010, dist=0.00
2026-02-28 22:05:10,026 [INFO] Step 288000: reward=-0.010, dist=0.00
2026-02-28 22:06:11,484 [INFO] Step 288200: reward=-0.010, dist=0.00
2026-02-28 22:07:12,908 [INFO] Step 288400: reward=-0.010, dist=0.00
2026-02-28 22:08:14,053 [INFO] Performing PPO update at global step 1988608
2026-02-28 22:08:14,280 [INFO] PPO losses — policy: 0.0124, value: 0.0038, entropy: -1.1716
2026-02-28 22:08:14,284 [INFO] PPO update completed. Buffer cleared.
2026-02-28 22:08:14,591 [INFO] Step 288600: reward=-0.010, dist=0.00
2026-02-28 22:09:16,026 [INFO] Step 288800: reward=-0.010, dist=0.00
2026-02-28 22:10:17,422 [INFO] Step 289000: reward=-0.010, dist=0.00
2026-02-28 22:11:18,813 [INFO] Step 289200: reward=-0.010, dist=0.00
2026-02-28 22:12:20,220 [INFO] Step 289400: reward=-0.010, dist=0.00
2026-02-28 22:13:21,649 [INFO] Step 289600: reward=-0.010, dist=0.00
2026-02-28 22:14:23,098 [INFO] Step 289800: reward=-0.010, dist=0.00
2026-02-28 22:15:21,837 [INFO] Policy action (normalized): v = +0.559, w = -0.756 | Cmd_vel (scaled): v = +0.559 m/s, w = -0.756 rad/s
2026-02-28 22:15:24,606 [INFO] Step 290000: reward=-0.010, dist=0.00
2026-02-28 22:16:26,044 [INFO] Step 290200: reward=-0.010, dist=0.00
2026-02-28 22:17:27,502 [INFO] Step 290400: reward=-0.010, dist=0.00
2026-02-28 22:18:28,954 [INFO] Step 290600: reward=-0.010, dist=0.00
2026-02-28 22:18:43,398 [INFO] Performing PPO update at global step 1990656
2026-02-28 22:18:43,629 [INFO] PPO losses — policy: 0.0128, value: 0.0038, entropy: -1.1130
2026-02-28 22:18:43,633 [INFO] PPO update completed. Buffer cleared.
2026-02-28 22:19:30,629 [INFO] Step 290800: reward=-0.010, dist=0.00
2026-02-28 22:20:32,041 [INFO] Step 291000: reward=-0.010, dist=0.00
2026-02-28 22:21:33,429 [INFO] Step 291200: reward=-0.010, dist=0.00
2026-02-28 22:22:34,884 [INFO] Step 291400: reward=-0.010, dist=0.00
2026-02-28 22:23:36,301 [INFO] Step 291600: reward=-0.010, dist=0.00
2026-02-28 22:24:37,721 [INFO] Step 291800: reward=-0.010, dist=0.00
2026-02-28 22:25:39,153 [INFO] Step 292000: reward=-0.010, dist=0.00
2026-02-28 22:26:40,607 [INFO] Step 292200: reward=-0.010, dist=0.00
2026-02-28 22:27:42,056 [INFO] Step 292400: reward=-0.010, dist=0.00
2026-02-28 22:28:43,491 [INFO] Step 292600: reward=-0.010, dist=0.00
2026-02-28 22:29:12,713 [INFO] Performing PPO update at global step 1992704
2026-02-28 22:29:12,957 [INFO] PPO losses — policy: 0.0122, value: 0.0038, entropy: -0.9468
2026-02-28 22:29:12,960 [INFO] PPO update completed. Buffer cleared.
2026-02-28 22:29:45,238 [INFO] Step 292800: reward=-0.010, dist=0.00
2026-02-28 22:30:46,693 [INFO] Step 293000: reward=-0.010, dist=0.00
2026-02-28 22:31:48,138 [INFO] Step 293200: reward=-0.010, dist=0.00
2026-02-28 22:32:49,687 [INFO] Step 293400: reward=-0.010, dist=0.00
2026-02-28 22:33:51,183 [INFO] Step 293600: reward=-0.010, dist=0.00
2026-02-28 22:34:52,620 [INFO] Step 293800: reward=-0.010, dist=0.00
2026-02-28 22:35:54,041 [INFO] Step 294000: reward=-0.010, dist=0.00
2026-02-28 22:36:55,484 [INFO] Step 294200: reward=-0.010, dist=0.00
2026-02-28 22:37:56,914 [INFO] Step 294400: reward=-0.010, dist=0.00
2026-02-28 22:38:58,365 [INFO] Step 294600: reward=-0.010, dist=0.00
2026-02-28 22:39:42,334 [INFO] Performing PPO update at global step 1994752
2026-02-28 22:39:42,573 [INFO] PPO losses — policy: 0.0062, value: 0.0037, entropy: -1.0592
2026-02-28 22:39:42,577 [INFO] PPO update completed. Buffer cleared.
2026-02-28 22:40:00,121 [INFO] Step 294800: reward=-0.010, dist=0.00
2026-02-28 22:41:01,500 [INFO] Step 295000: reward=-0.010, dist=0.00
2026-02-28 22:42:02,920 [INFO] Step 295200: reward=-0.010, dist=0.00
2026-02-28 22:43:04,326 [INFO] Step 295400: reward=-0.010, dist=0.00
2026-02-28 22:44:05,704 [INFO] Step 295600: reward=-0.010, dist=0.00
2026-02-28 22:45:07,135 [INFO] Step 295800: reward=-0.010, dist=0.00
2026-02-28 22:46:08,581 [INFO] Step 296000: reward=-0.010, dist=0.00
2026-02-28 22:47:10,036 [INFO] Step 296200: reward=-0.010, dist=0.00
2026-02-28 22:48:11,484 [INFO] Step 296400: reward=-0.010, dist=0.00
2026-02-28 22:49:12,849 [INFO] Step 296600: reward=-0.010, dist=0.00
2026-02-28 22:50:11,536 [INFO] Performing PPO update at global step 1996800
2026-02-28 22:50:11,765 [INFO] PPO losses — policy: 0.0104, value: 0.0040, entropy: -1.1084
2026-02-28 22:50:11,769 [INFO] PPO update completed. Buffer cleared.
2026-02-28 22:50:14,557 [INFO] Step 296800: reward=-0.010, dist=0.00
2026-02-28 22:51:15,927 [INFO] Step 297000: reward=-0.010, dist=0.00
2026-02-28 22:52:17,331 [INFO] Step 297200: reward=-0.010, dist=0.00
2026-02-28 22:53:18,748 [INFO] Step 297400: reward=-0.010, dist=0.00
2026-02-28 22:54:20,153 [INFO] Step 297600: reward=-0.010, dist=0.00
2026-02-28 22:55:21,605 [INFO] Step 297800: reward=-0.010, dist=0.00
2026-02-28 22:56:23,061 [INFO] Step 298000: reward=-0.010, dist=0.00
2026-02-28 22:57:24,511 [INFO] Step 298200: reward=-0.010, dist=0.00
2026-02-28 22:58:26,029 [INFO] Step 298400: reward=-0.010, dist=0.00
2026-02-28 22:59:27,472 [INFO] Step 298600: reward=-0.010, dist=0.00
2026-02-28 23:00:28,927 [INFO] Step 298800: reward=-0.010, dist=0.00
2026-02-28 23:00:40,915 [INFO] Performing PPO update at global step 1998848
2026-02-28 23:00:41,146 [INFO] PPO losses — policy: 0.0036, value: 0.0039, entropy: -1.0209
2026-02-28 23:00:41,150 [INFO] PPO update completed. Buffer cleared.
2026-02-28 23:01:30,584 [INFO] Step 299000: reward=-0.010, dist=0.00
2026-02-28 23:02:31,953 [INFO] Step 299200: reward=-0.010, dist=0.00
2026-02-28 23:03:33,377 [INFO] Step 299400: reward=-0.010, dist=0.00
2026-02-28 23:04:34,809 [INFO] Step 299600: reward=-0.010, dist=0.00
2026-02-28 23:05:36,234 [INFO] Step 299800: reward=-0.010, dist=0.00
2026-02-28 23:06:34,930 [INFO] Policy action (normalized): v = +0.529, w = -0.412 | Cmd_vel (scaled): v = +0.529 m/s, w = -0.412 rad/s
2026-02-28 23:06:37,692 [INFO] Step 300000: reward=-0.010, dist=0.00
2026-02-28 23:07:39,107 [INFO] Step 300200: reward=-0.010, dist=0.00
2026-02-28 23:08:40,617 [INFO] Step 300400: reward=-0.010, dist=0.00
2026-02-28 23:09:42,053 [INFO] Step 300600: reward=-0.010, dist=0.00
2026-02-28 23:10:43,502 [INFO] Step 300800: reward=-0.010, dist=0.00
2026-02-28 23:11:10,245 [INFO] Performing PPO update at global step 2000896
2026-02-28 23:11:10,486 [INFO] PPO losses — policy: 0.0181, value: 0.0040, entropy: -1.1649
2026-02-28 23:11:10,490 [INFO] PPO update completed. Buffer cleared.
2026-02-28 23:11:45,246 [INFO] Step 301000: reward=-0.010, dist=0.00
2026-02-28 23:12:46,698 [INFO] Step 301200: reward=-0.010, dist=0.00
2026-02-28 23:13:48,122 [INFO] Step 301400: reward=-0.010, dist=0.00
2026-02-28 23:14:49,550 [INFO] Step 301600: reward=-0.010, dist=0.00
2026-02-28 23:15:50,990 [INFO] Step 301800: reward=-0.010, dist=0.00
2026-02-28 23:16:52,352 [INFO] Step 302000: reward=-0.010, dist=0.00
2026-02-28 23:17:53,747 [INFO] Step 302200: reward=-0.010, dist=0.00
2026-02-28 23:18:55,130 [INFO] Step 302400: reward=-0.010, dist=0.00
2026-02-28 23:19:56,522 [INFO] Step 302600: reward=-0.010, dist=0.00
2026-02-28 23:20:57,963 [INFO] Step 302800: reward=-0.010, dist=0.00
2026-02-28 23:21:39,441 [INFO] Performing PPO update at global step 2002944
2026-02-28 23:21:39,677 [INFO] PPO losses — policy: 0.0032, value: 0.0041, entropy: -1.1606
2026-02-28 23:21:39,680 [INFO] PPO update completed. Buffer cleared.
2026-02-28 23:21:59,661 [INFO] Step 303000: reward=-0.010, dist=0.00
2026-02-28 23:23:01,109 [INFO] Step 303200: reward=-0.010, dist=0.00
2026-02-28 23:24:02,531 [INFO] Step 303400: reward=-0.010, dist=0.00
2026-02-28 23:25:03,957 [INFO] Step 303600: reward=-0.010, dist=0.00
2026-02-28 23:26:05,391 [INFO] Step 303800: reward=-0.010, dist=0.00
2026-02-28 23:27:06,818 [INFO] Step 304000: reward=-0.010, dist=0.00
2026-02-28 23:28:08,248 [INFO] Step 304200: reward=-0.010, dist=0.00
2026-02-28 23:29:09,694 [INFO] Step 304400: reward=-0.010, dist=0.00
2026-02-28 23:30:11,101 [INFO] Step 304600: reward=-0.010, dist=0.00
2026-02-28 23:31:12,535 [INFO] Step 304800: reward=-0.010, dist=0.00
2026-02-28 23:32:08,768 [INFO] Performing PPO update at global step 2004992
2026-02-28 23:32:09,009 [INFO] PPO losses — policy: 0.0008, value: 0.0039, entropy: -1.1692
2026-02-28 23:32:09,014 [INFO] PPO update completed. Buffer cleared.
2026-02-28 23:32:14,273 [INFO] Step 305000: reward=-0.010, dist=0.00
2026-02-28 23:33:15,651 [INFO] Step 305200: reward=-0.010, dist=0.00
2026-02-28 23:34:17,018 [INFO] Step 305400: reward=-0.010, dist=0.00
2026-02-28 23:35:18,474 [INFO] Step 305600: reward=-0.010, dist=0.00
2026-02-28 23:36:19,902 [INFO] Step 305800: reward=-0.010, dist=0.00
2026-02-28 23:37:21,288 [INFO] Step 306000: reward=-0.010, dist=0.00
2026-02-28 23:38:22,679 [INFO] Step 306200: reward=-0.010, dist=0.00
2026-02-28 23:39:24,073 [INFO] Step 306400: reward=-0.010, dist=0.00
2026-02-28 23:40:25,461 [INFO] Step 306600: reward=-0.010, dist=0.00
2026-02-28 23:41:26,887 [INFO] Step 306800: reward=-0.010, dist=0.00
2026-02-28 23:42:28,355 [INFO] Step 307000: reward=-0.010, dist=0.00
2026-02-28 23:42:37,878 [INFO] Performing PPO update at global step 2007040
2026-02-28 23:42:38,105 [INFO] PPO losses — policy: 0.0104, value: 0.0040, entropy: -1.2840
2026-02-28 23:42:38,109 [INFO] PPO update completed. Buffer cleared.
2026-02-28 23:43:30,003 [INFO] Step 307200: reward=-0.010, dist=0.00
2026-02-28 23:44:31,373 [INFO] Step 307400: reward=-0.010, dist=0.00
2026-02-28 23:45:32,792 [INFO] Step 307600: reward=-0.010, dist=0.00
2026-02-28 23:46:34,259 [INFO] Step 307800: reward=-0.010, dist=0.00
2026-02-28 23:47:35,739 [INFO] Step 308000: reward=-0.010, dist=0.00
2026-02-28 23:48:37,151 [INFO] Step 308200: reward=-0.010, dist=0.00
2026-02-28 23:49:38,530 [INFO] Step 308400: reward=-0.010, dist=0.00
2026-02-28 23:50:39,932 [INFO] Step 308600: reward=-0.010, dist=0.00
2026-02-28 23:51:41,384 [INFO] Step 308800: reward=-0.010, dist=0.00
2026-02-28 23:52:42,818 [INFO] Step 309000: reward=-0.010, dist=0.00
2026-02-28 23:53:07,074 [INFO] Performing PPO update at global step 2009088
2026-02-28 23:53:07,307 [INFO] PPO losses — policy: 0.0070, value: 0.0041, entropy: -1.2964
2026-02-28 23:53:07,311 [INFO] PPO update completed. Buffer cleared.
2026-02-28 23:53:44,504 [INFO] Step 309200: reward=-0.010, dist=0.00
2026-02-28 23:54:45,918 [INFO] Step 309400: reward=-0.010, dist=0.00
2026-02-28 23:55:47,384 [INFO] Step 309600: reward=-0.010, dist=0.00
2026-02-28 23:56:48,774 [INFO] Step 309800: reward=-0.010, dist=0.00
2026-02-28 23:57:47,416 [INFO] Policy action (normalized): v = +0.548, w = +0.001 | Cmd_vel (scaled): v = +0.548 m/s, w = +0.001 rad/s
2026-02-28 23:57:50,184 [INFO] Step 310000: reward=-0.010, dist=0.00
2026-02-28 23:58:51,626 [INFO] Step 310200: reward=-0.010, dist=0.00
2026-02-28 23:59:53,111 [INFO] Step 310400: reward=-0.010, dist=0.00
2026-03-01 00:00:54,494 [INFO] Step 310600: reward=-0.010, dist=0.00
2026-03-01 00:01:55,937 [INFO] Step 310800: reward=-0.010, dist=0.00
2026-03-01 00:02:57,376 [INFO] Step 311000: reward=-0.010, dist=0.00
2026-03-01 00:03:36,414 [INFO] Performing PPO update at global step 2011136
2026-03-01 00:03:36,649 [INFO] PPO losses — policy: 0.0115, value: 0.0039, entropy: -1.3647
2026-03-01 00:03:36,652 [INFO] PPO update completed. Buffer cleared.
2026-03-01 00:03:59,084 [INFO] Step 311200: reward=-0.010, dist=0.00
2026-03-01 00:05:00,489 [INFO] Step 311400: reward=-0.010, dist=0.00
2026-03-01 00:06:01,915 [INFO] Step 311600: reward=-0.010, dist=0.00
2026-03-01 00:07:03,364 [INFO] Step 311800: reward=-0.010, dist=0.00
2026-03-01 00:08:04,785 [INFO] Step 312000: reward=-0.010, dist=0.00
2026-03-01 00:09:06,157 [INFO] Step 312200: reward=-0.010, dist=0.00
2026-03-01 00:10:07,563 [INFO] Step 312400: reward=-0.010, dist=0.00
2026-03-01 00:11:08,973 [INFO] Step 312600: reward=-0.010, dist=0.00
2026-03-01 00:12:10,314 [INFO] Step 312800: reward=-0.010, dist=0.00
2026-03-01 00:13:11,696 [INFO] Step 313000: reward=-0.010, dist=0.00
2026-03-01 00:14:05,437 [INFO] Performing PPO update at global step 2013184
2026-03-01 00:14:05,672 [INFO] PPO losses — policy: 0.0039, value: 0.0047, entropy: -1.3959
2026-03-01 00:14:05,675 [INFO] PPO update completed. Buffer cleared.
2026-03-01 00:14:13,369 [INFO] Step 313200: reward=-0.010, dist=0.00
2026-03-01 00:15:14,746 [INFO] Step 313400: reward=-0.010, dist=0.00
2026-03-01 00:16:16,195 [INFO] Step 313600: reward=-0.010, dist=0.00
2026-03-01 00:17:17,634 [INFO] Step 313800: reward=-0.010, dist=0.00
2026-03-01 00:18:19,036 [INFO] Step 314000: reward=-0.010, dist=0.00
2026-03-01 00:19:20,422 [INFO] Step 314200: reward=-0.010, dist=0.00
2026-03-01 00:20:21,877 [INFO] Step 314400: reward=-0.010, dist=0.00
2026-03-01 00:21:23,341 [INFO] Step 314600: reward=-0.010, dist=0.00
2026-03-01 00:22:24,810 [INFO] Step 314800: reward=-0.010, dist=0.00
2026-03-01 00:23:26,260 [INFO] Step 315000: reward=-0.010, dist=0.00
2026-03-01 00:24:27,676 [INFO] Step 315200: reward=-0.010, dist=0.00
2026-03-01 00:24:34,743 [INFO] Performing PPO update at global step 2015232
2026-03-01 00:24:34,978 [INFO] PPO losses — policy: 0.0143, value: 0.0039, entropy: -1.3997
2026-03-01 00:24:34,982 [INFO] PPO update completed. Buffer cleared.
2026-03-01 00:25:29,379 [INFO] Step 315400: reward=-0.010, dist=0.00
2026-03-01 00:26:30,807 [INFO] Step 315600: reward=-0.010, dist=0.00
2026-03-01 00:27:32,180 [INFO] Step 315800: reward=-0.010, dist=0.00
2026-03-01 00:28:33,639 [INFO] Step 316000: reward=-0.010, dist=0.00
2026-03-01 00:29:35,097 [INFO] Step 316200: reward=-0.010, dist=0.00
2026-03-01 00:30:36,570 [INFO] Step 316400: reward=-0.010, dist=0.00
2026-03-01 00:31:38,137 [INFO] Step 316600: reward=-0.010, dist=0.00
2026-03-01 00:32:39,555 [INFO] Step 316800: reward=-0.010, dist=0.00
2026-03-01 00:33:41,041 [INFO] Step 317000: reward=-0.010, dist=0.00
2026-03-01 00:34:42,499 [INFO] Step 317200: reward=-0.010, dist=0.00
2026-03-01 00:35:04,305 [INFO] Performing PPO update at global step 2017280
2026-03-01 00:35:04,536 [INFO] PPO losses — policy: 0.0079, value: 0.0039, entropy: -1.3921
2026-03-01 00:35:04,539 [INFO] PPO update completed. Buffer cleared.
2026-03-01 00:35:44,186 [INFO] Step 317400: reward=-0.010, dist=0.00
2026-03-01 00:36:45,620 [INFO] Step 317600: reward=-0.010, dist=0.00
2026-03-01 00:37:47,038 [INFO] Step 317800: reward=-0.010, dist=0.00
2026-03-01 00:38:48,448 [INFO] Step 318000: reward=-0.010, dist=0.00
2026-03-01 00:39:49,876 [INFO] Step 318200: reward=-0.010, dist=0.00
2026-03-01 00:40:51,381 [INFO] Step 318400: reward=-0.010, dist=0.00
2026-03-01 00:41:52,859 [INFO] Step 318600: reward=-0.010, dist=0.00
2026-03-01 00:42:54,315 [INFO] Step 318800: reward=-0.010, dist=0.00
2026-03-01 00:43:55,788 [INFO] Step 319000: reward=-0.010, dist=0.00
2026-03-01 00:44:57,258 [INFO] Step 319200: reward=-0.010, dist=0.00
2026-03-01 00:45:33,815 [INFO] Performing PPO update at global step 2019328
2026-03-01 00:45:34,068 [INFO] PPO losses — policy: 0.0047, value: 0.0039, entropy: -1.4479
2026-03-01 00:45:34,072 [INFO] PPO update completed. Buffer cleared.
2026-03-01 00:45:58,987 [INFO] Step 319400: reward=-0.010, dist=0.00
2026-03-01 00:47:00,411 [INFO] Step 319600: reward=-0.010, dist=0.00
2026-03-01 00:48:01,836 [INFO] Step 319800: reward=-0.010, dist=0.00
2026-03-01 00:49:00,475 [INFO] Policy action (normalized): v = +0.562, w = +0.087 | Cmd_vel (scaled): v = +0.562 m/s, w = +0.087 rad/s
2026-03-01 00:49:03,244 [INFO] Step 320000: reward=-0.010, dist=0.00
2026-03-01 00:50:04,637 [INFO] Step 320200: reward=-0.010, dist=0.00
2026-03-01 00:51:06,026 [INFO] Step 320400: reward=-0.010, dist=0.00
2026-03-01 00:52:07,432 [INFO] Step 320600: reward=-0.010, dist=0.00
2026-03-01 00:53:08,817 [INFO] Step 320800: reward=-0.010, dist=0.00
2026-03-01 00:54:10,280 [INFO] Step 321000: reward=-0.010, dist=0.00
2026-03-01 00:55:11,699 [INFO] Step 321200: reward=-0.010, dist=0.00
2026-03-01 00:56:03,013 [INFO] Performing PPO update at global step 2021376
2026-03-01 00:56:03,244 [INFO] PPO losses — policy: -0.0010, value: 0.0039, entropy: -1.3883
2026-03-01 00:56:03,248 [INFO] PPO update completed. Buffer cleared.
2026-03-01 00:56:13,410 [INFO] Step 321400: reward=-0.010, dist=0.00
2026-03-01 00:57:14,786 [INFO] Step 321600: reward=-0.010, dist=0.00
2026-03-01 00:58:16,160 [INFO] Step 321800: reward=-0.010, dist=0.00
2026-03-01 00:59:17,626 [INFO] Step 322000: reward=-0.010, dist=0.00
2026-03-01 01:00:19,090 [INFO] Step 322200: reward=-0.010, dist=0.00
2026-03-01 01:01:20,536 [INFO] Step 322400: reward=-0.010, dist=0.00
2026-03-01 01:02:21,942 [INFO] Step 322600: reward=-0.010, dist=0.00
2026-03-01 01:03:23,378 [INFO] Step 322800: reward=-0.010, dist=0.00
2026-03-01 01:04:24,817 [INFO] Step 323000: reward=-0.010, dist=0.00
2026-03-01 01:05:26,249 [INFO] Step 323200: reward=-0.010, dist=0.00
2026-03-01 01:06:27,677 [INFO] Step 323400: reward=-0.010, dist=0.00
2026-03-01 01:06:32,278 [INFO] Performing PPO update at global step 2023424
2026-03-01 01:06:32,508 [INFO] PPO losses — policy: 0.0104, value: 0.0042, entropy: -1.3887
2026-03-01 01:06:32,512 [INFO] PPO update completed. Buffer cleared.
2026-03-01 01:07:29,374 [INFO] Step 323600: reward=-0.010, dist=0.00
2026-03-01 01:08:30,788 [INFO] Step 323800: reward=-0.010, dist=0.00
2026-03-01 01:09:32,138 [INFO] Step 324000: reward=-0.010, dist=0.00
2026-03-01 01:10:33,570 [INFO] Step 324200: reward=-0.010, dist=0.00
2026-03-01 01:11:35,016 [INFO] Step 324400: reward=-0.010, dist=0.00
2026-03-01 01:12:36,467 [INFO] Step 324600: reward=-0.010, dist=0.00
2026-03-01 01:13:37,878 [INFO] Step 324800: reward=-0.010, dist=0.00
2026-03-01 01:14:39,286 [INFO] Step 325000: reward=-0.010, dist=0.00
2026-03-01 01:15:40,675 [INFO] Step 325200: reward=-0.010, dist=0.00
2026-03-01 01:16:42,142 [INFO] Step 325400: reward=-0.010, dist=0.00
2026-03-01 01:17:01,520 [INFO] Performing PPO update at global step 2025472
2026-03-01 01:17:01,751 [INFO] PPO losses — policy: 0.0150, value: 0.0038, entropy: -1.4564
2026-03-01 01:17:01,754 [INFO] PPO update completed. Buffer cleared.
2026-03-01 01:17:43,851 [INFO] Step 325600: reward=-0.010, dist=0.00
2026-03-01 01:18:45,247 [INFO] Step 325800: reward=-0.010, dist=0.00
2026-03-01 01:19:46,634 [INFO] Step 326000: reward=-0.010, dist=0.00
2026-03-01 01:20:48,024 [INFO] Step 326200: reward=-0.010, dist=0.00
2026-03-01 01:21:49,465 [INFO] Step 326400: reward=-0.010, dist=0.00
2026-03-01 01:22:50,873 [INFO] Step 326600: reward=-0.010, dist=0.00
2026-03-01 01:23:52,315 [INFO] Step 326800: reward=-0.010, dist=0.00
2026-03-01 01:24:53,795 [INFO] Step 327000: reward=-0.010, dist=0.00
2026-03-01 01:25:55,215 [INFO] Step 327200: reward=-0.010, dist=0.00
2026-03-01 01:26:56,669 [INFO] Step 327400: reward=-0.010, dist=0.00
2026-03-01 01:27:30,798 [INFO] Performing PPO update at global step 2027520
2026-03-01 01:27:31,034 [INFO] PPO losses — policy: 0.0028, value: 0.0037, entropy: -1.6215
2026-03-01 01:27:31,038 [INFO] PPO update completed. Buffer cleared.
2026-03-01 01:27:58,417 [INFO] Step 327600: reward=-0.010, dist=0.00
2026-03-01 01:28:59,860 [INFO] Step 327800: reward=-0.010, dist=0.00
2026-03-01 01:30:01,314 [INFO] Step 328000: reward=-0.010, dist=0.00
2026-03-01 01:31:02,756 [INFO] Step 328200: reward=-0.010, dist=0.00
2026-03-01 01:32:04,242 [INFO] Step 328400: reward=-0.010, dist=0.00
2026-03-01 01:33:05,701 [INFO] Step 328600: reward=-0.010, dist=0.00
2026-03-01 01:34:07,144 [INFO] Step 328800: reward=-0.010, dist=0.00
2026-03-01 01:35:08,628 [INFO] Step 329000: reward=-0.010, dist=0.00
2026-03-01 01:36:10,066 [INFO] Step 329200: reward=-0.010, dist=0.00
2026-03-01 01:37:11,506 [INFO] Step 329400: reward=-0.010, dist=0.00
2026-03-01 01:38:00,374 [INFO] Performing PPO update at global step 2029568
2026-03-01 01:38:00,600 [INFO] PPO losses — policy: 0.0033, value: 0.0038, entropy: -1.5723
2026-03-01 01:38:00,603 [INFO] PPO update completed. Buffer cleared.
2026-03-01 01:38:13,247 [INFO] Step 329600: reward=-0.010, dist=0.00
2026-03-01 01:39:14,700 [INFO] Step 329800: reward=-0.010, dist=0.00
2026-03-01 01:40:13,352 [INFO] Policy action (normalized): v = +0.544, w = +0.848 | Cmd_vel (scaled): v = +0.544 m/s, w = +0.848 rad/s
2026-03-01 01:40:16,113 [INFO] Step 330000: reward=-0.010, dist=0.00
2026-03-01 01:41:17,530 [INFO] Step 330200: reward=-0.010, dist=0.00
2026-03-01 01:42:18,964 [INFO] Step 330400: reward=-0.010, dist=0.00
2026-03-01 01:43:20,433 [INFO] Step 330600: reward=-0.010, dist=0.00
2026-03-01 01:44:21,928 [INFO] Step 330800: reward=-0.010, dist=0.00
2026-03-01 01:45:23,410 [INFO] Step 331000: reward=-0.010, dist=0.00
2026-03-01 01:46:24,825 [INFO] Step 331200: reward=-0.010, dist=0.00
2026-03-01 01:47:26,224 [INFO] Step 331400: reward=-0.010, dist=0.00
2026-03-01 01:48:27,736 [INFO] Step 331600: reward=-0.010, dist=0.00
2026-03-01 01:48:29,894 [INFO] Performing PPO update at global step 2031616
2026-03-01 01:48:30,152 [INFO] PPO losses — policy: 0.0104, value: 0.0039, entropy: -1.6224
2026-03-01 01:48:30,156 [INFO] PPO update completed. Buffer cleared.
2026-03-01 01:49:29,426 [INFO] Step 331800: reward=-0.010, dist=0.00
2026-03-01 01:50:30,836 [INFO] Step 332000: reward=-0.010, dist=0.00
2026-03-01 01:51:32,289 [INFO] Step 332200: reward=-0.010, dist=0.00
2026-03-01 01:52:33,733 [INFO] Step 332400: reward=-0.010, dist=0.00
2026-03-01 01:53:35,191 [INFO] Step 332600: reward=-0.010, dist=0.00
2026-03-01 01:54:36,623 [INFO] Step 332800: reward=-0.010, dist=0.00
2026-03-01 01:55:38,108 [INFO] Step 333000: reward=-0.010, dist=0.00
2026-03-01 01:56:39,576 [INFO] Step 333200: reward=-0.010, dist=0.00
2026-03-01 01:57:41,017 [INFO] Step 333400: reward=-0.010, dist=0.00
2026-03-01 01:58:42,517 [INFO] Step 333600: reward=-0.010, dist=0.00
2026-03-01 01:58:59,426 [INFO] Performing PPO update at global step 2033664
2026-03-01 01:58:59,657 [INFO] PPO losses — policy: 0.0083, value: 0.0039, entropy: -1.6999
2026-03-01 01:58:59,661 [INFO] PPO update completed. Buffer cleared.
2026-03-01 01:59:44,140 [INFO] Step 333800: reward=-0.010, dist=0.00
2026-03-01 02:00:45,533 [INFO] Step 334000: reward=-0.010, dist=0.00
2026-03-01 02:01:46,938 [INFO] Step 334200: reward=-0.010, dist=0.00
2026-03-01 02:02:48,369 [INFO] Step 334400: reward=-0.010, dist=0.00
2026-03-01 02:03:49,779 [INFO] Step 334600: reward=-0.010, dist=0.00
2026-03-01 02:04:51,235 [INFO] Step 334800: reward=-0.010, dist=0.00
2026-03-01 02:05:52,654 [INFO] Step 335000: reward=-0.010, dist=0.00
2026-03-01 02:06:54,092 [INFO] Step 335200: reward=-0.010, dist=0.00
2026-03-01 02:07:55,569 [INFO] Step 335400: reward=-0.010, dist=0.00
2026-03-01 02:08:56,957 [INFO] Step 335600: reward=-0.010, dist=0.00
2026-03-01 02:09:28,640 [INFO] Performing PPO update at global step 2035712
2026-03-01 02:09:28,877 [INFO] PPO losses — policy: 0.0114, value: 0.0039, entropy: -1.7206
2026-03-01 02:09:28,881 [INFO] PPO update completed. Buffer cleared.
2026-03-01 02:09:58,675 [INFO] Step 335800: reward=-0.010, dist=0.00
2026-03-01 02:11:00,068 [INFO] Step 336000: reward=-0.010, dist=0.00
2026-03-01 02:12:01,489 [INFO] Step 336200: reward=-0.010, dist=0.00
2026-03-01 02:13:02,888 [INFO] Step 336400: reward=-0.010, dist=0.00
2026-03-01 02:14:04,311 [INFO] Step 336600: reward=-0.010, dist=0.00
2026-03-01 02:15:05,794 [INFO] Step 336800: reward=-0.010, dist=0.00
2026-03-01 02:16:07,208 [INFO] Step 337000: reward=-0.010, dist=0.00
2026-03-01 02:17:08,670 [INFO] Step 337200: reward=-0.010, dist=0.00
2026-03-01 02:18:10,187 [INFO] Step 337400: reward=-0.010, dist=0.00
2026-03-01 02:19:11,608 [INFO] Step 337600: reward=-0.010, dist=0.00
2026-03-01 02:19:58,020 [INFO] Performing PPO update at global step 2037760
2026-03-01 02:19:58,262 [INFO] PPO losses — policy: 0.0128, value: 0.0039, entropy: -1.7473
2026-03-01 02:19:58,266 [INFO] PPO update completed. Buffer cleared.
2026-03-01 02:20:13,352 [INFO] Step 337800: reward=-0.010, dist=0.00
2026-03-01 02:21:14,765 [INFO] Step 338000: reward=-0.010, dist=0.00
2026-03-01 02:22:16,175 [INFO] Step 338200: reward=-0.010, dist=0.00
2026-03-01 02:23:17,593 [INFO] Step 338400: reward=-0.010, dist=0.00
2026-03-01 02:24:19,015 [INFO] Step 338600: reward=-0.010, dist=0.00
2026-03-01 02:25:20,426 [INFO] Step 338800: reward=-0.010, dist=0.00
2026-03-01 02:26:21,897 [INFO] Step 339000: reward=-0.010, dist=0.00
2026-03-01 02:27:23,357 [INFO] Step 339200: reward=-0.010, dist=0.00
2026-03-01 02:28:24,866 [INFO] Step 339400: reward=-0.010, dist=0.00
2026-03-01 02:29:26,327 [INFO] Step 339600: reward=-0.010, dist=0.00
2026-03-01 02:30:27,429 [INFO] Performing PPO update at global step 2039808
2026-03-01 02:30:27,659 [INFO] PPO losses — policy: 0.0147, value: 0.0038, entropy: -1.8643
2026-03-01 02:30:27,663 [INFO] PPO update completed. Buffer cleared.
2026-03-01 02:30:27,971 [INFO] Step 339800: reward=-0.010, dist=0.00
2026-03-01 02:31:26,619 [INFO] Policy action (normalized): v = +0.536, w = +0.425 | Cmd_vel (scaled): v = +0.536 m/s, w = +0.425 rad/s
2026-03-01 02:31:29,383 [INFO] Step 340000: reward=-0.010, dist=0.00
2026-03-01 02:32:30,839 [INFO] Step 340200: reward=-0.010, dist=0.00
2026-03-01 02:33:32,236 [INFO] Step 340400: reward=-0.010, dist=0.00
2026-03-01 02:34:33,669 [INFO] Step 340600: reward=-0.010, dist=0.00
2026-03-01 02:35:35,111 [INFO] Step 340800: reward=-0.010, dist=0.00
2026-03-01 02:36:36,555 [INFO] Step 341000: reward=-0.010, dist=0.00
2026-03-01 02:37:38,001 [INFO] Step 341200: reward=-0.010, dist=0.00
2026-03-01 02:38:39,499 [INFO] Step 341400: reward=-0.010, dist=0.00
2026-03-01 02:39:40,960 [INFO] Step 341600: reward=-0.010, dist=0.00
2026-03-01 02:40:42,430 [INFO] Step 341800: reward=-0.010, dist=0.00
2026-03-01 02:40:56,880 [INFO] Performing PPO update at global step 2041856
2026-03-01 02:40:57,110 [INFO] PPO losses — policy: 0.0314, value: 0.0041, entropy: -1.8845
2026-03-01 02:40:57,113 [INFO] PPO update completed. Buffer cleared.
2026-03-01 02:41:44,113 [INFO] Step 342000: reward=-0.010, dist=0.00
2026-03-01 02:42:45,605 [INFO] Step 342200: reward=-0.010, dist=0.00
2026-03-01 02:43:47,040 [INFO] Step 342400: reward=-0.010, dist=0.00
2026-03-01 02:44:48,478 [INFO] Step 342600: reward=-0.010, dist=0.00
2026-03-01 02:45:49,947 [INFO] Step 342800: reward=-0.010, dist=0.00
2026-03-01 02:46:51,332 [INFO] Step 343000: reward=-0.010, dist=0.00
2026-03-01 02:47:52,684 [INFO] Step 343200: reward=-0.010, dist=0.00
2026-03-01 02:48:54,107 [INFO] Step 343400: reward=-0.010, dist=0.00
2026-03-01 02:49:55,476 [INFO] Step 343600: reward=-0.010, dist=0.00
2026-03-01 02:50:56,884 [INFO] Step 343800: reward=-0.010, dist=0.00
2026-03-01 02:51:26,087 [INFO] Performing PPO update at global step 2043904
2026-03-01 02:51:26,317 [INFO] PPO losses — policy: 0.0081, value: 0.0041, entropy: -1.8752
2026-03-01 02:51:26,321 [INFO] PPO update completed. Buffer cleared.
2026-03-01 02:51:58,592 [INFO] Step 344000: reward=-0.010, dist=0.00
2026-03-01 02:53:00,028 [INFO] Step 344200: reward=-0.010, dist=0.00
2026-03-01 02:54:01,446 [INFO] Step 344400: reward=-0.010, dist=0.00
2026-03-01 02:55:02,853 [INFO] Step 344600: reward=-0.010, dist=0.00
2026-03-01 02:56:04,328 [INFO] Step 344800: reward=-0.010, dist=0.00
2026-03-01 02:57:05,753 [INFO] Step 345000: reward=-0.010, dist=0.00
2026-03-01 02:58:07,195 [INFO] Step 345200: reward=-0.010, dist=0.00
2026-03-01 02:59:08,649 [INFO] Step 345400: reward=-0.010, dist=0.00
2026-03-01 03:00:10,125 [INFO] Step 345600: reward=-0.010, dist=0.00
2026-03-01 03:01:11,577 [INFO] Step 345800: reward=-0.010, dist=0.00
2026-03-01 03:01:55,543 [INFO] Performing PPO update at global step 2045952
2026-03-01 03:01:55,777 [INFO] PPO losses — policy: 0.0098, value: 0.0040, entropy: -1.9200
2026-03-01 03:01:55,781 [INFO] PPO update completed. Buffer cleared.
2026-03-01 03:02:13,324 [INFO] Step 346000: reward=-0.010, dist=0.00
2026-03-01 03:03:14,742 [INFO] Step 346200: reward=-0.010, dist=0.00
2026-03-01 03:04:16,145 [INFO] Step 346400: reward=-0.010, dist=0.00
2026-03-01 03:05:17,610 [INFO] Step 346600: reward=-0.010, dist=0.00
2026-03-01 03:06:19,067 [INFO] Step 346800: reward=-0.010, dist=0.00
2026-03-01 03:07:20,520 [INFO] Step 347000: reward=-0.010, dist=0.00
2026-03-01 03:08:21,943 [INFO] Step 347200: reward=-0.010, dist=0.00
2026-03-01 03:09:23,389 [INFO] Step 347400: reward=-0.010, dist=0.00
2026-03-01 03:10:24,819 [INFO] Step 347600: reward=-0.010, dist=0.00
2026-03-01 03:11:26,330 [INFO] Step 347800: reward=-0.010, dist=0.00
2026-03-01 03:12:25,041 [INFO] Performing PPO update at global step 2048000
2026-03-01 03:12:25,272 [INFO] PPO losses — policy: 0.0211, value: 0.0040, entropy: -1.8213
2026-03-01 03:12:25,276 [INFO] PPO update completed. Buffer cleared.
2026-03-01 03:12:28,061 [INFO] Step 348000: reward=-0.010, dist=0.00
2026-03-01 03:13:29,501 [INFO] Step 348200: reward=-0.010, dist=0.00
2026-03-01 03:14:30,940 [INFO] Step 348400: reward=-0.010, dist=0.00
2026-03-01 03:15:32,416 [INFO] Step 348600: reward=-0.010, dist=0.00
2026-03-01 03:16:33,842 [INFO] Step 348800: reward=-0.010, dist=0.00
2026-03-01 03:17:35,348 [INFO] Step 349000: reward=-0.010, dist=0.00
2026-03-01 03:18:36,745 [INFO] Step 349200: reward=-0.010, dist=0.00
2026-03-01 03:19:38,202 [INFO] Step 349400: reward=-0.010, dist=0.00
2026-03-01 03:20:39,682 [INFO] Step 349600: reward=-0.010, dist=0.00
2026-03-01 03:21:41,062 [INFO] Step 349800: reward=-0.010, dist=0.00
2026-03-01 03:22:39,792 [INFO] Policy action (normalized): v = +0.519, w = +0.554 | Cmd_vel (scaled): v = +0.519 m/s, w = +0.554 rad/s
2026-03-01 03:22:42,554 [INFO] Step 350000: reward=-0.010, dist=0.00
2026-03-01 03:22:54,529 [INFO] Performing PPO update at global step 2050048
2026-03-01 03:22:54,761 [INFO] PPO losses — policy: 0.0006, value: 0.0050, entropy: -1.9516
2026-03-01 03:22:54,764 [INFO] PPO update completed. Buffer cleared.
2026-03-01 03:23:44,236 [INFO] Step 350200: reward=-0.010, dist=0.00
2026-03-01 03:24:45,668 [INFO] Step 350400: reward=-0.010, dist=0.00
2026-03-01 03:25:47,142 [INFO] Step 350600: reward=-0.010, dist=0.00
2026-03-01 03:26:48,588 [INFO] Step 350800: reward=-0.010, dist=0.00
2026-03-01 03:27:49,988 [INFO] Step 351000: reward=-0.010, dist=0.00
2026-03-01 03:28:51,479 [INFO] Step 351200: reward=-0.010, dist=0.00
2026-03-01 03:29:52,969 [INFO] Step 351400: reward=-0.010, dist=0.00
2026-03-01 03:30:54,467 [INFO] Step 351600: reward=-0.010, dist=0.00
2026-03-01 03:31:55,929 [INFO] Step 351800: reward=-0.010, dist=0.00
2026-03-01 03:32:57,311 [INFO] Step 352000: reward=-0.010, dist=0.00
2026-03-01 03:33:24,016 [INFO] Performing PPO update at global step 2052096
2026-03-01 03:33:24,258 [INFO] PPO losses — policy: 0.0186, value: 0.0041, entropy: -2.0762
2026-03-01 03:33:24,262 [INFO] PPO update completed. Buffer cleared.
2026-03-01 03:33:59,035 [INFO] Step 352200: reward=-0.010, dist=0.00
2026-03-01 03:35:00,494 [INFO] Step 352400: reward=-0.010, dist=0.00
2026-03-01 03:36:01,978 [INFO] Step 352600: reward=-0.010, dist=0.00
2026-03-01 03:37:03,421 [INFO] Step 352800: reward=-0.010, dist=0.00
2026-03-01 03:38:04,873 [INFO] Step 353000: reward=-0.010, dist=0.00
2026-03-01 03:39:06,391 [INFO] Step 353200: reward=-0.010, dist=0.00
2026-03-01 03:40:07,781 [INFO] Step 353400: reward=-0.010, dist=0.00
2026-03-01 03:41:09,205 [INFO] Step 353600: reward=-0.010, dist=0.00
2026-03-01 03:42:10,613 [INFO] Step 353800: reward=-0.010, dist=0.00
2026-03-01 03:43:12,041 [INFO] Step 354000: reward=-0.010, dist=0.00
2026-03-01 03:43:53,521 [INFO] Performing PPO update at global step 2054144
2026-03-01 03:43:53,757 [INFO] PPO losses — policy: 0.0188, value: 0.0039, entropy: -2.0930
2026-03-01 03:43:53,761 [INFO] PPO update completed. Buffer cleared.
2026-03-01 03:44:13,754 [INFO] Step 354200: reward=-0.010, dist=0.00
2026-03-01 03:45:15,193 [INFO] Step 354400: reward=-0.010, dist=0.00
2026-03-01 03:46:16,622 [INFO] Step 354600: reward=-0.010, dist=0.00
2026-03-01 03:47:17,993 [INFO] Step 354800: reward=-0.010, dist=0.00
2026-03-01 03:48:19,454 [INFO] Step 355000: reward=-0.010, dist=0.00
2026-03-01 03:49:20,939 [INFO] Step 355200: reward=-0.010, dist=0.00
2026-03-01 03:50:22,465 [INFO] Step 355400: reward=-0.010, dist=0.00
2026-03-01 03:51:23,929 [INFO] Step 355600: reward=-0.010, dist=0.00
2026-03-01 03:52:25,449 [INFO] Step 355800: reward=-0.010, dist=0.00
2026-03-01 03:53:26,922 [INFO] Step 356000: reward=-0.010, dist=0.00
2026-03-01 03:54:23,174 [INFO] Performing PPO update at global step 2056192
2026-03-01 03:54:23,408 [INFO] PPO losses — policy: 0.0223, value: 0.0039, entropy: -1.9628
2026-03-01 03:54:23,412 [INFO] PPO update completed. Buffer cleared.
2026-03-01 03:54:28,665 [INFO] Step 356200: reward=-0.010, dist=0.00
2026-03-01 03:55:30,133 [INFO] Step 356400: reward=-0.010, dist=0.00
2026-03-01 03:56:31,578 [INFO] Step 356600: reward=-0.010, dist=0.00
2026-03-01 03:57:33,086 [INFO] Step 356800: reward=-0.010, dist=0.00
2026-03-01 03:58:34,489 [INFO] Step 357000: reward=-0.010, dist=0.00
2026-03-01 03:59:35,925 [INFO] Step 357200: reward=-0.010, dist=0.00
2026-03-01 04:00:37,353 [INFO] Step 357400: reward=-0.010, dist=0.00
2026-03-01 04:01:38,857 [INFO] Step 357600: reward=-0.010, dist=0.00
2026-03-01 04:02:40,343 [INFO] Step 357800: reward=-0.010, dist=0.00
2026-03-01 04:03:41,845 [INFO] Step 358000: reward=-0.010, dist=0.00
2026-03-01 04:04:43,381 [INFO] Step 358200: reward=-0.010, dist=0.00
2026-03-01 04:04:52,900 [INFO] Performing PPO update at global step 2058240
2026-03-01 04:04:53,132 [INFO] PPO losses — policy: 0.0129, value: 0.0039, entropy: -2.1044
2026-03-01 04:04:53,136 [INFO] PPO update completed. Buffer cleared.
2026-03-01 04:05:45,078 [INFO] Step 358400: reward=-0.010, dist=0.00
2026-03-01 04:06:46,531 [INFO] Step 358600: reward=-0.010, dist=0.00
2026-03-01 04:07:48,007 [INFO] Step 358800: reward=-0.010, dist=0.00
2026-03-01 04:08:49,435 [INFO] Step 359000: reward=-0.010, dist=0.00
2026-03-01 04:09:50,865 [INFO] Step 359200: reward=-0.010, dist=0.00
2026-03-01 04:10:52,296 [INFO] Step 359400: reward=-0.010, dist=0.00
2026-03-01 04:11:53,750 [INFO] Step 359600: reward=-0.010, dist=0.00
2026-03-01 04:12:55,191 [INFO] Step 359800: reward=-0.010, dist=0.00
2026-03-01 04:13:53,831 [INFO] Policy action (normalized): v = +0.509, w = -0.280 | Cmd_vel (scaled): v = +0.509 m/s, w = -0.280 rad/s
2026-03-01 04:13:56,590 [INFO] Step 360000: reward=-0.010, dist=0.00
2026-03-01 04:14:57,978 [INFO] Step 360200: reward=-0.010, dist=0.00
2026-03-01 04:15:22,223 [INFO] Performing PPO update at global step 2060288
2026-03-01 04:15:22,456 [INFO] PPO losses — policy: 0.0155, value: 0.0039, entropy: -2.1676
2026-03-01 04:15:22,460 [INFO] PPO update completed. Buffer cleared.
2026-03-01 04:15:59,649 [INFO] Step 360400: reward=-0.010, dist=0.00
2026-03-01 04:17:00,975 [INFO] Step 360600: reward=-0.010, dist=0.00
2026-03-01 04:18:02,421 [INFO] Step 360800: reward=-0.010, dist=0.00
2026-03-01 04:19:03,848 [INFO] Step 361000: reward=-0.010, dist=0.00
2026-03-01 04:20:05,280 [INFO] Step 361200: reward=-0.010, dist=0.00
2026-03-01 04:21:06,700 [INFO] Step 361400: reward=-0.010, dist=0.00
2026-03-01 04:22:08,163 [INFO] Step 361600: reward=-0.010, dist=0.00
2026-03-01 04:23:09,597 [INFO] Step 361800: reward=-0.010, dist=0.00
2026-03-01 04:24:11,064 [INFO] Step 362000: reward=-0.010, dist=0.00
2026-03-01 04:25:12,443 [INFO] Step 362200: reward=-0.010, dist=0.00
2026-03-01 04:25:51,470 [INFO] Performing PPO update at global step 2062336
2026-03-01 04:25:51,705 [INFO] PPO losses — policy: 0.0116, value: 0.0039, entropy: -2.2204
2026-03-01 04:25:51,709 [INFO] PPO update completed. Buffer cleared.
2026-03-01 04:26:14,180 [INFO] Step 362400: reward=-0.010, dist=0.00
2026-03-01 04:27:15,659 [INFO] Step 362600: reward=-0.010, dist=0.00
2026-03-01 04:28:17,064 [INFO] Step 362800: reward=-0.010, dist=0.00
2026-03-01 04:29:18,471 [INFO] Step 363000: reward=-0.010, dist=0.00
2026-03-01 04:30:19,879 [INFO] Step 363200: reward=-0.010, dist=0.00
2026-03-01 04:31:21,274 [INFO] Step 363400: reward=-0.010, dist=0.00
2026-03-01 04:32:22,760 [INFO] Step 363600: reward=-0.010, dist=0.00
2026-03-01 04:33:24,214 [INFO] Step 363800: reward=-0.010, dist=0.00
2026-03-01 04:34:25,748 [INFO] Step 364000: reward=-0.010, dist=0.00
2026-03-01 04:35:27,219 [INFO] Step 364200: reward=-0.010, dist=0.00
2026-03-01 04:36:21,001 [INFO] Performing PPO update at global step 2064384
2026-03-01 04:36:21,237 [INFO] PPO losses — policy: 0.0127, value: 0.0039, entropy: -2.2483
2026-03-01 04:36:21,241 [INFO] PPO update completed. Buffer cleared.
2026-03-01 04:36:28,955 [INFO] Step 364400: reward=-0.010, dist=0.00
2026-03-01 04:37:30,493 [INFO] Step 364600: reward=-0.010, dist=0.00
2026-03-01 04:38:31,944 [INFO] Step 364800: reward=-0.010, dist=0.00
2026-03-01 04:39:33,399 [INFO] Step 365000: reward=-0.010, dist=0.00
2026-03-01 04:40:34,880 [INFO] Step 365200: reward=-0.010, dist=0.00
2026-03-01 04:41:36,354 [INFO] Step 365400: reward=-0.010, dist=0.00
2026-03-01 04:42:37,763 [INFO] Step 365600: reward=-0.010, dist=0.00
2026-03-01 04:43:39,262 [INFO] Step 365800: reward=-0.010, dist=0.00
2026-03-01 04:44:40,746 [INFO] Step 366000: reward=-0.010, dist=0.00
2026-03-01 04:45:42,187 [INFO] Step 366200: reward=-0.010, dist=0.00
2026-03-01 04:46:43,618 [INFO] Step 366400: reward=-0.010, dist=0.00
2026-03-01 04:46:50,701 [INFO] Performing PPO update at global step 2066432
2026-03-01 04:46:50,931 [INFO] PPO losses — policy: 0.0225, value: 0.0039, entropy: -2.2521
2026-03-01 04:46:50,936 [INFO] PPO update completed. Buffer cleared.
2026-03-01 04:47:45,299 [INFO] Step 366600: reward=-0.010, dist=0.00
2026-03-01 04:48:46,660 [INFO] Step 366800: reward=-0.010, dist=0.00
2026-03-01 04:49:48,125 [INFO] Step 367000: reward=-0.010, dist=0.00
2026-03-01 04:50:49,545 [INFO] Step 367200: reward=-0.010, dist=0.00
2026-03-01 04:51:50,941 [INFO] Step 367400: reward=-0.010, dist=0.00
2026-03-01 04:52:52,332 [INFO] Step 367600: reward=-0.010, dist=0.00
2026-03-01 04:53:53,805 [INFO] Step 367800: reward=-0.010, dist=0.00
2026-03-01 04:54:55,263 [INFO] Step 368000: reward=-0.010, dist=0.00
2026-03-01 04:55:56,748 [INFO] Step 368200: reward=-0.010, dist=0.00
2026-03-01 04:56:58,206 [INFO] Step 368400: reward=-0.010, dist=0.00
2026-03-01 04:57:20,034 [INFO] Performing PPO update at global step 2068480
2026-03-01 04:57:20,265 [INFO] PPO losses — policy: 0.0166, value: 0.0039, entropy: -2.3479
2026-03-01 04:57:20,269 [INFO] PPO update completed. Buffer cleared.
2026-03-01 04:57:59,942 [INFO] Step 368600: reward=-0.010, dist=0.00
2026-03-01 04:59:01,335 [INFO] Step 368800: reward=-0.010, dist=0.00
2026-03-01 05:00:02,787 [INFO] Step 369000: reward=-0.010, dist=0.00
2026-03-01 05:01:04,219 [INFO] Step 369200: reward=-0.010, dist=0.00
2026-03-01 05:02:05,641 [INFO] Step 369400: reward=-0.010, dist=0.00
2026-03-01 05:03:07,067 [INFO] Step 369600: reward=-0.010, dist=0.00
2026-03-01 05:04:08,541 [INFO] Step 369800: reward=-0.010, dist=0.00
2026-03-01 05:05:07,202 [INFO] Policy action (normalized): v = +0.522, w = -0.204 | Cmd_vel (scaled): v = +0.522 m/s, w = -0.204 rad/s
2026-03-01 05:05:09,970 [INFO] Step 370000: reward=-0.010, dist=0.00
2026-03-01 05:06:11,433 [INFO] Step 370200: reward=-0.010, dist=0.00
2026-03-01 05:07:12,941 [INFO] Step 370400: reward=-0.010, dist=0.00
2026-03-01 05:07:49,516 [INFO] Performing PPO update at global step 2070528
2026-03-01 05:07:49,744 [INFO] PPO losses — policy: 0.0281, value: 0.0038, entropy: -2.4032
2026-03-01 05:07:49,748 [INFO] PPO update completed. Buffer cleared.
2026-03-01 05:08:14,647 [INFO] Step 370600: reward=-0.010, dist=0.00
2026-03-01 05:09:16,098 [INFO] Step 370800: reward=-0.010, dist=0.00
2026-03-01 05:10:17,518 [INFO] Step 371000: reward=-0.010, dist=0.00
2026-03-01 05:11:18,986 [INFO] Step 371200: reward=-0.010, dist=0.00
2026-03-01 05:12:20,457 [INFO] Step 371400: reward=-0.010, dist=0.00
2026-03-01 05:13:21,957 [INFO] Step 371600: reward=-0.010, dist=0.00
2026-03-01 05:14:23,428 [INFO] Step 371800: reward=-0.010, dist=0.00
2026-03-01 05:15:24,926 [INFO] Step 372000: reward=-0.010, dist=0.00
2026-03-01 05:16:26,386 [INFO] Step 372200: reward=-0.010, dist=0.00
2026-03-01 05:17:27,819 [INFO] Step 372400: reward=-0.010, dist=0.00
2026-03-01 05:18:19,180 [INFO] Performing PPO update at global step 2072576
2026-03-01 05:18:19,415 [INFO] PPO losses — policy: 0.0272, value: 0.0038, entropy: -2.4034
2026-03-01 05:18:19,419 [INFO] PPO update completed. Buffer cleared.
2026-03-01 05:18:29,583 [INFO] Step 372600: reward=-0.010, dist=0.00
2026-03-01 05:19:31,084 [INFO] Step 372800: reward=-0.010, dist=0.00
2026-03-01 05:20:32,492 [INFO] Step 373000: reward=-0.010, dist=0.00
2026-03-01 05:21:33,951 [INFO] Step 373200: reward=-0.010, dist=0.00
2026-03-01 05:22:35,410 [INFO] Step 373400: reward=-0.010, dist=0.00
2026-03-01 05:23:36,850 [INFO] Step 373600: reward=-0.010, dist=0.00
2026-03-01 05:24:38,315 [INFO] Step 373800: reward=-0.010, dist=0.00
2026-03-01 05:25:39,742 [INFO] Step 374000: reward=-0.010, dist=0.00
2026-03-01 05:26:41,180 [INFO] Step 374200: reward=-0.010, dist=0.00
2026-03-01 05:27:42,614 [INFO] Step 374400: reward=-0.010, dist=0.00
2026-03-01 05:28:44,121 [INFO] Step 374600: reward=-0.010, dist=0.00
2026-03-01 05:28:48,740 [INFO] Performing PPO update at global step 2074624
2026-03-01 05:28:48,970 [INFO] PPO losses — policy: 0.0209, value: 0.0039, entropy: -2.7571
2026-03-01 05:28:48,974 [INFO] PPO update completed. Buffer cleared.
2026-03-01 05:29:45,859 [INFO] Step 374800: reward=-0.010, dist=0.00
2026-03-01 05:30:47,301 [INFO] Step 375000: reward=-0.010, dist=0.00
2026-03-01 05:31:48,754 [INFO] Step 375200: reward=-0.010, dist=0.00
2026-03-01 05:32:50,195 [INFO] Step 375400: reward=-0.010, dist=0.00
2026-03-01 05:33:51,669 [INFO] Step 375600: reward=-0.010, dist=0.00
2026-03-01 05:34:53,150 [INFO] Step 375800: reward=-0.010, dist=0.00
2026-03-01 05:35:54,643 [INFO] Step 376000: reward=-0.010, dist=0.00
2026-03-01 05:36:56,142 [INFO] Step 376200: reward=-0.010, dist=0.00
2026-03-01 05:37:57,626 [INFO] Step 376400: reward=-0.010, dist=0.00
2026-03-01 05:38:59,099 [INFO] Step 376600: reward=-0.010, dist=0.00
2026-03-01 05:39:18,481 [INFO] Performing PPO update at global step 2076672
2026-03-01 05:39:18,726 [INFO] PPO losses — policy: 0.0322, value: 0.0039, entropy: -2.7006
2026-03-01 05:39:18,730 [INFO] PPO update completed. Buffer cleared.
2026-03-01 05:40:00,883 [INFO] Step 376800: reward=-0.010, dist=0.00
2026-03-01 05:41:02,353 [INFO] Step 377000: reward=-0.010, dist=0.00
2026-03-01 05:42:03,806 [INFO] Step 377200: reward=-0.010, dist=0.00
2026-03-01 05:43:05,229 [INFO] Step 377400: reward=-0.010, dist=0.00
2026-03-01 05:44:06,689 [INFO] Step 377600: reward=-0.010, dist=0.00
2026-03-01 05:45:08,204 [INFO] Step 377800: reward=-0.010, dist=0.00
2026-03-01 05:46:09,669 [INFO] Step 378000: reward=-0.010, dist=0.00
2026-03-01 05:47:11,074 [INFO] Step 378200: reward=-0.010, dist=0.00
2026-03-01 05:48:12,515 [INFO] Step 378400: reward=-0.010, dist=0.00
2026-03-01 05:49:14,013 [INFO] Step 378600: reward=-0.010, dist=0.00
2026-03-01 05:49:48,167 [INFO] Performing PPO update at global step 2078720
2026-03-01 05:49:48,399 [INFO] PPO losses — policy: 0.0221, value: 0.0038, entropy: -2.8078
2026-03-01 05:49:48,403 [INFO] PPO update completed. Buffer cleared.
2026-03-01 05:50:15,782 [INFO] Step 378800: reward=-0.010, dist=0.00
2026-03-01 05:51:17,313 [INFO] Step 379000: reward=-0.010, dist=0.00
2026-03-01 05:52:18,790 [INFO] Step 379200: reward=-0.010, dist=0.00
2026-03-01 05:53:20,230 [INFO] Step 379400: reward=-0.010, dist=0.00
2026-03-01 05:54:21,674 [INFO] Step 379600: reward=-0.010, dist=0.00
2026-03-01 05:55:23,100 [INFO] Step 379800: reward=-0.010, dist=0.00
2026-03-01 05:56:21,740 [INFO] Policy action (normalized): v = +0.489, w = +0.378 | Cmd_vel (scaled): v = +0.489 m/s, w = +0.378 rad/s
2026-03-01 05:56:24,492 [INFO] Step 380000: reward=-0.010, dist=0.00
2026-03-01 05:57:25,900 [INFO] Step 380200: reward=-0.010, dist=0.00
2026-03-01 05:58:27,416 [INFO] Step 380400: reward=-0.010, dist=0.00
2026-03-01 05:59:28,907 [INFO] Step 380600: reward=-0.010, dist=0.00
2026-03-01 06:00:17,799 [INFO] Performing PPO update at global step 2080768
2026-03-01 06:00:18,048 [INFO] PPO losses — policy: 0.0273, value: 0.0038, entropy: -2.8425
2026-03-01 06:00:18,052 [INFO] PPO update completed. Buffer cleared.
2026-03-01 06:00:30,662 [INFO] Step 380800: reward=-0.010, dist=0.00
2026-03-01 06:01:32,098 [INFO] Step 381000: reward=-0.010, dist=0.00
2026-03-01 06:02:33,516 [INFO] Step 381200: reward=-0.010, dist=0.00
2026-03-01 06:03:34,937 [INFO] Step 381400: reward=-0.010, dist=0.00
2026-03-01 06:04:36,382 [INFO] Step 381600: reward=-0.010, dist=0.00
2026-03-01 06:05:37,793 [INFO] Step 381800: reward=-0.010, dist=0.00
2026-03-01 06:06:39,132 [INFO] Step 382000: reward=-0.010, dist=0.00
2026-03-01 06:07:40,601 [INFO] Step 382200: reward=-0.010, dist=0.00
2026-03-01 06:08:42,066 [INFO] Step 382400: reward=-0.010, dist=0.00
2026-03-01 06:09:43,514 [INFO] Step 382600: reward=-0.010, dist=0.00
2026-03-01 06:10:44,955 [INFO] Step 382800: reward=-0.010, dist=0.00
2026-03-01 06:10:47,115 [INFO] Performing PPO update at global step 2082816
2026-03-01 06:10:47,356 [INFO] PPO losses — policy: 0.0337, value: 0.0042, entropy: -2.8530
2026-03-01 06:10:47,360 [INFO] PPO update completed. Buffer cleared.
2026-03-01 06:11:46,726 [INFO] Step 383000: reward=-0.010, dist=0.00
2026-03-01 06:12:48,183 [INFO] Step 383200: reward=-0.010, dist=0.00
2026-03-01 06:13:49,641 [INFO] Step 383400: reward=-0.010, dist=0.00
2026-03-01 06:14:51,130 [INFO] Step 383600: reward=-0.010, dist=0.00
2026-03-01 06:15:52,608 [INFO] Step 383800: reward=-0.010, dist=0.00
2026-03-01 06:16:54,003 [INFO] Step 384000: reward=-0.010, dist=0.00
2026-03-01 06:17:55,479 [INFO] Step 384200: reward=-0.010, dist=0.00
2026-03-01 06:18:56,945 [INFO] Step 384400: reward=-0.010, dist=0.00
2026-03-01 06:19:58,374 [INFO] Step 384600: reward=-0.010, dist=0.00
2026-03-01 06:20:59,800 [INFO] Step 384800: reward=-0.010, dist=0.00
2026-03-01 06:21:16,715 [INFO] Performing PPO update at global step 2084864
2026-03-01 06:21:16,941 [INFO] PPO losses — policy: 0.0365, value: 0.0040, entropy: -2.6493
2026-03-01 06:21:16,945 [INFO] PPO update completed. Buffer cleared.
2026-03-01 06:22:01,529 [INFO] Step 385000: reward=-0.010, dist=0.00
2026-03-01 06:23:02,944 [INFO] Step 385200: reward=-0.010, dist=0.00
2026-03-01 06:24:04,394 [INFO] Step 385400: reward=-0.010, dist=0.00
2026-03-01 06:25:05,789 [INFO] Step 385600: reward=-0.010, dist=0.00
2026-03-01 06:26:07,270 [INFO] Step 385800: reward=-0.010, dist=0.00
2026-03-01 06:27:08,702 [INFO] Step 386000: reward=-0.010, dist=0.00
2026-03-01 06:28:10,158 [INFO] Step 386200: reward=-0.010, dist=0.00
2026-03-01 06:29:11,636 [INFO] Step 386400: reward=-0.010, dist=0.00
2026-03-01 06:30:13,097 [INFO] Step 386600: reward=-0.010, dist=0.00
2026-03-01 06:31:14,605 [INFO] Step 386800: reward=-0.010, dist=0.00
2026-03-01 06:31:46,252 [INFO] Performing PPO update at global step 2086912
2026-03-01 06:31:46,481 [INFO] PPO losses — policy: 0.0193, value: 0.0039, entropy: -2.6458
2026-03-01 06:31:46,485 [INFO] PPO update completed. Buffer cleared.
2026-03-01 06:32:16,302 [INFO] Step 387000: reward=-0.010, dist=0.00
2026-03-01 06:33:17,776 [INFO] Step 387200: reward=-0.010, dist=0.00
2026-03-01 06:34:19,202 [INFO] Step 387400: reward=-0.010, dist=0.00
2026-03-01 06:35:20,705 [INFO] Step 387600: reward=-0.010, dist=0.00
2026-03-01 06:36:22,202 [INFO] Step 387800: reward=-0.010, dist=0.00
2026-03-01 06:37:23,644 [INFO] Step 388000: reward=-0.010, dist=0.00
2026-03-01 06:38:25,113 [INFO] Step 388200: reward=-0.010, dist=0.00
2026-03-01 06:39:26,516 [INFO] Step 388400: reward=-0.010, dist=0.00
2026-03-01 06:40:27,932 [INFO] Step 388600: reward=-0.010, dist=0.00
2026-03-01 06:41:29,340 [INFO] Step 388800: reward=-0.010, dist=0.00
2026-03-01 06:42:15,740 [INFO] Performing PPO update at global step 2088960
2026-03-01 06:42:15,973 [INFO] PPO losses — policy: 0.0186, value: 0.0039, entropy: -2.5861
2026-03-01 06:42:15,977 [INFO] PPO update completed. Buffer cleared.
2026-03-01 06:42:31,060 [INFO] Step 389000: reward=-0.010, dist=0.00
2026-03-01 06:43:32,495 [INFO] Step 389200: reward=-0.010, dist=0.00
2026-03-01 06:44:33,942 [INFO] Step 389400: reward=-0.010, dist=0.00
2026-03-01 06:45:35,357 [INFO] Step 389600: reward=-0.010, dist=0.00
2026-03-01 06:46:36,768 [INFO] Step 389800: reward=-0.010, dist=0.00
2026-03-01 06:47:35,455 [INFO] Policy action (normalized): v = +0.497, w = +0.226 | Cmd_vel (scaled): v = +0.497 m/s, w = +0.226 rad/s
2026-03-01 06:47:38,216 [INFO] Step 390000: reward=-0.010, dist=0.00
2026-03-01 06:48:39,665 [INFO] Step 390200: reward=-0.010, dist=0.00
2026-03-01 06:49:41,164 [INFO] Step 390400: reward=-0.010, dist=0.00
2026-03-01 06:50:42,675 [INFO] Step 390600: reward=-0.010, dist=0.00
2026-03-01 06:51:44,114 [INFO] Step 390800: reward=-0.010, dist=0.00
2026-03-01 06:52:45,272 [INFO] Performing PPO update at global step 2091008
2026-03-01 06:52:45,507 [INFO] PPO losses — policy: 0.0219, value: 0.0039, entropy: -2.5832
2026-03-01 06:52:45,511 [INFO] PPO update completed. Buffer cleared.
2026-03-01 06:52:45,818 [INFO] Step 391000: reward=-0.010, dist=0.00
2026-03-01 06:53:47,306 [INFO] Step 391200: reward=-0.010, dist=0.00
2026-03-01 06:54:48,724 [INFO] Step 391400: reward=-0.010, dist=0.00
2026-03-01 06:55:50,122 [INFO] Step 391600: reward=-0.010, dist=0.00
2026-03-01 06:56:51,507 [INFO] Step 391800: reward=-0.010, dist=0.00
2026-03-01 06:57:53,001 [INFO] Step 392000: reward=-0.010, dist=0.00
2026-03-01 06:58:54,419 [INFO] Step 392200: reward=-0.010, dist=0.00
2026-03-01 06:59:55,946 [INFO] Step 392400: reward=-0.010, dist=0.00
2026-03-01 07:00:57,422 [INFO] Step 392600: reward=-0.010, dist=0.00
2026-03-01 07:01:58,879 [INFO] Step 392800: reward=-0.010, dist=0.00
2026-03-01 07:03:00,357 [INFO] Step 393000: reward=-0.010, dist=0.00
2026-03-01 07:03:14,816 [INFO] Performing PPO update at global step 2093056
2026-03-01 07:03:15,044 [INFO] PPO losses — policy: 0.0319, value: 0.0038, entropy: -2.6004
2026-03-01 07:03:15,048 [INFO] PPO update completed. Buffer cleared.
2026-03-01 07:04:02,024 [INFO] Step 393200: reward=-0.010, dist=0.00
2026-03-01 07:05:03,493 [INFO] Step 393400: reward=-0.010, dist=0.00
2026-03-01 07:06:04,860 [INFO] Step 393600: reward=-0.010, dist=0.00
2026-03-01 07:07:06,277 [INFO] Step 393800: reward=-0.010, dist=0.00
2026-03-01 07:08:07,722 [INFO] Step 394000: reward=-0.010, dist=0.00
2026-03-01 07:09:09,183 [INFO] Step 394200: reward=-0.010, dist=0.00
2026-03-01 07:10:10,583 [INFO] Step 394400: reward=-0.010, dist=0.00
2026-03-01 07:11:12,043 [INFO] Step 394600: reward=-0.010, dist=0.00
2026-03-01 07:12:13,522 [INFO] Step 394800: reward=-0.010, dist=0.00
2026-03-01 07:13:14,970 [INFO] Step 395000: reward=-0.010, dist=0.00
2026-03-01 07:13:44,162 [INFO] Performing PPO update at global step 2095104
2026-03-01 07:13:44,396 [INFO] PPO losses — policy: 0.0335, value: 0.0039, entropy: -2.5612
2026-03-01 07:13:44,401 [INFO] PPO update completed. Buffer cleared.
2026-03-01 07:14:16,595 [INFO] Step 395200: reward=-0.010, dist=0.00
2026-03-01 07:15:18,028 [INFO] Step 395400: reward=-0.010, dist=0.00
2026-03-01 07:16:19,449 [INFO] Step 395600: reward=-0.010, dist=0.00
2026-03-01 07:17:20,832 [INFO] Step 395800: reward=-0.010, dist=0.00
2026-03-01 07:18:22,307 [INFO] Step 396000: reward=-0.010, dist=0.00
2026-03-01 07:19:23,777 [INFO] Step 396200: reward=-0.010, dist=0.00
2026-03-01 07:20:25,216 [INFO] Step 396400: reward=-0.010, dist=0.00
2026-03-01 07:21:26,695 [INFO] Step 396600: reward=-0.010, dist=0.00
2026-03-01 07:22:28,152 [INFO] Step 396800: reward=-0.010, dist=0.00
2026-03-01 07:23:29,623 [INFO] Step 397000: reward=-0.010, dist=0.00
2026-03-01 07:24:13,559 [INFO] Performing PPO update at global step 2097152
2026-03-01 07:24:13,793 [INFO] PPO losses — policy: 0.0203, value: 0.0039, entropy: -2.7432
2026-03-01 07:24:13,797 [INFO] PPO update completed. Buffer cleared.
2026-03-01 07:24:31,315 [INFO] Step 397200: reward=-0.010, dist=0.00
2026-03-01 07:25:32,751 [INFO] Step 397400: reward=-0.010, dist=0.00
2026-03-01 07:26:34,232 [INFO] Step 397600: reward=-0.010, dist=0.00
2026-03-01 07:27:35,683 [INFO] Step 397800: reward=-0.010, dist=0.00
2026-03-01 07:28:37,102 [INFO] Step 398000: reward=-0.010, dist=0.00
2026-03-01 07:29:38,583 [INFO] Step 398200: reward=-0.010, dist=0.00
2026-03-01 07:30:39,976 [INFO] Step 398400: reward=-0.010, dist=0.00
2026-03-01 07:31:41,464 [INFO] Step 398600: reward=-0.010, dist=0.00
2026-03-01 07:32:42,894 [INFO] Step 398800: reward=-0.010, dist=0.00
2026-03-01 07:33:44,295 [INFO] Step 399000: reward=-0.010, dist=0.00
2026-03-01 07:34:43,039 [INFO] Performing PPO update at global step 2099200
2026-03-01 07:34:43,273 [INFO] PPO losses — policy: 0.0261, value: 0.0043, entropy: -2.7204
2026-03-01 07:34:43,276 [INFO] PPO update completed. Buffer cleared.
2026-03-01 07:34:46,073 [INFO] Step 399200: reward=-0.010, dist=0.00
2026-03-01 07:35:47,557 [INFO] Step 399400: reward=-0.010, dist=0.00
2026-03-01 07:36:49,019 [INFO] Step 399600: reward=-0.010, dist=0.00
2026-03-01 07:37:50,458 [INFO] Step 399800: reward=-0.010, dist=0.00
2026-03-01 07:38:49,120 [INFO] Policy action (normalized): v = +0.497, w = -0.534 | Cmd_vel (scaled): v = +0.497 m/s, w = -0.534 rad/s
2026-03-01 07:38:51,882 [INFO] Step 400000: reward=-0.010, dist=0.00
2026-03-01 07:39:53,363 [INFO] Step 400200: reward=-0.010, dist=0.00
2026-03-01 07:40:54,881 [INFO] Step 400400: reward=-0.010, dist=0.00
2026-03-01 07:41:56,276 [INFO] Step 400600: reward=-0.010, dist=0.00
2026-03-01 07:42:57,709 [INFO] Step 400800: reward=-0.010, dist=0.00
2026-03-01 07:43:59,140 [INFO] Step 401000: reward=-0.010, dist=0.00
2026-03-01 07:45:00,575 [INFO] Step 401200: reward=-0.010, dist=0.00
2026-03-01 07:45:12,549 [INFO] Performing PPO update at global step 2101248
2026-03-01 07:45:12,782 [INFO] PPO losses — policy: 0.0316, value: 0.0043, entropy: -2.5966
2026-03-01 07:45:12,786 [INFO] PPO update completed. Buffer cleared.
2026-03-01 07:46:02,355 [INFO] Step 401400: reward=-0.010, dist=0.00
2026-03-01 07:47:03,839 [INFO] Step 401600: reward=-0.010, dist=0.00
2026-03-01 07:48:05,273 [INFO] Step 401800: reward=-0.010, dist=0.00
2026-03-01 07:49:06,747 [INFO] Step 402000: reward=-0.010, dist=0.00
2026-03-01 07:50:08,202 [INFO] Step 402200: reward=-0.010, dist=0.00
2026-03-01 07:51:09,631 [INFO] Step 402400: reward=-0.010, dist=0.00
2026-03-01 07:52:11,016 [INFO] Step 402600: reward=-0.010, dist=0.00
2026-03-01 07:53:12,516 [INFO] Step 402800: reward=-0.010, dist=0.00
2026-03-01 07:54:14,007 [INFO] Step 403000: reward=-0.010, dist=0.00
2026-03-01 07:55:15,458 [INFO] Step 403200: reward=-0.010, dist=0.00
2026-03-01 07:55:42,201 [INFO] Performing PPO update at global step 2103296
2026-03-01 07:55:42,433 [INFO] PPO losses — policy: 0.0180, value: 0.0039, entropy: -2.5410
2026-03-01 07:55:42,437 [INFO] PPO update completed. Buffer cleared.
2026-03-01 07:56:17,158 [INFO] Step 403400: reward=-0.010, dist=0.00
2026-03-01 07:57:18,614 [INFO] Step 403600: reward=-0.010, dist=0.00
2026-03-01 07:58:20,107 [INFO] Step 403800: reward=-0.010, dist=0.00
2026-03-01 07:59:21,472 [INFO] Step 404000: reward=-0.010, dist=0.00
2026-03-01 08:00:22,918 [INFO] Step 404200: reward=-0.010, dist=0.00
2026-03-01 08:01:24,392 [INFO] Step 404400: reward=-0.010, dist=0.00
2026-03-01 08:02:25,864 [INFO] Step 404600: reward=-0.010, dist=0.00
2026-03-01 08:03:27,307 [INFO] Step 404800: reward=-0.010, dist=0.00
2026-03-01 08:04:28,766 [INFO] Step 405000: reward=-0.010, dist=0.00
2026-03-01 08:05:30,253 [INFO] Step 405200: reward=-0.010, dist=0.00
2026-03-01 08:06:11,767 [INFO] Performing PPO update at global step 2105344
2026-03-01 08:06:11,995 [INFO] PPO losses — policy: 0.0330, value: 0.0063, entropy: -2.4433
2026-03-01 08:06:11,999 [INFO] PPO update completed. Buffer cleared.
2026-03-01 08:06:31,982 [INFO] Step 405400: reward=-0.010, dist=0.00
2026-03-01 08:07:33,428 [INFO] Step 405600: reward=-0.010, dist=0.00
2026-03-01 08:08:34,824 [INFO] Step 405800: reward=-0.010, dist=0.00
2026-03-01 08:09:36,248 [INFO] Step 406000: reward=-0.010, dist=0.00
2026-03-01 08:10:37,690 [INFO] Step 406200: reward=-0.010, dist=0.00
2026-03-01 08:11:39,149 [INFO] Step 406400: reward=-0.010, dist=0.00
2026-03-01 08:12:40,596 [INFO] Step 406600: reward=-0.010, dist=0.00
2026-03-01 08:13:42,035 [INFO] Step 406800: reward=-0.010, dist=0.00
2026-03-01 08:14:43,459 [INFO] Step 407000: reward=-0.010, dist=0.00
2026-03-01 08:15:44,938 [INFO] Step 407200: reward=-0.010, dist=0.00
2026-03-01 08:16:41,154 [INFO] Performing PPO update at global step 2107392
2026-03-01 08:16:41,382 [INFO] PPO losses — policy: 0.0146, value: 0.0041, entropy: -2.5049
2026-03-01 08:16:41,386 [INFO] PPO update completed. Buffer cleared.
2026-03-01 08:16:46,644 [INFO] Step 407400: reward=-0.010, dist=0.00
2026-03-01 08:17:48,060 [INFO] Step 407600: reward=-0.010, dist=0.00
2026-03-01 08:18:49,535 [INFO] Step 407800: reward=-0.010, dist=0.00
2026-03-01 08:19:50,974 [INFO] Step 408000: reward=-0.010, dist=0.00
2026-03-01 08:20:52,418 [INFO] Step 408200: reward=-0.010, dist=0.00
2026-03-01 08:21:53,842 [INFO] Step 408400: reward=-0.010, dist=0.00
2026-03-01 08:22:55,293 [INFO] Step 408600: reward=-0.010, dist=0.00
2026-03-01 08:23:56,801 [INFO] Step 408800: reward=-0.010, dist=0.00
2026-03-01 08:24:58,259 [INFO] Step 409000: reward=-0.010, dist=0.00
2026-03-01 08:25:59,717 [INFO] Step 409200: reward=-0.010, dist=0.00
2026-03-01 08:27:01,143 [INFO] Step 409400: reward=-0.010, dist=0.00
2026-03-01 08:27:10,648 [INFO] Performing PPO update at global step 2109440
2026-03-01 08:27:10,887 [INFO] PPO losses — policy: 0.0184, value: 0.0040, entropy: -2.4389
2026-03-01 08:27:10,890 [INFO] PPO update completed. Buffer cleared.
2026-03-01 08:28:02,858 [INFO] Step 409600: reward=-0.010, dist=0.00
2026-03-01 08:29:04,222 [INFO] Step 409800: reward=-0.010, dist=0.00
2026-03-01 08:30:02,866 [INFO] Policy action (normalized): v = +0.505, w = -0.307 | Cmd_vel (scaled): v = +0.505 m/s, w = -0.307 rad/s
2026-03-01 08:30:05,630 [INFO] Step 410000: reward=-0.010, dist=0.00
2026-03-01 08:31:07,048 [INFO] Step 410200: reward=-0.010, dist=0.00
2026-03-01 08:32:08,491 [INFO] Step 410400: reward=-0.010, dist=0.00
2026-03-01 08:33:09,956 [INFO] Step 410600: reward=-0.010, dist=0.00
2026-03-01 08:34:11,390 [INFO] Step 410800: reward=-0.010, dist=0.00
2026-03-01 08:35:12,905 [INFO] Step 411000: reward=-0.010, dist=0.00
2026-03-01 08:36:14,362 [INFO] Step 411200: reward=-0.010, dist=0.00
2026-03-01 08:37:15,842 [INFO] Step 411400: reward=-0.010, dist=0.00
2026-03-01 08:37:40,132 [INFO] Performing PPO update at global step 2111488
2026-03-01 08:37:40,364 [INFO] PPO losses — policy: 0.0224, value: 0.0040, entropy: -2.5136
2026-03-01 08:37:40,368 [INFO] PPO update completed. Buffer cleared.
2026-03-01 08:38:17,564 [INFO] Step 411600: reward=-0.010, dist=0.00
2026-03-01 08:39:18,972 [INFO] Step 411800: reward=-0.010, dist=0.00
2026-03-01 08:40:20,392 [INFO] Step 412000: reward=-0.010, dist=0.00
2026-03-01 08:41:21,788 [INFO] Step 412200: reward=-0.010, dist=0.00
2026-03-01 08:42:23,193 [INFO] Step 412400: reward=-0.010, dist=0.00
2026-03-01 08:43:24,606 [INFO] Step 412600: reward=-0.010, dist=0.00
2026-03-01 08:44:26,086 [INFO] Step 412800: reward=-0.010, dist=0.00
2026-03-01 08:45:27,564 [INFO] Step 413000: reward=-0.010, dist=0.00
2026-03-01 08:46:28,993 [INFO] Step 413200: reward=-0.010, dist=0.00
2026-03-01 08:47:30,410 [INFO] Step 413400: reward=-0.010, dist=0.00
2026-03-01 08:48:09,485 [INFO] Performing PPO update at global step 2113536
2026-03-01 08:48:09,713 [INFO] PPO losses — policy: 0.0387, value: 0.0042, entropy: -2.4516
2026-03-01 08:48:09,718 [INFO] PPO update completed. Buffer cleared.
2026-03-01 08:48:32,196 [INFO] Step 413600: reward=-0.010, dist=0.00
2026-03-01 08:49:33,677 [INFO] Step 413800: reward=-0.010, dist=0.00
2026-03-01 08:50:35,104 [INFO] Step 414000: reward=-0.010, dist=0.00
2026-03-01 08:51:36,591 [INFO] Step 414200: reward=-0.010, dist=0.00
2026-03-01 08:52:38,011 [INFO] Step 414400: reward=-0.010, dist=0.00
2026-03-01 08:53:39,493 [INFO] Step 414600: reward=-0.010, dist=0.00
2026-03-01 08:54:40,908 [INFO] Step 414800: reward=-0.010, dist=0.00
2026-03-01 08:55:42,401 [INFO] Step 415000: reward=-0.010, dist=0.00
2026-03-01 08:56:43,886 [INFO] Step 415200: reward=-0.010, dist=0.00
2026-03-01 08:57:45,433 [INFO] Step 415400: reward=-0.010, dist=0.00
2026-03-01 08:58:39,256 [INFO] Performing PPO update at global step 2115584
2026-03-01 08:58:39,488 [INFO] PPO losses — policy: 0.0251, value: 0.0042, entropy: -2.3740
2026-03-01 08:58:39,492 [INFO] PPO update completed. Buffer cleared.
2026-03-01 08:58:47,213 [INFO] Step 415600: reward=-0.010, dist=0.00
2026-03-01 08:59:48,583 [INFO] Step 415800: reward=-0.010, dist=0.00
2026-03-01 09:00:49,995 [INFO] Step 416000: reward=-0.010, dist=0.00
2026-03-01 09:01:51,464 [INFO] Step 416200: reward=-0.010, dist=0.00
2026-03-01 09:02:52,902 [INFO] Step 416400: reward=-0.010, dist=0.00
2026-03-01 09:03:54,311 [INFO] Step 416600: reward=-0.010, dist=0.00
2026-03-01 09:04:55,766 [INFO] Step 416800: reward=-0.010, dist=0.00
2026-03-01 09:05:57,228 [INFO] Step 417000: reward=-0.010, dist=0.00
2026-03-01 09:06:58,620 [INFO] Step 417200: reward=-0.010, dist=0.00
2026-03-01 09:08:00,111 [INFO] Step 417400: reward=-0.010, dist=0.00
2026-03-01 09:09:01,577 [INFO] Step 417600: reward=-0.010, dist=0.00
2026-03-01 09:09:08,643 [INFO] Performing PPO update at global step 2117632
2026-03-01 09:09:08,879 [INFO] PPO losses — policy: 0.0218, value: 0.0039, entropy: -2.2512
2026-03-01 09:09:08,883 [INFO] PPO update completed. Buffer cleared.
2026-03-01 09:10:03,226 [INFO] Step 417800: reward=-0.010, dist=0.00
2026-03-01 09:11:04,640 [INFO] Step 418000: reward=-0.010, dist=0.00
2026-03-01 09:12:06,068 [INFO] Step 418200: reward=-0.010, dist=0.00
2026-03-01 09:13:07,491 [INFO] Step 418400: reward=-0.010, dist=0.00
2026-03-01 09:14:08,941 [INFO] Step 418600: reward=-0.010, dist=0.00
2026-03-01 09:15:10,433 [INFO] Step 418800: reward=-0.010, dist=0.00
2026-03-01 09:16:11,897 [INFO] Step 419000: reward=-0.010, dist=0.00
2026-03-01 09:17:13,277 [INFO] Step 419200: reward=-0.010, dist=0.00
2026-03-01 09:18:14,790 [INFO] Step 419400: reward=-0.010, dist=0.00
2026-03-01 09:19:16,226 [INFO] Step 419600: reward=-0.010, dist=0.00
2026-03-01 09:19:38,015 [INFO] Performing PPO update at global step 2119680
2026-03-01 09:19:38,263 [INFO] PPO losses — policy: 0.0225, value: 0.0039, entropy: -2.1607
2026-03-01 09:19:38,269 [INFO] PPO update completed. Buffer cleared.
2026-03-01 09:20:17,936 [INFO] Step 419800: reward=-0.010, dist=0.00
2026-03-01 09:21:16,636 [INFO] Policy action (normalized): v = +0.501, w = +0.391 | Cmd_vel (scaled): v = +0.501 m/s, w = +0.391 rad/s
2026-03-01 09:21:19,404 [INFO] Step 420000: reward=-0.010, dist=0.00
2026-03-01 09:22:20,867 [INFO] Step 420200: reward=-0.010, dist=0.00
2026-03-01 09:23:22,313 [INFO] Step 420400: reward=-0.010, dist=0.00
2026-03-01 09:24:23,736 [INFO] Step 420600: reward=-0.010, dist=0.00
2026-03-01 09:25:25,174 [INFO] Step 420800: reward=-0.010, dist=0.00
2026-03-01 09:26:26,593 [INFO] Step 421000: reward=-0.010, dist=0.00
2026-03-01 09:27:28,103 [INFO] Step 421200: reward=-0.010, dist=0.00
2026-03-01 09:28:29,605 [INFO] Step 421400: reward=-0.010, dist=0.00
2026-03-01 09:29:31,082 [INFO] Step 421600: reward=-0.010, dist=0.00
2026-03-01 09:30:07,684 [INFO] Performing PPO update at global step 2121728
2026-03-01 09:30:07,917 [INFO] PPO losses — policy: 0.0210, value: 0.0039, entropy: -2.3368
2026-03-01 09:30:07,921 [INFO] PPO update completed. Buffer cleared.
2026-03-01 09:30:32,810 [INFO] Step 421800: reward=-0.010, dist=0.00
2026-03-01 09:31:34,237 [INFO] Step 422000: reward=-0.010, dist=0.00
2026-03-01 09:32:35,625 [INFO] Step 422200: reward=-0.010, dist=0.00
2026-03-01 09:33:37,011 [INFO] Step 422400: reward=-0.010, dist=0.00
2026-03-01 09:34:38,458 [INFO] Step 422600: reward=-0.010, dist=0.00
2026-03-01 09:35:39,876 [INFO] Step 422800: reward=-0.010, dist=0.00
2026-03-01 09:36:41,340 [INFO] Step 423000: reward=-0.010, dist=0.00
2026-03-01 09:37:42,822 [INFO] Step 423200: reward=-0.010, dist=0.00
2026-03-01 09:38:44,345 [INFO] Step 423400: reward=-0.010, dist=0.00
2026-03-01 09:39:45,827 [INFO] Step 423600: reward=-0.010, dist=0.00
2026-03-01 09:40:37,167 [INFO] Performing PPO update at global step 2123776
2026-03-01 09:40:37,392 [INFO] PPO losses — policy: 0.0370, value: 0.0041, entropy: -2.0142
2026-03-01 09:40:37,397 [INFO] PPO update completed. Buffer cleared.
2026-03-01 09:40:47,552 [INFO] Step 423800: reward=-0.010, dist=0.00
2026-03-01 09:41:48,962 [INFO] Step 424000: reward=-0.010, dist=0.00
2026-03-01 09:42:50,420 [INFO] Step 424200: reward=-0.010, dist=0.00
2026-03-01 09:43:51,876 [INFO] Step 424400: reward=-0.010, dist=0.00
2026-03-01 09:44:53,329 [INFO] Step 424600: reward=-0.010, dist=0.00
2026-03-01 09:45:54,838 [INFO] Step 424800: reward=-0.010, dist=0.00
2026-03-01 09:46:56,268 [INFO] Step 425000: reward=-0.010, dist=0.00
2026-03-01 09:47:57,762 [INFO] Step 425200: reward=-0.010, dist=0.00
2026-03-01 09:48:59,199 [INFO] Step 425400: reward=-0.010, dist=0.00
2026-03-01 09:50:00,659 [INFO] Step 425600: reward=-0.010, dist=0.00
2026-03-01 09:51:02,177 [INFO] Step 425800: reward=-0.010, dist=0.00
2026-03-01 09:51:06,798 [INFO] Performing PPO update at global step 2125824
2026-03-01 09:51:07,036 [INFO] PPO losses — policy: 0.0215, value: 0.0042, entropy: -2.0480
2026-03-01 09:51:07,040 [INFO] PPO update completed. Buffer cleared.
2026-03-01 09:52:03,903 [INFO] Step 426000: reward=-0.010, dist=0.00
2026-03-01 09:53:05,332 [INFO] Step 426200: reward=-0.010, dist=0.00
2026-03-01 09:54:06,760 [INFO] Step 426400: reward=-0.010, dist=0.00
2026-03-01 09:55:08,215 [INFO] Step 426600: reward=-0.010, dist=0.00
2026-03-01 09:56:09,670 [INFO] Step 426800: reward=-0.010, dist=0.00
2026-03-01 09:57:11,069 [INFO] Step 427000: reward=-0.010, dist=0.00
2026-03-01 09:58:12,468 [INFO] Step 427200: reward=-0.010, dist=0.00
2026-03-01 09:59:13,921 [INFO] Step 427400: reward=-0.010, dist=0.00
2026-03-01 10:00:15,373 [INFO] Step 427600: reward=-0.010, dist=0.00
2026-03-01 10:01:16,881 [INFO] Step 427800: reward=-0.010, dist=0.00
2026-03-01 10:01:36,248 [INFO] Performing PPO update at global step 2127872
2026-03-01 10:01:36,478 [INFO] PPO losses — policy: 0.0246, value: 0.0039, entropy: -2.0409
2026-03-01 10:01:36,482 [INFO] PPO update completed. Buffer cleared.
2026-03-01 10:02:18,642 [INFO] Step 428000: reward=-0.010, dist=0.00
2026-03-01 10:03:20,039 [INFO] Step 428200: reward=-0.010, dist=0.00
2026-03-01 10:04:21,472 [INFO] Step 428400: reward=-0.010, dist=0.00
2026-03-01 10:05:22,901 [INFO] Step 428600: reward=-0.010, dist=0.00
2026-03-01 10:06:24,271 [INFO] Step 428800: reward=-0.010, dist=0.00
2026-03-01 10:07:25,671 [INFO] Step 429000: reward=-0.010, dist=0.00
2026-03-01 10:08:27,111 [INFO] Step 429200: reward=-0.010, dist=0.00
2026-03-01 10:09:28,497 [INFO] Step 429400: reward=-0.010, dist=0.00
2026-03-01 10:10:29,939 [INFO] Step 429600: reward=-0.010, dist=0.00
2026-03-01 10:11:31,446 [INFO] Step 429800: reward=-0.010, dist=0.00
2026-03-01 10:12:05,598 [INFO] Performing PPO update at global step 2129920
2026-03-01 10:12:05,837 [INFO] PPO losses — policy: 0.0319, value: 0.0039, entropy: -1.9879
2026-03-01 10:12:05,841 [INFO] PPO update completed. Buffer cleared.
2026-03-01 10:12:30,423 [INFO] Policy action (normalized): v = +0.507, w = -0.646 | Cmd_vel (scaled): v = +0.507 m/s, w = -0.646 rad/s
2026-03-01 10:12:33,224 [INFO] Step 430000: reward=-0.010, dist=0.00
2026-03-01 10:13:34,692 [INFO] Step 430200: reward=-0.010, dist=0.00
2026-03-01 10:14:36,188 [INFO] Step 430400: reward=-0.010, dist=0.00
2026-03-01 10:15:37,606 [INFO] Step 430600: reward=-0.010, dist=0.00
2026-03-01 10:16:39,005 [INFO] Step 430800: reward=-0.010, dist=0.00
2026-03-01 10:17:40,475 [INFO] Step 431000: reward=-0.010, dist=0.00
2026-03-01 10:18:41,914 [INFO] Step 431200: reward=-0.010, dist=0.00
2026-03-01 10:19:43,341 [INFO] Step 431400: reward=-0.010, dist=0.00
2026-03-01 10:20:44,855 [INFO] Step 431600: reward=-0.010, dist=0.00
2026-03-01 10:21:46,352 [INFO] Step 431800: reward=-0.010, dist=0.00
2026-03-01 10:22:35,187 [INFO] Performing PPO update at global step 2131968
2026-03-01 10:22:35,422 [INFO] PPO losses — policy: 0.0193, value: 0.0039, entropy: -1.9128
2026-03-01 10:22:35,426 [INFO] PPO update completed. Buffer cleared.
2026-03-01 10:22:48,015 [INFO] Step 432000: reward=-0.010, dist=0.00
2026-03-01 10:23:49,493 [INFO] Step 432200: reward=-0.010, dist=0.00
2026-03-01 10:24:50,945 [INFO] Step 432400: reward=-0.010, dist=0.00
2026-03-01 10:25:52,376 [INFO] Step 432600: reward=-0.010, dist=0.00
2026-03-01 10:26:53,810 [INFO] Step 432800: reward=-0.010, dist=0.00
2026-03-01 10:27:55,254 [INFO] Step 433000: reward=-0.010, dist=0.00
2026-03-01 10:28:56,708 [INFO] Step 433200: reward=-0.010, dist=0.00
2026-03-01 10:29:58,112 [INFO] Step 433400: reward=-0.010, dist=0.00
2026-03-01 10:30:59,502 [INFO] Step 433600: reward=-0.010, dist=0.00
2026-03-01 10:32:00,920 [INFO] Step 433800: reward=-0.010, dist=0.00
2026-03-01 10:33:02,403 [INFO] Step 434000: reward=-0.010, dist=0.00
2026-03-01 10:33:04,553 [INFO] Performing PPO update at global step 2134016
2026-03-01 10:33:04,788 [INFO] PPO losses — policy: 0.0177, value: 0.0041, entropy: -1.8886
2026-03-01 10:33:04,792 [INFO] PPO update completed. Buffer cleared.
2026-03-01 10:34:04,102 [INFO] Step 434200: reward=-0.010, dist=0.00
2026-03-01 10:35:05,549 [INFO] Step 434400: reward=-0.010, dist=0.00
2026-03-01 10:36:07,035 [INFO] Step 434600: reward=-0.010, dist=0.00
2026-03-01 10:37:08,447 [INFO] Step 434800: reward=-0.010, dist=0.00
2026-03-01 10:38:09,886 [INFO] Step 435000: reward=-0.010, dist=0.00
2026-03-01 10:39:11,351 [INFO] Step 435200: reward=-0.010, dist=0.00
2026-03-01 10:40:12,818 [INFO] Step 435400: reward=-0.010, dist=0.00
2026-03-01 10:41:14,255 [INFO] Step 435600: reward=-0.010, dist=0.00
2026-03-01 10:42:15,718 [INFO] Step 435800: reward=-0.010, dist=0.00
2026-03-01 10:43:17,096 [INFO] Step 436000: reward=-0.010, dist=0.00
2026-03-01 10:43:34,016 [INFO] Performing PPO update at global step 2136064
2026-03-01 10:43:34,249 [INFO] PPO losses — policy: 0.0202, value: 0.0042, entropy: -1.9654
2026-03-01 10:43:34,253 [INFO] PPO update completed. Buffer cleared.
2026-03-01 10:44:18,797 [INFO] Step 436200: reward=-0.010, dist=0.00
2026-03-01 10:45:20,269 [INFO] Step 436400: reward=-0.010, dist=0.00
2026-03-01 10:46:21,660 [INFO] Step 436600: reward=-0.010, dist=0.00
2026-03-01 10:47:23,075 [INFO] Step 436800: reward=-0.010, dist=0.00
2026-03-01 10:48:24,560 [INFO] Step 437000: reward=-0.010, dist=0.00
2026-03-01 10:49:25,975 [INFO] Step 437200: reward=-0.010, dist=0.00
2026-03-01 10:50:27,428 [INFO] Step 437400: reward=-0.010, dist=0.00
2026-03-01 10:51:28,867 [INFO] Step 437600: reward=-0.010, dist=0.00
2026-03-01 10:52:30,353 [INFO] Step 437800: reward=-0.010, dist=0.00
2026-03-01 10:53:31,803 [INFO] Step 438000: reward=-0.010, dist=0.00
2026-03-01 10:54:03,464 [INFO] Performing PPO update at global step 2138112
2026-03-01 10:54:03,697 [INFO] PPO losses — policy: 0.0355, value: 0.0038, entropy: -1.9067
2026-03-01 10:54:03,701 [INFO] PPO update completed. Buffer cleared.
2026-03-01 10:54:33,563 [INFO] Step 438200: reward=-0.010, dist=0.00
2026-03-01 10:55:34,984 [INFO] Step 438400: reward=-0.010, dist=0.00
2026-03-01 10:56:36,400 [INFO] Step 438600: reward=-0.010, dist=0.00
2026-03-01 10:57:37,801 [INFO] Step 438800: reward=-0.010, dist=0.00
2026-03-01 10:58:39,266 [INFO] Step 439000: reward=-0.010, dist=0.00
2026-03-01 10:59:40,667 [INFO] Step 439200: reward=-0.010, dist=0.00
2026-03-01 11:00:42,145 [INFO] Step 439400: reward=-0.010, dist=0.00
2026-03-01 11:01:43,594 [INFO] Step 439600: reward=-0.010, dist=0.00
2026-03-01 11:02:45,038 [INFO] Step 439800: reward=-0.010, dist=0.00
2026-03-01 11:03:43,840 [INFO] Policy action (normalized): v = +0.497, w = -0.057 | Cmd_vel (scaled): v = +0.497 m/s, w = -0.057 rad/s
2026-03-01 11:03:46,600 [INFO] Step 440000: reward=-0.010, dist=0.00
2026-03-01 11:04:32,944 [INFO] Performing PPO update at global step 2140160
2026-03-01 11:04:33,175 [INFO] PPO losses — policy: 0.0232, value: 0.0039, entropy: -2.0151
2026-03-01 11:04:33,179 [INFO] PPO update completed. Buffer cleared.
2026-03-01 11:04:48,245 [INFO] Step 440200: reward=-0.010, dist=0.00
2026-03-01 11:05:49,647 [INFO] Step 440400: reward=-0.010, dist=0.00
2026-03-01 11:06:51,049 [INFO] Step 440600: reward=-0.010, dist=0.00
2026-03-01 11:07:52,546 [INFO] Step 440800: reward=-0.010, dist=0.00
2026-03-01 11:08:54,036 [INFO] Step 441000: reward=-0.010, dist=0.00
2026-03-01 11:09:55,488 [INFO] Step 441200: reward=-0.010, dist=0.00
2026-03-01 11:10:56,938 [INFO] Step 441400: reward=-0.010, dist=0.00
2026-03-01 11:11:58,383 [INFO] Step 441600: reward=-0.010, dist=0.00
2026-03-01 11:12:59,849 [INFO] Step 441800: reward=-0.010, dist=0.00
2026-03-01 11:14:01,293 [INFO] Step 442000: reward=-0.010, dist=0.00
2026-03-01 11:15:02,488 [INFO] Performing PPO update at global step 2142208
2026-03-01 11:15:02,721 [INFO] PPO losses — policy: 0.0292, value: 0.0039, entropy: -2.0620
2026-03-01 11:15:02,725 [INFO] PPO update completed. Buffer cleared.
2026-03-01 11:15:03,033 [INFO] Step 442200: reward=-0.010, dist=0.00
2026-03-01 11:16:04,538 [INFO] Step 442400: reward=-0.010, dist=0.00
2026-03-01 11:17:06,061 [INFO] Step 442600: reward=-0.010, dist=0.00
2026-03-01 11:18:07,492 [INFO] Step 442800: reward=-0.010, dist=0.00
2026-03-01 11:19:08,936 [INFO] Step 443000: reward=-0.010, dist=0.00
2026-03-01 11:20:10,366 [INFO] Step 443200: reward=-0.010, dist=0.00
2026-03-01 11:21:11,770 [INFO] Step 443400: reward=-0.010, dist=0.00
2026-03-01 11:22:13,274 [INFO] Step 443600: reward=-0.010, dist=0.00
2026-03-01 11:23:14,710 [INFO] Step 443800: reward=-0.010, dist=0.00
2026-03-01 11:24:16,116 [INFO] Step 444000: reward=-0.010, dist=0.00
2026-03-01 11:25:17,626 [INFO] Step 444200: reward=-0.010, dist=0.00
2026-03-01 11:25:32,056 [INFO] Performing PPO update at global step 2144256
2026-03-01 11:25:32,283 [INFO] PPO losses — policy: 0.0227, value: 0.0039, entropy: -2.0273
2026-03-01 11:25:32,287 [INFO] PPO update completed. Buffer cleared.
2026-03-01 11:26:19,342 [INFO] Step 444400: reward=-0.010, dist=0.00
2026-03-01 11:27:20,803 [INFO] Step 444600: reward=-0.010, dist=0.00
2026-03-01 11:28:22,263 [INFO] Step 444800: reward=-0.010, dist=0.00
2026-03-01 11:29:23,677 [INFO] Step 445000: reward=-0.010, dist=0.00
2026-03-01 11:30:25,120 [INFO] Step 445200: reward=-0.010, dist=0.00
2026-03-01 11:31:26,618 [INFO] Step 445400: reward=-0.010, dist=0.00
2026-03-01 11:32:28,100 [INFO] Step 445600: reward=-0.010, dist=0.00
2026-03-01 11:33:29,568 [INFO] Step 445800: reward=-0.010, dist=0.00
2026-03-01 11:34:31,080 [INFO] Step 446000: reward=-0.010, dist=0.00
2026-03-01 11:35:32,456 [INFO] Step 446200: reward=-0.010, dist=0.00
2026-03-01 11:36:01,638 [INFO] Performing PPO update at global step 2146304
2026-03-01 11:36:01,869 [INFO] PPO losses — policy: 0.0213, value: 0.0039, entropy: -2.0532
2026-03-01 11:36:01,872 [INFO] PPO update completed. Buffer cleared.
2026-03-01 11:36:34,149 [INFO] Step 446400: reward=-0.010, dist=0.00
2026-03-01 11:37:35,627 [INFO] Step 446600: reward=-0.010, dist=0.00
2026-03-01 11:38:37,048 [INFO] Step 446800: reward=-0.010, dist=0.00
2026-03-01 11:39:38,469 [INFO] Step 447000: reward=-0.010, dist=0.00
2026-03-01 11:40:39,935 [INFO] Step 447200: reward=-0.010, dist=0.00
2026-03-01 11:41:41,394 [INFO] Step 447400: reward=-0.010, dist=0.00
2026-03-01 11:42:42,872 [INFO] Step 447600: reward=-0.010, dist=0.00
2026-03-01 11:43:44,286 [INFO] Step 447800: reward=-0.010, dist=0.00
2026-03-01 11:44:45,756 [INFO] Step 448000: reward=-0.010, dist=0.00
2026-03-01 11:45:47,237 [INFO] Step 448200: reward=-0.010, dist=0.00
2026-03-01 11:46:31,150 [INFO] Performing PPO update at global step 2148352
2026-03-01 11:46:31,392 [INFO] PPO losses — policy: 0.0150, value: 0.0039, entropy: -2.1608
2026-03-01 11:46:31,396 [INFO] PPO update completed. Buffer cleared.
2026-03-01 11:46:48,923 [INFO] Step 448400: reward=-0.010, dist=0.00
2026-03-01 11:47:50,391 [INFO] Step 448600: reward=-0.010, dist=0.00
2026-03-01 11:48:51,860 [INFO] Step 448800: reward=-0.010, dist=0.00
2026-03-01 11:49:53,330 [INFO] Step 449000: reward=-0.010, dist=0.00
2026-03-01 11:50:54,741 [INFO] Step 449200: reward=-0.010, dist=0.00
2026-03-01 11:51:56,218 [INFO] Step 449400: reward=-0.010, dist=0.00
2026-03-01 11:52:57,667 [INFO] Step 449600: reward=-0.010, dist=0.00
2026-03-01 11:53:59,155 [INFO] Step 449800: reward=-0.010, dist=0.00
2026-03-01 11:54:57,879 [INFO] Policy action (normalized): v = +0.526, w = +0.853 | Cmd_vel (scaled): v = +0.526 m/s, w = +0.853 rad/s
2026-03-01 11:55:00,641 [INFO] Step 450000: reward=-0.010, dist=0.00
2026-03-01 11:56:02,092 [INFO] Step 450200: reward=-0.010, dist=0.00
2026-03-01 11:57:00,828 [INFO] Performing PPO update at global step 2150400
2026-03-01 11:57:01,067 [INFO] PPO losses — policy: 0.0234, value: 0.0039, entropy: -2.2912
2026-03-01 11:57:01,071 [INFO] PPO update completed. Buffer cleared.
2026-03-01 11:57:03,857 [INFO] Step 450400: reward=-0.010, dist=0.00
2026-03-01 11:58:05,286 [INFO] Step 450600: reward=-0.010, dist=0.00
2026-03-01 11:59:06,714 [INFO] Step 450800: reward=-0.010, dist=0.00
2026-03-01 12:00:08,173 [INFO] Step 451000: reward=-0.010, dist=0.00
2026-03-01 12:01:09,657 [INFO] Step 451200: reward=-0.010, dist=0.00
2026-03-01 12:02:11,104 [INFO] Step 451400: reward=-0.010, dist=0.00
2026-03-01 12:03:12,495 [INFO] Step 451600: reward=-0.010, dist=0.00
2026-03-01 12:04:13,936 [INFO] Step 451800: reward=-0.010, dist=0.00
2026-03-01 12:05:15,390 [INFO] Step 452000: reward=-0.010, dist=0.00
2026-03-01 12:06:16,877 [INFO] Step 452200: reward=-0.010, dist=0.00
2026-03-01 12:07:18,346 [INFO] Step 452400: reward=-0.010, dist=0.00
2026-03-01 12:07:30,344 [INFO] Performing PPO update at global step 2152448
2026-03-01 12:07:30,576 [INFO] PPO losses — policy: 0.0142, value: 0.0039, entropy: -2.3576
2026-03-01 12:07:30,581 [INFO] PPO update completed. Buffer cleared.
2026-03-01 12:08:20,022 [INFO] Step 452600: reward=-0.010, dist=0.00
2026-03-01 12:09:21,468 [INFO] Step 452800: reward=-0.010, dist=0.00
2026-03-01 12:10:22,940 [INFO] Step 453000: reward=-0.010, dist=0.00
2026-03-01 12:11:24,389 [INFO] Step 453200: reward=-0.010, dist=0.00
2026-03-01 12:12:25,797 [INFO] Step 453400: reward=-0.010, dist=0.00
2026-03-01 12:13:27,213 [INFO] Step 453600: reward=-0.010, dist=0.00
2026-03-01 12:14:28,690 [INFO] Step 453800: reward=-0.010, dist=0.00
2026-03-01 12:15:30,144 [INFO] Step 454000: reward=-0.010, dist=0.00
2026-03-01 12:16:31,607 [INFO] Step 454200: reward=-0.010, dist=0.00
2026-03-01 12:17:33,084 [INFO] Step 454400: reward=-0.010, dist=0.00
2026-03-01 12:17:59,836 [INFO] Performing PPO update at global step 2154496
2026-03-01 12:18:00,076 [INFO] PPO losses — policy: 0.0237, value: 0.0048, entropy: -2.1684
2026-03-01 12:18:00,080 [INFO] PPO update completed. Buffer cleared.
2026-03-01 12:18:34,829 [INFO] Step 454600: reward=-0.010, dist=0.00
2026-03-01 12:19:36,191 [INFO] Step 454800: reward=-0.010, dist=0.00
2026-03-01 12:20:37,605 [INFO] Step 455000: reward=-0.010, dist=0.00
2026-03-01 12:21:39,016 [INFO] Step 455200: reward=-0.010, dist=0.00
2026-03-01 12:22:40,459 [INFO] Step 455400: reward=-0.010, dist=0.00
2026-03-01 12:23:41,944 [INFO] Step 455600: reward=-0.010, dist=0.00
2026-03-01 12:24:43,383 [INFO] Step 455800: reward=-0.010, dist=0.00
2026-03-01 12:25:44,826 [INFO] Step 456000: reward=-0.010, dist=0.00
2026-03-01 12:26:46,316 [INFO] Step 456200: reward=-0.010, dist=0.00
2026-03-01 12:27:47,819 [INFO] Step 456400: reward=-0.010, dist=0.00
2026-03-01 12:28:29,319 [INFO] Performing PPO update at global step 2156544
2026-03-01 12:28:29,551 [INFO] PPO losses — policy: 0.0224, value: 0.0038, entropy: -2.0604
2026-03-01 12:28:29,556 [INFO] PPO update completed. Buffer cleared.
2026-03-01 12:28:49,562 [INFO] Step 456600: reward=-0.010, dist=0.00
2026-03-01 12:29:50,928 [INFO] Step 456800: reward=-0.010, dist=0.00
2026-03-01 12:30:52,378 [INFO] Step 457000: reward=-0.010, dist=0.00
2026-03-01 12:31:53,860 [INFO] Step 457200: reward=-0.010, dist=0.00
2026-03-01 12:32:55,353 [INFO] Step 457400: reward=-0.010, dist=0.00
2026-03-01 12:33:56,844 [INFO] Step 457600: reward=-0.010, dist=0.00
2026-03-01 12:34:58,346 [INFO] Step 457800: reward=-0.010, dist=0.00
2026-03-01 12:35:59,762 [INFO] Step 458000: reward=-0.010, dist=0.00
2026-03-01 12:37:01,175 [INFO] Step 458200: reward=-0.010, dist=0.00
2026-03-01 12:38:02,657 [INFO] Step 458400: reward=-0.010, dist=0.00
2026-03-01 12:38:58,904 [INFO] Performing PPO update at global step 2158592
2026-03-01 12:38:59,143 [INFO] PPO losses — policy: 0.0311, value: 0.0039, entropy: -2.0582
2026-03-01 12:38:59,147 [INFO] PPO update completed. Buffer cleared.
2026-03-01 12:39:04,387 [INFO] Step 458600: reward=-0.010, dist=0.00
2026-03-01 12:40:05,836 [INFO] Step 458800: reward=-0.010, dist=0.00
2026-03-01 12:41:07,193 [INFO] Step 459000: reward=-0.010, dist=0.00
2026-03-01 12:42:08,617 [INFO] Step 459200: reward=-0.010, dist=0.00
2026-03-01 12:43:10,024 [INFO] Step 459400: reward=-0.010, dist=0.00
2026-03-01 12:44:11,467 [INFO] Step 459600: reward=-0.010, dist=0.00
2026-03-01 12:45:12,872 [INFO] Step 459800: reward=-0.010, dist=0.00
2026-03-01 12:46:11,520 [INFO] Policy action (normalized): v = +0.515, w = -0.852 | Cmd_vel (scaled): v = +0.515 m/s, w = -0.852 rad/s
2026-03-01 12:46:14,282 [INFO] Step 460000: reward=-0.010, dist=0.00
2026-03-01 12:47:15,755 [INFO] Step 460200: reward=-0.010, dist=0.00
2026-03-01 12:48:17,236 [INFO] Step 460400: reward=-0.010, dist=0.00
2026-03-01 12:49:18,662 [INFO] Step 460600: reward=-0.010, dist=0.00
2026-03-01 12:49:28,200 [INFO] Performing PPO update at global step 2160640
2026-03-01 12:49:28,440 [INFO] PPO losses — policy: 0.0263, value: 0.0041, entropy: -1.8956
2026-03-01 12:49:28,444 [INFO] PPO update completed. Buffer cleared.
2026-03-01 12:50:20,386 [INFO] Step 460800: reward=-0.010, dist=0.00
2026-03-01 12:51:21,841 [INFO] Step 461000: reward=-0.010, dist=0.00
2026-03-01 12:52:23,257 [INFO] Step 461200: reward=-0.010, dist=0.00
2026-03-01 12:53:24,704 [INFO] Step 461400: reward=-0.010, dist=0.00
2026-03-01 12:54:26,200 [INFO] Step 461600: reward=-0.010, dist=0.00
2026-03-01 12:55:27,606 [INFO] Step 461800: reward=-0.010, dist=0.00
2026-03-01 12:56:29,052 [INFO] Step 462000: reward=-0.010, dist=0.00
2026-03-01 12:57:30,470 [INFO] Step 462200: reward=-0.010, dist=0.00
2026-03-01 12:58:31,958 [INFO] Step 462400: reward=-0.010, dist=0.00
2026-03-01 12:59:33,459 [INFO] Step 462600: reward=-0.010, dist=0.00
2026-03-01 12:59:57,763 [INFO] Performing PPO update at global step 2162688
2026-03-01 12:59:58,000 [INFO] PPO losses — policy: 0.0190, value: 0.0039, entropy: -2.0197
2026-03-01 12:59:58,004 [INFO] PPO update completed. Buffer cleared.
2026-03-01 13:00:35,224 [INFO] Step 462800: reward=-0.010, dist=0.00
2026-03-01 13:01:36,684 [INFO] Step 463000: reward=-0.010, dist=0.00
2026-03-01 13:02:38,136 [INFO] Step 463200: reward=-0.010, dist=0.00
2026-03-01 13:03:39,626 [INFO] Step 463400: reward=-0.010, dist=0.00
2026-03-01 13:04:41,098 [INFO] Step 463600: reward=-0.010, dist=0.00
2026-03-01 13:05:42,540 [INFO] Step 463800: reward=-0.010, dist=0.00
2026-03-01 13:06:43,968 [INFO] Step 464000: reward=-0.010, dist=0.00
2026-03-01 13:07:45,462 [INFO] Step 464200: reward=-0.010, dist=0.00
2026-03-01 13:08:46,871 [INFO] Step 464400: reward=-0.010, dist=0.00
2026-03-01 13:09:48,401 [INFO] Step 464600: reward=-0.010, dist=0.00
2026-03-01 13:10:27,504 [INFO] Performing PPO update at global step 2164736
2026-03-01 13:10:27,740 [INFO] PPO losses — policy: 0.0142, value: 0.0039, entropy: -1.9784
2026-03-01 13:10:27,745 [INFO] PPO update completed. Buffer cleared.
2026-03-01 13:10:50,202 [INFO] Step 464800: reward=-0.010, dist=0.00
2026-03-01 13:11:51,638 [INFO] Step 465000: reward=-0.010, dist=0.00
2026-03-01 13:12:53,143 [INFO] Step 465200: reward=-0.010, dist=0.00
2026-03-01 13:13:54,635 [INFO] Step 465400: reward=-0.010, dist=0.00
2026-03-01 13:14:56,110 [INFO] Step 465600: reward=-0.010, dist=0.00
2026-03-01 13:15:57,527 [INFO] Step 465800: reward=-0.010, dist=0.00
2026-03-01 13:16:58,952 [INFO] Step 466000: reward=-0.010, dist=0.00
2026-03-01 13:18:00,446 [INFO] Step 466200: reward=-0.010, dist=0.00
2026-03-01 13:19:01,903 [INFO] Step 466400: reward=-0.010, dist=0.00
2026-03-01 13:20:03,324 [INFO] Step 466600: reward=-0.010, dist=0.00
2026-03-01 13:20:57,136 [INFO] Performing PPO update at global step 2166784
2026-03-01 13:20:57,366 [INFO] PPO losses — policy: 0.0214, value: 0.0038, entropy: -1.8266
2026-03-01 13:20:57,370 [INFO] PPO update completed. Buffer cleared.
2026-03-01 13:21:05,079 [INFO] Step 466800: reward=-0.010, dist=0.00
2026-03-01 13:22:06,452 [INFO] Step 467000: reward=-0.010, dist=0.00
2026-03-01 13:23:07,839 [INFO] Step 467200: reward=-0.010, dist=0.00
2026-03-01 13:24:09,291 [INFO] Step 467400: reward=-0.010, dist=0.00
2026-03-01 13:25:10,763 [INFO] Step 467600: reward=-0.010, dist=0.00
2026-03-01 13:26:12,265 [INFO] Step 467800: reward=-0.010, dist=0.00
2026-03-01 13:27:13,738 [INFO] Step 468000: reward=-0.010, dist=0.00
2026-03-01 13:28:15,183 [INFO] Step 468200: reward=-0.010, dist=0.00
2026-03-01 13:29:16,669 [INFO] Step 468400: reward=-0.010, dist=0.00
2026-03-01 13:30:18,118 [INFO] Step 468600: reward=-0.010, dist=0.00
2026-03-01 13:31:19,624 [INFO] Step 468800: reward=-0.010, dist=0.00
2026-03-01 13:31:26,695 [INFO] Performing PPO update at global step 2168832
2026-03-01 13:31:26,931 [INFO] PPO losses — policy: 0.0140, value: 0.0039, entropy: -1.7972
2026-03-01 13:31:26,935 [INFO] PPO update completed. Buffer cleared.
2026-03-01 13:32:21,340 [INFO] Step 469000: reward=-0.010, dist=0.00
2026-03-01 13:33:22,793 [INFO] Step 469200: reward=-0.010, dist=0.00
2026-03-01 13:34:24,224 [INFO] Step 469400: reward=-0.010, dist=0.00
2026-03-01 13:35:25,629 [INFO] Step 469600: reward=-0.010, dist=0.00
2026-03-01 13:36:27,073 [INFO] Step 469800: reward=-0.010, dist=0.00
2026-03-01 13:37:25,698 [INFO] Policy action (normalized): v = +0.510, w = +0.869 | Cmd_vel (scaled): v = +0.510 m/s, w = +0.869 rad/s
2026-03-01 13:37:28,457 [INFO] Step 470000: reward=-0.010, dist=0.00
2026-03-01 13:38:29,932 [INFO] Step 470200: reward=-0.010, dist=0.00
2026-03-01 13:39:31,362 [INFO] Step 470400: reward=-0.010, dist=0.00
2026-03-01 13:40:32,805 [INFO] Step 470600: reward=-0.010, dist=0.00
2026-03-01 13:41:34,236 [INFO] Step 470800: reward=-0.010, dist=0.00
2026-03-01 13:41:56,068 [INFO] Performing PPO update at global step 2170880
2026-03-01 13:41:56,306 [INFO] PPO losses — policy: 0.0138, value: 0.0039, entropy: -1.8579
2026-03-01 13:41:56,310 [INFO] PPO update completed. Buffer cleared.
2026-03-01 13:42:35,964 [INFO] Step 471000: reward=-0.010, dist=0.00
2026-03-01 13:43:37,378 [INFO] Step 471200: reward=-0.010, dist=0.00
2026-03-01 13:44:38,810 [INFO] Step 471400: reward=-0.010, dist=0.00
2026-03-01 13:45:40,253 [INFO] Step 471600: reward=-0.010, dist=0.00
2026-03-01 13:46:41,741 [INFO] Step 471800: reward=-0.010, dist=0.00
2026-03-01 13:47:43,190 [INFO] Step 472000: reward=-0.010, dist=0.00
2026-03-01 13:48:44,613 [INFO] Step 472200: reward=-0.010, dist=0.00
2026-03-01 13:49:46,082 [INFO] Step 472400: reward=-0.010, dist=0.00
2026-03-01 13:50:47,565 [INFO] Step 472600: reward=-0.010, dist=0.00
2026-03-01 13:51:49,088 [INFO] Step 472800: reward=-0.010, dist=0.00
2026-03-01 13:52:25,694 [INFO] Performing PPO update at global step 2172928
2026-03-01 13:52:25,924 [INFO] PPO losses — policy: 0.0170, value: 0.0041, entropy: -1.8307
2026-03-01 13:52:25,928 [INFO] PPO update completed. Buffer cleared.
2026-03-01 13:52:50,840 [INFO] Step 473000: reward=-0.010, dist=0.00
2026-03-01 13:53:52,232 [INFO] Step 473200: reward=-0.010, dist=0.00
2026-03-01 13:54:53,690 [INFO] Step 473400: reward=-0.010, dist=0.00
2026-03-01 13:55:55,175 [INFO] Step 473600: reward=-0.010, dist=0.00
2026-03-01 13:56:56,602 [INFO] Step 473800: reward=-0.010, dist=0.00
2026-03-01 13:57:58,064 [INFO] Step 474000: reward=-0.010, dist=0.00
2026-03-01 13:58:59,503 [INFO] Step 474200: reward=-0.010, dist=0.00
2026-03-01 14:00:00,920 [INFO] Step 474400: reward=-0.010, dist=0.00
2026-03-01 14:01:02,366 [INFO] Step 474600: reward=-0.010, dist=0.00
2026-03-01 14:02:03,867 [INFO] Step 474800: reward=-0.010, dist=0.00
2026-03-01 14:02:55,180 [INFO] Performing PPO update at global step 2174976
2026-03-01 14:02:55,411 [INFO] PPO losses — policy: 0.0233, value: 0.0041, entropy: -1.7417
2026-03-01 14:02:55,415 [INFO] PPO update completed. Buffer cleared.
2026-03-01 14:03:05,610 [INFO] Step 475000: reward=-0.010, dist=0.00
2026-03-01 14:04:07,015 [INFO] Step 475200: reward=-0.010, dist=0.00
2026-03-01 14:05:08,429 [INFO] Step 475400: reward=-0.010, dist=0.00
2026-03-01 14:06:09,825 [INFO] Step 475600: reward=-0.010, dist=0.00
2026-03-01 14:07:11,249 [INFO] Step 475800: reward=-0.010, dist=0.00
2026-03-01 14:08:12,730 [INFO] Step 476000: reward=-0.010, dist=0.00
2026-03-01 14:09:14,211 [INFO] Step 476200: reward=-0.010, dist=0.00
2026-03-01 14:10:15,685 [INFO] Step 476400: reward=-0.010, dist=0.00
2026-03-01 14:11:17,145 [INFO] Step 476600: reward=-0.010, dist=0.00
2026-03-01 14:12:18,563 [INFO] Step 476800: reward=-0.010, dist=0.00
2026-03-01 14:13:19,982 [INFO] Step 477000: reward=-0.010, dist=0.00
2026-03-01 14:13:24,586 [INFO] Performing PPO update at global step 2177024
2026-03-01 14:13:24,819 [INFO] PPO losses — policy: 0.0215, value: 0.0040, entropy: -1.6917
2026-03-01 14:13:24,823 [INFO] PPO update completed. Buffer cleared.
2026-03-01 14:14:21,617 [INFO] Step 477200: reward=-0.010, dist=0.00
2026-03-01 14:15:23,008 [INFO] Step 477400: reward=-0.010, dist=0.00
2026-03-01 14:16:24,501 [INFO] Step 477600: reward=-0.010, dist=0.00
2026-03-01 14:17:25,976 [INFO] Step 477800: reward=-0.010, dist=0.00
2026-03-01 14:18:27,406 [INFO] Step 478000: reward=-0.010, dist=0.00
2026-03-01 14:19:28,882 [INFO] Step 478200: reward=-0.010, dist=0.00
2026-03-01 14:20:30,288 [INFO] Step 478400: reward=-0.010, dist=0.00
2026-03-01 14:21:31,715 [INFO] Step 478600: reward=-0.010, dist=0.00
2026-03-01 14:22:33,184 [INFO] Step 478800: reward=-0.010, dist=0.00
2026-03-01 14:23:34,643 [INFO] Step 479000: reward=-0.010, dist=0.00
2026-03-01 14:23:54,008 [INFO] Performing PPO update at global step 2179072
2026-03-01 14:23:54,252 [INFO] PPO losses — policy: 0.0102, value: 0.0038, entropy: -1.7879
2026-03-01 14:23:54,256 [INFO] PPO update completed. Buffer cleared.
2026-03-01 14:24:36,350 [INFO] Step 479200: reward=-0.010, dist=0.00
2026-03-01 14:25:37,797 [INFO] Step 479400: reward=-0.010, dist=0.00
2026-03-01 14:26:39,235 [INFO] Step 479600: reward=-0.010, dist=0.00
2026-03-01 14:27:40,697 [INFO] Step 479800: reward=-0.010, dist=0.00
2026-03-01 14:28:39,343 [INFO] Policy action (normalized): v = +0.518, w = -0.218 | Cmd_vel (scaled): v = +0.518 m/s, w = -0.218 rad/s
2026-03-01 14:28:42,095 [INFO] Step 480000: reward=-0.010, dist=0.00
2026-03-01 14:29:43,517 [INFO] Step 480200: reward=-0.010, dist=0.00
2026-03-01 14:30:44,971 [INFO] Step 480400: reward=-0.010, dist=0.00
2026-03-01 14:31:46,410 [INFO] Step 480600: reward=-0.010, dist=0.00
2026-03-01 14:32:47,809 [INFO] Step 480800: reward=-0.010, dist=0.00
2026-03-01 14:33:49,250 [INFO] Step 481000: reward=-0.010, dist=0.00
2026-03-01 14:34:23,358 [INFO] Performing PPO update at global step 2181120
2026-03-01 14:34:23,593 [INFO] PPO losses — policy: 0.0151, value: 0.0039, entropy: -1.9428
2026-03-01 14:34:23,597 [INFO] PPO update completed. Buffer cleared.
2026-03-01 14:34:50,943 [INFO] Step 481200: reward=-0.010, dist=0.00
2026-03-01 14:35:52,335 [INFO] Step 481400: reward=-0.010, dist=0.00
2026-03-01 14:36:53,750 [INFO] Step 481600: reward=-0.010, dist=0.00
2026-03-01 14:37:55,161 [INFO] Step 481800: reward=-0.010, dist=0.00
2026-03-01 14:38:56,581 [INFO] Step 482000: reward=-0.010, dist=0.00
2026-03-01 14:39:58,000 [INFO] Step 482200: reward=-0.010, dist=0.00
2026-03-01 14:40:59,428 [INFO] Step 482400: reward=-0.010, dist=0.00
2026-03-01 14:42:00,884 [INFO] Step 482600: reward=-0.010, dist=0.00
2026-03-01 14:43:02,327 [INFO] Step 482800: reward=-0.010, dist=0.00
2026-03-01 14:44:03,746 [INFO] Step 483000: reward=-0.010, dist=0.00
2026-03-01 14:44:52,622 [INFO] Performing PPO update at global step 2183168
2026-03-01 14:44:52,853 [INFO] PPO losses — policy: 0.0263, value: 0.0039, entropy: -2.0274
2026-03-01 14:44:52,857 [INFO] PPO update completed. Buffer cleared.
2026-03-01 14:45:05,467 [INFO] Step 483200: reward=-0.010, dist=0.00
2026-03-01 14:46:06,876 [INFO] Step 483400: reward=-0.010, dist=0.00
2026-03-01 14:47:08,274 [INFO] Step 483600: reward=-0.010, dist=0.00
2026-03-01 14:48:09,648 [INFO] Step 483800: reward=-0.010, dist=0.00
2026-03-01 14:49:11,078 [INFO] Step 484000: reward=-0.010, dist=0.00
2026-03-01 14:50:12,535 [INFO] Step 484200: reward=-0.010, dist=0.00
2026-03-01 14:51:13,962 [INFO] Step 484400: reward=-0.010, dist=0.00
2026-03-01 14:52:15,463 [INFO] Step 484600: reward=-0.010, dist=0.00
2026-03-01 14:53:16,856 [INFO] Step 484800: reward=-0.010, dist=0.00
2026-03-01 14:54:18,342 [INFO] Step 485000: reward=-0.010, dist=0.00
2026-03-01 14:55:19,837 [INFO] Step 485200: reward=-0.010, dist=0.00
2026-03-01 14:55:21,988 [INFO] Performing PPO update at global step 2185216
2026-03-01 14:55:22,221 [INFO] PPO losses — policy: 0.0205, value: 0.0039, entropy: -1.9940
2026-03-01 14:55:22,225 [INFO] PPO update completed. Buffer cleared.
2026-03-01 14:56:21,517 [INFO] Step 485400: reward=-0.010, dist=0.00
2026-03-01 14:57:22,977 [INFO] Step 485600: reward=-0.010, dist=0.00
2026-03-01 14:58:24,433 [INFO] Step 485800: reward=-0.010, dist=0.00
2026-03-01 14:59:25,837 [INFO] Step 486000: reward=-0.010, dist=0.00
2026-03-01 15:00:27,398 [INFO] Step 486200: reward=-0.010, dist=0.00
2026-03-01 15:01:28,869 [INFO] Step 486400: reward=-0.010, dist=0.00
2026-03-01 15:02:30,359 [INFO] Step 486600: reward=-0.010, dist=0.00
2026-03-01 15:03:31,805 [INFO] Step 486800: reward=-0.010, dist=0.00
2026-03-01 15:04:33,306 [INFO] Step 487000: reward=-0.010, dist=0.00
2026-03-01 15:05:34,802 [INFO] Step 487200: reward=-0.010, dist=0.00
2026-03-01 15:05:51,699 [INFO] Performing PPO update at global step 2187264
2026-03-01 15:05:51,939 [INFO] PPO losses — policy: 0.0065, value: 0.0038, entropy: -1.8828
2026-03-01 15:05:51,943 [INFO] PPO update completed. Buffer cleared.
2026-03-01 15:06:36,495 [INFO] Step 487400: reward=-0.010, dist=0.00
2026-03-01 15:07:37,965 [INFO] Step 487600: reward=-0.010, dist=0.00
2026-03-01 15:08:39,412 [INFO] Step 487800: reward=-0.010, dist=0.00
2026-03-01 15:09:40,881 [INFO] Step 488000: reward=-0.010, dist=0.00
2026-03-01 15:10:42,355 [INFO] Step 488200: reward=-0.010, dist=0.00
2026-03-01 15:11:43,784 [INFO] Step 488400: reward=-0.010, dist=0.00
2026-03-01 15:12:45,301 [INFO] Step 488600: reward=-0.010, dist=0.00
2026-03-01 15:13:46,696 [INFO] Step 488800: reward=-0.010, dist=0.00
2026-03-01 15:14:48,143 [INFO] Step 489000: reward=-0.010, dist=0.00
2026-03-01 15:15:49,591 [INFO] Step 489200: reward=-0.010, dist=0.00
2026-03-01 15:16:21,250 [INFO] Performing PPO update at global step 2189312
2026-03-01 15:16:21,482 [INFO] PPO losses — policy: 0.0118, value: 0.0038, entropy: -1.9170
2026-03-01 15:16:21,486 [INFO] PPO update completed. Buffer cleared.
2026-03-01 15:16:51,286 [INFO] Step 489400: reward=-0.010, dist=0.00
2026-03-01 15:17:52,714 [INFO] Step 489600: reward=-0.010, dist=0.00
2026-03-01 15:18:54,136 [INFO] Step 489800: reward=-0.010, dist=0.00
2026-03-01 15:19:52,859 [INFO] Policy action (normalized): v = +0.519, w = +0.277 | Cmd_vel (scaled): v = +0.519 m/s, w = +0.277 rad/s
2026-03-01 15:19:55,631 [INFO] Step 490000: reward=-0.010, dist=0.00
2026-03-01 15:20:57,103 [INFO] Step 490200: reward=-0.010, dist=0.00
2026-03-01 15:21:58,573 [INFO] Step 490400: reward=-0.010, dist=0.00
2026-03-01 15:23:00,070 [INFO] Step 490600: reward=-0.010, dist=0.00
2026-03-01 15:24:01,492 [INFO] Step 490800: reward=-0.010, dist=0.00
2026-03-01 15:25:02,991 [INFO] Step 491000: reward=-0.010, dist=0.00
2026-03-01 15:26:04,384 [INFO] Step 491200: reward=-0.010, dist=0.00
2026-03-01 15:26:50,803 [INFO] Performing PPO update at global step 2191360
2026-03-01 15:26:51,045 [INFO] PPO losses — policy: 0.0119, value: 0.0039, entropy: -1.9543
2026-03-01 15:26:51,049 [INFO] PPO update completed. Buffer cleared.
2026-03-01 15:27:06,117 [INFO] Step 491400: reward=-0.010, dist=0.00
2026-03-01 15:28:07,535 [INFO] Step 491600: reward=-0.010, dist=0.00
2026-03-01 15:29:08,951 [INFO] Step 491800: reward=-0.010, dist=0.00
2026-03-01 15:30:10,431 [INFO] Step 492000: reward=-0.010, dist=0.00
2026-03-01 15:31:11,852 [INFO] Step 492200: reward=-0.010, dist=0.00
2026-03-01 15:32:13,303 [INFO] Step 492400: reward=-0.010, dist=0.00
2026-03-01 15:33:14,762 [INFO] Step 492600: reward=-0.010, dist=0.00
2026-03-01 15:34:16,212 [INFO] Step 492800: reward=-0.010, dist=0.00
2026-03-01 15:35:17,658 [INFO] Step 493000: reward=-0.010, dist=0.00
2026-03-01 15:36:19,134 [INFO] Step 493200: reward=-0.010, dist=0.00
2026-03-01 15:37:20,297 [INFO] Performing PPO update at global step 2193408
2026-03-01 15:37:20,531 [INFO] PPO losses — policy: 0.0173, value: 0.0039, entropy: -1.8895
2026-03-01 15:37:20,535 [INFO] PPO update completed. Buffer cleared.
2026-03-01 15:37:20,843 [INFO] Step 493400: reward=-0.010, dist=0.00
2026-03-01 15:38:22,250 [INFO] Step 493600: reward=-0.010, dist=0.00
2026-03-01 15:39:23,704 [INFO] Step 493800: reward=-0.010, dist=0.00
2026-03-01 15:40:25,177 [INFO] Step 494000: reward=-0.010, dist=0.00
2026-03-01 15:41:26,601 [INFO] Step 494200: reward=-0.010, dist=0.00
2026-03-01 15:42:28,055 [INFO] Step 494400: reward=-0.010, dist=0.00
2026-03-01 15:43:29,527 [INFO] Step 494600: reward=-0.010, dist=0.00
2026-03-01 15:44:31,015 [INFO] Step 494800: reward=-0.010, dist=0.00
2026-03-01 15:45:32,464 [INFO] Step 495000: reward=-0.010, dist=0.00
2026-03-01 15:46:33,954 [INFO] Step 495200: reward=-0.010, dist=0.00
2026-03-01 15:47:35,462 [INFO] Step 495400: reward=-0.010, dist=0.00
2026-03-01 15:47:49,907 [INFO] Performing PPO update at global step 2195456
2026-03-01 15:47:50,135 [INFO] PPO losses — policy: 0.0268, value: 0.0038, entropy: -2.1263
2026-03-01 15:47:50,139 [INFO] PPO update completed. Buffer cleared.
2026-03-01 15:48:37,212 [INFO] Step 495600: reward=-0.010, dist=0.00
2026-03-01 15:49:38,656 [INFO] Step 495800: reward=-0.010, dist=0.00
2026-03-01 15:50:40,120 [INFO] Step 496000: reward=-0.010, dist=0.00
2026-03-01 15:51:41,613 [INFO] Step 496200: reward=-0.010, dist=0.00
2026-03-01 15:52:43,077 [INFO] Step 496400: reward=-0.010, dist=0.00
2026-03-01 15:53:44,546 [INFO] Step 496600: reward=-0.010, dist=0.00
2026-03-01 15:54:46,062 [INFO] Step 496800: reward=-0.010, dist=0.00
2026-03-01 15:55:47,504 [INFO] Step 497000: reward=-0.010, dist=0.00
2026-03-01 15:56:48,988 [INFO] Step 497200: reward=-0.010, dist=0.00
2026-03-01 15:57:50,461 [INFO] Step 497400: reward=-0.010, dist=0.00
2026-03-01 15:58:19,635 [INFO] Performing PPO update at global step 2197504
2026-03-01 15:58:19,876 [INFO] PPO losses — policy: 0.0136, value: 0.0039, entropy: -2.0573
2026-03-01 15:58:19,880 [INFO] PPO update completed. Buffer cleared.
2026-03-01 15:58:52,133 [INFO] Step 497600: reward=-0.010, dist=0.00
2026-03-01 15:59:53,614 [INFO] Step 497800: reward=-0.010, dist=0.00
2026-03-01 16:00:55,050 [INFO] Step 498000: reward=-0.010, dist=0.00
2026-03-01 16:01:56,579 [INFO] Step 498200: reward=-0.010, dist=0.00
2026-03-01 16:02:58,046 [INFO] Step 498400: reward=-0.010, dist=0.00
2026-03-01 16:03:59,521 [INFO] Step 498600: reward=-0.010, dist=0.00
2026-03-01 16:05:00,925 [INFO] Step 498800: reward=-0.010, dist=0.00
2026-03-01 16:06:02,364 [INFO] Step 499000: reward=-0.010, dist=0.00
2026-03-01 16:07:03,845 [INFO] Step 499200: reward=-0.010, dist=0.00
2026-03-01 16:08:05,303 [INFO] Step 499400: reward=-0.010, dist=0.00
2026-03-01 16:08:49,235 [INFO] Performing PPO update at global step 2199552
2026-03-01 16:08:49,475 [INFO] PPO losses — policy: 0.0255, value: 0.0100, entropy: -2.2295
2026-03-01 16:08:49,479 [INFO] PPO update completed. Buffer cleared.
2026-03-01 16:09:07,039 [INFO] Step 499600: reward=-0.010, dist=0.00
2026-03-01 16:10:08,472 [INFO] Step 499800: reward=-0.010, dist=0.00
2026-03-01 16:11:07,172 [INFO] Policy action (normalized): v = +0.541, w = +0.731 | Cmd_vel (scaled): v = +0.541 m/s, w = +0.731 rad/s
2026-03-01 16:11:09,933 [INFO] Step 500000: reward=-0.010, dist=0.00
2026-03-01 16:12:11,356 [INFO] Step 500200: reward=-0.010, dist=0.00
2026-03-01 16:13:12,737 [INFO] Step 500400: reward=-0.010, dist=0.00
2026-03-01 16:14:14,250 [INFO] Step 500600: reward=-0.010, dist=0.00
2026-03-01 16:15:15,704 [INFO] Step 500800: reward=-0.010, dist=0.00
2026-03-01 16:16:17,190 [INFO] Step 501000: reward=-0.010, dist=0.00
2026-03-01 16:17:18,660 [INFO] Step 501200: reward=-0.010, dist=0.00
2026-03-01 16:18:20,123 [INFO] Step 501400: reward=-0.010, dist=0.00
2026-03-01 16:19:18,850 [INFO] Performing PPO update at global step 2201600
2026-03-01 16:19:19,087 [INFO] PPO losses — policy: 0.0164, value: 0.0039, entropy: -2.3672
2026-03-01 16:19:19,091 [INFO] PPO update completed. Buffer cleared.
2026-03-01 16:19:21,883 [INFO] Step 501600: reward=-0.010, dist=0.00
2026-03-01 16:20:23,310 [INFO] Step 501800: reward=-0.010, dist=0.00
2026-03-01 16:21:24,779 [INFO] Step 502000: reward=-0.010, dist=0.00
2026-03-01 16:22:26,185 [INFO] Step 502200: reward=-0.010, dist=0.00
2026-03-01 16:23:27,640 [INFO] Step 502400: reward=-0.010, dist=0.00
2026-03-01 16:24:28,986 [INFO] Step 502600: reward=-0.010, dist=0.00
2026-03-01 16:25:30,330 [INFO] Step 502800: reward=-0.010, dist=0.00
2026-03-01 16:26:31,837 [INFO] Step 503000: reward=-0.010, dist=0.00
2026-03-01 16:27:33,302 [INFO] Step 503200: reward=-0.010, dist=0.00
2026-03-01 16:28:34,759 [INFO] Step 503400: reward=-0.010, dist=0.00
2026-03-01 16:29:36,219 [INFO] Step 503600: reward=-0.010, dist=0.00
2026-03-01 16:29:48,195 [INFO] Performing PPO update at global step 2203648
2026-03-01 16:29:48,429 [INFO] PPO losses — policy: 0.0664, value: 0.0039, entropy: -2.4175
2026-03-01 16:29:48,434 [INFO] PPO update completed. Buffer cleared.
2026-03-01 16:30:37,907 [INFO] Step 503800: reward=-0.010, dist=0.00
2026-03-01 16:31:39,378 [INFO] Step 504000: reward=-0.010, dist=0.00
2026-03-01 16:32:40,807 [INFO] Step 504200: reward=-0.010, dist=0.00
2026-03-01 16:33:42,195 [INFO] Step 504400: reward=-0.010, dist=0.00
2026-03-01 16:34:43,631 [INFO] Step 504600: reward=-0.010, dist=0.00
2026-03-01 16:35:45,058 [INFO] Step 504800: reward=-0.010, dist=0.00
2026-03-01 16:36:46,553 [INFO] Step 505000: reward=-0.010, dist=0.00
2026-03-01 16:37:47,997 [INFO] Step 505200: reward=-0.010, dist=0.00
2026-03-01 16:38:49,455 [INFO] Step 505400: reward=-0.010, dist=0.00
2026-03-01 16:39:50,968 [INFO] Step 505600: reward=-0.010, dist=0.00
2026-03-01 16:40:17,718 [INFO] Performing PPO update at global step 2205696
2026-03-01 16:40:17,955 [INFO] PPO losses — policy: 0.0368, value: 0.0038, entropy: -2.4358
2026-03-01 16:40:17,959 [INFO] PPO update completed. Buffer cleared.
2026-03-01 16:40:52,701 [INFO] Step 505800: reward=-0.010, dist=0.00
2026-03-01 16:41:54,123 [INFO] Step 506000: reward=-0.010, dist=0.00
2026-03-01 16:42:55,556 [INFO] Step 506200: reward=-0.010, dist=0.00
2026-03-01 16:43:56,944 [INFO] Step 506400: reward=-0.010, dist=0.00
2026-03-01 16:44:58,374 [INFO] Step 506600: reward=-0.010, dist=0.00
2026-03-01 16:45:59,843 [INFO] Step 506800: reward=-0.010, dist=0.00
2026-03-01 16:47:01,297 [INFO] Step 507000: reward=-0.010, dist=0.00
2026-03-01 16:48:02,825 [INFO] Step 507200: reward=-0.010, dist=0.00
2026-03-01 16:49:04,279 [INFO] Step 507400: reward=-0.010, dist=0.00
2026-03-01 16:50:05,707 [INFO] Step 507600: reward=-0.010, dist=0.00
2026-03-01 16:50:47,223 [INFO] Performing PPO update at global step 2207744
2026-03-01 16:50:47,456 [INFO] PPO losses — policy: 0.0254, value: 0.0038, entropy: -2.3425
2026-03-01 16:50:47,459 [INFO] PPO update completed. Buffer cleared.
2026-03-01 16:51:07,465 [INFO] Step 507800: reward=-0.010, dist=0.00
2026-03-01 16:52:08,849 [INFO] Step 508000: reward=-0.010, dist=0.00
2026-03-01 16:53:10,276 [INFO] Step 508200: reward=-0.010, dist=0.00
2026-03-01 16:54:11,718 [INFO] Step 508400: reward=-0.010, dist=0.00
2026-03-01 16:55:13,182 [INFO] Step 508600: reward=-0.010, dist=0.00
2026-03-01 16:56:14,654 [INFO] Step 508800: reward=-0.010, dist=0.00
2026-03-01 16:57:16,102 [INFO] Step 509000: reward=-0.010, dist=0.00
2026-03-01 16:58:17,534 [INFO] Step 509200: reward=-0.010, dist=0.00
2026-03-01 16:59:18,925 [INFO] Step 509400: reward=-0.010, dist=0.00
2026-03-01 17:00:20,400 [INFO] Step 509600: reward=-0.010, dist=0.00
2026-03-01 17:01:16,642 [INFO] Performing PPO update at global step 2209792
2026-03-01 17:01:16,877 [INFO] PPO losses — policy: 0.0383, value: 0.0039, entropy: -2.2783
2026-03-01 17:01:16,881 [INFO] PPO update completed. Buffer cleared.
2026-03-01 17:01:22,137 [INFO] Step 509800: reward=-0.010, dist=0.00
2026-03-01 17:02:20,807 [INFO] Policy action (normalized): v = +0.542, w = +0.505 | Cmd_vel (scaled): v = +0.542 m/s, w = +0.505 rad/s
2026-03-01 17:02:23,569 [INFO] Step 510000: reward=-0.010, dist=0.00
2026-03-01 17:03:25,008 [INFO] Step 510200: reward=-0.010, dist=0.00
2026-03-01 17:04:26,410 [INFO] Step 510400: reward=-0.010, dist=0.00
2026-03-01 17:05:27,820 [INFO] Step 510600: reward=-0.010, dist=0.00
2026-03-01 17:06:29,223 [INFO] Step 510800: reward=-0.010, dist=0.00
2026-03-01 17:07:30,634 [INFO] Step 511000: reward=-0.010, dist=0.00
2026-03-01 17:08:31,980 [INFO] Step 511200: reward=-0.010, dist=0.00
2026-03-01 17:09:33,444 [INFO] Step 511400: reward=-0.010, dist=0.00
2026-03-01 17:10:34,950 [INFO] Step 511600: reward=-0.010, dist=0.00
2026-03-01 17:11:36,469 [INFO] Step 511800: reward=-0.010, dist=0.00
2026-03-01 17:11:46,005 [INFO] Performing PPO update at global step 2211840
2026-03-01 17:11:46,242 [INFO] PPO losses — policy: 0.0298, value: 0.0040, entropy: -2.3046
2026-03-01 17:11:46,246 [INFO] PPO update completed. Buffer cleared.
2026-03-01 17:12:38,258 [INFO] Step 512000: reward=-0.010, dist=0.00
2026-03-01 17:13:39,711 [INFO] Step 512200: reward=-0.010, dist=0.00
2026-03-01 17:14:41,147 [INFO] Step 512400: reward=-0.010, dist=0.00
2026-03-01 17:15:42,587 [INFO] Step 512600: reward=-0.010, dist=0.00
2026-03-01 17:16:44,076 [INFO] Step 512800: reward=-0.010, dist=0.00
2026-03-01 17:17:45,484 [INFO] Step 513000: reward=-0.010, dist=0.00
2026-03-01 17:18:46,898 [INFO] Step 513200: reward=-0.010, dist=0.00
2026-03-01 17:19:48,266 [INFO] Step 513400: reward=-0.010, dist=0.00
2026-03-01 17:20:49,686 [INFO] Step 513600: reward=-0.010, dist=0.00
2026-03-01 17:21:51,152 [INFO] Step 513800: reward=-0.010, dist=0.00
2026-03-01 17:22:15,424 [INFO] Performing PPO update at global step 2213888
2026-03-01 17:22:15,664 [INFO] PPO losses — policy: 0.0305, value: 0.0040, entropy: -2.0799
2026-03-01 17:22:15,668 [INFO] PPO update completed. Buffer cleared.
2026-03-01 17:22:52,822 [INFO] Step 514000: reward=-0.010, dist=0.00
2026-03-01 17:23:54,214 [INFO] Step 514200: reward=-0.010, dist=0.00
2026-03-01 17:24:55,660 [INFO] Step 514400: reward=-0.010, dist=0.00
2026-03-01 17:25:57,081 [INFO] Step 514600: reward=-0.010, dist=0.00
2026-03-01 17:26:58,581 [INFO] Step 514800: reward=-0.010, dist=0.00
2026-03-01 17:28:00,050 [INFO] Step 515000: reward=-0.010, dist=0.00
2026-03-01 17:29:01,477 [INFO] Step 515200: reward=-0.010, dist=0.00
2026-03-01 17:30:02,944 [INFO] Step 515400: reward=-0.010, dist=0.00
2026-03-01 17:31:04,370 [INFO] Step 515600: reward=-0.010, dist=0.00
2026-03-01 17:32:05,851 [INFO] Step 515800: reward=-0.010, dist=0.00
2026-03-01 17:32:44,913 [INFO] Performing PPO update at global step 2215936
2026-03-01 17:32:45,145 [INFO] PPO losses — policy: 0.0159, value: 0.0040, entropy: -2.0849
2026-03-01 17:32:45,148 [INFO] PPO update completed. Buffer cleared.
2026-03-01 17:33:07,580 [INFO] Step 516000: reward=-0.010, dist=0.00
2026-03-01 17:34:09,051 [INFO] Step 516200: reward=-0.010, dist=0.00
2026-03-01 17:35:10,498 [INFO] Step 516400: reward=-0.010, dist=0.00
2026-03-01 17:36:11,994 [INFO] Step 516600: reward=-0.010, dist=0.00
2026-03-01 17:37:13,476 [INFO] Step 516800: reward=-0.010, dist=0.00
2026-03-01 17:38:14,923 [INFO] Step 517000: reward=-0.010, dist=0.00
2026-03-01 17:39:16,352 [INFO] Step 517200: reward=-0.010, dist=0.00
2026-03-01 17:40:17,792 [INFO] Step 517400: reward=-0.010, dist=0.00
2026-03-01 17:41:19,264 [INFO] Step 517600: reward=-0.010, dist=0.00
2026-03-01 17:42:20,772 [INFO] Step 517800: reward=-0.010, dist=0.00
2026-03-01 17:43:14,535 [INFO] Performing PPO update at global step 2217984
2026-03-01 17:43:14,766 [INFO] PPO losses — policy: 0.0118, value: 0.0040, entropy: -2.0199
2026-03-01 17:43:14,770 [INFO] PPO update completed. Buffer cleared.
2026-03-01 17:43:22,493 [INFO] Step 518000: reward=-0.010, dist=0.00
2026-03-01 17:44:23,862 [INFO] Step 518200: reward=-0.010, dist=0.00
2026-03-01 17:45:25,241 [INFO] Step 518400: reward=-0.010, dist=0.00
2026-03-01 17:46:26,694 [INFO] Step 518600: reward=-0.010, dist=0.00
2026-03-01 17:47:28,152 [INFO] Step 518800: reward=-0.010, dist=0.00
2026-03-01 17:48:29,642 [INFO] Step 519000: reward=-0.010, dist=0.00
2026-03-01 17:49:31,121 [INFO] Step 519200: reward=-0.010, dist=0.00
2026-03-01 17:50:32,523 [INFO] Step 519400: reward=-0.010, dist=0.00
2026-03-01 17:51:33,938 [INFO] Step 519600: reward=-0.010, dist=0.00
2026-03-01 17:52:35,427 [INFO] Step 519800: reward=-0.010, dist=0.00
2026-03-01 17:53:34,118 [INFO] Policy action (normalized): v = +0.533, w = +0.437 | Cmd_vel (scaled): v = +0.533 m/s, w = +0.437 rad/s
2026-03-01 17:53:36,873 [INFO] Step 520000: reward=-0.010, dist=0.00
2026-03-01 17:53:43,951 [INFO] Performing PPO update at global step 2220032
2026-03-01 17:53:44,211 [INFO] PPO losses — policy: 0.0252, value: 0.0040, entropy: -2.0582
2026-03-01 17:53:44,215 [INFO] PPO update completed. Buffer cleared.
2026-03-01 17:54:38,655 [INFO] Step 520200: reward=-0.010, dist=0.00
2026-03-01 17:55:40,090 [INFO] Step 520400: reward=-0.010, dist=0.00
2026-03-01 17:56:41,575 [INFO] Step 520600: reward=-0.010, dist=0.00
2026-03-01 17:57:43,025 [INFO] Step 520800: reward=-0.010, dist=0.00
2026-03-01 17:58:44,502 [INFO] Step 521000: reward=-0.010, dist=0.00
2026-03-01 17:59:45,989 [INFO] Step 521200: reward=-0.010, dist=0.00
2026-03-01 18:00:47,514 [INFO] Step 521400: reward=-0.010, dist=0.00
2026-03-01 18:01:48,998 [INFO] Step 521600: reward=-0.010, dist=0.00
2026-03-01 18:02:50,441 [INFO] Step 521800: reward=-0.010, dist=0.00
2026-03-01 18:03:51,965 [INFO] Step 522000: reward=-0.010, dist=0.00
2026-03-01 18:04:13,803 [INFO] Performing PPO update at global step 2222080
2026-03-01 18:04:14,040 [INFO] PPO losses — policy: 0.0212, value: 0.0039, entropy: -2.0167
2026-03-01 18:04:14,044 [INFO] PPO update completed. Buffer cleared.
2026-03-01 18:04:53,674 [INFO] Step 522200: reward=-0.010, dist=0.00
2026-03-01 18:05:55,128 [INFO] Step 522400: reward=-0.010, dist=0.00
2026-03-01 18:06:56,470 [INFO] Step 522600: reward=-0.010, dist=0.00
2026-03-01 18:07:57,968 [INFO] Step 522800: reward=-0.010, dist=0.00
2026-03-01 18:08:59,427 [INFO] Step 523000: reward=-0.010, dist=0.00
2026-03-01 18:10:00,863 [INFO] Step 523200: reward=-0.010, dist=0.00
2026-03-01 18:11:02,371 [INFO] Step 523400: reward=-0.010, dist=0.00
2026-03-01 18:12:03,838 [INFO] Step 523600: reward=-0.010, dist=0.00
2026-03-01 18:13:05,282 [INFO] Step 523800: reward=-0.010, dist=0.00
2026-03-01 18:14:06,767 [INFO] Step 524000: reward=-0.010, dist=0.00
2026-03-01 18:14:43,373 [INFO] Performing PPO update at global step 2224128
2026-03-01 18:14:43,611 [INFO] PPO losses — policy: 0.0164, value: 0.0038, entropy: -2.0078
2026-03-01 18:14:43,615 [INFO] PPO update completed. Buffer cleared.
2026-03-01 18:15:08,568 [INFO] Step 524200: reward=-0.010, dist=0.00
2026-03-01 18:16:10,039 [INFO] Step 524400: reward=-0.010, dist=0.00
2026-03-01 18:17:11,415 [INFO] Step 524600: reward=-0.010, dist=0.00
2026-03-01 18:18:12,839 [INFO] Step 524800: reward=-0.010, dist=0.00
2026-03-01 18:19:14,206 [INFO] Step 525000: reward=-0.010, dist=0.00
2026-03-01 18:20:15,617 [INFO] Step 525200: reward=-0.010, dist=0.00
2026-03-01 18:21:17,117 [INFO] Step 525400: reward=-0.010, dist=0.00
2026-03-01 18:22:18,573 [INFO] Step 525600: reward=-0.010, dist=0.00
2026-03-01 18:23:20,024 [INFO] Step 525800: reward=-0.010, dist=0.00
2026-03-01 18:24:21,479 [INFO] Step 526000: reward=-0.010, dist=0.00
2026-03-01 18:25:12,838 [INFO] Performing PPO update at global step 2226176
2026-03-01 18:25:13,067 [INFO] PPO losses — policy: 0.0177, value: 0.0038, entropy: -2.1254
2026-03-01 18:25:13,071 [INFO] PPO update completed. Buffer cleared.
2026-03-01 18:25:23,253 [INFO] Step 526200: reward=-0.010, dist=0.00
2026-03-01 18:26:24,770 [INFO] Step 526400: reward=-0.010, dist=0.00
2026-03-01 18:27:26,191 [INFO] Step 526600: reward=-0.010, dist=0.00
2026-03-01 18:28:27,659 [INFO] Step 526800: reward=-0.010, dist=0.00
2026-03-01 18:29:29,141 [INFO] Step 527000: reward=-0.010, dist=0.00
2026-03-01 18:30:30,551 [INFO] Step 527200: reward=-0.010, dist=0.00
2026-03-01 18:31:32,014 [INFO] Step 527400: reward=-0.010, dist=0.00
2026-03-01 18:32:33,472 [INFO] Step 527600: reward=-0.010, dist=0.00
2026-03-01 18:33:34,925 [INFO] Step 527800: reward=-0.010, dist=0.00
2026-03-01 18:34:36,310 [INFO] Step 528000: reward=-0.010, dist=0.00
2026-03-01 18:35:37,833 [INFO] Step 528200: reward=-0.010, dist=0.00
2026-03-01 18:35:42,442 [INFO] Performing PPO update at global step 2228224
2026-03-01 18:35:42,673 [INFO] PPO losses — policy: 0.0171, value: 0.0038, entropy: -2.0305
2026-03-01 18:35:42,677 [INFO] PPO update completed. Buffer cleared.
2026-03-01 18:36:39,490 [INFO] Step 528400: reward=-0.010, dist=0.00
2026-03-01 18:37:40,975 [INFO] Step 528600: reward=-0.010, dist=0.00
2026-03-01 18:38:42,450 [INFO] Step 528800: reward=-0.010, dist=0.00
2026-03-01 18:39:43,902 [INFO] Step 529000: reward=-0.010, dist=0.00
2026-03-01 18:40:45,401 [INFO] Step 529200: reward=-0.010, dist=0.00
2026-03-01 18:41:46,855 [INFO] Step 529400: reward=-0.010, dist=0.00
2026-03-01 18:42:48,330 [INFO] Step 529600: reward=-0.010, dist=0.00
2026-03-01 18:43:49,776 [INFO] Step 529800: reward=-0.010, dist=0.00
2026-03-01 18:44:48,450 [INFO] Policy action (normalized): v = +0.535, w = -0.368 | Cmd_vel (scaled): v = +0.535 m/s, w = -0.368 rad/s
2026-03-01 18:44:51,213 [INFO] Step 530000: reward=-0.010, dist=0.00
2026-03-01 18:45:52,661 [INFO] Step 530200: reward=-0.010, dist=0.00
2026-03-01 18:46:11,990 [INFO] Performing PPO update at global step 2230272
2026-03-01 18:46:12,229 [INFO] PPO losses — policy: 0.0092, value: 0.0041, entropy: -2.1167
2026-03-01 18:46:12,233 [INFO] PPO update completed. Buffer cleared.
2026-03-01 18:46:54,310 [INFO] Step 530400: reward=-0.010, dist=0.00
2026-03-01 18:47:55,779 [INFO] Step 530600: reward=-0.010, dist=0.00
2026-03-01 18:48:57,195 [INFO] Step 530800: reward=-0.010, dist=0.00
2026-03-01 18:49:58,617 [INFO] Step 531000: reward=-0.010, dist=0.00
2026-03-01 18:51:00,095 [INFO] Step 531200: reward=-0.010, dist=0.00
2026-03-01 18:52:01,574 [INFO] Step 531400: reward=-0.010, dist=0.00
2026-03-01 18:53:03,061 [INFO] Step 531600: reward=-0.010, dist=0.00
2026-03-01 18:54:04,474 [INFO] Step 531800: reward=-0.010, dist=0.00
2026-03-01 18:55:05,937 [INFO] Step 532000: reward=-0.010, dist=0.00
2026-03-01 18:56:07,370 [INFO] Step 532200: reward=-0.010, dist=0.00
2026-03-01 18:56:41,510 [INFO] Performing PPO update at global step 2232320
2026-03-01 18:56:41,757 [INFO] PPO losses — policy: 0.0054, value: 0.0040, entropy: -2.2168
2026-03-01 18:56:41,761 [INFO] PPO update completed. Buffer cleared.
2026-03-01 18:57:09,118 [INFO] Step 532400: reward=-0.010, dist=0.00
2026-03-01 18:58:10,546 [INFO] Step 532600: reward=-0.010, dist=0.00
2026-03-01 18:59:12,001 [INFO] Step 532800: reward=-0.010, dist=0.00
2026-03-01 19:00:13,405 [INFO] Step 533000: reward=-0.010, dist=0.00
2026-03-01 19:01:14,812 [INFO] Step 533200: reward=-0.010, dist=0.00
2026-03-01 19:02:16,245 [INFO] Step 533400: reward=-0.010, dist=0.00
2026-03-01 19:03:17,635 [INFO] Step 533600: reward=-0.010, dist=0.00
2026-03-01 19:04:19,084 [INFO] Step 533800: reward=-0.010, dist=0.00
2026-03-01 19:05:20,463 [INFO] Step 534000: reward=-0.010, dist=0.00
2026-03-01 19:06:21,924 [INFO] Step 534200: reward=-0.010, dist=0.00
2026-03-01 19:07:10,761 [INFO] Performing PPO update at global step 2234368
2026-03-01 19:07:10,994 [INFO] PPO losses — policy: 0.0189, value: 0.0040, entropy: -2.1900
2026-03-01 19:07:10,998 [INFO] PPO update completed. Buffer cleared.
2026-03-01 19:07:23,639 [INFO] Step 534400: reward=-0.010, dist=0.00
2026-03-01 19:08:25,083 [INFO] Step 534600: reward=-0.010, dist=0.00
2026-03-01 19:09:26,544 [INFO] Step 534800: reward=-0.010, dist=0.00
2026-03-01 19:10:27,943 [INFO] Step 535000: reward=-0.010, dist=0.00
2026-03-01 19:11:29,434 [INFO] Step 535200: reward=-0.010, dist=0.00
2026-03-01 19:12:30,847 [INFO] Step 535400: reward=-0.010, dist=0.00
2026-03-01 19:13:32,333 [INFO] Step 535600: reward=-0.010, dist=0.00
2026-03-01 19:14:33,715 [INFO] Step 535800: reward=-0.010, dist=0.00
2026-03-01 19:15:35,210 [INFO] Step 536000: reward=-0.010, dist=0.00
2026-03-01 19:16:36,666 [INFO] Step 536200: reward=-0.010, dist=0.00
2026-03-01 19:17:38,088 [INFO] Step 536400: reward=-0.010, dist=0.00
2026-03-01 19:17:40,240 [INFO] Performing PPO update at global step 2236416
2026-03-01 19:17:40,486 [INFO] PPO losses — policy: 0.0169, value: 0.0041, entropy: -2.3343
2026-03-01 19:17:40,490 [INFO] PPO update completed. Buffer cleared.
2026-03-01 19:18:39,755 [INFO] Step 536600: reward=-0.010, dist=0.00
2026-03-01 19:19:41,228 [INFO] Step 536800: reward=-0.010, dist=0.00
2026-03-01 19:20:42,701 [INFO] Step 537000: reward=-0.010, dist=0.00
2026-03-01 19:21:44,104 [INFO] Step 537200: reward=-0.010, dist=0.00
2026-03-01 19:22:45,604 [INFO] Step 537400: reward=-0.010, dist=0.00
2026-03-01 19:23:47,057 [INFO] Step 537600: reward=-0.010, dist=0.00
2026-03-01 19:24:48,474 [INFO] Step 537800: reward=-0.010, dist=0.00
2026-03-01 19:25:49,913 [INFO] Step 538000: reward=-0.010, dist=0.00
2026-03-01 19:26:51,367 [INFO] Step 538200: reward=-0.010, dist=0.00
2026-03-01 19:27:52,803 [INFO] Step 538400: reward=-0.010, dist=0.00
2026-03-01 19:28:09,685 [INFO] Performing PPO update at global step 2238464
2026-03-01 19:28:09,912 [INFO] PPO losses — policy: 0.0205, value: 0.0037, entropy: -2.3284
2026-03-01 19:28:09,916 [INFO] PPO update completed. Buffer cleared.
2026-03-01 19:28:54,489 [INFO] Step 538600: reward=-0.010, dist=0.00
2026-03-01 19:29:55,887 [INFO] Step 538800: reward=-0.010, dist=0.00
2026-03-01 19:30:57,351 [INFO] Step 539000: reward=-0.010, dist=0.00
2026-03-01 19:31:58,816 [INFO] Step 539200: reward=-0.010, dist=0.00
2026-03-01 19:33:00,241 [INFO] Step 539400: reward=-0.010, dist=0.00
2026-03-01 19:34:01,623 [INFO] Step 539600: reward=-0.010, dist=0.00
2026-03-01 19:35:03,037 [INFO] Step 539800: reward=-0.010, dist=0.00
2026-03-01 19:36:01,662 [INFO] Policy action (normalized): v = +0.532, w = -0.283 | Cmd_vel (scaled): v = +0.532 m/s, w = -0.283 rad/s
2026-03-01 19:36:04,436 [INFO] Step 540000: reward=-0.010, dist=0.00
2026-03-01 19:37:05,844 [INFO] Step 540200: reward=-0.010, dist=0.00
2026-03-01 19:38:07,281 [INFO] Step 540400: reward=-0.010, dist=0.00
2026-03-01 19:38:38,956 [INFO] Performing PPO update at global step 2240512
2026-03-01 19:38:39,195 [INFO] PPO losses — policy: 0.0451, value: 0.0039, entropy: -2.2863
2026-03-01 19:38:39,199 [INFO] PPO update completed. Buffer cleared.
2026-03-01 19:39:09,021 [INFO] Step 540600: reward=-0.010, dist=0.00
2026-03-01 19:40:10,465 [INFO] Step 540800: reward=-0.010, dist=0.00
2026-03-01 19:41:11,955 [INFO] Step 541000: reward=-0.010, dist=0.00
2026-03-01 19:42:13,385 [INFO] Step 541200: reward=-0.010, dist=0.00
2026-03-01 19:43:14,809 [INFO] Step 541400: reward=-0.010, dist=0.00
2026-03-01 19:44:16,209 [INFO] Step 541600: reward=-0.010, dist=0.00
2026-03-01 19:45:17,676 [INFO] Step 541800: reward=-0.010, dist=0.00
2026-03-01 19:46:19,188 [INFO] Step 542000: reward=-0.010, dist=0.00
2026-03-01 19:47:20,669 [INFO] Step 542200: reward=-0.010, dist=0.00
2026-03-01 19:48:22,177 [INFO] Step 542400: reward=-0.010, dist=0.00
2026-03-01 19:49:08,640 [INFO] Performing PPO update at global step 2242560
2026-03-01 19:49:08,869 [INFO] PPO losses — policy: 0.0228, value: 0.0037, entropy: -2.2094
2026-03-01 19:49:08,873 [INFO] PPO update completed. Buffer cleared.
2026-03-01 19:49:23,934 [INFO] Step 542600: reward=-0.010, dist=0.00
2026-03-01 19:50:25,382 [INFO] Step 542800: reward=-0.010, dist=0.00
2026-03-01 19:51:26,881 [INFO] Step 543000: reward=-0.010, dist=0.00
2026-03-01 19:52:28,331 [INFO] Step 543200: reward=-0.010, dist=0.00
2026-03-01 19:53:29,797 [INFO] Step 543400: reward=-0.010, dist=0.00
2026-03-01 19:54:31,303 [INFO] Step 543600: reward=-0.010, dist=0.00
2026-03-01 19:55:32,789 [INFO] Step 543800: reward=-0.010, dist=0.00
2026-03-01 19:56:34,279 [INFO] Step 544000: reward=-0.010, dist=0.00
2026-03-01 19:57:35,702 [INFO] Step 544200: reward=-0.010, dist=0.00
2026-03-01 19:58:37,085 [INFO] Step 544400: reward=-0.010, dist=0.00
2026-03-01 19:59:38,264 [INFO] Performing PPO update at global step 2244608
2026-03-01 19:59:38,496 [INFO] PPO losses — policy: 0.0085, value: 0.0038, entropy: -2.3498
2026-03-01 19:59:38,500 [INFO] PPO update completed. Buffer cleared.
2026-03-01 19:59:38,808 [INFO] Step 544600: reward=-0.010, dist=0.00
2026-03-01 20:00:40,260 [INFO] Step 544800: reward=-0.010, dist=0.00
2026-03-01 20:01:41,713 [INFO] Step 545000: reward=-0.010, dist=0.00
2026-03-01 20:02:43,197 [INFO] Step 545200: reward=-0.010, dist=0.00
2026-03-01 20:03:44,560 [INFO] Step 545400: reward=-0.010, dist=0.00
2026-03-01 20:04:45,974 [INFO] Step 545600: reward=-0.010, dist=0.00
2026-03-01 20:05:47,391 [INFO] Step 545800: reward=-0.010, dist=0.00
2026-03-01 20:06:48,873 [INFO] Step 546000: reward=-0.010, dist=0.00
2026-03-01 20:07:50,289 [INFO] Step 546200: reward=-0.010, dist=0.00
2026-03-01 20:08:51,726 [INFO] Step 546400: reward=-0.010, dist=0.00
2026-03-01 20:09:53,210 [INFO] Step 546600: reward=-0.010, dist=0.00
2026-03-01 20:10:07,629 [INFO] Performing PPO update at global step 2246656
2026-03-01 20:10:07,865 [INFO] PPO losses — policy: 0.0196, value: 0.0038, entropy: -2.2709
2026-03-01 20:10:07,868 [INFO] PPO update completed. Buffer cleared.
2026-03-01 20:10:54,922 [INFO] Step 546800: reward=-0.010, dist=0.00
2026-03-01 20:11:56,312 [INFO] Step 547000: reward=-0.010, dist=0.00
2026-03-01 20:12:57,865 [INFO] Step 547200: reward=-0.010, dist=0.00
2026-03-01 20:13:59,347 [INFO] Step 547400: reward=-0.010, dist=0.00
2026-03-01 20:15:00,772 [INFO] Step 547600: reward=-0.010, dist=0.00
2026-03-01 20:16:02,231 [INFO] Step 547800: reward=-0.010, dist=0.00
2026-03-01 20:17:03,717 [INFO] Step 548000: reward=-0.010, dist=0.00
2026-03-01 20:18:05,193 [INFO] Step 548200: reward=-0.010, dist=0.00
2026-03-01 20:19:06,676 [INFO] Step 548400: reward=-0.010, dist=0.00
2026-03-01 20:20:08,093 [INFO] Step 548600: reward=-0.010, dist=0.00
2026-03-01 20:20:37,299 [INFO] Performing PPO update at global step 2248704
2026-03-01 20:20:37,536 [INFO] PPO losses — policy: 0.0155, value: 0.0039, entropy: -2.3022
2026-03-01 20:20:37,540 [INFO] PPO update completed. Buffer cleared.
2026-03-01 20:21:09,817 [INFO] Step 548800: reward=-0.010, dist=0.00
2026-03-01 20:22:11,262 [INFO] Step 549000: reward=-0.010, dist=0.00
2026-03-01 20:23:12,723 [INFO] Step 549200: reward=-0.010, dist=0.00
2026-03-01 20:24:14,189 [INFO] Step 549400: reward=-0.010, dist=0.00
2026-03-01 20:25:15,608 [INFO] Step 549600: reward=-0.010, dist=0.00
2026-03-01 20:26:17,052 [INFO] Step 549800: reward=-0.010, dist=0.00
2026-03-01 20:27:15,733 [INFO] Policy action (normalized): v = +0.535, w = -0.014 | Cmd_vel (scaled): v = +0.535 m/s, w = -0.014 rad/s
2026-03-01 20:27:18,497 [INFO] Step 550000: reward=-0.010, dist=0.00
2026-03-01 20:28:19,923 [INFO] Step 550200: reward=-0.010, dist=0.00
2026-03-01 20:29:21,378 [INFO] Step 550400: reward=-0.010, dist=0.00
2026-03-01 20:30:22,825 [INFO] Step 550600: reward=-0.010, dist=0.00
2026-03-01 20:31:06,759 [INFO] Performing PPO update at global step 2250752
2026-03-01 20:31:07,004 [INFO] PPO losses — policy: 0.0241, value: 0.0038, entropy: -2.4847
2026-03-01 20:31:07,008 [INFO] PPO update completed. Buffer cleared.
2026-03-01 20:31:24,546 [INFO] Step 550800: reward=-0.010, dist=0.00
2026-03-01 20:32:25,961 [INFO] Step 551000: reward=-0.010, dist=0.00
2026-03-01 20:33:27,438 [INFO] Step 551200: reward=-0.010, dist=0.00
2026-03-01 20:34:28,818 [INFO] Step 551400: reward=-0.010, dist=0.00
2026-03-01 20:35:30,241 [INFO] Step 551600: reward=-0.010, dist=0.00
2026-03-01 20:36:31,713 [INFO] Step 551800: reward=-0.010, dist=0.00
2026-03-01 20:37:33,175 [INFO] Step 552000: reward=-0.010, dist=0.00
2026-03-01 20:38:34,587 [INFO] Step 552200: reward=-0.010, dist=0.00
2026-03-01 20:39:36,047 [INFO] Step 552400: reward=-0.010, dist=0.00
2026-03-01 20:40:37,505 [INFO] Step 552600: reward=-0.010, dist=0.00
2026-03-01 20:41:36,241 [INFO] Performing PPO update at global step 2252800
2026-03-01 20:41:36,482 [INFO] PPO losses — policy: 0.0360, value: 0.0039, entropy: -2.5907
2026-03-01 20:41:36,485 [INFO] PPO update completed. Buffer cleared.
2026-03-01 20:41:39,267 [INFO] Step 552800: reward=-0.010, dist=0.00
2026-03-01 20:42:40,685 [INFO] Step 553000: reward=-0.010, dist=0.00
2026-03-01 20:43:42,142 [INFO] Step 553200: reward=-0.010, dist=0.00
2026-03-01 20:44:43,596 [INFO] Step 553400: reward=-0.010, dist=0.00
2026-03-01 20:45:45,092 [INFO] Step 553600: reward=-0.010, dist=0.00
2026-03-01 20:46:46,499 [INFO] Step 553800: reward=-0.010, dist=0.00
2026-03-01 20:47:47,936 [INFO] Step 554000: reward=-0.010, dist=0.00
2026-03-01 20:48:49,397 [INFO] Step 554200: reward=-0.010, dist=0.00
2026-03-01 20:49:50,801 [INFO] Step 554400: reward=-0.010, dist=0.00
2026-03-01 20:50:52,220 [INFO] Step 554600: reward=-0.010, dist=0.00
2026-03-01 20:51:53,710 [INFO] Step 554800: reward=-0.010, dist=0.00
2026-03-01 20:52:05,713 [INFO] Performing PPO update at global step 2254848
2026-03-01 20:52:05,950 [INFO] PPO losses — policy: 0.0199, value: 0.0039, entropy: -2.4874
2026-03-01 20:52:05,953 [INFO] PPO update completed. Buffer cleared.
2026-03-01 20:52:55,435 [INFO] Step 555000: reward=-0.010, dist=0.00
2026-03-01 20:53:56,901 [INFO] Step 555200: reward=-0.010, dist=0.00
2026-03-01 20:54:58,382 [INFO] Step 555400: reward=-0.010, dist=0.00
2026-03-01 20:55:59,839 [INFO] Step 555600: reward=-0.010, dist=0.00
2026-03-01 20:57:01,247 [INFO] Step 555800: reward=-0.010, dist=0.00
2026-03-01 20:58:02,678 [INFO] Step 556000: reward=-0.010, dist=0.00
2026-03-01 20:59:04,198 [INFO] Step 556200: reward=-0.010, dist=0.00
2026-03-01 21:00:05,676 [INFO] Step 556400: reward=-0.010, dist=0.00
2026-03-01 21:01:07,158 [INFO] Step 556600: reward=-0.010, dist=0.00
2026-03-01 21:02:08,692 [INFO] Step 556800: reward=-0.010, dist=0.00
2026-03-01 21:02:35,429 [INFO] Performing PPO update at global step 2256896
2026-03-01 21:02:35,660 [INFO] PPO losses — policy: 0.0276, value: 0.0038, entropy: -2.3294
2026-03-01 21:02:35,664 [INFO] PPO update completed. Buffer cleared.
2026-03-01 21:03:10,391 [INFO] Step 557000: reward=-0.010, dist=0.00
2026-03-01 21:04:11,781 [INFO] Step 557200: reward=-0.010, dist=0.00
2026-03-01 21:05:13,123 [INFO] Step 557400: reward=-0.010, dist=0.00
2026-03-01 21:06:14,595 [INFO] Step 557600: reward=-0.010, dist=0.00
2026-03-01 21:07:15,990 [INFO] Step 557800: reward=-0.010, dist=0.00
2026-03-01 21:08:17,426 [INFO] Step 558000: reward=-0.010, dist=0.00
2026-03-01 21:09:18,917 [INFO] Step 558200: reward=-0.010, dist=0.00
2026-03-01 21:10:20,427 [INFO] Step 558400: reward=-0.010, dist=0.00
2026-03-01 21:11:21,928 [INFO] Step 558600: reward=-0.010, dist=0.00
2026-03-01 21:12:23,478 [INFO] Step 558800: reward=-0.010, dist=0.00
2026-03-01 21:13:04,966 [INFO] Performing PPO update at global step 2258944
2026-03-01 21:13:05,197 [INFO] PPO losses — policy: 0.0142, value: 0.0039, entropy: -2.3517
2026-03-01 21:13:05,201 [INFO] PPO update completed. Buffer cleared.
2026-03-01 21:13:25,201 [INFO] Step 559000: reward=-0.010, dist=0.00
2026-03-01 21:14:26,707 [INFO] Step 559200: reward=-0.010, dist=0.00
2026-03-01 21:15:28,246 [INFO] Step 559400: reward=-0.010, dist=0.00
2026-03-01 21:16:29,702 [INFO] Step 559600: reward=-0.010, dist=0.00
2026-03-01 21:17:31,139 [INFO] Step 559800: reward=-0.010, dist=0.00
2026-03-01 21:18:29,829 [INFO] Policy action (normalized): v = +0.531, w = +0.629 | Cmd_vel (scaled): v = +0.531 m/s, w = +0.629 rad/s
2026-03-01 21:18:32,598 [INFO] Step 560000: reward=-0.010, dist=0.00
2026-03-01 21:19:34,072 [INFO] Step 560200: reward=-0.010, dist=0.00
2026-03-01 21:20:35,570 [INFO] Step 560400: reward=-0.010, dist=0.00
2026-03-01 21:21:36,998 [INFO] Step 560600: reward=-0.010, dist=0.00
2026-03-01 21:22:38,456 [INFO] Step 560800: reward=-0.010, dist=0.00
2026-03-01 21:23:34,647 [INFO] Performing PPO update at global step 2260992
2026-03-01 21:23:34,879 [INFO] PPO losses — policy: 0.0208, value: 0.0039, entropy: -2.2333
2026-03-01 21:23:34,883 [INFO] PPO update completed. Buffer cleared.
2026-03-01 21:23:40,136 [INFO] Step 561000: reward=-0.010, dist=0.00
2026-03-01 21:24:41,555 [INFO] Step 561200: reward=-0.010, dist=0.00
2026-03-01 21:25:43,008 [INFO] Step 561400: reward=-0.010, dist=0.00
2026-03-01 21:26:44,515 [INFO] Step 561600: reward=-0.010, dist=0.00
2026-03-01 21:27:46,006 [INFO] Step 561800: reward=-0.010, dist=0.00
2026-03-01 21:28:47,515 [INFO] Step 562000: reward=-0.010, dist=0.00
2026-03-01 21:29:49,013 [INFO] Step 562200: reward=-0.010, dist=0.00
2026-03-01 21:30:50,440 [INFO] Step 562400: reward=-0.010, dist=0.00
2026-03-01 21:31:51,932 [INFO] Step 562600: reward=-0.010, dist=0.00
2026-03-01 21:32:53,367 [INFO] Step 562800: reward=-0.010, dist=0.00
2026-03-01 21:33:54,826 [INFO] Step 563000: reward=-0.010, dist=0.00
2026-03-01 21:34:04,356 [INFO] Performing PPO update at global step 2263040
2026-03-01 21:34:04,593 [INFO] PPO losses — policy: 0.0113, value: 0.0039, entropy: -2.3097
2026-03-01 21:34:04,597 [INFO] PPO update completed. Buffer cleared.
2026-03-01 21:34:56,530 [INFO] Step 563200: reward=-0.010, dist=0.00
2026-03-01 21:35:57,990 [INFO] Step 563400: reward=-0.010, dist=0.00
2026-03-01 21:36:59,461 [INFO] Step 563600: reward=-0.010, dist=0.00
2026-03-01 21:38:00,940 [INFO] Step 563800: reward=-0.010, dist=0.00
2026-03-01 21:39:02,348 [INFO] Step 564000: reward=-0.010, dist=0.00
2026-03-01 21:40:03,783 [INFO] Step 564200: reward=-0.010, dist=0.00
2026-03-01 21:41:05,196 [INFO] Step 564400: reward=-0.010, dist=0.00
2026-03-01 21:42:06,687 [INFO] Step 564600: reward=-0.010, dist=0.00
2026-03-01 21:43:08,203 [INFO] Step 564800: reward=-0.010, dist=0.00
2026-03-01 21:44:09,671 [INFO] Step 565000: reward=-0.010, dist=0.00
2026-03-01 21:44:33,934 [INFO] Performing PPO update at global step 2265088
2026-03-01 21:44:34,165 [INFO] PPO losses — policy: 0.0151, value: 0.0040, entropy: -2.3267
2026-03-01 21:44:34,168 [INFO] PPO update completed. Buffer cleared.
2026-03-01 21:45:11,360 [INFO] Step 565200: reward=-0.010, dist=0.00
2026-03-01 21:46:12,848 [INFO] Step 565400: reward=-0.010, dist=0.00
2026-03-01 21:47:14,214 [INFO] Step 565600: reward=-0.010, dist=0.00
2026-03-01 21:48:15,701 [INFO] Step 565800: reward=-0.010, dist=0.00
2026-03-01 21:49:17,164 [INFO] Step 566000: reward=-0.010, dist=0.00
2026-03-01 21:50:18,588 [INFO] Step 566200: reward=-0.010, dist=0.00
2026-03-01 21:51:20,039 [INFO] Step 566400: reward=-0.010, dist=0.00
2026-03-01 21:52:21,458 [INFO] Step 566600: reward=-0.010, dist=0.00
2026-03-01 21:53:22,939 [INFO] Step 566800: reward=-0.010, dist=0.00
2026-03-01 21:54:24,401 [INFO] Step 567000: reward=-0.010, dist=0.00
2026-03-01 21:55:03,427 [INFO] Performing PPO update at global step 2267136
2026-03-01 21:55:03,657 [INFO] PPO losses — policy: 0.0170, value: 0.0041, entropy: -2.2633
2026-03-01 21:55:03,661 [INFO] PPO update completed. Buffer cleared.
2026-03-01 21:55:26,096 [INFO] Step 567200: reward=-0.010, dist=0.00
2026-03-01 21:56:27,548 [INFO] Step 567400: reward=-0.010, dist=0.00
2026-03-01 21:57:29,026 [INFO] Step 567600: reward=-0.010, dist=0.00
2026-03-01 21:58:30,504 [INFO] Step 567800: reward=-0.010, dist=0.00
2026-03-01 21:59:31,987 [INFO] Step 568000: reward=-0.010, dist=0.00
2026-03-01 22:00:33,468 [INFO] Step 568200: reward=-0.010, dist=0.00
2026-03-01 22:01:34,922 [INFO] Step 568400: reward=-0.010, dist=0.00
2026-03-01 22:02:36,346 [INFO] Step 568600: reward=-0.010, dist=0.00
2026-03-01 22:03:37,822 [INFO] Step 568800: reward=-0.010, dist=0.00
2026-03-01 22:04:39,313 [INFO] Step 569000: reward=-0.010, dist=0.00
2026-03-01 22:05:33,137 [INFO] Performing PPO update at global step 2269184
2026-03-01 22:05:33,373 [INFO] PPO losses — policy: 0.0175, value: 0.0040, entropy: -2.2476
2026-03-01 22:05:33,377 [INFO] PPO update completed. Buffer cleared.
2026-03-01 22:05:41,103 [INFO] Step 569200: reward=-0.010, dist=0.00
2026-03-01 22:06:42,605 [INFO] Step 569400: reward=-0.010, dist=0.00
2026-03-01 22:07:44,065 [INFO] Step 569600: reward=-0.010, dist=0.00
2026-03-01 22:08:45,493 [INFO] Step 569800: reward=-0.010, dist=0.00
2026-03-01 22:09:44,198 [INFO] Policy action (normalized): v = +0.526, w = +0.761 | Cmd_vel (scaled): v = +0.526 m/s, w = +0.761 rad/s
2026-03-01 22:09:46,961 [INFO] Step 570000: reward=-0.010, dist=0.00
2026-03-01 22:10:48,403 [INFO] Step 570200: reward=-0.010, dist=0.00
2026-03-01 22:11:49,892 [INFO] Step 570400: reward=-0.010, dist=0.00
2026-03-01 22:12:51,425 [INFO] Step 570600: reward=-0.010, dist=0.00
2026-03-01 22:13:52,889 [INFO] Step 570800: reward=-0.010, dist=0.00
2026-03-01 22:14:54,359 [INFO] Step 571000: reward=-0.010, dist=0.00
2026-03-01 22:15:55,842 [INFO] Step 571200: reward=-0.010, dist=0.00
2026-03-01 22:16:02,913 [INFO] Performing PPO update at global step 2271232
2026-03-01 22:16:03,147 [INFO] PPO losses — policy: 0.0256, value: 0.0042, entropy: -2.1687
2026-03-01 22:16:03,151 [INFO] PPO update completed. Buffer cleared.
2026-03-01 22:16:57,614 [INFO] Step 571400: reward=-0.010, dist=0.00
2026-03-01 22:17:59,014 [INFO] Step 571600: reward=-0.010, dist=0.00
2026-03-01 22:19:00,515 [INFO] Step 571800: reward=-0.010, dist=0.00
2026-03-01 22:20:01,976 [INFO] Step 572000: reward=-0.010, dist=0.00
2026-03-01 22:21:03,393 [INFO] Step 572200: reward=-0.010, dist=0.00
2026-03-01 22:22:04,792 [INFO] Step 572400: reward=-0.010, dist=0.00
2026-03-01 22:23:06,233 [INFO] Step 572600: reward=-0.010, dist=0.00
2026-03-01 22:24:07,659 [INFO] Step 572800: reward=-0.010, dist=0.00
2026-03-01 22:25:09,112 [INFO] Step 573000: reward=-0.010, dist=0.00
2026-03-01 22:26:10,632 [INFO] Step 573200: reward=-0.010, dist=0.00
2026-03-01 22:26:32,489 [INFO] Performing PPO update at global step 2273280
2026-03-01 22:26:32,719 [INFO] PPO losses — policy: 0.0141, value: 0.0039, entropy: -2.3226
2026-03-01 22:26:32,723 [INFO] PPO update completed. Buffer cleared.
2026-03-01 22:27:12,413 [INFO] Step 573400: reward=-0.010, dist=0.00
2026-03-01 22:28:13,809 [INFO] Step 573600: reward=-0.010, dist=0.00
2026-03-01 22:29:15,278 [INFO] Step 573800: reward=-0.010, dist=0.00
2026-03-01 22:30:16,735 [INFO] Step 574000: reward=-0.010, dist=0.00
2026-03-01 22:31:18,212 [INFO] Step 574200: reward=-0.010, dist=0.00
2026-03-01 22:32:19,683 [INFO] Step 574400: reward=-0.010, dist=0.00
2026-03-01 22:33:21,126 [INFO] Step 574600: reward=-0.010, dist=0.00
2026-03-01 22:34:22,556 [INFO] Step 574800: reward=-0.010, dist=0.00
2026-03-01 22:35:23,977 [INFO] Step 575000: reward=-0.010, dist=0.00
2026-03-01 22:36:25,468 [INFO] Step 575200: reward=-0.010, dist=0.00
2026-03-01 22:37:02,030 [INFO] Performing PPO update at global step 2275328
2026-03-01 22:37:02,271 [INFO] PPO losses — policy: 0.0145, value: 0.0040, entropy: -2.4243
2026-03-01 22:37:02,275 [INFO] PPO update completed. Buffer cleared.
2026-03-01 22:37:27,207 [INFO] Step 575400: reward=-0.010, dist=0.00
2026-03-01 22:38:28,680 [INFO] Step 575600: reward=-0.010, dist=0.00
2026-03-01 22:39:30,114 [INFO] Step 575800: reward=-0.010, dist=0.00
2026-03-01 22:40:31,549 [INFO] Step 576000: reward=-0.010, dist=0.00
2026-03-01 22:41:32,988 [INFO] Step 576200: reward=-0.010, dist=0.00
2026-03-01 22:42:34,455 [INFO] Step 576400: reward=-0.010, dist=0.00
2026-03-01 22:43:35,960 [INFO] Step 576600: reward=-0.010, dist=0.00
2026-03-01 22:44:37,409 [INFO] Step 576800: reward=-0.010, dist=0.00
2026-03-01 22:45:38,844 [INFO] Step 577000: reward=-0.010, dist=0.00
2026-03-01 22:46:40,317 [INFO] Step 577200: reward=-0.010, dist=0.00
2026-03-01 22:47:31,679 [INFO] Performing PPO update at global step 2277376
2026-03-01 22:47:31,911 [INFO] PPO losses — policy: 0.0243, value: 0.0040, entropy: -2.3922
2026-03-01 22:47:31,914 [INFO] PPO update completed. Buffer cleared.
2026-03-01 22:47:42,070 [INFO] Step 577400: reward=-0.010, dist=0.00
2026-03-01 22:48:43,530 [INFO] Step 577600: reward=-0.010, dist=0.00
2026-03-01 22:49:44,983 [INFO] Step 577800: reward=-0.010, dist=0.00
2026-03-01 22:50:46,413 [INFO] Step 578000: reward=-0.010, dist=0.00
2026-03-01 22:51:47,936 [INFO] Step 578200: reward=-0.010, dist=0.00
2026-03-01 22:52:49,426 [INFO] Step 578400: reward=-0.010, dist=0.00
2026-03-01 22:53:50,935 [INFO] Step 578600: reward=-0.010, dist=0.00
2026-03-01 22:54:52,393 [INFO] Step 578800: reward=-0.010, dist=0.00
2026-03-01 22:55:53,879 [INFO] Step 579000: reward=-0.010, dist=0.00
2026-03-01 22:56:55,424 [INFO] Step 579200: reward=-0.010, dist=0.00
2026-03-01 22:57:56,917 [INFO] Step 579400: reward=-0.010, dist=0.00
2026-03-01 22:58:01,533 [INFO] Performing PPO update at global step 2279424
2026-03-01 22:58:01,764 [INFO] PPO losses — policy: 0.0269, value: 0.0040, entropy: -2.4239
2026-03-01 22:58:01,768 [INFO] PPO update completed. Buffer cleared.
2026-03-01 22:58:58,615 [INFO] Step 579600: reward=-0.010, dist=0.00
2026-03-01 23:00:00,037 [INFO] Step 579800: reward=-0.010, dist=0.00
2026-03-01 23:00:58,685 [INFO] Policy action (normalized): v = +0.541, w = +0.131 | Cmd_vel (scaled): v = +0.541 m/s, w = +0.131 rad/s
2026-03-01 23:01:01,450 [INFO] Step 580000: reward=-0.010, dist=0.00
2026-03-01 23:02:02,906 [INFO] Step 580200: reward=-0.010, dist=0.00
2026-03-01 23:03:04,443 [INFO] Step 580400: reward=-0.010, dist=0.00
2026-03-01 23:04:05,882 [INFO] Step 580600: reward=-0.010, dist=0.00
2026-03-01 23:05:07,337 [INFO] Step 580800: reward=-0.010, dist=0.00
2026-03-01 23:06:08,791 [INFO] Step 581000: reward=-0.010, dist=0.00
2026-03-01 23:07:10,330 [INFO] Step 581200: reward=-0.010, dist=0.00
2026-03-01 23:08:11,820 [INFO] Step 581400: reward=-0.010, dist=0.00
2026-03-01 23:08:31,184 [INFO] Performing PPO update at global step 2281472
2026-03-01 23:08:31,412 [INFO] PPO losses — policy: 0.0216, value: 0.0040, entropy: -2.5219
2026-03-01 23:08:31,416 [INFO] PPO update completed. Buffer cleared.
2026-03-01 23:09:13,564 [INFO] Step 581600: reward=-0.010, dist=0.00
2026-03-01 23:10:15,045 [INFO] Step 581800: reward=-0.010, dist=0.00
2026-03-01 23:11:16,445 [INFO] Step 582000: reward=-0.010, dist=0.00
2026-03-01 23:12:17,904 [INFO] Step 582200: reward=-0.010, dist=0.00
2026-03-01 23:13:19,294 [INFO] Step 582400: reward=-0.010, dist=0.00
2026-03-01 23:14:20,714 [INFO] Step 582600: reward=-0.010, dist=0.00
2026-03-01 23:15:22,206 [INFO] Step 582800: reward=-0.010, dist=0.00
2026-03-01 23:16:23,628 [INFO] Step 583000: reward=-0.010, dist=0.00
2026-03-01 23:17:25,120 [INFO] Step 583200: reward=-0.010, dist=0.00
2026-03-01 23:18:26,541 [INFO] Step 583400: reward=-0.010, dist=0.00
2026-03-01 23:19:00,653 [INFO] Performing PPO update at global step 2283520
2026-03-01 23:19:00,895 [INFO] PPO losses — policy: 0.0223, value: 0.0039, entropy: -2.5003
2026-03-01 23:19:00,899 [INFO] PPO update completed. Buffer cleared.
2026-03-01 23:19:28,301 [INFO] Step 583600: reward=-0.010, dist=0.00
2026-03-01 23:20:29,752 [INFO] Step 583800: reward=-0.010, dist=0.00
2026-03-01 23:21:31,172 [INFO] Step 584000: reward=-0.010, dist=0.00
2026-03-01 23:22:32,687 [INFO] Step 584200: reward=-0.010, dist=0.00
2026-03-01 23:23:34,159 [INFO] Step 584400: reward=-0.010, dist=0.00
2026-03-01 23:24:35,640 [INFO] Step 584600: reward=-0.010, dist=0.00
2026-03-01 23:25:37,146 [INFO] Step 584800: reward=-0.010, dist=0.00
2026-03-01 23:26:38,672 [INFO] Step 585000: reward=-0.010, dist=0.00
2026-03-01 23:27:40,144 [INFO] Step 585200: reward=-0.010, dist=0.00
2026-03-01 23:28:41,601 [INFO] Step 585400: reward=-0.010, dist=0.00
2026-03-01 23:29:30,545 [INFO] Performing PPO update at global step 2285568
2026-03-01 23:29:30,782 [INFO] PPO losses — policy: 0.0250, value: 0.0039, entropy: -2.5491
2026-03-01 23:29:30,786 [INFO] PPO update completed. Buffer cleared.
2026-03-01 23:29:43,391 [INFO] Step 585600: reward=-0.010, dist=0.00
2026-03-01 23:30:44,843 [INFO] Step 585800: reward=-0.010, dist=0.00
2026-03-01 23:31:46,298 [INFO] Step 586000: reward=-0.010, dist=0.00
2026-03-01 23:32:47,750 [INFO] Step 586200: reward=-0.010, dist=0.00
2026-03-01 23:33:49,164 [INFO] Step 586400: reward=-0.010, dist=0.00
2026-03-01 23:34:50,668 [INFO] Step 586600: reward=-0.010, dist=0.00
2026-03-01 23:35:52,095 [INFO] Step 586800: reward=-0.010, dist=0.00
2026-03-01 23:36:53,547 [INFO] Step 587000: reward=-0.010, dist=0.00
2026-03-01 23:37:55,055 [INFO] Step 587200: reward=-0.010, dist=0.00
2026-03-01 23:38:56,552 [INFO] Step 587400: reward=-0.010, dist=0.00
2026-03-01 23:39:58,022 [INFO] Step 587600: reward=-0.010, dist=0.00
2026-03-01 23:40:00,177 [INFO] Performing PPO update at global step 2287616
2026-03-01 23:40:00,414 [INFO] PPO losses — policy: 0.0125, value: 0.0039, entropy: -2.4647
2026-03-01 23:40:00,418 [INFO] PPO update completed. Buffer cleared.
2026-03-01 23:40:59,722 [INFO] Step 587800: reward=-0.010, dist=0.00
2026-03-01 23:42:01,129 [INFO] Step 588000: reward=-0.010, dist=0.00
2026-03-01 23:43:02,536 [INFO] Step 588200: reward=-0.010, dist=0.00
2026-03-01 23:44:03,985 [INFO] Step 588400: reward=-0.010, dist=0.00
2026-03-01 23:45:05,435 [INFO] Step 588600: reward=-0.010, dist=0.00
2026-03-01 23:46:06,916 [INFO] Step 588800: reward=-0.010, dist=0.00
2026-03-01 23:47:08,396 [INFO] Step 589000: reward=-0.010, dist=0.00
2026-03-01 23:48:09,887 [INFO] Step 589200: reward=-0.010, dist=0.00
2026-03-01 23:49:11,427 [INFO] Step 589400: reward=-0.010, dist=0.00
2026-03-01 23:50:12,898 [INFO] Step 589600: reward=-0.010, dist=0.00
2026-03-01 23:50:29,821 [INFO] Performing PPO update at global step 2289664
2026-03-01 23:50:30,054 [INFO] PPO losses — policy: 0.0207, value: 0.0040, entropy: -2.5367
2026-03-01 23:50:30,058 [INFO] PPO update completed. Buffer cleared.
2026-03-01 23:51:14,650 [INFO] Step 589800: reward=-0.010, dist=0.00
2026-03-01 23:52:13,340 [INFO] Policy action (normalized): v = +0.532, w = +0.216 | Cmd_vel (scaled): v = +0.532 m/s, w = +0.216 rad/s
2026-03-01 23:52:16,107 [INFO] Step 590000: reward=-0.010, dist=0.00
2026-03-01 23:53:17,579 [INFO] Step 590200: reward=-0.010, dist=0.00
2026-03-01 23:54:19,021 [INFO] Step 590400: reward=-0.010, dist=0.00
2026-03-01 23:55:20,465 [INFO] Step 590600: reward=-0.010, dist=0.00
2026-03-01 23:56:21,899 [INFO] Step 590800: reward=-0.010, dist=0.00
2026-03-01 23:57:23,292 [INFO] Step 591000: reward=-0.010, dist=0.00
2026-03-01 23:58:24,793 [INFO] Step 591200: reward=-0.010, dist=0.00
2026-03-01 23:59:26,249 [INFO] Step 591400: reward=-0.010, dist=0.00
2026-03-02 00:00:27,693 [INFO] Step 591600: reward=-0.010, dist=0.00
2026-03-02 00:00:59,365 [INFO] Performing PPO update at global step 2291712
2026-03-02 00:00:59,594 [INFO] PPO losses — policy: 0.0190, value: 0.0040, entropy: -2.5508
2026-03-02 00:00:59,598 [INFO] PPO update completed. Buffer cleared.
2026-03-02 00:01:29,393 [INFO] Step 591800: reward=-0.010, dist=0.00
2026-03-02 00:02:30,901 [INFO] Step 592000: reward=-0.010, dist=0.00
2026-03-02 00:03:32,338 [INFO] Step 592200: reward=-0.010, dist=0.00
2026-03-02 00:04:33,781 [INFO] Step 592400: reward=-0.010, dist=0.00
2026-03-02 00:05:35,261 [INFO] Step 592600: reward=-0.010, dist=0.00
2026-03-02 00:06:36,696 [INFO] Step 592800: reward=-0.010, dist=0.00
2026-03-02 00:07:38,142 [INFO] Step 593000: reward=-0.010, dist=0.00
2026-03-02 00:08:39,628 [INFO] Step 593200: reward=-0.010, dist=0.00
2026-03-02 00:09:41,070 [INFO] Step 593400: reward=-0.010, dist=0.00
2026-03-02 00:10:42,535 [INFO] Step 593600: reward=-0.010, dist=0.00
2026-03-02 00:11:28,971 [INFO] Performing PPO update at global step 2293760
2026-03-02 00:11:29,207 [INFO] PPO losses — policy: 0.0202, value: 0.0040, entropy: -2.6015
2026-03-02 00:11:29,210 [INFO] PPO update completed. Buffer cleared.
2026-03-02 00:11:44,304 [INFO] Step 593800: reward=-0.010, dist=0.00
2026-03-02 00:12:45,757 [INFO] Step 594000: reward=-0.010, dist=0.00
2026-03-02 00:13:47,184 [INFO] Step 594200: reward=-0.010, dist=0.00
2026-03-02 00:14:48,606 [INFO] Step 594400: reward=-0.010, dist=0.00
2026-03-02 00:15:50,026 [INFO] Step 594600: reward=-0.010, dist=0.00
2026-03-02 00:16:51,467 [INFO] Step 594800: reward=-0.010, dist=0.00
2026-03-02 00:17:52,935 [INFO] Step 595000: reward=-0.010, dist=0.00
2026-03-02 00:18:54,367 [INFO] Step 595200: reward=-0.010, dist=0.00
2026-03-02 00:19:55,826 [INFO] Step 595400: reward=-0.010, dist=0.00
2026-03-02 00:20:57,259 [INFO] Step 595600: reward=-0.010, dist=0.00
2026-03-02 00:21:58,411 [INFO] Performing PPO update at global step 2295808
2026-03-02 00:21:58,640 [INFO] PPO losses — policy: 0.0096, value: 0.0039, entropy: -2.6243
2026-03-02 00:21:58,644 [INFO] PPO update completed. Buffer cleared.
2026-03-02 00:21:58,953 [INFO] Step 595800: reward=-0.010, dist=0.00
2026-03-02 00:23:00,419 [INFO] Step 596000: reward=-0.010, dist=0.00
2026-03-02 00:24:01,854 [INFO] Step 596200: reward=-0.010, dist=0.00
2026-03-02 00:25:03,260 [INFO] Step 596400: reward=-0.010, dist=0.00
2026-03-02 00:26:04,784 [INFO] Step 596600: reward=-0.010, dist=0.00
2026-03-02 00:27:06,245 [INFO] Step 596800: reward=-0.010, dist=0.00
2026-03-02 00:28:07,706 [INFO] Step 597000: reward=-0.010, dist=0.00
2026-03-02 00:29:09,148 [INFO] Step 597200: reward=-0.010, dist=0.00
2026-03-02 00:30:10,637 [INFO] Step 597400: reward=-0.010, dist=0.00
2026-03-02 00:31:12,142 [INFO] Step 597600: reward=-0.010, dist=0.00
2026-03-02 00:32:13,648 [INFO] Step 597800: reward=-0.010, dist=0.00
2026-03-02 00:32:28,106 [INFO] Performing PPO update at global step 2297856
2026-03-02 00:32:28,341 [INFO] PPO losses — policy: 0.0215, value: 0.0039, entropy: -2.6590
2026-03-02 00:32:28,345 [INFO] PPO update completed. Buffer cleared.
2026-03-02 00:33:15,356 [INFO] Step 598000: reward=-0.010, dist=0.00
2026-03-02 00:34:16,871 [INFO] Step 598200: reward=-0.010, dist=0.00
2026-03-02 00:35:18,324 [INFO] Step 598400: reward=-0.010, dist=0.00
2026-03-02 00:36:19,783 [INFO] Step 598600: reward=-0.010, dist=0.00
2026-03-02 00:37:21,255 [INFO] Step 598800: reward=-0.010, dist=0.00
2026-03-02 00:38:22,671 [INFO] Step 599000: reward=-0.010, dist=0.00
2026-03-02 00:39:24,089 [INFO] Step 599200: reward=-0.010, dist=0.00
2026-03-02 00:40:25,534 [INFO] Step 599400: reward=-0.010, dist=0.00
2026-03-02 00:41:26,960 [INFO] Step 599600: reward=-0.010, dist=0.00
2026-03-02 00:42:28,439 [INFO] Step 599800: reward=-0.010, dist=0.00
2026-03-02 00:42:57,683 [INFO] Performing PPO update at global step 2299904
2026-03-02 00:42:57,914 [INFO] PPO losses — policy: 0.0115, value: 0.0039, entropy: -2.7777
2026-03-02 00:42:57,917 [INFO] PPO update completed. Buffer cleared.
2026-03-02 00:43:27,426 [INFO] Policy action (normalized): v = +0.533, w = +0.653 | Cmd_vel (scaled): v = +0.533 m/s, w = +0.653 rad/s
2026-03-02 00:43:30,214 [INFO] Step 600000: reward=-0.010, dist=0.00
2026-03-02 00:44:31,546 [INFO] Step 600200: reward=-0.010, dist=0.00
2026-03-02 00:45:33,004 [INFO] Step 600400: reward=-0.010, dist=0.00
2026-03-02 00:46:34,399 [INFO] Step 600600: reward=-0.010, dist=0.00
2026-03-02 00:47:35,877 [INFO] Step 600800: reward=-0.010, dist=0.00
2026-03-02 00:48:37,313 [INFO] Step 601000: reward=-0.010, dist=0.00
2026-03-02 00:49:38,729 [INFO] Step 601200: reward=-0.010, dist=0.00
2026-03-02 00:50:40,169 [INFO] Step 601400: reward=-0.010, dist=0.00
2026-03-02 00:51:41,648 [INFO] Step 601600: reward=-0.010, dist=0.00
2026-03-02 00:52:43,085 [INFO] Step 601800: reward=-0.010, dist=0.00
2026-03-02 00:53:26,973 [INFO] Performing PPO update at global step 2301952
2026-03-02 00:53:27,203 [INFO] PPO losses — policy: 0.0305, value: 0.0039, entropy: -2.7703
2026-03-02 00:53:27,208 [INFO] PPO update completed. Buffer cleared.
2026-03-02 00:53:44,720 [INFO] Step 602000: reward=-0.010, dist=0.00
2026-03-02 00:54:46,083 [INFO] Step 602200: reward=-0.010, dist=0.00
2026-03-02 00:55:47,530 [INFO] Step 602400: reward=-0.010, dist=0.00
2026-03-02 00:56:48,970 [INFO] Step 602600: reward=-0.010, dist=0.00
2026-03-02 00:57:50,411 [INFO] Step 602800: reward=-0.010, dist=0.00
2026-03-02 00:58:51,852 [INFO] Step 603000: reward=-0.010, dist=0.00
2026-03-02 00:59:53,288 [INFO] Step 603200: reward=-0.010, dist=0.00
2026-03-02 01:00:54,785 [INFO] Step 603400: reward=-0.010, dist=0.00
2026-03-02 01:01:56,208 [INFO] Step 603600: reward=-0.010, dist=0.00
2026-03-02 01:02:57,674 [INFO] Step 603800: reward=-0.010, dist=0.00
2026-03-02 01:03:56,382 [INFO] Performing PPO update at global step 2304000
2026-03-02 01:03:56,613 [INFO] PPO losses — policy: 0.0261, value: 0.0039, entropy: -2.7929
2026-03-02 01:03:56,618 [INFO] PPO update completed. Buffer cleared.
2026-03-02 01:03:59,411 [INFO] Step 604000: reward=-0.010, dist=0.00
2026-03-02 01:05:00,846 [INFO] Step 604200: reward=-0.010, dist=0.00
2026-03-02 01:06:02,275 [INFO] Step 604400: reward=-0.010, dist=0.00
2026-03-02 01:07:03,704 [INFO] Step 604600: reward=-0.010, dist=0.00
2026-03-02 01:08:05,055 [INFO] Step 604800: reward=-0.010, dist=0.00
2026-03-02 01:09:06,444 [INFO] Step 605000: reward=-0.010, dist=0.00
2026-03-02 01:10:07,859 [INFO] Step 605200: reward=-0.010, dist=0.00
2026-03-02 01:11:09,386 [INFO] Step 605400: reward=-0.010, dist=0.00
2026-03-02 01:12:10,789 [INFO] Step 605600: reward=-0.010, dist=0.00
2026-03-02 01:13:12,240 [INFO] Step 605800: reward=-0.010, dist=0.00
2026-03-02 01:14:13,694 [INFO] Step 606000: reward=-0.010, dist=0.00
2026-03-02 01:14:25,693 [INFO] Performing PPO update at global step 2306048
2026-03-02 01:14:25,921 [INFO] PPO losses — policy: 0.0142, value: 0.0041, entropy: -2.7873
2026-03-02 01:14:25,925 [INFO] PPO update completed. Buffer cleared.
2026-03-02 01:15:15,394 [INFO] Step 606200: reward=-0.010, dist=0.00
2026-03-02 01:16:16,781 [INFO] Step 606400: reward=-0.010, dist=0.00
2026-03-02 01:17:18,250 [INFO] Step 606600: reward=-0.010, dist=0.00
2026-03-02 01:18:19,712 [INFO] Step 606800: reward=-0.010, dist=0.00
2026-03-02 01:19:21,170 [INFO] Step 607000: reward=-0.010, dist=0.00
2026-03-02 01:20:22,612 [INFO] Step 607200: reward=-0.010, dist=0.00
2026-03-02 01:21:24,091 [INFO] Step 607400: reward=-0.010, dist=0.00
2026-03-02 01:22:25,594 [INFO] Step 607600: reward=-0.010, dist=0.00
2026-03-02 01:23:27,080 [INFO] Step 607800: reward=-0.010, dist=0.00
2026-03-02 01:24:28,564 [INFO] Step 608000: reward=-0.010, dist=0.00
2026-03-02 01:24:55,275 [INFO] Performing PPO update at global step 2308096
2026-03-02 01:24:55,512 [INFO] PPO losses — policy: 0.0150, value: 0.0039, entropy: -2.8036
2026-03-02 01:24:55,515 [INFO] PPO update completed. Buffer cleared.
2026-03-02 01:25:30,249 [INFO] Step 608200: reward=-0.010, dist=0.00
2026-03-02 01:26:31,620 [INFO] Step 608400: reward=-0.010, dist=0.00
2026-03-02 01:27:33,013 [INFO] Step 608600: reward=-0.010, dist=0.00
2026-03-02 01:28:34,468 [INFO] Step 608800: reward=-0.010, dist=0.00
2026-03-02 01:29:35,888 [INFO] Step 609000: reward=-0.010, dist=0.00
2026-03-02 01:30:37,345 [INFO] Step 609200: reward=-0.010, dist=0.00
2026-03-02 01:31:38,793 [INFO] Step 609400: reward=-0.010, dist=0.00
2026-03-02 01:32:40,195 [INFO] Step 609600: reward=-0.010, dist=0.00
2026-03-02 01:33:41,664 [INFO] Step 609800: reward=-0.010, dist=0.00
2026-03-02 01:34:40,415 [INFO] Policy action (normalized): v = +0.531, w = -0.521 | Cmd_vel (scaled): v = +0.531 m/s, w = -0.521 rad/s
2026-03-02 01:34:43,188 [INFO] Step 610000: reward=-0.010, dist=0.00
2026-03-02 01:35:24,693 [INFO] Performing PPO update at global step 2310144
2026-03-02 01:35:24,936 [INFO] PPO losses — policy: 0.0023, value: 0.0039, entropy: -2.8010
2026-03-02 01:35:24,939 [INFO] PPO update completed. Buffer cleared.
2026-03-02 01:35:44,930 [INFO] Step 610200: reward=-0.010, dist=0.00
2026-03-02 01:36:46,363 [INFO] Step 610400: reward=-0.010, dist=0.00
2026-03-02 01:37:47,785 [INFO] Step 610600: reward=-0.010, dist=0.00
2026-03-02 01:38:49,254 [INFO] Step 610800: reward=-0.010, dist=0.00
2026-03-02 01:39:50,703 [INFO] Step 611000: reward=-0.010, dist=0.00
2026-03-02 01:40:52,188 [INFO] Step 611200: reward=-0.010, dist=0.00
2026-03-02 01:41:53,673 [INFO] Step 611400: reward=-0.010, dist=0.00
2026-03-02 01:42:55,145 [INFO] Step 611600: reward=-0.010, dist=0.00
2026-03-02 01:43:56,611 [INFO] Step 611800: reward=-0.010, dist=0.00
2026-03-02 01:44:58,041 [INFO] Step 612000: reward=-0.010, dist=0.00
2026-03-02 01:45:54,259 [INFO] Performing PPO update at global step 2312192
2026-03-02 01:45:54,489 [INFO] PPO losses — policy: 0.0368, value: 0.0039, entropy: -2.8013
2026-03-02 01:45:54,493 [INFO] PPO update completed. Buffer cleared.
2026-03-02 01:45:59,748 [INFO] Step 612200: reward=-0.010, dist=0.00
2026-03-02 01:47:01,158 [INFO] Step 612400: reward=-0.010, dist=0.00
2026-03-02 01:48:02,562 [INFO] Step 612600: reward=-0.010, dist=0.00
2026-03-02 01:49:03,993 [INFO] Step 612800: reward=-0.010, dist=0.00
2026-03-02 01:50:05,432 [INFO] Step 613000: reward=-0.010, dist=0.00
2026-03-02 01:51:06,928 [INFO] Step 613200: reward=-0.010, dist=0.00
2026-03-02 01:52:08,449 [INFO] Step 613400: reward=-0.010, dist=0.00
2026-03-02 01:53:09,938 [INFO] Step 613600: reward=-0.010, dist=0.00
2026-03-02 01:54:11,392 [INFO] Step 613800: reward=-0.010, dist=0.00
2026-03-02 01:55:12,749 [INFO] Step 614000: reward=-0.010, dist=0.00
2026-03-02 01:56:14,199 [INFO] Step 614200: reward=-0.010, dist=0.00
2026-03-02 01:56:23,737 [INFO] Performing PPO update at global step 2314240
2026-03-02 01:56:23,980 [INFO] PPO losses — policy: 0.0390, value: 0.0040, entropy: -2.8957
2026-03-02 01:56:23,984 [INFO] PPO update completed. Buffer cleared.
2026-03-02 01:57:15,909 [INFO] Step 614400: reward=-0.010, dist=0.00
2026-03-02 01:58:17,315 [INFO] Step 614600: reward=-0.010, dist=0.00
2026-03-02 01:59:18,783 [INFO] Step 614800: reward=-0.010, dist=0.00
2026-03-02 02:00:20,186 [INFO] Step 615000: reward=-0.010, dist=0.00
2026-03-02 02:01:21,620 [INFO] Step 615200: reward=-0.010, dist=0.00
2026-03-02 02:02:23,104 [INFO] Step 615400: reward=-0.010, dist=0.00
2026-03-02 02:03:24,517 [INFO] Step 615600: reward=-0.010, dist=0.00
2026-03-02 02:04:25,967 [INFO] Step 615800: reward=-0.010, dist=0.00
2026-03-02 02:05:27,431 [INFO] Step 616000: reward=-0.010, dist=0.00
2026-03-02 02:06:28,876 [INFO] Step 616200: reward=-0.010, dist=0.00
2026-03-02 02:06:53,153 [INFO] Performing PPO update at global step 2316288
2026-03-02 02:06:53,404 [INFO] PPO losses — policy: 0.0254, value: 0.0040, entropy: -2.9469
2026-03-02 02:06:53,408 [INFO] PPO update completed. Buffer cleared.
2026-03-02 02:07:30,611 [INFO] Step 616400: reward=-0.010, dist=0.00
2026-03-02 02:08:32,097 [INFO] Step 616600: reward=-0.010, dist=0.00
2026-03-02 02:09:33,506 [INFO] Step 616800: reward=-0.010, dist=0.00
2026-03-02 02:10:34,957 [INFO] Step 617000: reward=-0.010, dist=0.00
2026-03-02 02:11:36,344 [INFO] Step 617200: reward=-0.010, dist=0.00
2026-03-02 02:12:37,709 [INFO] Step 617400: reward=-0.010, dist=0.00
2026-03-02 02:13:39,220 [INFO] Step 617600: reward=-0.010, dist=0.00
2026-03-02 02:14:40,695 [INFO] Step 617800: reward=-0.010, dist=0.00
2026-03-02 02:15:42,085 [INFO] Step 618000: reward=-0.010, dist=0.00
2026-03-02 02:16:43,596 [INFO] Step 618200: reward=-0.010, dist=0.00
2026-03-02 02:17:22,626 [INFO] Performing PPO update at global step 2318336
2026-03-02 02:17:22,859 [INFO] PPO losses — policy: 0.0237, value: 0.0038, entropy: -2.9630
2026-03-02 02:17:22,863 [INFO] PPO update completed. Buffer cleared.
2026-03-02 02:17:45,326 [INFO] Step 618400: reward=-0.010, dist=0.00
2026-03-02 02:18:46,704 [INFO] Step 618600: reward=-0.010, dist=0.00
2026-03-02 02:19:48,123 [INFO] Step 618800: reward=-0.010, dist=0.00
2026-03-02 02:20:49,555 [INFO] Step 619000: reward=-0.010, dist=0.00
2026-03-02 02:21:51,040 [INFO] Step 619200: reward=-0.010, dist=0.00
2026-03-02 02:22:52,563 [INFO] Step 619400: reward=-0.010, dist=0.00
2026-03-02 02:23:53,966 [INFO] Step 619600: reward=-0.010, dist=0.00
2026-03-02 02:24:55,478 [INFO] Step 619800: reward=-0.010, dist=0.00
2026-03-02 02:25:54,148 [INFO] Policy action (normalized): v = +0.525, w = -0.936 | Cmd_vel (scaled): v = +0.525 m/s, w = -0.936 rad/s
2026-03-02 02:25:56,911 [INFO] Step 620000: reward=-0.010, dist=0.00
2026-03-02 02:26:58,285 [INFO] Step 620200: reward=-0.010, dist=0.00
2026-03-02 02:27:52,060 [INFO] Performing PPO update at global step 2320384
2026-03-02 02:27:52,292 [INFO] PPO losses — policy: 0.0238, value: 0.0037, entropy: -2.9236
2026-03-02 02:27:52,295 [INFO] PPO update completed. Buffer cleared.
2026-03-02 02:28:00,015 [INFO] Step 620400: reward=-0.010, dist=0.00
2026-03-02 02:29:01,423 [INFO] Step 620600: reward=-0.010, dist=0.00
2026-03-02 02:30:02,850 [INFO] Step 620800: reward=-0.010, dist=0.00
2026-03-02 02:31:04,251 [INFO] Step 621000: reward=-0.010, dist=0.00
2026-03-02 02:32:05,726 [INFO] Step 621200: reward=-0.010, dist=0.00
2026-03-02 02:33:07,217 [INFO] Step 621400: reward=-0.010, dist=0.00
2026-03-02 02:34:08,684 [INFO] Step 621600: reward=-0.010, dist=0.00
2026-03-02 02:35:10,144 [INFO] Step 621800: reward=-0.010, dist=0.00
2026-03-02 02:36:11,605 [INFO] Step 622000: reward=-0.010, dist=0.00
2026-03-02 02:37:13,047 [INFO] Step 622200: reward=-0.010, dist=0.00
2026-03-02 02:38:14,548 [INFO] Step 622400: reward=-0.010, dist=0.00
2026-03-02 02:38:21,629 [INFO] Performing PPO update at global step 2322432
2026-03-02 02:38:21,863 [INFO] PPO losses — policy: 0.0352, value: 0.0043, entropy: -2.9397
2026-03-02 02:38:21,867 [INFO] PPO update completed. Buffer cleared.
2026-03-02 02:39:16,254 [INFO] Step 622600: reward=-0.010, dist=0.00
2026-03-02 02:40:17,676 [INFO] Step 622800: reward=-0.010, dist=0.00
2026-03-02 02:41:19,192 [INFO] Step 623000: reward=-0.010, dist=0.00
2026-03-02 02:42:20,703 [INFO] Step 623200: reward=-0.010, dist=0.00
2026-03-02 02:43:22,196 [INFO] Step 623400: reward=-0.010, dist=0.00
2026-03-02 02:44:23,659 [INFO] Step 623600: reward=-0.010, dist=0.00
2026-03-02 02:45:25,106 [INFO] Step 623800: reward=-0.010, dist=0.00
2026-03-02 02:46:26,619 [INFO] Step 624000: reward=-0.010, dist=0.00
2026-03-02 02:47:28,151 [INFO] Step 624200: reward=-0.010, dist=0.00
2026-03-02 02:48:29,635 [INFO] Step 624400: reward=-0.010, dist=0.00
2026-03-02 02:48:51,452 [INFO] Performing PPO update at global step 2324480
2026-03-02 02:48:51,684 [INFO] PPO losses — policy: 0.0281, value: 0.0043, entropy: -2.7931
2026-03-02 02:48:51,688 [INFO] PPO update completed. Buffer cleared.
2026-03-02 02:49:31,341 [INFO] Step 624600: reward=-0.010, dist=0.00
2026-03-02 02:50:32,830 [INFO] Step 624800: reward=-0.010, dist=0.00
2026-03-02 02:51:34,286 [INFO] Step 625000: reward=-0.010, dist=0.00
2026-03-02 02:52:35,766 [INFO] Step 625200: reward=-0.010, dist=0.00
2026-03-02 02:53:37,145 [INFO] Step 625400: reward=-0.010, dist=0.00
2026-03-02 02:54:38,624 [INFO] Step 625600: reward=-0.010, dist=0.00
2026-03-02 02:55:40,065 [INFO] Step 625800: reward=-0.010, dist=0.00
2026-03-02 02:56:41,566 [INFO] Step 626000: reward=-0.010, dist=0.00
2026-03-02 02:57:43,021 [INFO] Step 626200: reward=-0.010, dist=0.00
2026-03-02 02:58:44,488 [INFO] Step 626400: reward=-0.010, dist=0.00
2026-03-02 02:59:21,075 [INFO] Performing PPO update at global step 2326528
2026-03-02 02:59:21,307 [INFO] PPO losses — policy: 0.0237, value: 0.0037, entropy: -2.7766
2026-03-02 02:59:21,312 [INFO] PPO update completed. Buffer cleared.
2026-03-02 02:59:46,236 [INFO] Step 626600: reward=-0.010, dist=0.00
2026-03-02 03:00:47,760 [INFO] Step 626800: reward=-0.010, dist=0.00
2026-03-02 03:01:49,235 [INFO] Step 627000: reward=-0.010, dist=0.00
2026-03-02 03:02:50,691 [INFO] Step 627200: reward=-0.010, dist=0.00
2026-03-02 03:03:52,119 [INFO] Step 627400: reward=-0.010, dist=0.00
2026-03-02 03:04:53,559 [INFO] Step 627600: reward=-0.010, dist=0.00
2026-03-02 03:05:55,058 [INFO] Step 627800: reward=-0.010, dist=0.00
2026-03-02 03:06:56,484 [INFO] Step 628000: reward=-0.010, dist=0.00
2026-03-02 03:07:57,953 [INFO] Step 628200: reward=-0.010, dist=0.00
2026-03-02 03:08:59,391 [INFO] Step 628400: reward=-0.010, dist=0.00
2026-03-02 03:09:50,712 [INFO] Performing PPO update at global step 2328576
2026-03-02 03:09:50,947 [INFO] PPO losses — policy: 0.0239, value: 0.0046, entropy: -2.8468
2026-03-02 03:09:50,951 [INFO] PPO update completed. Buffer cleared.
2026-03-02 03:10:01,096 [INFO] Step 628600: reward=-0.010, dist=0.00
2026-03-02 03:11:02,506 [INFO] Step 628800: reward=-0.010, dist=0.00
2026-03-02 03:12:03,927 [INFO] Step 629000: reward=-0.010, dist=0.00
2026-03-02 03:13:05,335 [INFO] Step 629200: reward=-0.010, dist=0.00
2026-03-02 03:14:06,760 [INFO] Step 629400: reward=-0.010, dist=0.00
2026-03-02 03:15:08,228 [INFO] Step 629600: reward=-0.010, dist=0.00
2026-03-02 03:16:09,659 [INFO] Step 629800: reward=-0.010, dist=0.00
2026-03-02 03:17:08,331 [INFO] Policy action (normalized): v = +0.527, w = -0.725 | Cmd_vel (scaled): v = +0.527 m/s, w = -0.725 rad/s
2026-03-02 03:17:11,100 [INFO] Step 630000: reward=-0.010, dist=0.00
2026-03-02 03:18:12,521 [INFO] Step 630200: reward=-0.010, dist=0.00
2026-03-02 03:19:13,996 [INFO] Step 630400: reward=-0.010, dist=0.00
2026-03-02 03:20:15,452 [INFO] Step 630600: reward=-0.010, dist=0.00
2026-03-02 03:20:20,063 [INFO] Performing PPO update at global step 2330624
2026-03-02 03:20:20,289 [INFO] PPO losses — policy: 0.0296, value: 0.0034, entropy: -2.9188
2026-03-02 03:20:20,293 [INFO] PPO update completed. Buffer cleared.
2026-03-02 03:21:17,139 [INFO] Step 630800: reward=-0.010, dist=0.00
2026-03-02 03:22:18,576 [INFO] Step 631000: reward=-0.010, dist=0.00
2026-03-02 03:23:19,992 [INFO] Step 631200: reward=-0.010, dist=0.00
2026-03-02 03:24:21,474 [INFO] Step 631400: reward=-0.010, dist=0.00
2026-03-02 03:25:22,861 [INFO] Step 631600: reward=-0.010, dist=0.00
2026-03-02 03:26:24,332 [INFO] Step 631800: reward=-0.010, dist=0.00
2026-03-02 03:27:25,771 [INFO] Step 632000: reward=-0.010, dist=0.00
2026-03-02 03:28:27,179 [INFO] Step 632200: reward=-0.010, dist=0.00
2026-03-02 03:29:28,659 [INFO] Step 632400: reward=-0.010, dist=0.00
2026-03-02 03:30:30,219 [INFO] Step 632600: reward=-0.010, dist=0.00
2026-03-02 03:30:49,605 [INFO] Performing PPO update at global step 2332672
2026-03-02 03:30:49,846 [INFO] PPO losses — policy: 0.0276, value: 0.0035, entropy: -2.9203
2026-03-02 03:30:49,850 [INFO] PPO update completed. Buffer cleared.
2026-03-02 03:31:31,973 [INFO] Step 632800: reward=-0.010, dist=0.00
2026-03-02 03:32:33,464 [INFO] Step 633000: reward=-0.010, dist=0.00
2026-03-02 03:33:34,914 [INFO] Step 633200: reward=-0.010, dist=0.00
2026-03-02 03:34:36,327 [INFO] Step 633400: reward=-0.010, dist=0.00
2026-03-02 03:35:37,730 [INFO] Step 633600: reward=-0.010, dist=0.00
2026-03-02 03:36:39,184 [INFO] Step 633800: reward=-0.010, dist=0.00
2026-03-02 03:37:40,675 [INFO] Step 634000: reward=-0.010, dist=0.00
2026-03-02 03:38:42,202 [INFO] Step 634200: reward=-0.010, dist=0.00
2026-03-02 03:39:43,729 [INFO] Step 634400: reward=-0.010, dist=0.00
2026-03-02 03:40:45,239 [INFO] Step 634600: reward=-0.010, dist=0.00
2026-03-02 03:41:19,397 [INFO] Performing PPO update at global step 2334720
2026-03-02 03:41:19,631 [INFO] PPO losses — policy: 0.0314, value: 0.0035, entropy: -2.8997
2026-03-02 03:41:19,635 [INFO] PPO update completed. Buffer cleared.
2026-03-02 03:41:46,978 [INFO] Step 634800: reward=-0.010, dist=0.00
2026-03-02 03:42:48,446 [INFO] Step 635000: reward=-0.010, dist=0.00
2026-03-02 03:43:49,806 [INFO] Step 635200: reward=-0.010, dist=0.00
2026-03-02 03:44:51,267 [INFO] Step 635400: reward=-0.010, dist=0.00
2026-03-02 03:45:52,709 [INFO] Step 635600: reward=-0.010, dist=0.00
2026-03-02 03:46:54,153 [INFO] Step 635800: reward=-0.010, dist=0.00
2026-03-02 03:47:55,551 [INFO] Step 636000: reward=-0.010, dist=0.00
2026-03-02 03:48:57,021 [INFO] Step 636200: reward=-0.010, dist=0.00
2026-03-02 03:49:58,489 [INFO] Step 636400: reward=-0.010, dist=0.00
2026-03-02 03:50:59,983 [INFO] Step 636600: reward=-0.010, dist=0.00
2026-03-02 03:51:48,823 [INFO] Performing PPO update at global step 2336768
2026-03-02 03:51:49,055 [INFO] PPO losses — policy: 0.0965, value: 0.0037, entropy: -2.1544
2026-03-02 03:51:49,059 [INFO] PPO update completed. Buffer cleared.
2026-03-02 03:52:01,676 [INFO] Step 636800: reward=-0.010, dist=0.00
2026-03-02 03:53:03,100 [INFO] Step 637000: reward=-0.010, dist=0.00
2026-03-02 03:54:04,517 [INFO] Step 637200: reward=-0.010, dist=0.00
2026-03-02 03:55:05,992 [INFO] Step 637400: reward=-0.010, dist=0.00
2026-03-02 03:56:07,443 [INFO] Step 637600: reward=-0.010, dist=0.00
2026-03-02 03:57:08,936 [INFO] Step 637800: reward=-0.010, dist=0.00
2026-03-02 03:58:10,414 [INFO] Step 638000: reward=-0.010, dist=0.00
2026-03-02 03:59:11,873 [INFO] Step 638200: reward=-0.010, dist=0.00
2026-03-02 04:00:13,384 [INFO] Step 638400: reward=-0.010, dist=0.00
2026-03-02 04:01:14,893 [INFO] Step 638600: reward=-0.010, dist=0.00
2026-03-02 04:02:16,424 [INFO] Step 638800: reward=-0.010, dist=0.00
2026-03-02 04:02:18,583 [INFO] Performing PPO update at global step 2338816
2026-03-02 04:02:18,816 [INFO] PPO losses — policy: 0.0001, value: 0.0038, entropy: -0.4359
2026-03-02 04:02:18,820 [INFO] PPO update completed. Buffer cleared.
2026-03-02 04:03:18,170 [INFO] Step 639000: reward=-0.010, dist=0.00
2026-03-02 04:04:19,634 [INFO] Step 639200: reward=-0.010, dist=0.00
2026-03-02 04:05:20,998 [INFO] Step 639400: reward=-0.010, dist=0.00
2026-03-02 04:06:22,462 [INFO] Step 639600: reward=-0.010, dist=0.00
2026-03-02 04:07:23,911 [INFO] Step 639800: reward=-0.010, dist=0.00
2026-03-02 04:08:22,567 [INFO] Policy action (normalized): v = +0.387, w = -0.368 | Cmd_vel (scaled): v = +0.387 m/s, w = -0.368 rad/s
2026-03-02 04:08:25,329 [INFO] Step 640000: reward=-0.010, dist=0.00
2026-03-02 04:09:26,765 [INFO] Step 640200: reward=-0.010, dist=0.00
2026-03-02 04:10:28,175 [INFO] Step 640400: reward=-0.010, dist=0.00
2026-03-02 04:11:29,673 [INFO] Step 640600: reward=-0.010, dist=0.00
2026-03-02 04:12:31,184 [INFO] Step 640800: reward=-0.010, dist=0.00
2026-03-02 04:12:48,077 [INFO] Performing PPO update at global step 2340864
2026-03-02 04:12:48,311 [INFO] PPO losses — policy: 0.0104, value: 0.0039, entropy: -0.4462
2026-03-02 04:12:48,315 [INFO] PPO update completed. Buffer cleared.
2026-03-02 04:13:32,894 [INFO] Step 641000: reward=-0.010, dist=0.00
2026-03-02 04:14:34,215 [INFO] Step 641200: reward=-0.010, dist=0.00
2026-03-02 04:15:35,627 [INFO] Step 641400: reward=-0.010, dist=0.00
2026-03-02 04:16:37,075 [INFO] Step 641600: reward=-0.010, dist=0.00
2026-03-02 04:17:38,494 [INFO] Step 641800: reward=-0.010, dist=0.00
2026-03-02 04:18:39,917 [INFO] Step 642000: reward=-0.010, dist=0.00
2026-03-02 04:19:41,414 [INFO] Step 642200: reward=-0.010, dist=0.00
2026-03-02 04:20:42,909 [INFO] Step 642400: reward=-0.010, dist=0.00
2026-03-02 04:21:44,369 [INFO] Step 642600: reward=-0.010, dist=0.00
2026-03-02 04:22:45,794 [INFO] Step 642800: reward=-0.010, dist=0.00
2026-03-02 04:23:17,490 [INFO] Performing PPO update at global step 2342912
2026-03-02 04:23:17,745 [INFO] PPO losses — policy: 0.0016, value: 0.0037, entropy: -0.4212
2026-03-02 04:23:17,749 [INFO] PPO update completed. Buffer cleared.
2026-03-02 04:23:47,574 [INFO] Step 643000: reward=-0.010, dist=0.00
2026-03-02 04:24:49,057 [INFO] Step 643200: reward=-0.010, dist=0.00
2026-03-02 04:25:50,494 [INFO] Step 643400: reward=-0.010, dist=0.00
2026-03-02 04:26:51,960 [INFO] Step 643600: reward=-0.010, dist=0.00
2026-03-02 04:27:53,404 [INFO] Step 643800: reward=-0.010, dist=0.00
2026-03-02 04:28:54,869 [INFO] Step 644000: reward=-0.010, dist=0.00
2026-03-02 04:29:56,324 [INFO] Step 644200: reward=-0.010, dist=0.00
2026-03-02 04:30:57,853 [INFO] Step 644400: reward=-0.010, dist=0.00
2026-03-02 04:31:59,306 [INFO] Step 644600: reward=-0.010, dist=0.00
2026-03-02 04:33:00,766 [INFO] Step 644800: reward=-0.010, dist=0.00
2026-03-02 04:33:47,227 [INFO] Performing PPO update at global step 2344960
2026-03-02 04:33:47,459 [INFO] PPO losses — policy: 0.0067, value: 0.0039, entropy: -0.5185
2026-03-02 04:33:47,464 [INFO] PPO update completed. Buffer cleared.
2026-03-02 04:34:02,530 [INFO] Step 645000: reward=-0.010, dist=0.00
2026-03-02 04:35:03,970 [INFO] Step 645200: reward=-0.010, dist=0.00
2026-03-02 04:36:05,440 [INFO] Step 645400: reward=-0.010, dist=0.00
2026-03-02 04:37:06,911 [INFO] Step 645600: reward=-0.010, dist=0.00
2026-03-02 04:38:08,392 [INFO] Step 645800: reward=-0.010, dist=0.00
2026-03-02 04:39:09,815 [INFO] Step 646000: reward=-0.010, dist=0.00
2026-03-02 04:40:11,278 [INFO] Step 646200: reward=-0.010, dist=0.00
2026-03-02 04:41:12,747 [INFO] Step 646400: reward=-0.010, dist=0.00
2026-03-02 04:42:14,212 [INFO] Step 646600: reward=-0.010, dist=0.00
2026-03-02 04:43:15,662 [INFO] Step 646800: reward=-0.010, dist=0.00
2026-03-02 04:44:16,831 [INFO] Performing PPO update at global step 2347008
2026-03-02 04:44:17,059 [INFO] PPO losses — policy: 0.0015, value: 0.0038, entropy: -0.4671
2026-03-02 04:44:17,063 [INFO] PPO update completed. Buffer cleared.
2026-03-02 04:44:17,371 [INFO] Step 647000: reward=-0.010, dist=0.00
2026-03-02 04:45:18,839 [INFO] Step 647200: reward=-0.010, dist=0.00
2026-03-02 04:46:20,283 [INFO] Step 647400: reward=-0.010, dist=0.00
2026-03-02 04:47:21,716 [INFO] Step 647600: reward=-0.010, dist=0.00
2026-03-02 04:48:23,207 [INFO] Step 647800: reward=-0.010, dist=0.00
2026-03-02 04:49:24,700 [INFO] Step 648000: reward=-0.010, dist=0.00
2026-03-02 04:50:26,144 [INFO] Step 648200: reward=-0.010, dist=0.00
2026-03-02 04:51:27,607 [INFO] Step 648400: reward=-0.010, dist=0.00
2026-03-02 04:52:29,056 [INFO] Step 648600: reward=-0.010, dist=0.00
2026-03-02 04:53:30,543 [INFO] Step 648800: reward=-0.010, dist=0.00
2026-03-02 04:54:32,089 [INFO] Step 649000: reward=-0.010, dist=0.00
2026-03-02 04:54:46,546 [INFO] Performing PPO update at global step 2349056
2026-03-02 04:54:46,783 [INFO] PPO losses — policy: 0.0013, value: 0.0040, entropy: -0.5937
2026-03-02 04:54:46,787 [INFO] PPO update completed. Buffer cleared.
2026-03-02 04:55:33,881 [INFO] Step 649200: reward=-0.010, dist=0.00
2026-03-02 04:56:35,350 [INFO] Step 649400: reward=-0.010, dist=0.00
2026-03-02 04:57:36,778 [INFO] Step 649600: reward=-0.010, dist=0.00
2026-03-02 04:58:38,185 [INFO] Step 649800: reward=-0.010, dist=0.00
2026-03-02 04:59:36,873 [INFO] Policy action (normalized): v = +0.339, w = +0.674 | Cmd_vel (scaled): v = +0.339 m/s, w = +0.674 rad/s
2026-03-02 04:59:39,627 [INFO] Step 650000: reward=-0.010, dist=0.00
2026-03-02 05:00:41,094 [INFO] Step 650200: reward=-0.010, dist=0.00
2026-03-02 05:01:42,574 [INFO] Step 650400: reward=-0.010, dist=0.00
2026-03-02 05:02:44,023 [INFO] Step 650600: reward=-0.010, dist=0.00
2026-03-02 05:03:45,491 [INFO] Step 650800: reward=-0.010, dist=0.00
2026-03-02 05:04:46,973 [INFO] Step 651000: reward=-0.010, dist=0.00
2026-03-02 05:05:16,164 [INFO] Performing PPO update at global step 2351104
2026-03-02 05:05:16,403 [INFO] PPO losses — policy: 0.0034, value: 0.0036, entropy: -0.6357
2026-03-02 05:05:16,407 [INFO] PPO update completed. Buffer cleared.
2026-03-02 05:05:48,720 [INFO] Step 651200: reward=-0.010, dist=0.00
2026-03-02 05:06:50,217 [INFO] Step 651400: reward=-0.010, dist=0.00
2026-03-02 05:07:51,680 [INFO] Step 651600: reward=-0.010, dist=0.00
2026-03-02 05:08:53,100 [INFO] Step 651800: reward=-0.010, dist=0.00
2026-03-02 05:09:54,625 [INFO] Step 652000: reward=-0.010, dist=0.00
2026-03-02 05:10:56,118 [INFO] Step 652200: reward=-0.010, dist=0.00
2026-03-02 05:11:57,622 [INFO] Step 652400: reward=-0.010, dist=0.00
2026-03-02 05:12:59,071 [INFO] Step 652600: reward=-0.010, dist=0.00
2026-03-02 05:14:00,615 [INFO] Step 652800: reward=-0.010, dist=0.00
2026-03-02 05:15:02,083 [INFO] Step 653000: reward=-0.010, dist=0.00
2026-03-02 05:15:45,982 [INFO] Performing PPO update at global step 2353152
2026-03-02 05:15:46,226 [INFO] PPO losses — policy: 0.0037, value: 0.0038, entropy: -0.6977
2026-03-02 05:15:46,230 [INFO] PPO update completed. Buffer cleared.
2026-03-02 05:16:03,762 [INFO] Step 653200: reward=-0.010, dist=0.00
2026-03-02 05:17:05,216 [INFO] Step 653400: reward=-0.010, dist=0.00
2026-03-02 05:18:06,695 [INFO] Step 653600: reward=-0.010, dist=0.00
2026-03-02 05:19:08,098 [INFO] Step 653800: reward=-0.010, dist=0.00
2026-03-02 05:20:09,533 [INFO] Step 654000: reward=-0.010, dist=0.00
2026-03-02 05:21:10,929 [INFO] Step 654200: reward=-0.010, dist=0.00
2026-03-02 05:22:12,375 [INFO] Step 654400: reward=-0.010, dist=0.00
2026-03-02 05:23:13,835 [INFO] Step 654600: reward=-0.010, dist=0.00
2026-03-02 05:24:15,361 [INFO] Step 654800: reward=-0.010, dist=0.00
2026-03-02 05:25:16,819 [INFO] Step 655000: reward=-0.010, dist=0.00
2026-03-02 05:26:15,572 [INFO] Performing PPO update at global step 2355200
2026-03-02 05:26:15,801 [INFO] PPO losses — policy: 0.0016, value: 0.0037, entropy: -0.6039
2026-03-02 05:26:15,805 [INFO] PPO update completed. Buffer cleared.
2026-03-02 05:26:18,595 [INFO] Step 655200: reward=-0.010, dist=0.00
2026-03-02 05:27:19,997 [INFO] Step 655400: reward=-0.010, dist=0.00
2026-03-02 05:28:21,363 [INFO] Step 655600: reward=-0.010, dist=0.00
2026-03-02 05:29:22,797 [INFO] Step 655800: reward=-0.010, dist=0.00
2026-03-02 05:30:24,250 [INFO] Step 656000: reward=-0.010, dist=0.00
2026-03-02 05:31:25,695 [INFO] Step 656200: reward=-0.010, dist=0.00
2026-03-02 05:32:27,181 [INFO] Step 656400: reward=-0.010, dist=0.00
2026-03-02 05:33:28,630 [INFO] Step 656600: reward=-0.010, dist=0.00
2026-03-02 05:34:29,997 [INFO] Step 656800: reward=-0.010, dist=0.00
2026-03-02 05:35:31,457 [INFO] Step 657000: reward=-0.010, dist=0.00
2026-03-02 05:36:32,957 [INFO] Step 657200: reward=-0.010, dist=0.00
2026-03-02 05:36:44,948 [INFO] Performing PPO update at global step 2357248
2026-03-02 05:36:45,179 [INFO] PPO losses — policy: -0.0056, value: 0.0038, entropy: -0.6730
2026-03-02 05:36:45,183 [INFO] PPO update completed. Buffer cleared.
2026-03-02 05:37:34,605 [INFO] Step 657400: reward=-0.010, dist=0.00
2026-03-02 05:38:36,105 [INFO] Step 657600: reward=-0.010, dist=0.00
2026-03-02 05:39:37,542 [INFO] Step 657800: reward=-0.010, dist=0.00
2026-03-02 05:40:38,972 [INFO] Step 658000: reward=-0.010, dist=0.00
2026-03-02 05:41:40,446 [INFO] Step 658200: reward=-0.010, dist=0.00
2026-03-02 05:42:41,897 [INFO] Step 658400: reward=-0.010, dist=0.00
2026-03-02 05:43:43,339 [INFO] Step 658600: reward=-0.010, dist=0.00
2026-03-02 05:44:44,707 [INFO] Step 658800: reward=-0.010, dist=0.00
2026-03-02 05:45:46,135 [INFO] Step 659000: reward=-0.010, dist=0.00
2026-03-02 05:46:47,639 [INFO] Step 659200: reward=-0.010, dist=0.00
2026-03-02 05:47:14,389 [INFO] Performing PPO update at global step 2359296
2026-03-02 05:47:14,618 [INFO] PPO losses — policy: 0.0105, value: 0.0038, entropy: -0.6958
2026-03-02 05:47:14,621 [INFO] PPO update completed. Buffer cleared.
2026-03-02 05:47:49,337 [INFO] Step 659400: reward=-0.010, dist=0.00
2026-03-02 05:48:50,807 [INFO] Step 659600: reward=-0.010, dist=0.00
2026-03-02 05:49:52,270 [INFO] Step 659800: reward=-0.010, dist=0.00
2026-03-02 05:50:50,947 [INFO] Policy action (normalized): v = +0.389, w = -0.669 | Cmd_vel (scaled): v = +0.389 m/s, w = -0.669 rad/s
2026-03-02 05:50:53,716 [INFO] Step 660000: reward=-0.010, dist=0.00
2026-03-02 05:51:55,169 [INFO] Step 660200: reward=-0.010, dist=0.00
2026-03-02 05:52:56,645 [INFO] Step 660400: reward=-0.010, dist=0.00
2026-03-02 05:53:58,164 [INFO] Step 660600: reward=-0.010, dist=0.00
2026-03-02 05:54:59,657 [INFO] Step 660800: reward=-0.010, dist=0.00
2026-03-02 05:56:01,115 [INFO] Step 661000: reward=-0.010, dist=0.00
2026-03-02 05:57:02,505 [INFO] Step 661200: reward=-0.010, dist=0.00
2026-03-02 05:57:43,988 [INFO] Performing PPO update at global step 2361344
2026-03-02 05:57:44,225 [INFO] PPO losses — policy: 0.0025, value: 0.0041, entropy: -0.7999
2026-03-02 05:57:44,229 [INFO] PPO update completed. Buffer cleared.
2026-03-02 05:58:04,241 [INFO] Step 661400: reward=-0.010, dist=0.00
2026-03-02 05:59:05,647 [INFO] Step 661600: reward=-0.010, dist=0.00
2026-03-02 06:00:07,146 [INFO] Step 661800: reward=-0.010, dist=0.00
2026-03-02 06:01:08,577 [INFO] Step 662000: reward=-0.010, dist=0.00
2026-03-02 06:02:10,025 [INFO] Step 662200: reward=-0.010, dist=0.00
2026-03-02 06:03:11,495 [INFO] Step 662400: reward=-0.010, dist=0.00
2026-03-02 06:04:12,995 [INFO] Step 662600: reward=-0.010, dist=0.00
2026-03-02 06:05:14,489 [INFO] Step 662800: reward=-0.010, dist=0.00
2026-03-02 06:06:15,942 [INFO] Step 663000: reward=-0.010, dist=0.00
2026-03-02 06:07:17,462 [INFO] Step 663200: reward=-0.010, dist=0.00
2026-03-02 06:08:13,695 [INFO] Performing PPO update at global step 2363392
2026-03-02 06:08:13,922 [INFO] PPO losses — policy: 0.0071, value: 0.0039, entropy: -0.7254
2026-03-02 06:08:13,926 [INFO] PPO update completed. Buffer cleared.
2026-03-02 06:08:19,189 [INFO] Step 663400: reward=-0.010, dist=0.00
2026-03-02 06:09:20,678 [INFO] Step 663600: reward=-0.010, dist=0.00
2026-03-02 06:10:22,147 [INFO] Step 663800: reward=-0.010, dist=0.00
2026-03-02 06:11:23,577 [INFO] Step 664000: reward=-0.010, dist=0.00
2026-03-02 06:12:25,011 [INFO] Step 664200: reward=-0.010, dist=0.00
2026-03-02 06:13:26,401 [INFO] Step 664400: reward=-0.010, dist=0.00
2026-03-02 06:14:27,877 [INFO] Step 664600: reward=-0.010, dist=0.00
2026-03-02 06:15:29,290 [INFO] Step 664800: reward=-0.010, dist=0.00
2026-03-02 06:16:30,687 [INFO] Step 665000: reward=-0.010, dist=0.00
2026-03-02 06:17:32,146 [INFO] Step 665200: reward=-0.010, dist=0.00
2026-03-02 06:18:33,550 [INFO] Step 665400: reward=-0.010, dist=0.00
2026-03-02 06:18:43,079 [INFO] Performing PPO update at global step 2365440
2026-03-02 06:18:43,308 [INFO] PPO losses — policy: 0.0077, value: 0.0043, entropy: -0.7338
2026-03-02 06:18:43,312 [INFO] PPO update completed. Buffer cleared.
2026-03-02 06:19:35,203 [INFO] Step 665600: reward=-0.010, dist=0.00
2026-03-02 06:20:36,544 [INFO] Step 665800: reward=-0.010, dist=0.00
2026-03-02 06:21:37,939 [INFO] Step 666000: reward=-0.010, dist=0.00
2026-03-02 06:22:39,329 [INFO] Step 666200: reward=-0.010, dist=0.00
2026-03-02 06:23:40,784 [INFO] Step 666400: reward=-0.010, dist=0.00
2026-03-02 06:24:42,196 [INFO] Step 666600: reward=-0.010, dist=0.00
2026-03-02 06:25:43,599 [INFO] Step 666800: reward=-0.010, dist=0.00
2026-03-02 06:26:45,024 [INFO] Step 667000: reward=-0.010, dist=0.00
2026-03-02 06:27:46,485 [INFO] Step 667200: reward=-0.010, dist=0.00
2026-03-02 06:28:47,965 [INFO] Step 667400: reward=-0.010, dist=0.00
2026-03-02 06:29:12,245 [INFO] Performing PPO update at global step 2367488
2026-03-02 06:29:12,475 [INFO] PPO losses — policy: 0.0082, value: 0.0042, entropy: -0.8143
2026-03-02 06:29:12,479 [INFO] PPO update completed. Buffer cleared.
2026-03-02 06:29:49,672 [INFO] Step 667600: reward=-0.010, dist=0.00
2026-03-02 06:30:51,081 [INFO] Step 667800: reward=-0.010, dist=0.00
2026-03-02 06:31:52,548 [INFO] Step 668000: reward=-0.010, dist=0.00
2026-03-02 06:32:54,032 [INFO] Step 668200: reward=-0.010, dist=0.00
2026-03-02 06:33:55,500 [INFO] Step 668400: reward=-0.010, dist=0.00
2026-03-02 06:34:56,986 [INFO] Step 668600: reward=-0.010, dist=0.00
2026-03-02 06:35:58,461 [INFO] Step 668800: reward=-0.010, dist=0.00
2026-03-02 06:36:59,961 [INFO] Step 669000: reward=-0.010, dist=0.00
2026-03-02 06:38:01,456 [INFO] Step 669200: reward=-0.010, dist=0.00
2026-03-02 06:39:02,913 [INFO] Step 669400: reward=-0.010, dist=0.00
2026-03-02 06:39:41,990 [INFO] Performing PPO update at global step 2369536
2026-03-02 06:39:42,224 [INFO] PPO losses — policy: 0.0079, value: 0.0042, entropy: -0.8372
2026-03-02 06:39:42,228 [INFO] PPO update completed. Buffer cleared.
2026-03-02 06:40:04,664 [INFO] Step 669600: reward=-0.010, dist=0.00
2026-03-02 06:41:06,056 [INFO] Step 669800: reward=-0.010, dist=0.00
2026-03-02 06:42:04,724 [INFO] Policy action (normalized): v = +0.392, w = -0.837 | Cmd_vel (scaled): v = +0.392 m/s, w = -0.837 rad/s
2026-03-02 06:42:07,496 [INFO] Step 670000: reward=-0.010, dist=0.00
2026-03-02 06:43:08,960 [INFO] Step 670200: reward=-0.010, dist=0.00
2026-03-02 06:44:10,388 [INFO] Step 670400: reward=-0.010, dist=0.00
2026-03-02 06:45:11,816 [INFO] Step 670600: reward=-0.010, dist=0.00
2026-03-02 06:46:13,250 [INFO] Step 670800: reward=-0.010, dist=0.00
2026-03-02 06:47:14,685 [INFO] Step 671000: reward=-0.010, dist=0.00
2026-03-02 06:48:16,111 [INFO] Step 671200: reward=-0.010, dist=0.00
2026-03-02 06:49:17,589 [INFO] Step 671400: reward=-0.010, dist=0.00
2026-03-02 06:50:11,371 [INFO] Performing PPO update at global step 2371584
2026-03-02 06:50:11,605 [INFO] PPO losses — policy: 0.0047, value: 0.0043, entropy: -0.8676
2026-03-02 06:50:11,609 [INFO] PPO update completed. Buffer cleared.
2026-03-02 06:50:19,307 [INFO] Step 671600: reward=-0.010, dist=0.00
2026-03-02 06:51:20,690 [INFO] Step 671800: reward=-0.010, dist=0.00
2026-03-02 06:52:22,118 [INFO] Step 672000: reward=-0.010, dist=0.00
2026-03-02 06:53:23,595 [INFO] Step 672200: reward=-0.010, dist=0.00
2026-03-02 06:54:25,002 [INFO] Step 672400: reward=-0.010, dist=0.00
2026-03-02 06:55:26,475 [INFO] Step 672600: reward=-0.010, dist=0.00
2026-03-02 06:56:27,915 [INFO] Step 672800: reward=-0.010, dist=0.00
2026-03-02 06:57:29,438 [INFO] Step 673000: reward=-0.010, dist=0.00
2026-03-02 06:58:30,904 [INFO] Step 673200: reward=-0.010, dist=0.00
2026-03-02 06:59:32,321 [INFO] Step 673400: reward=-0.010, dist=0.00
2026-03-02 07:00:33,813 [INFO] Step 673600: reward=-0.010, dist=0.00
2026-03-02 07:00:40,871 [INFO] Performing PPO update at global step 2373632
2026-03-02 07:00:41,115 [INFO] PPO losses — policy: 0.0047, value: 0.0046, entropy: -0.9676
2026-03-02 07:00:41,118 [INFO] PPO update completed. Buffer cleared.
2026-03-02 07:01:35,485 [INFO] Step 673800: reward=-0.010, dist=0.00
2026-03-02 07:02:36,933 [INFO] Step 674000: reward=-0.010, dist=0.00
2026-03-02 07:03:38,349 [INFO] Step 674200: reward=-0.010, dist=0.00
2026-03-02 07:04:39,876 [INFO] Step 674400: reward=-0.010, dist=0.00
2026-03-02 07:05:41,346 [INFO] Step 674600: reward=-0.010, dist=0.00
2026-03-02 07:06:42,767 [INFO] Step 674800: reward=-0.010, dist=0.00
2026-03-02 07:07:44,230 [INFO] Step 675000: reward=-0.010, dist=0.00
2026-03-02 07:08:45,673 [INFO] Step 675200: reward=-0.010, dist=0.00
2026-03-02 07:09:47,083 [INFO] Step 675400: reward=-0.010, dist=0.00
2026-03-02 07:10:48,476 [INFO] Step 675600: reward=-0.010, dist=0.00
2026-03-02 07:11:10,262 [INFO] Performing PPO update at global step 2375680
2026-03-02 07:11:10,497 [INFO] PPO losses — policy: 0.0005, value: 0.0040, entropy: -1.0203
2026-03-02 07:11:10,501 [INFO] PPO update completed. Buffer cleared.
2026-03-02 07:11:50,135 [INFO] Step 675800: reward=-0.010, dist=0.00
2026-03-02 07:12:51,635 [INFO] Step 676000: reward=-0.010, dist=0.00
2026-03-02 07:13:53,152 [INFO] Step 676200: reward=-0.010, dist=0.00
2026-03-02 07:14:54,656 [INFO] Step 676400: reward=-0.010, dist=0.00
2026-03-02 07:15:56,126 [INFO] Step 676600: reward=-0.010, dist=0.00
2026-03-02 07:16:57,564 [INFO] Step 676800: reward=-0.010, dist=0.00
2026-03-02 07:17:59,051 [INFO] Step 677000: reward=-0.010, dist=0.00
2026-03-02 07:19:00,475 [INFO] Step 677200: reward=-0.010, dist=0.00
2026-03-02 07:20:01,974 [INFO] Step 677400: reward=-0.010, dist=0.00
2026-03-02 07:21:03,450 [INFO] Step 677600: reward=-0.010, dist=0.00
2026-03-02 07:21:39,980 [INFO] Performing PPO update at global step 2377728
2026-03-02 07:21:40,211 [INFO] PPO losses — policy: 0.0042, value: 0.0040, entropy: -0.9253
2026-03-02 07:21:40,215 [INFO] PPO update completed. Buffer cleared.
2026-03-02 07:22:05,130 [INFO] Step 677800: reward=-0.010, dist=0.00
2026-03-02 07:23:06,551 [INFO] Step 678000: reward=-0.010, dist=0.00
2026-03-02 07:24:07,898 [INFO] Step 678200: reward=-0.010, dist=0.00
2026-03-02 07:25:09,340 [INFO] Step 678400: reward=-0.010, dist=0.00
2026-03-02 07:26:10,797 [INFO] Step 678600: reward=-0.010, dist=0.00
2026-03-02 07:27:12,332 [INFO] Step 678800: reward=-0.010, dist=0.00
2026-03-02 07:28:13,825 [INFO] Step 679000: reward=-0.010, dist=0.00
2026-03-02 07:29:15,293 [INFO] Step 679200: reward=-0.010, dist=0.00
2026-03-02 07:30:16,823 [INFO] Step 679400: reward=-0.010, dist=0.00
2026-03-02 07:31:18,326 [INFO] Step 679600: reward=-0.010, dist=0.00
2026-03-02 07:32:09,671 [INFO] Performing PPO update at global step 2379776
2026-03-02 07:32:09,900 [INFO] PPO losses — policy: 0.0133, value: 0.0040, entropy: -1.0376
2026-03-02 07:32:09,904 [INFO] PPO update completed. Buffer cleared.
2026-03-02 07:32:20,088 [INFO] Step 679800: reward=-0.010, dist=0.00
2026-03-02 07:33:18,767 [INFO] Policy action (normalized): v = +0.379, w = +0.974 | Cmd_vel (scaled): v = +0.379 m/s, w = +0.974 rad/s
2026-03-02 07:33:21,536 [INFO] Step 680000: reward=-0.010, dist=0.00
2026-03-02 07:34:22,980 [INFO] Step 680200: reward=-0.010, dist=0.00
2026-03-02 07:35:24,486 [INFO] Step 680400: reward=-0.010, dist=0.00
2026-03-02 07:36:25,987 [INFO] Step 680600: reward=-0.010, dist=0.00
2026-03-02 07:37:27,509 [INFO] Step 680800: reward=-0.010, dist=0.00
2026-03-02 07:38:28,969 [INFO] Step 681000: reward=-0.010, dist=0.00
2026-03-02 07:39:30,483 [INFO] Step 681200: reward=-0.010, dist=0.00
2026-03-02 07:40:31,971 [INFO] Step 681400: reward=-0.010, dist=0.00
2026-03-02 07:41:33,500 [INFO] Step 681600: reward=-0.010, dist=0.00
2026-03-02 07:42:34,988 [INFO] Step 681800: reward=-0.010, dist=0.00
2026-03-02 07:42:39,589 [INFO] Performing PPO update at global step 2381824
2026-03-02 07:42:39,820 [INFO] PPO losses — policy: 0.0111, value: 0.0040, entropy: -1.0330
2026-03-02 07:42:39,824 [INFO] PPO update completed. Buffer cleared.
2026-03-02 07:43:36,736 [INFO] Step 682000: reward=-0.010, dist=0.00
2026-03-02 07:44:38,227 [INFO] Step 682200: reward=-0.010, dist=0.00
2026-03-02 07:45:39,676 [INFO] Step 682400: reward=-0.010, dist=0.00
2026-03-02 07:46:41,135 [INFO] Step 682600: reward=-0.010, dist=0.00
2026-03-02 07:47:42,648 [INFO] Step 682800: reward=-0.010, dist=0.00
2026-03-02 07:48:44,125 [INFO] Step 683000: reward=-0.010, dist=0.00
2026-03-02 07:49:45,652 [INFO] Step 683200: reward=-0.010, dist=0.00
2026-03-02 07:50:47,152 [INFO] Step 683400: reward=-0.010, dist=0.00
2026-03-02 07:51:48,642 [INFO] Step 683600: reward=-0.010, dist=0.00
2026-03-02 07:52:50,150 [INFO] Step 683800: reward=-0.010, dist=0.00
2026-03-02 07:53:09,571 [INFO] Performing PPO update at global step 2383872
2026-03-02 07:53:09,803 [INFO] PPO losses — policy: 0.0093, value: 0.0041, entropy: -1.0881
2026-03-02 07:53:09,807 [INFO] PPO update completed. Buffer cleared.
2026-03-02 07:53:51,975 [INFO] Step 684000: reward=-0.010, dist=0.00
2026-03-02 07:54:53,381 [INFO] Step 684200: reward=-0.010, dist=0.00
2026-03-02 07:55:54,778 [INFO] Step 684400: reward=-0.010, dist=0.00
2026-03-02 07:56:56,288 [INFO] Step 684600: reward=-0.010, dist=0.00
2026-03-02 07:57:57,726 [INFO] Step 684800: reward=-0.010, dist=0.00
2026-03-02 07:58:59,197 [INFO] Step 685000: reward=-0.010, dist=0.00
2026-03-02 08:00:00,651 [INFO] Step 685200: reward=-0.010, dist=0.00
2026-03-02 08:01:02,150 [INFO] Step 685400: reward=-0.010, dist=0.00
2026-03-02 08:02:03,610 [INFO] Step 685600: reward=-0.010, dist=0.00
2026-03-02 08:03:05,040 [INFO] Step 685800: reward=-0.010, dist=0.00
2026-03-02 08:03:39,137 [INFO] Performing PPO update at global step 2385920
2026-03-02 08:03:39,365 [INFO] PPO losses — policy: 0.0186, value: 0.0041, entropy: -1.0623
2026-03-02 08:03:39,369 [INFO] PPO update completed. Buffer cleared.
2026-03-02 08:04:06,727 [INFO] Step 686000: reward=-0.010, dist=0.00
2026-03-02 08:05:08,180 [INFO] Step 686200: reward=-0.010, dist=0.00
2026-03-02 08:06:09,590 [INFO] Step 686400: reward=-0.010, dist=0.00
2026-03-02 08:07:11,056 [INFO] Step 686600: reward=-0.010, dist=0.00
2026-03-02 08:08:12,489 [INFO] Step 686800: reward=-0.010, dist=0.00
2026-03-02 08:09:13,901 [INFO] Step 687000: reward=-0.010, dist=0.00
2026-03-02 08:10:15,291 [INFO] Step 687200: reward=-0.010, dist=0.00
2026-03-02 08:11:16,742 [INFO] Step 687400: reward=-0.010, dist=0.00
2026-03-02 08:12:18,251 [INFO] Step 687600: reward=-0.010, dist=0.00
2026-03-02 08:13:19,705 [INFO] Step 687800: reward=-0.010, dist=0.00
2026-03-02 08:14:08,524 [INFO] Performing PPO update at global step 2387968
2026-03-02 08:14:08,756 [INFO] PPO losses — policy: 0.0005, value: 0.0040, entropy: -1.1728
2026-03-02 08:14:08,760 [INFO] PPO update completed. Buffer cleared.
2026-03-02 08:14:21,391 [INFO] Step 688000: reward=-0.010, dist=0.00
2026-03-02 08:15:22,739 [INFO] Step 688200: reward=-0.010, dist=0.00
2026-03-02 08:16:24,149 [INFO] Step 688400: reward=-0.010, dist=0.00
2026-03-02 08:17:25,566 [INFO] Step 688600: reward=-0.010, dist=0.00
2026-03-02 08:18:26,987 [INFO] Step 688800: reward=-0.010, dist=0.00
2026-03-02 08:19:28,442 [INFO] Step 689000: reward=-0.010, dist=0.00
2026-03-02 08:20:29,931 [INFO] Step 689200: reward=-0.010, dist=0.00
2026-03-02 08:21:31,405 [INFO] Step 689400: reward=-0.010, dist=0.00
2026-03-02 08:22:32,854 [INFO] Step 689600: reward=-0.010, dist=0.00
2026-03-02 08:23:34,354 [INFO] Step 689800: reward=-0.010, dist=0.00
2026-03-02 08:24:33,026 [INFO] Policy action (normalized): v = +0.399, w = -0.348 | Cmd_vel (scaled): v = +0.399 m/s, w = -0.348 rad/s
2026-03-02 08:24:35,800 [INFO] Step 690000: reward=-0.010, dist=0.00
2026-03-02 08:24:37,950 [INFO] Performing PPO update at global step 2390016
2026-03-02 08:24:38,189 [INFO] PPO losses — policy: 0.0073, value: 0.0041, entropy: -1.2742
2026-03-02 08:24:38,193 [INFO] PPO update completed. Buffer cleared.
2026-03-02 08:25:37,470 [INFO] Step 690200: reward=-0.010, dist=0.00
2026-03-02 08:26:38,947 [INFO] Step 690400: reward=-0.010, dist=0.00
2026-03-02 08:27:40,476 [INFO] Step 690600: reward=-0.010, dist=0.00
2026-03-02 08:28:41,873 [INFO] Step 690800: reward=-0.010, dist=0.00
2026-03-02 08:29:43,297 [INFO] Step 691000: reward=-0.010, dist=0.00
2026-03-02 08:30:44,750 [INFO] Step 691200: reward=-0.010, dist=0.00
2026-03-02 08:31:46,175 [INFO] Step 691400: reward=-0.010, dist=0.00
2026-03-02 08:32:47,664 [INFO] Step 691600: reward=-0.010, dist=0.00
2026-03-02 08:33:49,134 [INFO] Step 691800: reward=-0.010, dist=0.00
2026-03-02 08:34:50,648 [INFO] Step 692000: reward=-0.010, dist=0.00
2026-03-02 08:35:07,563 [INFO] Performing PPO update at global step 2392064
2026-03-02 08:35:07,797 [INFO] PPO losses — policy: 0.0061, value: 0.0045, entropy: -1.3204
2026-03-02 08:35:07,801 [INFO] PPO update completed. Buffer cleared.
2026-03-02 08:35:52,394 [INFO] Step 692200: reward=-0.010, dist=0.00
2026-03-02 08:36:53,768 [INFO] Step 692400: reward=-0.010, dist=0.00
2026-03-02 08:37:55,233 [INFO] Step 692600: reward=-0.010, dist=0.00
2026-03-02 08:38:56,663 [INFO] Step 692800: reward=-0.010, dist=0.00
2026-03-02 08:39:58,113 [INFO] Step 693000: reward=-0.010, dist=0.00
2026-03-02 08:40:59,574 [INFO] Step 693200: reward=-0.010, dist=0.00
2026-03-02 08:42:01,047 [INFO] Step 693400: reward=-0.010, dist=0.00
2026-03-02 08:43:02,451 [INFO] Step 693600: reward=-0.010, dist=0.00
2026-03-02 08:44:03,968 [INFO] Step 693800: reward=-0.010, dist=0.00
2026-03-02 08:45:05,423 [INFO] Step 694000: reward=-0.010, dist=0.00
2026-03-02 08:45:37,071 [INFO] Performing PPO update at global step 2394112
2026-03-02 08:45:37,297 [INFO] PPO losses — policy: 0.0031, value: 0.0041, entropy: -1.3768
2026-03-02 08:45:37,301 [INFO] PPO update completed. Buffer cleared.
2026-03-02 08:46:07,150 [INFO] Step 694200: reward=-0.010, dist=0.00
2026-03-02 08:47:08,614 [INFO] Step 694400: reward=-0.010, dist=0.00
2026-03-02 08:48:10,070 [INFO] Step 694600: reward=-0.010, dist=0.00
2026-03-02 08:49:11,487 [INFO] Step 694800: reward=-0.010, dist=0.00
2026-03-02 08:50:12,940 [INFO] Step 695000: reward=-0.010, dist=0.00
2026-03-02 08:51:14,377 [INFO] Step 695200: reward=-0.010, dist=0.00
2026-03-02 08:52:15,900 [INFO] Step 695400: reward=-0.010, dist=0.00
2026-03-02 08:53:17,352 [INFO] Step 695600: reward=-0.010, dist=0.00
2026-03-02 08:54:18,837 [INFO] Step 695800: reward=-0.010, dist=0.00
2026-03-02 08:55:20,352 [INFO] Step 696000: reward=-0.010, dist=0.00
2026-03-02 08:56:06,775 [INFO] Performing PPO update at global step 2396160
2026-03-02 08:56:07,009 [INFO] PPO losses — policy: 0.0083, value: 0.0041, entropy: -1.2944
2026-03-02 08:56:07,014 [INFO] PPO update completed. Buffer cleared.
2026-03-02 08:56:22,097 [INFO] Step 696200: reward=-0.010, dist=0.00
2026-03-02 08:57:23,487 [INFO] Step 696400: reward=-0.010, dist=0.00
2026-03-02 08:58:24,936 [INFO] Step 696600: reward=-0.010, dist=0.00
2026-03-02 08:59:26,413 [INFO] Step 696800: reward=-0.010, dist=0.00
2026-03-02 09:00:27,872 [INFO] Step 697000: reward=-0.010, dist=0.00
2026-03-02 09:01:29,392 [INFO] Step 697200: reward=-0.010, dist=0.00
2026-03-02 09:02:30,847 [INFO] Step 697400: reward=-0.010, dist=0.00
2026-03-02 09:03:32,329 [INFO] Step 697600: reward=-0.010, dist=0.00
2026-03-02 09:04:33,857 [INFO] Step 697800: reward=-0.010, dist=0.00
2026-03-02 09:05:35,335 [INFO] Step 698000: reward=-0.010, dist=0.00
2026-03-02 09:06:36,544 [INFO] Performing PPO update at global step 2398208
2026-03-02 09:06:36,784 [INFO] PPO losses — policy: 0.0131, value: 0.0040, entropy: -1.2875
2026-03-02 09:06:36,789 [INFO] PPO update completed. Buffer cleared.
2026-03-02 09:06:37,096 [INFO] Step 698200: reward=-0.010, dist=0.00
2026-03-02 09:07:38,559 [INFO] Step 698400: reward=-0.010, dist=0.00
2026-03-02 09:08:39,970 [INFO] Step 698600: reward=-0.010, dist=0.00
2026-03-02 09:09:41,346 [INFO] Step 698800: reward=-0.010, dist=0.00
2026-03-02 09:10:42,753 [INFO] Step 699000: reward=-0.010, dist=0.00
2026-03-02 09:11:44,206 [INFO] Step 699200: reward=-0.010, dist=0.00
2026-03-02 09:12:45,690 [INFO] Step 699400: reward=-0.010, dist=0.00
2026-03-02 09:13:47,187 [INFO] Step 699600: reward=-0.010, dist=0.00
2026-03-02 09:14:48,744 [INFO] Step 699800: reward=-0.010, dist=0.00
2026-03-02 09:15:47,413 [INFO] Policy action (normalized): v = +0.386, w = +0.437 | Cmd_vel (scaled): v = +0.386 m/s, w = +0.437 rad/s
2026-03-02 09:15:50,181 [INFO] Step 700000: reward=-0.010, dist=0.00
2026-03-02 09:16:51,690 [INFO] Step 700200: reward=-0.010, dist=0.00
2026-03-02 09:17:06,146 [INFO] Performing PPO update at global step 2400256
2026-03-02 09:17:06,372 [INFO] PPO losses — policy: 0.0025, value: 0.0040, entropy: -1.2852
2026-03-02 09:17:06,376 [INFO] PPO update completed. Buffer cleared.
2026-03-02 09:17:53,400 [INFO] Step 700400: reward=-0.010, dist=0.00
2026-03-02 09:18:54,883 [INFO] Step 700600: reward=-0.010, dist=0.00
2026-03-02 09:19:56,338 [INFO] Step 700800: reward=-0.010, dist=0.00
2026-03-02 09:20:57,753 [INFO] Step 701000: reward=-0.010, dist=0.00
2026-03-02 09:21:59,228 [INFO] Step 701200: reward=-0.010, dist=0.00
2026-03-02 09:23:00,709 [INFO] Step 701400: reward=-0.010, dist=0.00
2026-03-02 09:24:02,166 [INFO] Step 701600: reward=-0.010, dist=0.00
2026-03-02 09:25:03,657 [INFO] Step 701800: reward=-0.010, dist=0.00
2026-03-02 09:26:05,109 [INFO] Step 702000: reward=-0.010, dist=0.00
2026-03-02 09:27:06,573 [INFO] Step 702200: reward=-0.010, dist=0.00
2026-03-02 09:27:35,781 [INFO] Performing PPO update at global step 2402304
2026-03-02 09:27:36,013 [INFO] PPO losses — policy: 0.0096, value: 0.0040, entropy: -1.4380
2026-03-02 09:27:36,017 [INFO] PPO update completed. Buffer cleared.
2026-03-02 09:28:08,279 [INFO] Step 702400: reward=-0.010, dist=0.00
2026-03-02 09:29:09,614 [INFO] Step 702600: reward=-0.010, dist=0.00
2026-03-02 09:30:11,058 [INFO] Step 702800: reward=-0.010, dist=0.00
2026-03-02 09:31:12,505 [INFO] Step 703000: reward=-0.010, dist=0.00
2026-03-02 09:32:13,995 [INFO] Step 703200: reward=-0.010, dist=0.00
2026-03-02 09:33:15,440 [INFO] Step 703400: reward=-0.010, dist=0.00
2026-03-02 09:34:16,883 [INFO] Step 703600: reward=-0.010, dist=0.00
2026-03-02 09:35:18,341 [INFO] Step 703800: reward=-0.010, dist=0.00
2026-03-02 09:36:19,744 [INFO] Step 704000: reward=-0.010, dist=0.00
2026-03-02 09:37:21,165 [INFO] Step 704200: reward=-0.010, dist=0.00
2026-03-02 09:38:05,134 [INFO] Performing PPO update at global step 2404352
2026-03-02 09:38:05,368 [INFO] PPO losses — policy: 0.0064, value: 0.0054, entropy: -1.5111
2026-03-02 09:38:05,371 [INFO] PPO update completed. Buffer cleared.
2026-03-02 09:38:22,888 [INFO] Step 704400: reward=-0.010, dist=0.00
2026-03-02 09:39:24,331 [INFO] Step 704600: reward=-0.010, dist=0.00
2026-03-02 09:40:25,775 [INFO] Step 704800: reward=-0.010, dist=0.00
2026-03-02 09:41:27,189 [INFO] Step 705000: reward=-0.010, dist=0.00
2026-03-02 09:42:28,596 [INFO] Step 705200: reward=-0.010, dist=0.00
2026-03-02 09:43:30,125 [INFO] Step 705400: reward=-0.010, dist=0.00
2026-03-02 09:44:31,572 [INFO] Step 705600: reward=-0.010, dist=0.00
2026-03-02 09:45:33,036 [INFO] Step 705800: reward=-0.010, dist=0.00
2026-03-02 09:46:34,542 [INFO] Step 706000: reward=-0.010, dist=0.00
2026-03-02 09:47:36,053 [INFO] Step 706200: reward=-0.010, dist=0.00
2026-03-02 09:48:34,763 [INFO] Performing PPO update at global step 2406400
2026-03-02 09:48:35,001 [INFO] PPO losses — policy: 0.0091, value: 0.0044, entropy: -1.5240
2026-03-02 09:48:35,005 [INFO] PPO update completed. Buffer cleared.
2026-03-02 09:48:37,799 [INFO] Step 706400: reward=-0.010, dist=0.00
2026-03-02 09:49:39,225 [INFO] Step 706600: reward=-0.010, dist=0.00
2026-03-02 09:50:40,759 [INFO] Step 706800: reward=-0.010, dist=0.00
2026-03-02 09:51:42,192 [INFO] Step 707000: reward=-0.010, dist=0.00
2026-03-02 09:52:43,646 [INFO] Step 707200: reward=-0.010, dist=0.00
2026-03-02 09:53:45,030 [INFO] Step 707400: reward=-0.010, dist=0.00
2026-03-02 09:54:46,458 [INFO] Step 707600: reward=-0.010, dist=0.00
2026-03-02 09:55:47,894 [INFO] Step 707800: reward=-0.010, dist=0.00
2026-03-02 09:56:49,404 [INFO] Step 708000: reward=-0.010, dist=0.00
2026-03-02 09:57:50,916 [INFO] Step 708200: reward=-0.010, dist=0.00
2026-03-02 09:58:52,413 [INFO] Step 708400: reward=-0.010, dist=0.00
2026-03-02 09:59:04,408 [INFO] Performing PPO update at global step 2408448
2026-03-02 09:59:04,639 [INFO] PPO losses — policy: 0.0242, value: 0.0043, entropy: -1.5553
2026-03-02 09:59:04,643 [INFO] PPO update completed. Buffer cleared.
2026-03-02 09:59:54,139 [INFO] Step 708600: reward=-0.010, dist=0.00
2026-03-02 10:00:55,576 [INFO] Step 708800: reward=-0.010, dist=0.00
2026-03-02 10:01:57,001 [INFO] Step 709000: reward=-0.010, dist=0.00
2026-03-02 10:02:58,495 [INFO] Step 709200: reward=-0.010, dist=0.00
2026-03-02 10:03:59,978 [INFO] Step 709400: reward=-0.010, dist=0.00
2026-03-02 10:05:01,506 [INFO] Step 709600: reward=-0.010, dist=0.00
2026-03-02 10:06:02,992 [INFO] Step 709800: reward=-0.010, dist=0.00
2026-03-02 10:07:01,668 [INFO] Policy action (normalized): v = +0.389, w = +0.826 | Cmd_vel (scaled): v = +0.389 m/s, w = +0.826 rad/s
2026-03-02 10:07:04,439 [INFO] Step 710000: reward=-0.010, dist=0.00
2026-03-02 10:08:05,901 [INFO] Step 710200: reward=-0.010, dist=0.00
2026-03-02 10:09:07,375 [INFO] Step 710400: reward=-0.010, dist=0.00
2026-03-02 10:09:34,116 [INFO] Performing PPO update at global step 2410496
2026-03-02 10:09:34,345 [INFO] PPO losses — policy: 0.0281, value: 0.0044, entropy: -1.6080
2026-03-02 10:09:34,349 [INFO] PPO update completed. Buffer cleared.
2026-03-02 10:10:09,091 [INFO] Step 710600: reward=-0.010, dist=0.00
2026-03-02 10:11:10,537 [INFO] Step 710800: reward=-0.010, dist=0.00
2026-03-02 10:12:11,991 [INFO] Step 711000: reward=-0.010, dist=0.00
2026-03-02 10:13:13,442 [INFO] Step 711200: reward=-0.010, dist=0.00
2026-03-02 10:14:14,850 [INFO] Step 711400: reward=-0.010, dist=0.00
2026-03-02 10:15:16,314 [INFO] Step 711600: reward=-0.010, dist=0.00
2026-03-02 10:16:17,740 [INFO] Step 711800: reward=-0.010, dist=0.00
2026-03-02 10:17:19,173 [INFO] Step 712000: reward=-0.010, dist=0.00
2026-03-02 10:18:20,691 [INFO] Step 712200: reward=-0.010, dist=0.00
2026-03-02 10:19:22,193 [INFO] Step 712400: reward=-0.010, dist=0.00
2026-03-02 10:20:03,673 [INFO] Performing PPO update at global step 2412544
2026-03-02 10:20:03,907 [INFO] PPO losses — policy: 0.0100, value: 0.0041, entropy: -1.4790
2026-03-02 10:20:03,911 [INFO] PPO update completed. Buffer cleared.
2026-03-02 10:20:23,888 [INFO] Step 712600: reward=-0.010, dist=0.00
2026-03-02 10:21:25,327 [INFO] Step 712800: reward=-0.010, dist=0.00
2026-03-02 10:22:26,768 [INFO] Step 713000: reward=-0.010, dist=0.00
2026-03-02 10:23:28,168 [INFO] Step 713200: reward=-0.010, dist=0.00
2026-03-02 10:24:29,574 [INFO] Step 713400: reward=-0.010, dist=0.00
2026-03-02 10:25:30,991 [INFO] Step 713600: reward=-0.010, dist=0.00
2026-03-02 10:26:32,450 [INFO] Step 713800: reward=-0.010, dist=0.00
2026-03-02 10:27:33,905 [INFO] Step 714000: reward=-0.010, dist=0.00
2026-03-02 10:28:35,363 [INFO] Step 714200: reward=-0.010, dist=0.00
2026-03-02 10:29:36,764 [INFO] Step 714400: reward=-0.010, dist=0.00
2026-03-02 10:30:32,983 [INFO] Performing PPO update at global step 2414592
2026-03-02 10:30:33,225 [INFO] PPO losses — policy: 0.0082, value: 0.0041, entropy: -1.3236
2026-03-02 10:30:33,229 [INFO] PPO update completed. Buffer cleared.
2026-03-02 10:30:38,477 [INFO] Step 714600: reward=-0.010, dist=0.00
2026-03-02 10:31:39,907 [INFO] Step 714800: reward=-0.010, dist=0.00
2026-03-02 10:32:41,439 [INFO] Step 715000: reward=-0.010, dist=0.00
2026-03-02 10:33:42,881 [INFO] Step 715200: reward=-0.010, dist=0.00
2026-03-02 10:34:44,301 [INFO] Step 715400: reward=-0.010, dist=0.00
2026-03-02 10:35:45,773 [INFO] Step 715600: reward=-0.010, dist=0.00
2026-03-02 10:36:47,235 [INFO] Step 715800: reward=-0.010, dist=0.00
2026-03-02 10:37:48,651 [INFO] Step 716000: reward=-0.010, dist=0.00
2026-03-02 10:38:50,066 [INFO] Step 716200: reward=-0.010, dist=0.00
2026-03-02 10:39:51,513 [INFO] Step 716400: reward=-0.010, dist=0.00
2026-03-02 10:40:52,909 [INFO] Step 716600: reward=-0.010, dist=0.00
2026-03-02 10:41:02,431 [INFO] Performing PPO update at global step 2416640
2026-03-02 10:41:02,665 [INFO] PPO losses — policy: 0.0060, value: 0.0040, entropy: -1.4236
2026-03-02 10:41:02,669 [INFO] PPO update completed. Buffer cleared.
2026-03-02 10:41:54,577 [INFO] Step 716800: reward=-0.010, dist=0.00
2026-03-02 10:42:56,055 [INFO] Step 717000: reward=-0.010, dist=0.00
2026-03-02 10:43:57,564 [INFO] Step 717200: reward=-0.010, dist=0.00
2026-03-02 10:44:58,986 [INFO] Step 717400: reward=-0.010, dist=0.00
2026-03-02 10:46:00,492 [INFO] Step 717600: reward=-0.010, dist=0.00
2026-03-02 10:47:02,021 [INFO] Step 717800: reward=-0.010, dist=0.00
2026-03-02 10:48:03,505 [INFO] Step 718000: reward=-0.010, dist=0.00
2026-03-02 10:49:04,983 [INFO] Step 718200: reward=-0.010, dist=0.00
2026-03-02 10:50:06,406 [INFO] Step 718400: reward=-0.010, dist=0.00
2026-03-02 10:51:07,874 [INFO] Step 718600: reward=-0.010, dist=0.00
2026-03-02 10:51:32,163 [INFO] Performing PPO update at global step 2418688
2026-03-02 10:51:32,390 [INFO] PPO losses — policy: 0.0147, value: 0.0040, entropy: -1.5038
2026-03-02 10:51:32,394 [INFO] PPO update completed. Buffer cleared.
2026-03-02 10:52:09,571 [INFO] Step 718800: reward=-0.010, dist=0.00
2026-03-02 10:53:11,074 [INFO] Step 719000: reward=-0.010, dist=0.00
2026-03-02 10:54:12,472 [INFO] Step 719200: reward=-0.010, dist=0.00
2026-03-02 10:55:13,943 [INFO] Step 719400: reward=-0.010, dist=0.00
2026-03-02 10:56:15,400 [INFO] Step 719600: reward=-0.010, dist=0.00
2026-03-02 10:57:16,856 [INFO] Step 719800: reward=-0.010, dist=0.00
2026-03-02 10:58:15,548 [INFO] Policy action (normalized): v = +0.376, w = +0.280 | Cmd_vel (scaled): v = +0.376 m/s, w = +0.280 rad/s
2026-03-02 10:58:18,314 [INFO] Step 720000: reward=-0.010, dist=0.00
2026-03-02 10:59:19,736 [INFO] Step 720200: reward=-0.010, dist=0.00
2026-03-02 11:00:21,191 [INFO] Step 720400: reward=-0.010, dist=0.00
2026-03-02 11:01:22,593 [INFO] Step 720600: reward=-0.010, dist=0.00
