2026-03-02 18:28:25,380 [INFO] Starting RL Training
2026-03-02 18:28:25,381 [INFO] Using device: cuda
2026-03-02 18:28:25,394 [INFO] GPU name: NVIDIA GeForce RTX 4080
2026-03-02 18:28:25,394 [INFO] TensorBoard logging enabled (tensorboard/)
2026-03-02 18:28:26,068 [INFO] Resumed training from checkpoint: checkpoints/ppo_ep_02100.pt | episode = 2100, global_step = 1681330
2026-03-02 18:28:37,074 [INFO] Step 0: reward=0.095, dist=4.24
2026-03-02 18:28:46,930 [INFO] Step 200: reward=-0.683, dist=1.48
2026-03-02 18:28:48,874 [INFO] Episode 2100 COMPLETE | Reward 155.27 | Steps 269 | Terminated True | Truncated False
2026-03-02 18:28:48,908 [INFO] Checkpoint saved: checkpoints/ppo_ep_02100.pt
2026-03-02 18:28:48,932 [INFO] New BEST model saved! Reward = 155.27 (episode 2100)
2026-03-02 18:29:02,565 [INFO] Step 0: reward=-0.263, dist=2.84
2026-03-02 18:29:06,222 [INFO] Step 200: reward=0.090, dist=5.94
2026-03-02 18:29:12,024 [INFO] Step 400: reward=-0.098, dist=7.03
2026-03-02 18:29:18,986 [INFO] Step 600: reward=-2.075, dist=9.22
2026-03-02 18:29:24,694 [INFO] Step 800: reward=0.010, dist=10.73
2026-03-02 18:29:30,505 [INFO] Episode 2101 COMPLETE | Reward -664.77 | Steps 1000 | Terminated False | Truncated True
2026-03-02 18:29:33,727 [INFO] Step 0: reward=0.095, dist=6.05
2026-03-02 18:29:40,363 [INFO] Step 200: reward=6.236, dist=3.89
2026-03-02 18:29:46,026 [INFO] Step 400: reward=0.512, dist=1.27
2026-03-02 18:29:46,730 [INFO] Episode 2102 COMPLETE | Reward 1587.62 | Steps 432 | Terminated True | Truncated False
2026-03-02 18:29:46,758 [INFO] New BEST model saved! Reward = 1587.62 (episode 2102)
2026-03-02 18:29:49,912 [INFO] Step 0: reward=0.072, dist=4.00
2026-03-02 18:29:56,528 [INFO] Step 200: reward=0.095, dist=6.39
2026-03-02 18:30:02,437 [INFO] Step 400: reward=0.060, dist=7.59
2026-03-02 18:30:02,632 [INFO] Performing PPO update at global step 1683456
2026-03-02 18:30:03,107 [INFO] PPO losses — policy: 0.0037, value: 1010.7987, entropy: 4.2242
2026-03-02 18:30:03,111 [INFO] PPO update completed. Buffer cleared.
2026-03-02 18:30:07,270 [INFO] Step 600: reward=-1.887, dist=7.02
2026-03-02 18:30:12,191 [INFO] Step 800: reward=-3.844, dist=5.49
2026-03-02 18:30:18,690 [INFO] Episode 2103 COMPLETE | Reward 711.04 | Steps 1000 | Terminated False | Truncated True
2026-03-02 18:30:22,570 [INFO] Step 0: reward=-1.587, dist=3.79
2026-03-02 18:30:29,076 [INFO] Step 200: reward=-2.213, dist=3.15
2026-03-02 18:30:34,150 [INFO] Episode 2104 COMPLETE | Reward 377.01 | Steps 366 | Terminated True | Truncated False
2026-03-02 18:30:37,707 [INFO] Step 0: reward=0.080, dist=4.31
2026-03-02 18:30:43,615 [INFO] Step 200: reward=-0.124, dist=3.65
2026-03-02 18:30:49,096 [INFO] Step 400: reward=5.794, dist=1.79
2026-03-02 18:30:50,955 [INFO] Episode 2105 COMPLETE | Reward 433.35 | Steps 488 | Terminated True | Truncated False
2026-03-02 18:30:53,119 [INFO] Step 0: reward=-0.802, dist=4.16
2026-03-02 18:31:00,123 [INFO] Step 200: reward=0.095, dist=5.80
2026-03-02 18:31:07,219 [INFO] Step 400: reward=0.052, dist=8.08
2026-03-02 18:31:11,883 [INFO] Step 600: reward=-1.952, dist=8.52
2026-03-02 18:31:12,786 [INFO] Performing PPO update at global step 1685504
2026-03-02 18:31:13,065 [INFO] PPO losses — policy: 0.0969, value: 1108.7551, entropy: 4.2242
2026-03-02 18:31:13,072 [INFO] PPO update completed. Buffer cleared.
2026-03-02 18:31:18,881 [INFO] Step 800: reward=0.901, dist=7.18
2026-03-02 18:31:25,195 [INFO] Episode 2106 COMPLETE | Reward 634.81 | Steps 1000 | Terminated False | Truncated True
2026-03-02 18:31:28,482 [INFO] Step 0: reward=-0.005, dist=6.46
2026-03-02 18:31:33,568 [INFO] Step 200: reward=-0.115, dist=7.92
2026-03-02 18:31:42,175 [INFO] Step 400: reward=0.161, dist=9.38
2026-03-02 18:31:46,755 [INFO] Step 600: reward=6.303, dist=8.02
2026-03-02 18:31:52,646 [INFO] Step 800: reward=5.768, dist=5.69
2026-03-02 18:31:59,114 [INFO] Episode 2107 COMPLETE | Reward 1483.50 | Steps 1000 | Terminated False | Truncated True
2026-03-02 18:32:01,327 [INFO] Step 0: reward=-0.305, dist=2.69
2026-03-02 18:32:05,448 [INFO] Episode 2108 COMPLETE | Reward 307.38 | Steps 120 | Terminated True | Truncated False
2026-03-02 18:32:09,626 [INFO] Step 0: reward=-0.305, dist=2.96
2026-03-02 18:32:14,338 [INFO] Step 200: reward=-1.136, dist=1.48
2026-03-02 18:32:15,537 [INFO] Episode 2109 COMPLETE | Reward 188.71 | Steps 246 | Terminated True | Truncated False
2026-03-02 18:32:19,515 [INFO] Step 0: reward=0.093, dist=4.80
2026-03-02 18:32:23,845 [INFO] Step 200: reward=-1.905, dist=6.16
2026-03-02 18:32:26,411 [INFO] Performing PPO update at global step 1687552
2026-03-02 18:32:26,681 [INFO] PPO losses — policy: 0.0349, value: 2202.1423, entropy: 4.2242
2026-03-02 18:32:26,686 [INFO] PPO update completed. Buffer cleared.
2026-03-02 18:32:29,246 [INFO] Step 400: reward=0.054, dist=6.80
2026-03-02 18:32:36,352 [INFO] Step 600: reward=1.088, dist=5.30
2026-03-02 18:32:43,016 [INFO] Step 800: reward=6.150, dist=2.46
2026-03-02 18:32:46,367 [INFO] Episode 2110 COMPLETE | Reward 1529.88 | Steps 945 | Terminated True | Truncated False
2026-03-02 18:32:46,385 [INFO] Checkpoint saved: checkpoints/ppo_ep_02110.pt
2026-03-02 18:32:49,360 [INFO] Step 0: reward=-0.214, dist=3.12
2026-03-02 18:32:55,629 [INFO] Step 200: reward=-1.905, dist=4.73
2026-03-02 18:33:00,765 [INFO] Step 400: reward=0.087, dist=4.27
2026-03-02 18:33:04,592 [INFO] Step 600: reward=4.165, dist=3.16
2026-03-02 18:33:09,312 [INFO] Episode 2111 COMPLETE | Reward 393.10 | Steps 752 | Terminated True | Truncated False
2026-03-02 18:33:13,642 [INFO] Step 0: reward=0.094, dist=7.95
2026-03-02 18:33:19,619 [INFO] Step 200: reward=-3.767, dist=9.43
2026-03-02 18:33:25,786 [INFO] Step 400: reward=-0.005, dist=9.91
2026-03-02 18:33:30,800 [INFO] Step 600: reward=-0.005, dist=8.99
2026-03-02 18:33:31,595 [INFO] Performing PPO update at global step 1689600
2026-03-02 18:33:31,875 [INFO] PPO losses — policy: 0.0114, value: 1016.2731, entropy: 4.2242
2026-03-02 18:33:31,879 [INFO] PPO update completed. Buffer cleared.
2026-03-02 18:33:35,287 [INFO] Step 800: reward=0.714, dist=7.47
2026-03-02 18:33:40,772 [INFO] Episode 2112 COMPLETE | Reward 664.24 | Steps 1000 | Terminated False | Truncated True
2026-03-02 18:33:43,584 [INFO] Step 0: reward=0.063, dist=6.51
2026-03-02 18:33:44,489 [INFO] Policy action (normalized): v = +1.000, w = +0.127 | Cmd_vel (scaled): v = +1.000 m/s, w = +0.127 rad/s
2026-03-02 18:33:49,721 [INFO] Step 200: reward=-0.079, dist=6.64
2026-03-02 18:33:56,148 [INFO] Step 400: reward=0.091, dist=9.04
2026-03-02 18:34:02,106 [INFO] Step 600: reward=0.083, dist=9.23
2026-03-02 18:34:08,536 [INFO] Step 800: reward=6.333, dist=7.45
2026-03-02 18:34:15,462 [INFO] Episode 2113 COMPLETE | Reward 654.08 | Steps 1000 | Terminated False | Truncated True
2026-03-02 18:34:19,779 [INFO] Step 0: reward=0.095, dist=7.13
2026-03-02 18:34:24,494 [INFO] Step 200: reward=-2.077, dist=8.65
2026-03-02 18:34:31,127 [INFO] Step 400: reward=0.094, dist=9.64
2026-03-02 18:34:36,510 [INFO] Step 600: reward=0.335, dist=8.96
2026-03-02 18:34:39,700 [INFO] Performing PPO update at global step 1691648
2026-03-02 18:34:39,972 [INFO] PPO losses — policy: 0.0512, value: 1403.3956, entropy: 4.2242
2026-03-02 18:34:39,979 [INFO] PPO update completed. Buffer cleared.
2026-03-02 18:34:43,327 [INFO] Step 800: reward=-0.049, dist=7.13
2026-03-02 18:34:47,586 [INFO] Episode 2114 COMPLETE | Reward -348.59 | Steps 1000 | Terminated False | Truncated True
2026-03-02 18:34:52,660 [INFO] Step 0: reward=-1.658, dist=3.29
2026-03-02 18:34:58,216 [INFO] Step 200: reward=0.685, dist=1.16
2026-03-02 18:34:58,637 [INFO] Episode 2115 COMPLETE | Reward 506.20 | Steps 216 | Terminated True | Truncated False
2026-03-02 18:35:02,825 [INFO] Step 0: reward=-0.239, dist=2.98
2026-03-02 18:35:08,074 [INFO] Step 200: reward=-0.365, dist=4.53
2026-03-02 18:35:13,959 [INFO] Step 400: reward=-1.909, dist=4.03
2026-03-02 18:35:20,861 [INFO] Step 600: reward=0.532, dist=1.08
2026-03-02 18:35:21,186 [INFO] Episode 2116 COMPLETE | Reward 682.72 | Steps 616 | Terminated True | Truncated False
2026-03-02 18:35:24,242 [INFO] Step 0: reward=0.054, dist=4.70
2026-03-02 18:35:29,483 [INFO] Step 200: reward=0.181, dist=4.08
2026-03-02 18:35:35,180 [INFO] Step 400: reward=1.064, dist=1.65
2026-03-02 18:35:36,592 [INFO] Episode 2117 COMPLETE | Reward 690.21 | Steps 436 | Terminated True | Truncated False
2026-03-02 18:35:40,769 [INFO] Step 0: reward=-0.381, dist=6.57
2026-03-02 18:35:46,537 [INFO] Step 200: reward=0.089, dist=5.69
2026-03-02 18:35:53,848 [INFO] Step 400: reward=6.493, dist=2.42
2026-03-02 18:35:56,355 [INFO] Performing PPO update at global step 1693696
2026-03-02 18:35:56,632 [INFO] PPO losses — policy: 0.0197, value: 1736.0502, entropy: 4.2242
2026-03-02 18:35:56,638 [INFO] PPO update completed. Buffer cleared.
2026-03-02 18:35:56,896 [INFO] Episode 2118 COMPLETE | Reward 1210.03 | Steps 488 | Terminated True | Truncated False
2026-03-02 18:36:08,387 [INFO] Step 0: reward=0.094, dist=4.24
2026-03-02 18:36:14,123 [INFO] Step 200: reward=-2.305, dist=2.23
2026-03-02 18:36:20,270 [INFO] Step 400: reward=-1.389, dist=2.04
2026-03-02 18:36:26,901 [INFO] Step 600: reward=-0.227, dist=3.83
2026-03-02 18:36:34,226 [INFO] Step 800: reward=-0.004, dist=8.29
2026-03-02 18:36:37,747 [INFO] Episode 2119 COMPLETE | Reward -624.53 | Steps 1000 | Terminated False | Truncated True
2026-03-02 18:36:40,800 [INFO] Step 0: reward=0.075, dist=7.52
2026-03-02 18:36:44,999 [INFO] Step 200: reward=-0.711, dist=8.90
2026-03-02 18:36:49,234 [INFO] Step 400: reward=-0.044, dist=9.87
2026-03-02 18:36:56,008 [INFO] Step 600: reward=0.437, dist=9.64
2026-03-02 18:37:01,578 [INFO] Step 800: reward=0.253, dist=7.65
2026-03-02 18:37:06,940 [INFO] Episode 2120 COMPLETE | Reward -177.96 | Steps 1000 | Terminated False | Truncated True
2026-03-02 18:37:06,959 [INFO] Checkpoint saved: checkpoints/ppo_ep_02120.pt
2026-03-02 18:37:11,123 [INFO] Step 0: reward=-0.305, dist=2.05
2026-03-02 18:37:11,685 [INFO] Performing PPO update at global step 1695744
2026-03-02 18:37:11,952 [INFO] PPO losses — policy: 0.0267, value: 248.4753, entropy: 4.2242
2026-03-02 18:37:11,958 [INFO] PPO update completed. Buffer cleared.
2026-03-02 18:37:16,555 [INFO] Step 200: reward=-2.055, dist=3.72
2026-03-02 18:37:22,701 [INFO] Step 400: reward=-0.010, dist=4.16
2026-03-02 18:37:26,599 [INFO] Step 600: reward=-0.205, dist=3.59
2026-03-02 18:37:33,586 [INFO] Episode 2121 COMPLETE | Reward -92.32 | Steps 799 | Terminated True | Truncated False
2026-03-02 18:37:37,691 [INFO] Step 0: reward=5.494, dist=6.68
2026-03-02 18:37:42,221 [INFO] Step 200: reward=-5.646, dist=5.14
2026-03-02 18:37:48,043 [INFO] Step 400: reward=6.153, dist=2.76
2026-03-02 18:37:51,780 [INFO] Episode 2122 COMPLETE | Reward 2414.29 | Steps 511 | Terminated True | Truncated False
2026-03-02 18:37:51,824 [INFO] New BEST model saved! Reward = 2414.29 (episode 2122)
2026-03-02 18:37:54,387 [INFO] Step 0: reward=0.091, dist=7.06
2026-03-02 18:37:59,298 [INFO] Step 200: reward=0.084, dist=7.94
2026-03-02 18:38:04,815 [INFO] Step 400: reward=-0.126, dist=9.68
2026-03-02 18:38:11,763 [INFO] Step 600: reward=-0.005, dist=9.63
2026-03-02 18:38:17,838 [INFO] Performing PPO update at global step 1697792
2026-03-02 18:38:18,104 [INFO] PPO losses — policy: 0.0260, value: 1535.0580, entropy: 4.2242
2026-03-02 18:38:18,112 [INFO] PPO update completed. Buffer cleared.
2026-03-02 18:38:18,801 [INFO] Step 800: reward=0.597, dist=7.74
2026-03-02 18:38:23,664 [INFO] Episode 2123 COMPLETE | Reward -186.12 | Steps 1000 | Terminated False | Truncated True
2026-03-02 18:38:26,709 [INFO] Step 0: reward=0.095, dist=5.50
2026-03-02 18:38:32,704 [INFO] Step 200: reward=-0.100, dist=6.86
2026-03-02 18:38:38,410 [INFO] Step 400: reward=-1.923, dist=8.36
2026-03-02 18:38:43,203 [INFO] Step 600: reward=0.147, dist=8.38
2026-03-02 18:38:48,436 [INFO] Step 800: reward=0.717, dist=6.82
2026-03-02 18:38:55,152 [INFO] Episode 2124 COMPLETE | Reward 641.23 | Steps 1000 | Terminated False | Truncated True
2026-03-02 18:38:58,397 [INFO] Step 0: reward=-0.205, dist=2.25
2026-03-02 18:39:02,292 [INFO] Step 200: reward=-0.205, dist=3.42
2026-03-02 18:39:09,362 [INFO] Step 400: reward=-0.017, dist=5.19
2026-03-02 18:39:13,219 [INFO] Step 600: reward=-1.881, dist=5.21
2026-03-02 18:39:18,092 [INFO] Step 800: reward=1.118, dist=4.11
2026-03-02 18:39:19,051 [INFO] Performing PPO update at global step 1699840
2026-03-02 18:39:19,340 [INFO] PPO losses — policy: 0.0171, value: 984.3436, entropy: 4.2242
2026-03-02 18:39:19,345 [INFO] PPO update completed. Buffer cleared.
2026-03-02 18:39:22,471 [INFO] Policy action (normalized): v = +1.000, w = +0.830 | Cmd_vel (scaled): v = +1.000 m/s, w = +0.830 rad/s
2026-03-02 18:39:22,786 [INFO] Episode 2125 COMPLETE | Reward 203.41 | Steps 1000 | Terminated False | Truncated True
2026-03-02 18:39:26,875 [INFO] Step 0: reward=0.071, dist=7.40
2026-03-02 18:39:31,934 [INFO] Step 200: reward=0.090, dist=7.90
2026-03-02 18:39:39,271 [INFO] Step 400: reward=0.540, dist=5.90
2026-03-02 18:39:44,514 [INFO] Step 600: reward=5.776, dist=4.00
2026-03-02 18:39:49,521 [INFO] Step 800: reward=-1.249, dist=1.76
2026-03-02 18:39:51,184 [INFO] Episode 2126 COMPLETE | Reward 1740.69 | Steps 859 | Terminated True | Truncated False
2026-03-02 18:39:54,436 [INFO] Step 0: reward=0.071, dist=5.75
2026-03-02 18:39:58,370 [INFO] Step 200: reward=0.059, dist=6.48
2026-03-02 18:40:04,697 [INFO] Step 400: reward=0.095, dist=5.86
2026-03-02 18:40:10,090 [INFO] Step 600: reward=3.635, dist=4.34
2026-03-02 18:40:16,317 [INFO] Step 800: reward=0.866, dist=1.54
2026-03-02 18:40:17,672 [INFO] Episode 2127 COMPLETE | Reward 983.34 | Steps 856 | Terminated True | Truncated False
2026-03-02 18:40:21,232 [INFO] Step 0: reward=-0.208, dist=3.87
2026-03-02 18:40:25,957 [INFO] Performing PPO update at global step 1701888
2026-03-02 18:40:26,240 [INFO] PPO losses — policy: 0.1883, value: 1437.5717, entropy: 4.2242
2026-03-02 18:40:26,245 [INFO] PPO update completed. Buffer cleared.
2026-03-02 18:40:27,624 [INFO] Step 200: reward=-0.305, dist=3.91
2026-03-02 18:40:32,502 [INFO] Step 400: reward=0.967, dist=2.55
2026-03-02 18:40:35,870 [INFO] Episode 2128 COMPLETE | Reward 306.60 | Steps 542 | Terminated True | Truncated False
2026-03-02 18:40:39,957 [INFO] Step 0: reward=0.093, dist=7.49
2026-03-02 18:40:45,600 [INFO] Step 200: reward=0.095, dist=7.12
2026-03-02 18:40:50,368 [INFO] Step 400: reward=0.250, dist=7.90
2026-03-02 18:40:57,452 [INFO] Step 600: reward=0.041, dist=9.19
2026-03-02 18:41:04,354 [INFO] Step 800: reward=0.370, dist=7.84
2026-03-02 18:41:09,261 [INFO] Episode 2129 COMPLETE | Reward 91.06 | Steps 1000 | Terminated False | Truncated True
2026-03-02 18:41:13,550 [INFO] Step 0: reward=0.094, dist=7.62
2026-03-02 18:41:21,335 [INFO] Step 200: reward=-0.395, dist=9.55
2026-03-02 18:41:29,352 [INFO] Step 400: reward=6.293, dist=8.19
2026-03-02 18:41:35,975 [INFO] Step 600: reward=-0.063, dist=6.87
2026-03-02 18:41:37,461 [INFO] Performing PPO update at global step 1703936
2026-03-02 18:41:37,740 [INFO] PPO losses — policy: 0.0291, value: 782.3735, entropy: 4.2242
2026-03-02 18:41:37,747 [INFO] PPO update completed. Buffer cleared.
2026-03-02 18:41:40,628 [INFO] Step 800: reward=0.095, dist=7.95
2026-03-02 18:41:46,251 [INFO] Episode 2130 COMPLETE | Reward -184.67 | Steps 1000 | Terminated False | Truncated True
2026-03-02 18:41:46,270 [INFO] Checkpoint saved: checkpoints/ppo_ep_02130.pt
2026-03-02 18:41:50,312 [INFO] Step 0: reward=-0.232, dist=3.55
2026-03-02 18:41:56,980 [INFO] Step 200: reward=0.716, dist=1.04
2026-03-02 18:41:57,153 [INFO] Episode 2131 COMPLETE | Reward 439.17 | Steps 204 | Terminated True | Truncated False
2026-03-02 18:42:01,641 [INFO] Step 0: reward=-0.211, dist=2.01
2026-03-02 18:42:08,251 [INFO] Step 200: reward=-0.379, dist=3.57
2026-03-02 18:42:13,930 [INFO] Step 400: reward=-0.163, dist=5.18
2026-03-02 18:42:17,865 [INFO] Step 600: reward=-1.965, dist=5.54
2026-03-02 18:42:22,278 [INFO] Step 800: reward=0.472, dist=4.65
2026-03-02 18:42:27,840 [INFO] Episode 2132 COMPLETE | Reward 356.33 | Steps 1000 | Terminated False | Truncated True
2026-03-02 18:42:31,810 [INFO] Step 0: reward=-1.961, dist=3.46
2026-03-02 18:42:37,331 [INFO] Step 200: reward=0.094, dist=4.97
2026-03-02 18:42:40,872 [INFO] Step 400: reward=-1.938, dist=5.86
2026-03-02 18:42:44,528 [INFO] Performing PPO update at global step 1705984
2026-03-02 18:42:44,800 [INFO] PPO losses — policy: 0.0329, value: 731.9824, entropy: 4.2242
2026-03-02 18:42:44,805 [INFO] PPO update completed. Buffer cleared.
2026-03-02 18:42:47,965 [INFO] Step 600: reward=-1.002, dist=6.32
2026-03-02 18:42:54,376 [INFO] Step 800: reward=0.164, dist=5.58
2026-03-02 18:43:00,069 [INFO] Episode 2133 COMPLETE | Reward 4.86 | Steps 1000 | Terminated False | Truncated True
2026-03-02 18:43:11,464 [INFO] Step 0: reward=0.045, dist=4.24
2026-03-02 18:43:16,103 [INFO] Step 200: reward=-0.211, dist=3.09
2026-03-02 18:43:20,404 [INFO] Step 400: reward=-2.170, dist=1.85
2026-03-02 18:43:25,383 [INFO] Step 600: reward=-2.305, dist=2.27
2026-03-02 18:43:29,837 [INFO] Step 800: reward=-0.748, dist=3.47
2026-03-02 18:43:34,983 [INFO] Episode 2134 COMPLETE | Reward -977.30 | Steps 1000 | Terminated False | Truncated True
2026-03-02 18:43:37,605 [INFO] Step 0: reward=-1.678, dist=6.58
2026-03-02 18:43:42,334 [INFO] Step 200: reward=3.511, dist=5.02
2026-03-02 18:43:47,125 [INFO] Step 400: reward=6.135, dist=3.22
2026-03-02 18:43:51,819 [INFO] Performing PPO update at global step 1708032
2026-03-02 18:43:52,210 [INFO] PPO losses — policy: 0.0061, value: 1604.9570, entropy: 4.2242
2026-03-02 18:43:52,219 [INFO] PPO update completed. Buffer cleared.
2026-03-02 18:43:52,258 [INFO] Episode 2135 COMPLETE | Reward 2427.38 | Steps 562 | Terminated True | Truncated False
2026-03-02 18:43:52,295 [INFO] New BEST model saved! Reward = 2427.38 (episode 2135)
2026-03-02 18:43:55,655 [INFO] Step 0: reward=-0.917, dist=3.15
2026-03-02 18:44:01,794 [INFO] Step 200: reward=0.024, dist=4.68
2026-03-02 18:44:06,250 [INFO] Step 400: reward=-0.081, dist=5.39
2026-03-02 18:44:11,155 [INFO] Step 600: reward=0.134, dist=5.28
2026-03-02 18:44:16,885 [INFO] Step 800: reward=6.184, dist=3.30
2026-03-02 18:44:22,072 [INFO] Episode 2136 COMPLETE | Reward 788.70 | Steps 962 | Terminated True | Truncated False
2026-03-02 18:44:25,185 [INFO] Step 0: reward=0.095, dist=7.03
2026-03-02 18:44:30,341 [INFO] Step 200: reward=-1.472, dist=6.22
2026-03-02 18:44:35,305 [INFO] Step 400: reward=-8.944, dist=4.81
2026-03-02 18:44:41,554 [INFO] Step 600: reward=4.137, dist=2.82
2026-03-02 18:44:45,512 [INFO] Episode 2137 COMPLETE | Reward 1780.32 | Steps 730 | Terminated True | Truncated False
2026-03-02 18:44:48,652 [INFO] Step 0: reward=-0.223, dist=3.19
2026-03-02 18:44:54,120 [INFO] Step 200: reward=-1.915, dist=4.12
2026-03-02 18:44:56,489 [INFO] Policy action (normalized): v = +0.990, w = -0.997 | Cmd_vel (scaled): v = +0.990 m/s, w = -0.997 rad/s
2026-03-02 18:44:58,456 [INFO] Performing PPO update at global step 1710080
2026-03-02 18:44:58,748 [INFO] PPO losses — policy: 0.0174, value: 1358.4070, entropy: 4.2242
2026-03-02 18:44:58,755 [INFO] PPO update completed. Buffer cleared.
2026-03-02 18:44:59,647 [INFO] Step 400: reward=-2.100, dist=5.07
2026-03-02 18:45:03,986 [INFO] Step 600: reward=-0.142, dist=6.10
2026-03-02 18:45:09,713 [INFO] Step 800: reward=-1.868, dist=6.33
2026-03-02 18:45:15,180 [INFO] Episode 2138 COMPLETE | Reward -657.33 | Steps 1000 | Terminated False | Truncated True
2026-03-02 18:45:19,711 [INFO] Step 0: reward=-0.305, dist=3.67
2026-03-02 18:45:25,653 [INFO] Step 200: reward=-0.433, dist=3.86
2026-03-02 18:45:30,055 [INFO] Step 400: reward=-1.906, dist=5.11
2026-03-02 18:45:36,384 [INFO] Step 600: reward=-0.021, dist=6.13
2026-03-02 18:45:42,480 [INFO] Step 800: reward=0.204, dist=5.65
2026-03-02 18:45:47,136 [INFO] Episode 2139 COMPLETE | Reward -73.19 | Steps 1000 | Terminated False | Truncated True
2026-03-02 18:45:49,764 [INFO] Step 0: reward=0.093, dist=5.63
2026-03-02 18:45:54,914 [INFO] Step 200: reward=0.003, dist=6.30
2026-03-02 18:46:01,198 [INFO] Performing PPO update at global step 1712128
2026-03-02 18:46:01,547 [INFO] PPO losses — policy: 0.0251, value: 710.3560, entropy: 4.2242
2026-03-02 18:46:01,552 [INFO] PPO update completed. Buffer cleared.
2026-03-02 18:46:01,561 [INFO] Step 400: reward=-1.923, dist=6.35
2026-03-02 18:46:07,878 [INFO] Step 600: reward=6.473, dist=4.88
2026-03-02 18:46:13,402 [INFO] Step 800: reward=6.138, dist=2.50
2026-03-02 18:46:16,613 [INFO] Episode 2140 COMPLETE | Reward 1172.65 | Steps 895 | Terminated True | Truncated False
2026-03-02 18:46:16,633 [INFO] Checkpoint saved: checkpoints/ppo_ep_02140.pt
2026-03-02 18:46:20,638 [INFO] Step 0: reward=-0.217, dist=3.79
2026-03-02 18:46:25,514 [INFO] Step 200: reward=-0.279, dist=4.65
2026-03-02 18:46:30,682 [INFO] Step 400: reward=-0.079, dist=6.18
2026-03-02 18:46:36,652 [INFO] Step 600: reward=0.066, dist=5.92
2026-03-02 18:46:42,065 [INFO] Step 800: reward=6.152, dist=3.91
2026-03-02 18:46:46,883 [INFO] Episode 2141 COMPLETE | Reward 1090.76 | Steps 1000 | Terminated False | Truncated True
2026-03-02 18:46:51,086 [INFO] Step 0: reward=-0.668, dist=2.16
2026-03-02 18:46:54,120 [INFO] Episode 2142 COMPLETE | Reward 221.42 | Steps 102 | Terminated True | Truncated False
2026-03-02 18:46:58,716 [INFO] Step 0: reward=-0.264, dist=3.53
2026-03-02 18:47:04,642 [INFO] Episode 2143 COMPLETE | Reward 393.11 | Steps 166 | Terminated True | Truncated False
2026-03-02 18:47:07,571 [INFO] Step 0: reward=0.041, dist=7.26
2026-03-02 18:47:14,283 [INFO] Step 200: reward=6.292, dist=4.88
2026-03-02 18:47:17,514 [INFO] Performing PPO update at global step 1714176
2026-03-02 18:47:17,829 [INFO] PPO losses — policy: 0.0462, value: 1954.5639, entropy: 4.2242
2026-03-02 18:47:17,835 [INFO] PPO update completed. Buffer cleared.
2026-03-02 18:47:20,967 [INFO] Step 400: reward=5.621, dist=1.83
2026-03-02 18:47:22,771 [INFO] Episode 2144 COMPLETE | Reward 1667.85 | Steps 457 | Terminated True | Truncated False
2026-03-02 18:47:27,017 [INFO] Step 0: reward=0.090, dist=7.87
2026-03-02 18:47:33,961 [INFO] Step 200: reward=-0.029, dist=7.84
2026-03-02 18:47:39,008 [INFO] Step 400: reward=-0.643, dist=8.81
2026-03-02 18:47:44,653 [INFO] Step 600: reward=-1.865, dist=10.09
2026-03-02 18:47:49,634 [INFO] Step 800: reward=-1.911, dist=10.13
2026-03-02 18:47:54,173 [INFO] Episode 2145 COMPLETE | Reward -818.51 | Steps 1000 | Terminated False | Truncated True
2026-03-02 18:47:58,721 [INFO] Step 0: reward=-0.246, dist=3.46
2026-03-02 18:48:05,130 [INFO] Step 200: reward=0.093, dist=4.59
2026-03-02 18:48:10,465 [INFO] Step 400: reward=-0.035, dist=5.64
2026-03-02 18:48:16,907 [INFO] Step 600: reward=-1.289, dist=5.03
2026-03-02 18:48:21,793 [INFO] Step 800: reward=6.319, dist=2.89
2026-03-02 18:48:24,452 [INFO] Performing PPO update at global step 1716224
2026-03-02 18:48:24,729 [INFO] PPO losses — policy: 0.0292, value: 781.2592, entropy: 4.2242
2026-03-02 18:48:24,734 [INFO] PPO update completed. Buffer cleared.
2026-03-02 18:48:25,720 [INFO] Episode 2146 COMPLETE | Reward 1128.96 | Steps 902 | Terminated True | Truncated False
2026-03-02 18:48:28,739 [INFO] Step 0: reward=0.065, dist=5.62
2026-03-02 18:48:34,487 [INFO] Step 200: reward=0.095, dist=7.28
2026-03-02 18:48:40,711 [INFO] Step 400: reward=-3.782, dist=6.94
2026-03-02 18:48:46,592 [INFO] Step 600: reward=3.603, dist=5.05
2026-03-02 18:48:54,595 [INFO] Step 800: reward=0.755, dist=1.55
2026-03-02 18:48:55,760 [INFO] Episode 2147 COMPLETE | Reward 1587.89 | Steps 831 | Terminated True | Truncated False
2026-03-02 18:48:59,031 [INFO] Step 0: reward=0.095, dist=4.85
2026-03-02 18:49:05,263 [INFO] Step 200: reward=4.167, dist=3.45
2026-03-02 18:49:10,283 [INFO] Episode 2148 COMPLETE | Reward 1389.80 | Steps 361 | Terminated True | Truncated False
2026-03-02 18:49:13,482 [INFO] Step 0: reward=-1.819, dist=2.95
2026-03-02 18:49:17,546 [INFO] Step 200: reward=5.774, dist=1.46
2026-03-02 18:49:18,493 [INFO] Episode 2149 COMPLETE | Reward 695.39 | Steps 228 | Terminated True | Truncated False
2026-03-02 18:49:21,559 [INFO] Step 0: reward=-0.210, dist=2.00
2026-03-02 18:49:26,812 [INFO] Step 200: reward=-0.292, dist=2.60
2026-03-02 18:49:33,736 [INFO] Step 400: reward=0.757, dist=1.37
2026-03-02 18:49:34,643 [INFO] Episode 2150 COMPLETE | Reward -13.82 | Steps 451 | Terminated True | Truncated False
2026-03-02 18:49:34,663 [INFO] Checkpoint saved: checkpoints/ppo_ep_02150.pt
2026-03-02 18:49:38,122 [INFO] Step 0: reward=0.057, dist=7.31
2026-03-02 18:49:42,138 [INFO] Performing PPO update at global step 1718272
2026-03-02 18:49:42,421 [INFO] PPO losses — policy: 0.0139, value: 1747.0698, entropy: 4.2242
2026-03-02 18:49:42,428 [INFO] PPO update completed. Buffer cleared.
2026-03-02 18:49:43,868 [INFO] Step 200: reward=0.086, dist=8.47
2026-03-02 18:49:48,686 [INFO] Step 400: reward=0.015, dist=9.68
2026-03-02 18:49:53,197 [INFO] Step 600: reward=-1.884, dist=9.24
2026-03-02 18:49:58,572 [INFO] Step 800: reward=0.095, dist=7.77
2026-03-02 18:50:04,000 [INFO] Episode 2151 COMPLETE | Reward -322.26 | Steps 1000 | Terminated False | Truncated True
2026-03-02 18:50:06,318 [INFO] Step 0: reward=0.095, dist=5.34
2026-03-02 18:50:10,877 [INFO] Step 200: reward=-1.548, dist=6.62
2026-03-02 18:50:16,201 [INFO] Step 400: reward=0.095, dist=7.00
2026-03-02 18:50:21,560 [INFO] Step 600: reward=4.115, dist=4.96
2026-03-02 18:50:27,372 [INFO] Step 800: reward=5.627, dist=2.29
2026-03-02 18:50:29,495 [INFO] Policy action (normalized): v = +1.000, w = -1.000 | Cmd_vel (scaled): v = +1.000 m/s, w = -1.000 rad/s
2026-03-02 18:50:30,181 [INFO] Episode 2152 COMPLETE | Reward 2020.31 | Steps 896 | Terminated True | Truncated False
2026-03-02 18:50:34,325 [INFO] Step 0: reward=0.089, dist=7.26
2026-03-02 18:50:39,719 [INFO] Step 200: reward=-2.005, dist=8.30
2026-03-02 18:50:42,189 [INFO] Performing PPO update at global step 1720320
2026-03-02 18:50:42,452 [INFO] PPO losses — policy: 0.1074, value: 1044.9771, entropy: 4.2242
2026-03-02 18:50:42,458 [INFO] PPO update completed. Buffer cleared.
2026-03-02 18:50:46,429 [INFO] Step 400: reward=0.554, dist=7.56
2026-03-02 18:50:51,932 [INFO] Step 600: reward=6.301, dist=5.63
2026-03-02 18:50:56,580 [INFO] Step 800: reward=6.441, dist=3.69
2026-03-02 18:51:01,995 [INFO] Episode 2153 COMPLETE | Reward 2010.88 | Steps 964 | Terminated True | Truncated False
2026-03-02 18:51:06,038 [INFO] Step 0: reward=-0.005, dist=5.52
2026-03-02 18:51:09,461 [INFO] Step 200: reward=-1.906, dist=6.36
2026-03-02 18:51:13,834 [INFO] Step 400: reward=-1.824, dist=7.00
2026-03-02 18:51:20,600 [INFO] Step 600: reward=0.123, dist=7.08
2026-03-02 18:51:26,907 [INFO] Step 800: reward=-4.410, dist=5.09
2026-03-02 18:51:34,225 [INFO] Episode 2154 COMPLETE | Reward 1144.25 | Steps 1000 | Terminated False | Truncated True
2026-03-02 18:51:37,669 [INFO] Step 0: reward=0.095, dist=4.39
2026-03-02 18:51:42,884 [INFO] Step 200: reward=0.092, dist=5.83
2026-03-02 18:51:47,858 [INFO] Performing PPO update at global step 1722368
2026-03-02 18:51:48,132 [INFO] PPO losses — policy: -0.0006, value: 1725.6815, entropy: 4.2242
2026-03-02 18:51:48,137 [INFO] PPO update completed. Buffer cleared.
2026-03-02 18:51:48,575 [INFO] Step 400: reward=-0.105, dist=7.06
2026-03-02 18:51:55,170 [INFO] Step 600: reward=-1.918, dist=7.30
2026-03-02 18:52:00,597 [INFO] Step 800: reward=0.200, dist=6.64
2026-03-02 18:52:05,938 [INFO] Episode 2155 COMPLETE | Reward -858.86 | Steps 1000 | Terminated False | Truncated True
2026-03-02 18:52:11,333 [INFO] Step 0: reward=-0.476, dist=7.06
2026-03-02 18:52:15,799 [INFO] Step 200: reward=-2.268, dist=6.91
2026-03-02 18:52:21,293 [INFO] Step 400: reward=6.140, dist=4.93
2026-03-02 18:52:25,516 [INFO] Step 600: reward=6.186, dist=3.19
2026-03-02 18:52:30,063 [INFO] Episode 2156 COMPLETE | Reward 2124.14 | Steps 767 | Terminated True | Truncated False
2026-03-02 18:52:34,727 [INFO] Step 0: reward=5.993, dist=6.24
2026-03-02 18:52:40,908 [INFO] Step 200: reward=4.716, dist=4.59
2026-03-02 18:52:46,467 [INFO] Step 400: reward=6.301, dist=2.09
2026-03-02 18:52:48,614 [INFO] Episode 2157 COMPLETE | Reward 1911.36 | Steps 462 | Terminated True | Truncated False
2026-03-02 18:52:52,718 [INFO] Step 0: reward=0.095, dist=4.17
2026-03-02 18:52:59,436 [INFO] Step 200: reward=-0.005, dist=4.23
2026-03-02 18:52:59,610 [INFO] Performing PPO update at global step 1724416
2026-03-02 18:52:59,882 [INFO] PPO losses — policy: 0.1123, value: 1744.7315, entropy: 4.2242
2026-03-02 18:52:59,887 [INFO] PPO update completed. Buffer cleared.
2026-03-02 18:53:05,657 [INFO] Step 400: reward=0.031, dist=5.16
2026-03-02 18:53:10,050 [INFO] Step 600: reward=-1.927, dist=5.67
2026-03-02 18:53:15,021 [INFO] Step 800: reward=-0.152, dist=6.37
2026-03-02 18:53:19,467 [INFO] Episode 2158 COMPLETE | Reward -1159.70 | Steps 1000 | Terminated False | Truncated True
2026-03-02 18:53:22,628 [INFO] Step 0: reward=-0.205, dist=3.99
2026-03-02 18:53:29,673 [INFO] Step 200: reward=-0.618, dist=4.62
2026-03-02 18:53:34,186 [INFO] Step 400: reward=-2.031, dist=5.25
2026-03-02 18:53:40,318 [INFO] Step 600: reward=0.037, dist=6.25
2026-03-02 18:53:47,002 [INFO] Step 800: reward=-0.211, dist=6.93
2026-03-02 18:53:51,619 [INFO] Episode 2159 COMPLETE | Reward -1001.00 | Steps 1000 | Terminated False | Truncated True
2026-03-02 18:53:55,850 [INFO] Step 0: reward=-1.471, dist=6.47
2026-03-02 18:54:01,285 [INFO] Step 200: reward=-0.215, dist=7.09
2026-03-02 18:54:02,141 [INFO] Performing PPO update at global step 1726464
2026-03-02 18:54:02,531 [INFO] PPO losses — policy: 0.0291, value: 232.5067, entropy: 4.2242
2026-03-02 18:54:02,539 [INFO] PPO update completed. Buffer cleared.
2026-03-02 18:54:06,184 [INFO] Step 400: reward=-1.906, dist=7.31
2026-03-02 18:54:13,771 [INFO] Step 600: reward=-1.877, dist=7.38
2026-03-02 18:54:20,126 [INFO] Step 800: reward=-1.906, dist=7.33
2026-03-02 18:54:26,656 [INFO] Episode 2160 COMPLETE | Reward -1190.74 | Steps 1000 | Terminated False | Truncated True
2026-03-02 18:54:26,686 [INFO] Checkpoint saved: checkpoints/ppo_ep_02160.pt
2026-03-02 18:54:38,348 [INFO] Step 0: reward=0.095, dist=4.24
2026-03-02 18:54:43,181 [INFO] Step 200: reward=-0.547, dist=3.87
2026-03-02 18:54:48,507 [INFO] Step 400: reward=-2.223, dist=2.82
2026-03-02 18:54:53,948 [INFO] Step 600: reward=-4.241, dist=2.22
2026-03-02 18:54:58,933 [INFO] Step 800: reward=-2.245, dist=1.78
2026-03-02 18:55:04,943 [INFO] Episode 2161 COMPLETE | Reward -1632.91 | Steps 1000 | Terminated False | Truncated True
2026-03-02 18:55:09,105 [INFO] Step 0: reward=-6.102, dist=6.81
2026-03-02 18:55:14,560 [INFO] Step 200: reward=-1.446, dist=5.62
2026-03-02 18:55:16,889 [INFO] Performing PPO update at global step 1728512
2026-03-02 18:55:17,157 [INFO] PPO losses — policy: 0.0020, value: 752.2479, entropy: 4.2242
2026-03-02 18:55:17,162 [INFO] PPO update completed. Buffer cleared.
2026-03-02 18:55:19,644 [INFO] Step 400: reward=-9.250, dist=4.78
2026-03-02 18:55:23,598 [INFO] Step 600: reward=4.113, dist=4.15
2026-03-02 18:55:28,617 [INFO] Step 800: reward=5.960, dist=3.58
2026-03-02 18:55:32,489 [INFO] Episode 2162 COMPLETE | Reward -64.51 | Steps 1000 | Terminated False | Truncated True
2026-03-02 18:55:37,802 [INFO] Step 0: reward=-0.005, dist=6.03
2026-03-02 18:55:43,442 [INFO] Step 200: reward=0.095, dist=6.13
2026-03-02 18:55:48,999 [INFO] Step 400: reward=-1.912, dist=6.67
2026-03-02 18:55:55,767 [INFO] Step 600: reward=-2.005, dist=7.43
2026-03-02 18:56:01,733 [INFO] Policy action (normalized): v = +1.000, w = +0.766 | Cmd_vel (scaled): v = +1.000 m/s, w = +0.766 rad/s
2026-03-02 18:56:01,995 [INFO] Step 800: reward=0.089, dist=8.54
2026-03-02 18:56:06,986 [INFO] Episode 2163 COMPLETE | Reward -1217.68 | Steps 1000 | Terminated False | Truncated True
2026-03-02 18:56:10,087 [INFO] Step 0: reward=0.053, dist=5.27
2026-03-02 18:56:14,569 [INFO] Step 200: reward=0.192, dist=5.76
2026-03-02 18:56:17,678 [INFO] Performing PPO update at global step 1730560
2026-03-02 18:56:18,085 [INFO] PPO losses — policy: 0.0044, value: 1720.5870, entropy: 4.2242
2026-03-02 18:56:18,092 [INFO] PPO update completed. Buffer cleared.
2026-03-02 18:56:19,551 [INFO] Step 400: reward=-2.952, dist=5.80
2026-03-02 18:56:26,750 [INFO] Step 600: reward=0.031, dist=6.68
2026-03-02 18:56:31,869 [INFO] Step 800: reward=-1.687, dist=7.36
2026-03-02 18:56:37,488 [INFO] Episode 2164 COMPLETE | Reward -1377.61 | Steps 1000 | Terminated False | Truncated True
2026-03-02 18:56:40,595 [INFO] Step 0: reward=-1.702, dist=5.42
2026-03-02 18:56:44,563 [INFO] Step 200: reward=0.095, dist=5.15
2026-03-02 18:56:48,938 [INFO] Step 400: reward=-2.199, dist=4.48
2026-03-02 18:56:54,859 [INFO] Step 600: reward=6.302, dist=2.45
2026-03-02 18:56:57,953 [INFO] Episode 2165 COMPLETE | Reward 433.90 | Steps 707 | Terminated True | Truncated False
2026-03-02 18:57:01,883 [INFO] Step 0: reward=-6.116, dist=7.96
2026-03-02 18:57:07,258 [INFO] Step 200: reward=5.706, dist=6.95
2026-03-02 18:57:11,741 [INFO] Step 400: reward=3.552, dist=5.53
2026-03-02 18:57:16,164 [INFO] Step 600: reward=3.655, dist=4.29
2026-03-02 18:57:17,720 [INFO] Performing PPO update at global step 1732608
2026-03-02 18:57:17,996 [INFO] PPO losses — policy: 0.0012, value: 1173.3753, entropy: 4.2242
2026-03-02 18:57:18,004 [INFO] PPO update completed. Buffer cleared.
2026-03-02 18:57:20,230 [INFO] Step 800: reward=6.174, dist=3.19
2026-03-02 18:57:23,819 [INFO] Episode 2166 COMPLETE | Reward 1845.59 | Steps 1000 | Terminated False | Truncated True
2026-03-02 18:57:28,783 [INFO] Step 0: reward=0.095, dist=4.38
2026-03-02 18:57:33,174 [INFO] Step 200: reward=-0.084, dist=5.28
2026-03-02 18:57:39,422 [INFO] Step 400: reward=-2.012, dist=5.80
2026-03-02 18:57:44,433 [INFO] Step 600: reward=-0.048, dist=6.48
2026-03-02 18:57:49,438 [INFO] Step 800: reward=-2.012, dist=7.02
2026-03-02 18:57:53,791 [INFO] Episode 2167 COMPLETE | Reward -1162.93 | Steps 1000 | Terminated False | Truncated True
2026-03-02 18:58:04,252 [INFO] Step 0: reward=0.057, dist=4.24
2026-03-02 18:58:10,633 [INFO] Step 200: reward=0.033, dist=2.84
2026-03-02 18:58:16,104 [INFO] Step 400: reward=-2.205, dist=1.70
2026-03-02 18:58:21,791 [INFO] Step 600: reward=-4.093, dist=1.99
2026-03-02 18:58:25,089 [INFO] Performing PPO update at global step 1734656
2026-03-02 18:58:25,412 [INFO] PPO losses — policy: 0.0177, value: 593.9876, entropy: 4.2242
2026-03-02 18:58:25,419 [INFO] PPO update completed. Buffer cleared.
2026-03-02 18:58:26,976 [INFO] Step 800: reward=0.050, dist=4.24
2026-03-02 18:58:32,105 [INFO] Episode 2168 COMPLETE | Reward -1093.51 | Steps 1000 | Terminated False | Truncated True
2026-03-02 18:58:34,731 [INFO] Step 0: reward=-0.228, dist=2.53
2026-03-02 18:58:41,483 [INFO] Step 200: reward=-2.009, dist=4.16
2026-03-02 18:58:47,137 [INFO] Step 400: reward=0.126, dist=4.07
2026-03-02 18:58:52,489 [INFO] Step 600: reward=-0.212, dist=3.42
2026-03-02 18:58:58,821 [INFO] Episode 2169 COMPLETE | Reward 144.72 | Steps 797 | Terminated True | Truncated False
2026-03-02 18:59:01,692 [INFO] Step 0: reward=-1.134, dist=2.37
2026-03-02 18:59:05,992 [INFO] Step 200: reward=-0.209, dist=2.99
2026-03-02 18:59:11,475 [INFO] Step 400: reward=-0.147, dist=4.39
2026-03-02 18:59:17,033 [INFO] Step 600: reward=-0.111, dist=5.39
2026-03-02 18:59:22,972 [INFO] Step 800: reward=0.081, dist=6.34
2026-03-02 18:59:29,484 [INFO] Performing PPO update at global step 1736704
2026-03-02 18:59:29,763 [INFO] PPO losses — policy: 0.0328, value: 402.3446, entropy: 4.2242
2026-03-02 18:59:29,768 [INFO] PPO update completed. Buffer cleared.
2026-03-02 18:59:29,932 [INFO] Episode 2170 COMPLETE | Reward -855.97 | Steps 1000 | Terminated False | Truncated True
2026-03-02 18:59:29,953 [INFO] Checkpoint saved: checkpoints/ppo_ep_02170.pt
2026-03-02 18:59:34,686 [INFO] Step 0: reward=0.095, dist=7.04
2026-03-02 18:59:40,057 [INFO] Step 200: reward=-2.005, dist=8.60
2026-03-02 18:59:45,952 [INFO] Step 400: reward=0.027, dist=10.01
2026-03-02 18:59:50,633 [INFO] Step 600: reward=0.004, dist=10.81
2026-03-02 18:59:56,030 [INFO] Step 800: reward=0.128, dist=11.23
2026-03-02 19:00:00,575 [INFO] Episode 2171 COMPLETE | Reward -703.26 | Steps 1000 | Terminated False | Truncated True
2026-03-02 19:00:04,752 [INFO] Step 0: reward=-0.005, dist=7.86
2026-03-02 19:00:11,499 [INFO] Step 200: reward=-0.039, dist=9.94
2026-03-02 19:00:19,289 [INFO] Step 400: reward=0.077, dist=11.69
2026-03-02 19:00:26,376 [INFO] Step 600: reward=-1.672, dist=12.27
2026-03-02 19:00:32,223 [INFO] Step 800: reward=0.260, dist=11.48
2026-03-02 19:00:37,675 [INFO] Episode 2172 COMPLETE | Reward -129.07 | Steps 1000 | Terminated False | Truncated True
2026-03-02 19:00:41,789 [INFO] Step 0: reward=0.051, dist=7.15
2026-03-02 19:00:42,198 [INFO] Performing PPO update at global step 1738752
2026-03-02 19:00:42,481 [INFO] PPO losses — policy: 0.0016, value: 213.8121, entropy: 4.2242
2026-03-02 19:00:42,488 [INFO] PPO update completed. Buffer cleared.
2026-03-02 19:00:45,846 [INFO] Step 200: reward=-2.201, dist=7.84
2026-03-02 19:00:53,167 [INFO] Step 400: reward=-1.047, dist=8.71
2026-03-02 19:00:57,917 [INFO] Step 600: reward=0.030, dist=9.12
2026-03-02 19:01:03,145 [INFO] Step 800: reward=0.059, dist=9.38
2026-03-02 19:01:06,135 [INFO] Episode 2173 COMPLETE | Reward -831.29 | Steps 1000 | Terminated False | Truncated True
2026-03-02 19:01:10,610 [INFO] Step 0: reward=0.045, dist=6.03
2026-03-02 19:01:16,391 [INFO] Step 200: reward=-0.893, dist=6.95
2026-03-02 19:01:19,372 [INFO] Policy action (normalized): v = +0.910, w = +0.943 | Cmd_vel (scaled): v = +0.910 m/s, w = +0.943 rad/s
2026-03-02 19:01:22,415 [INFO] Step 400: reward=-0.130, dist=8.61
2026-03-02 19:01:26,507 [INFO] Step 600: reward=-0.083, dist=9.72
2026-03-02 19:01:31,647 [INFO] Step 800: reward=-0.232, dist=11.31
2026-03-02 19:01:36,425 [INFO] Episode 2174 COMPLETE | Reward -693.35 | Steps 1000 | Terminated False | Truncated True
2026-03-02 19:01:46,908 [INFO] Step 0: reward=0.085, dist=4.24
2026-03-02 19:01:49,598 [INFO] Performing PPO update at global step 1740800
2026-03-02 19:01:49,864 [INFO] PPO losses — policy: 0.0252, value: 122.1893, entropy: 4.2242
2026-03-02 19:01:49,868 [INFO] PPO update completed. Buffer cleared.
2026-03-02 19:01:53,695 [INFO] Step 200: reward=-0.045, dist=2.46
2026-03-02 19:01:58,859 [INFO] Episode 2175 COMPLETE | Reward 100.62 | Steps 352 | Terminated True | Truncated False
2026-03-02 19:02:10,501 [INFO] Step 0: reward=0.090, dist=4.03
2026-03-02 19:02:15,022 [INFO] Step 200: reward=-1.955, dist=5.51
2026-03-02 19:02:19,991 [INFO] Step 400: reward=-0.392, dist=7.12
2026-03-02 19:02:24,052 [INFO] Step 600: reward=-1.927, dist=7.96
2026-03-02 19:02:28,214 [INFO] Step 800: reward=0.343, dist=7.36
2026-03-02 19:02:33,457 [INFO] Episode 2176 COMPLETE | Reward -346.30 | Steps 1000 | Terminated False | Truncated True
2026-03-02 19:02:37,530 [INFO] Step 0: reward=0.060, dist=5.85
2026-03-02 19:02:43,167 [INFO] Step 200: reward=-0.074, dist=7.48
2026-03-02 19:02:48,519 [INFO] Step 400: reward=0.087, dist=8.26
2026-03-02 19:02:52,805 [INFO] Step 600: reward=0.067, dist=7.89
2026-03-02 19:02:58,951 [INFO] Performing PPO update at global step 1742848
2026-03-02 19:02:59,232 [INFO] PPO losses — policy: 0.0398, value: 728.2536, entropy: 4.2242
2026-03-02 19:02:59,239 [INFO] PPO update completed. Buffer cleared.
2026-03-02 19:02:59,882 [INFO] Step 800: reward=6.265, dist=5.91
2026-03-02 19:03:04,232 [INFO] Episode 2177 COMPLETE | Reward -82.37 | Steps 1000 | Terminated False | Truncated True
2026-03-02 19:03:06,843 [INFO] Step 0: reward=-0.205, dist=2.19
2026-03-02 19:03:10,777 [INFO] Episode 2178 COMPLETE | Reward 86.76 | Steps 195 | Terminated True | Truncated False
2026-03-02 19:03:13,886 [INFO] Step 0: reward=-0.206, dist=2.98
2026-03-02 19:03:19,855 [INFO] Step 200: reward=-0.408, dist=3.52
2026-03-02 19:03:23,734 [INFO] Step 400: reward=-0.823, dist=4.54
2026-03-02 19:03:28,147 [INFO] Step 600: reward=-2.005, dist=5.33
2026-03-02 19:03:33,962 [INFO] Step 800: reward=0.139, dist=5.10
2026-03-02 19:03:39,595 [INFO] Episode 2179 COMPLETE | Reward -576.17 | Steps 1000 | Terminated False | Truncated True
2026-03-02 19:03:43,811 [INFO] Step 0: reward=-1.894, dist=4.15
2026-03-02 19:03:49,228 [INFO] Step 200: reward=-1.926, dist=5.58
2026-03-02 19:03:54,669 [INFO] Step 400: reward=0.091, dist=6.07
2026-03-02 19:03:59,125 [INFO] Step 600: reward=0.093, dist=5.64
2026-03-02 19:03:59,564 [INFO] Performing PPO update at global step 1744896
2026-03-02 19:03:59,849 [INFO] PPO losses — policy: 0.0188, value: 865.4249, entropy: 4.2242
2026-03-02 19:03:59,854 [INFO] PPO update completed. Buffer cleared.
2026-03-02 19:04:05,854 [INFO] Step 800: reward=5.796, dist=3.98
2026-03-02 19:04:12,196 [INFO] Episode 2180 COMPLETE | Reward 637.28 | Steps 1000 | Terminated False | Truncated True
2026-03-02 19:04:12,221 [INFO] Checkpoint saved: checkpoints/ppo_ep_02180.pt
2026-03-02 19:04:15,389 [INFO] Step 0: reward=5.985, dist=5.47
2026-03-02 19:04:20,389 [INFO] Step 200: reward=6.674, dist=3.66
2026-03-02 19:04:25,359 [INFO] Step 400: reward=0.918, dist=1.38
2026-03-02 19:04:26,245 [INFO] Episode 2181 COMPLETE | Reward 2217.24 | Steps 431 | Terminated True | Truncated False
2026-03-02 19:04:30,513 [INFO] Step 0: reward=0.095, dist=5.05
2026-03-02 19:04:37,713 [INFO] Step 200: reward=0.009, dist=6.16
2026-03-02 19:04:43,820 [INFO] Step 400: reward=0.693, dist=4.75
2026-03-02 19:04:48,845 [INFO] Step 600: reward=6.274, dist=2.79
2026-03-02 19:04:52,903 [INFO] Episode 2182 COMPLETE | Reward 1793.46 | Steps 764 | Terminated True | Truncated False
2026-03-02 19:04:56,002 [INFO] Step 0: reward=5.794, dist=2.95
2026-03-02 19:05:00,170 [INFO] Episode 2183 COMPLETE | Reward 914.62 | Steps 146 | Terminated True | Truncated False
2026-03-02 19:05:04,291 [INFO] Step 0: reward=0.077, dist=7.25
2026-03-02 19:05:09,993 [INFO] Step 200: reward=-2.070, dist=9.06
2026-03-02 19:05:13,129 [INFO] Performing PPO update at global step 1746944
2026-03-02 19:05:13,404 [INFO] PPO losses — policy: 0.0233, value: 2067.4489, entropy: 4.2242
2026-03-02 19:05:13,409 [INFO] PPO update completed. Buffer cleared.
2026-03-02 19:05:14,899 [INFO] Step 400: reward=0.075, dist=9.70
2026-03-02 19:05:19,990 [INFO] Step 600: reward=0.098, dist=9.44
2026-03-02 19:05:26,080 [INFO] Step 800: reward=0.871, dist=7.72
2026-03-02 19:05:31,038 [INFO] Episode 2184 COMPLETE | Reward -299.01 | Steps 1000 | Terminated False | Truncated True
2026-03-02 19:05:34,613 [INFO] Step 0: reward=0.078, dist=6.42
2026-03-02 19:05:39,778 [INFO] Step 200: reward=0.093, dist=7.86
2026-03-02 19:05:46,695 [INFO] Step 400: reward=-0.009, dist=8.86
2026-03-02 19:05:52,182 [INFO] Step 600: reward=0.116, dist=8.97
2026-03-02 19:05:59,138 [INFO] Step 800: reward=0.247, dist=8.11
2026-03-02 19:06:04,275 [INFO] Episode 2185 COMPLETE | Reward -127.48 | Steps 1000 | Terminated False | Truncated True
2026-03-02 19:06:06,418 [INFO] Step 0: reward=0.074, dist=4.68
2026-03-02 19:06:12,275 [INFO] Step 200: reward=6.324, dist=2.56
2026-03-02 19:06:15,760 [INFO] Episode 2186 COMPLETE | Reward 1252.39 | Steps 345 | Terminated True | Truncated False
2026-03-02 19:06:19,848 [INFO] Step 0: reward=0.087, dist=4.39
2026-03-02 19:06:20,441 [INFO] Performing PPO update at global step 1748992
2026-03-02 19:06:20,827 [INFO] PPO losses — policy: 0.0175, value: 880.3676, entropy: 4.2242
2026-03-02 19:06:20,831 [INFO] PPO update completed. Buffer cleared.
2026-03-02 19:06:25,008 [INFO] Step 200: reward=-0.005, dist=4.89
2026-03-02 19:06:30,196 [INFO] Step 400: reward=-0.147, dist=5.75
2026-03-02 19:06:36,173 [INFO] Step 600: reward=-2.005, dist=7.53
2026-03-02 19:06:41,876 [INFO] Step 800: reward=0.043, dist=9.12
2026-03-02 19:06:47,003 [INFO] Episode 2187 COMPLETE | Reward -687.06 | Steps 1000 | Terminated False | Truncated True
2026-03-02 19:06:49,534 [INFO] Step 0: reward=-1.288, dist=7.12
2026-03-02 19:06:50,287 [INFO] Policy action (normalized): v = +0.568, w = -0.532 | Cmd_vel (scaled): v = +0.568 m/s, w = -0.532 rad/s
2026-03-02 19:06:53,670 [INFO] Step 200: reward=-0.341, dist=7.51
2026-03-02 19:06:57,940 [INFO] Step 400: reward=-1.906, dist=8.53
2026-03-02 19:07:02,110 [INFO] Step 600: reward=-3.240, dist=9.44
2026-03-02 19:07:07,342 [INFO] Step 800: reward=0.026, dist=10.56
2026-03-02 19:07:12,200 [INFO] Episode 2188 COMPLETE | Reward -899.30 | Steps 1000 | Terminated False | Truncated True
2026-03-02 19:07:16,281 [INFO] Step 0: reward=0.083, dist=7.72
2026-03-02 19:07:17,745 [INFO] Performing PPO update at global step 1751040
2026-03-02 19:07:18,091 [INFO] PPO losses — policy: -0.0054, value: 129.1918, entropy: 4.2242
2026-03-02 19:07:18,098 [INFO] PPO update completed. Buffer cleared.
2026-03-02 19:07:21,938 [INFO] Step 200: reward=0.140, dist=7.46
2026-03-02 19:07:28,283 [INFO] Step 400: reward=-3.823, dist=6.02
2026-03-02 19:07:33,739 [INFO] Step 600: reward=5.813, dist=4.68
2026-03-02 19:07:39,807 [INFO] Step 800: reward=4.088, dist=2.53
2026-03-02 19:07:43,052 [INFO] Episode 2189 COMPLETE | Reward 2188.40 | Steps 951 | Terminated True | Truncated False
2026-03-02 19:07:46,563 [INFO] Step 0: reward=-0.206, dist=3.06
2026-03-02 19:07:51,663 [INFO] Step 200: reward=-0.305, dist=3.18
2026-03-02 19:07:57,648 [INFO] Step 400: reward=-2.213, dist=3.48
2026-03-02 19:08:02,526 [INFO] Step 600: reward=-0.337, dist=3.88
2026-03-02 19:08:07,260 [INFO] Step 800: reward=-1.934, dist=4.12
2026-03-02 19:08:12,196 [INFO] Episode 2190 COMPLETE | Reward -913.52 | Steps 1000 | Terminated False | Truncated True
2026-03-02 19:08:12,228 [INFO] Checkpoint saved: checkpoints/ppo_ep_02190.pt
2026-03-02 19:08:15,337 [INFO] Step 0: reward=-1.240, dist=6.36
2026-03-02 19:08:20,088 [INFO] Performing PPO update at global step 1753088
2026-03-02 19:08:20,517 [INFO] PPO losses — policy: -0.0044, value: 1233.7399, entropy: 4.2242
2026-03-02 19:08:20,523 [INFO] PPO update completed. Buffer cleared.
2026-03-02 19:08:20,627 [INFO] Step 200: reward=0.115, dist=6.11
2026-03-02 19:08:26,049 [INFO] Step 400: reward=-1.980, dist=5.66
2026-03-02 19:08:31,566 [INFO] Step 600: reward=-1.889, dist=5.10
2026-03-02 19:08:35,623 [INFO] Step 800: reward=0.085, dist=4.60
2026-03-02 19:08:40,271 [INFO] Episode 2191 COMPLETE | Reward -752.56 | Steps 1000 | Terminated False | Truncated True
2026-03-02 19:08:43,343 [INFO] Step 0: reward=-0.219, dist=2.25
2026-03-02 19:08:49,057 [INFO] Step 200: reward=-0.207, dist=3.18
2026-03-02 19:08:54,617 [INFO] Step 400: reward=-0.118, dist=4.66
2026-03-02 19:09:01,107 [INFO] Step 600: reward=-1.996, dist=6.27
2026-03-02 19:09:05,327 [INFO] Step 800: reward=-0.036, dist=7.14
2026-03-02 19:09:09,968 [INFO] Episode 2192 COMPLETE | Reward -887.04 | Steps 1000 | Terminated False | Truncated True
2026-03-02 19:09:13,817 [INFO] Step 0: reward=-0.214, dist=3.86
2026-03-02 19:09:18,399 [INFO] Step 200: reward=-0.042, dist=4.79
2026-03-02 19:09:19,080 [INFO] Performing PPO update at global step 1755136
2026-03-02 19:09:19,486 [INFO] PPO losses — policy: 0.0120, value: 137.7376, entropy: 4.2242
2026-03-02 19:09:19,495 [INFO] PPO update completed. Buffer cleared.
2026-03-02 19:09:23,930 [INFO] Step 400: reward=0.088, dist=5.18
2026-03-02 19:09:28,385 [INFO] Step 600: reward=-3.445, dist=4.93
2026-03-02 19:09:33,671 [INFO] Step 800: reward=0.092, dist=4.30
2026-03-02 19:09:39,765 [INFO] Episode 2193 COMPLETE | Reward -857.68 | Steps 1000 | Terminated False | Truncated True
2026-03-02 19:09:43,865 [INFO] Step 0: reward=0.094, dist=5.29
2026-03-02 19:09:49,994 [INFO] Step 200: reward=0.084, dist=6.88
2026-03-02 19:09:56,046 [INFO] Step 400: reward=0.082, dist=8.32
2026-03-02 19:10:00,220 [INFO] Step 600: reward=-1.819, dist=8.75
2026-03-02 19:10:05,266 [INFO] Step 800: reward=0.060, dist=8.51
2026-03-02 19:10:10,281 [INFO] Episode 2194 COMPLETE | Reward -692.11 | Steps 1000 | Terminated False | Truncated True
2026-03-02 19:10:13,438 [INFO] Step 0: reward=-1.571, dist=5.91
2026-03-02 19:10:19,165 [INFO] Step 200: reward=0.094, dist=4.87
2026-03-02 19:10:21,534 [INFO] Performing PPO update at global step 1757184
2026-03-02 19:10:21,808 [INFO] PPO losses — policy: -0.0055, value: 300.8156, entropy: 4.2242
2026-03-02 19:10:21,815 [INFO] PPO update completed. Buffer cleared.
2026-03-02 19:10:25,188 [INFO] Step 400: reward=6.635, dist=2.50
2026-03-02 19:10:28,460 [INFO] Episode 2195 COMPLETE | Reward 1116.95 | Steps 501 | Terminated True | Truncated False
2026-03-02 19:10:31,464 [INFO] Step 0: reward=0.050, dist=5.94
2026-03-02 19:10:36,335 [INFO] Step 200: reward=0.041, dist=6.92
2026-03-02 19:10:41,701 [INFO] Step 400: reward=-1.029, dist=7.99
2026-03-02 19:10:48,554 [INFO] Step 600: reward=0.041, dist=8.15
2026-03-02 19:10:54,370 [INFO] Step 800: reward=0.177, dist=7.65
2026-03-02 19:11:01,153 [INFO] Episode 2196 COMPLETE | Reward -393.56 | Steps 1000 | Terminated False | Truncated True
2026-03-02 19:11:04,669 [INFO] Step 0: reward=5.994, dist=2.16
2026-03-02 19:11:07,051 [INFO] Episode 2197 COMPLETE | Reward 432.03 | Steps 68 | Terminated True | Truncated False
2026-03-02 19:11:10,210 [INFO] Step 0: reward=5.995, dist=7.47
2026-03-02 19:11:17,379 [INFO] Step 200: reward=0.103, dist=5.95
2026-03-02 19:11:22,616 [INFO] Step 400: reward=0.044, dist=6.12
2026-03-02 19:11:28,949 [INFO] Step 600: reward=-0.420, dist=7.74
2026-03-02 19:11:34,253 [INFO] Performing PPO update at global step 1759232
2026-03-02 19:11:34,537 [INFO] PPO losses — policy: 0.0348, value: 434.5876, entropy: 4.2242
2026-03-02 19:11:34,543 [INFO] PPO update completed. Buffer cleared.
2026-03-02 19:11:35,509 [INFO] Step 800: reward=0.022, dist=9.28
2026-03-02 19:11:40,188 [INFO] Episode 2198 COMPLETE | Reward -392.35 | Steps 1000 | Terminated False | Truncated True
2026-03-02 19:11:43,709 [INFO] Step 0: reward=-0.005, dist=4.66
2026-03-02 19:11:48,596 [INFO] Step 200: reward=-0.258, dist=6.10
2026-03-02 19:11:54,237 [INFO] Step 400: reward=-0.187, dist=7.91
2026-03-02 19:11:58,138 [INFO] Policy action (normalized): v = -0.949, w = -0.999 | Cmd_vel (scaled): v = -0.949 m/s, w = -0.999 rad/s
2026-03-02 19:11:59,895 [INFO] Step 600: reward=0.071, dist=8.50
2026-03-02 19:12:03,089 [INFO] Step 800: reward=0.049, dist=7.93
2026-03-02 19:12:08,360 [INFO] Episode 2199 COMPLETE | Reward -14.61 | Steps 1000 | Terminated False | Truncated True
2026-03-02 19:12:10,685 [INFO] Step 0: reward=0.051, dist=6.82
2026-03-02 19:12:16,277 [INFO] Step 200: reward=-0.128, dist=8.68
2026-03-02 19:12:21,173 [INFO] Step 400: reward=0.050, dist=9.38
2026-03-02 19:12:25,362 [INFO] Step 600: reward=-0.347, dist=8.94
2026-03-02 19:12:30,689 [INFO] Step 800: reward=0.094, dist=7.82
2026-03-02 19:12:30,738 [INFO] Performing PPO update at global step 1761280
2026-03-02 19:12:31,023 [INFO] PPO losses — policy: -0.0002, value: 499.9943, entropy: 4.2242
2026-03-02 19:12:31,032 [INFO] PPO update completed. Buffer cleared.
2026-03-02 19:12:35,456 [INFO] Episode 2200 COMPLETE | Reward -190.38 | Steps 1000 | Terminated False | Truncated True
2026-03-02 19:12:35,472 [INFO] Checkpoint saved: checkpoints/ppo_ep_02200.pt
2026-03-02 19:12:39,569 [INFO] Step 0: reward=0.094, dist=7.36
2026-03-02 19:12:43,778 [INFO] Step 200: reward=-0.012, dist=8.52
2026-03-02 19:12:48,769 [INFO] Step 400: reward=0.042, dist=9.33
2026-03-02 19:12:54,314 [INFO] Step 600: reward=0.032, dist=9.07
2026-03-02 19:12:58,983 [INFO] Step 800: reward=-1.384, dist=7.96
2026-03-02 19:13:03,023 [INFO] Episode 2201 COMPLETE | Reward -440.91 | Steps 1000 | Terminated False | Truncated True
2026-03-02 19:13:07,533 [INFO] Step 0: reward=-0.005, dist=4.08
2026-03-02 19:13:13,354 [INFO] Step 200: reward=-2.069, dist=6.04
2026-03-02 19:13:17,986 [INFO] Step 400: reward=0.095, dist=6.67
2026-03-02 19:13:24,353 [INFO] Step 600: reward=0.625, dist=5.43
2026-03-02 19:13:29,213 [INFO] Step 800: reward=4.184, dist=3.23
2026-03-02 19:13:30,473 [INFO] Performing PPO update at global step 1763328
2026-03-02 19:13:30,745 [INFO] PPO losses — policy: 0.0318, value: 1145.6863, entropy: 4.2242
2026-03-02 19:13:30,751 [INFO] PPO update completed. Buffer cleared.
2026-03-02 19:13:33,907 [INFO] Episode 2202 COMPLETE | Reward 1598.00 | Steps 938 | Terminated True | Truncated False
2026-03-02 19:13:36,105 [INFO] Step 0: reward=-0.205, dist=2.40
2026-03-02 19:13:40,619 [INFO] Step 200: reward=-0.257, dist=3.22
2026-03-02 19:13:46,219 [INFO] Step 400: reward=0.092, dist=4.20
2026-03-02 19:13:51,842 [INFO] Step 600: reward=-2.844, dist=4.76
2026-03-02 19:13:56,970 [INFO] Step 800: reward=0.197, dist=4.42
2026-03-02 19:14:02,695 [INFO] Episode 2203 COMPLETE | Reward -684.22 | Steps 1000 | Terminated False | Truncated True
2026-03-02 19:14:06,869 [INFO] Step 0: reward=2.338, dist=4.01
2026-03-02 19:14:12,811 [INFO] Step 200: reward=0.729, dist=1.32
2026-03-02 19:14:13,517 [INFO] Episode 2204 COMPLETE | Reward 1213.41 | Steps 218 | Terminated True | Truncated False
2026-03-02 19:14:16,574 [INFO] Step 0: reward=-2.286, dist=2.55
2026-03-02 19:14:20,191 [INFO] Episode 2205 COMPLETE | Reward 642.15 | Steps 163 | Terminated True | Truncated False
2026-03-02 19:14:23,358 [INFO] Step 0: reward=-0.244, dist=2.61
2026-03-02 19:14:28,590 [INFO] Step 200: reward=-0.164, dist=1.36
2026-03-02 19:14:29,878 [INFO] Episode 2206 COMPLETE | Reward 86.78 | Steps 232 | Terminated True | Truncated False
2026-03-02 19:14:33,986 [INFO] Step 0: reward=-1.878, dist=7.05
2026-03-02 19:14:38,959 [INFO] Step 200: reward=5.790, dist=5.53
2026-03-02 19:14:43,103 [INFO] Performing PPO update at global step 1765376
2026-03-02 19:14:43,383 [INFO] PPO losses — policy: 0.0666, value: 1915.5136, entropy: 4.2242
2026-03-02 19:14:43,388 [INFO] PPO update completed. Buffer cleared.
2026-03-02 19:14:44,988 [INFO] Step 400: reward=6.505, dist=3.05
2026-03-02 19:14:49,738 [INFO] Episode 2207 COMPLETE | Reward 2405.93 | Steps 598 | Terminated True | Truncated False
2026-03-02 19:14:52,893 [INFO] Step 0: reward=0.092, dist=7.94
2026-03-02 19:14:58,125 [INFO] Step 200: reward=-1.734, dist=9.47
2026-03-02 19:15:02,870 [INFO] Step 400: reward=-1.648, dist=10.90
2026-03-02 19:15:10,495 [INFO] Step 600: reward=0.056, dist=11.01
2026-03-02 19:15:15,466 [INFO] Step 800: reward=-1.480, dist=10.03
2026-03-02 19:15:21,252 [INFO] Episode 2208 COMPLETE | Reward -186.84 | Steps 1000 | Terminated False | Truncated True
2026-03-02 19:15:25,850 [INFO] Step 0: reward=0.977, dist=5.71
2026-03-02 19:15:29,864 [INFO] Step 200: reward=4.286, dist=4.58
2026-03-02 19:15:36,171 [INFO] Step 400: reward=6.492, dist=2.36
2026-03-02 19:15:39,106 [INFO] Episode 2209 COMPLETE | Reward 1880.66 | Steps 546 | Terminated True | Truncated False
2026-03-02 19:15:43,117 [INFO] Step 0: reward=0.057, dist=6.54
2026-03-02 19:15:48,421 [INFO] Step 200: reward=-6.578, dist=4.47
2026-03-02 19:15:50,347 [INFO] Performing PPO update at global step 1767424
2026-03-02 19:15:50,717 [INFO] PPO losses — policy: 0.0108, value: 1487.7322, entropy: 4.2242
2026-03-02 19:15:50,723 [INFO] PPO update completed. Buffer cleared.
2026-03-02 19:15:53,640 [INFO] Step 400: reward=6.501, dist=2.39
2026-03-02 19:15:56,719 [INFO] Episode 2210 COMPLETE | Reward 1823.45 | Steps 543 | Terminated True | Truncated False
2026-03-02 19:15:56,736 [INFO] Checkpoint saved: checkpoints/ppo_ep_02210.pt
2026-03-02 19:16:08,265 [INFO] Step 0: reward=0.095, dist=4.24
2026-03-02 19:16:13,689 [INFO] Step 200: reward=-2.206, dist=2.71
2026-03-02 19:16:21,118 [INFO] Step 400: reward=-0.465, dist=2.37
2026-03-02 19:16:26,032 [INFO] Step 600: reward=0.062, dist=4.03
2026-03-02 19:16:31,074 [INFO] Step 800: reward=-1.950, dist=4.05
2026-03-02 19:16:36,613 [INFO] Episode 2211 COMPLETE | Reward -718.35 | Steps 1000 | Terminated False | Truncated True
2026-03-02 19:16:40,805 [INFO] Step 0: reward=0.086, dist=7.09
2026-03-02 19:16:46,734 [INFO] Step 200: reward=-0.015, dist=8.90
2026-03-02 19:16:51,548 [INFO] Step 400: reward=0.095, dist=9.01
2026-03-02 19:16:55,800 [INFO] Step 600: reward=0.572, dist=8.06
2026-03-02 19:16:59,999 [INFO] Performing PPO update at global step 1769472
2026-03-02 19:17:00,391 [INFO] PPO losses — policy: 0.0690, value: 689.9207, entropy: 4.2242
2026-03-02 19:17:00,397 [INFO] PPO update completed. Buffer cleared.
2026-03-02 19:17:01,336 [INFO] Step 800: reward=-4.078, dist=6.13
2026-03-02 19:17:07,314 [INFO] Episode 2212 COMPLETE | Reward 739.67 | Steps 1000 | Terminated False | Truncated True
2026-03-02 19:17:10,847 [INFO] Step 0: reward=-0.005, dist=4.43
2026-03-02 19:17:17,141 [INFO] Step 200: reward=6.150, dist=1.98
2026-03-02 19:17:19,149 [INFO] Episode 2213 COMPLETE | Reward 1040.16 | Steps 251 | Terminated True | Truncated False
2026-03-02 19:17:23,266 [INFO] Step 0: reward=-0.005, dist=5.47
2026-03-02 19:17:23,941 [INFO] Policy action (normalized): v = +0.968, w = +0.247 | Cmd_vel (scaled): v = +0.968 m/s, w = +0.247 rad/s
2026-03-02 19:17:28,117 [INFO] Step 200: reward=-0.735, dist=6.13
2026-03-02 19:17:32,704 [INFO] Step 400: reward=0.308, dist=6.06
2026-03-02 19:17:37,255 [INFO] Step 600: reward=0.365, dist=5.24
2026-03-02 19:17:42,583 [INFO] Step 800: reward=6.132, dist=3.58
2026-03-02 19:17:48,232 [INFO] Episode 2214 COMPLETE | Reward 1099.03 | Steps 994 | Terminated True | Truncated False
2026-03-02 19:17:52,683 [INFO] Step 0: reward=0.091, dist=4.08
2026-03-02 19:17:57,457 [INFO] Step 200: reward=5.632, dist=1.99
2026-03-02 19:17:59,515 [INFO] Episode 2215 COMPLETE | Reward 1295.58 | Steps 279 | Terminated True | Truncated False
2026-03-02 19:18:03,629 [INFO] Step 0: reward=-0.843, dist=7.67
2026-03-02 19:18:09,321 [INFO] Step 200: reward=0.087, dist=9.09
2026-03-02 19:18:11,717 [INFO] Performing PPO update at global step 1771520
2026-03-02 19:18:11,986 [INFO] PPO losses — policy: 0.0331, value: 2012.7783, entropy: 4.2242
2026-03-02 19:18:11,991 [INFO] PPO update completed. Buffer cleared.
2026-03-02 19:18:15,551 [INFO] Step 400: reward=0.120, dist=9.96
2026-03-02 19:18:21,013 [INFO] Step 600: reward=-0.835, dist=9.04
2026-03-02 19:18:26,493 [INFO] Step 800: reward=0.753, dist=8.17
2026-03-02 19:18:32,417 [INFO] Episode 2216 COMPLETE | Reward -120.84 | Steps 1000 | Terminated False | Truncated True
2026-03-02 19:18:38,084 [INFO] Step 0: reward=5.891, dist=4.51
2026-03-02 19:18:44,029 [INFO] Step 200: reward=6.354, dist=2.20
2026-03-02 19:18:46,408 [INFO] Episode 2217 COMPLETE | Reward 1551.02 | Steps 277 | Terminated True | Truncated False
2026-03-02 19:18:48,613 [INFO] Step 0: reward=0.091, dist=6.74
2026-03-02 19:18:52,366 [INFO] Step 200: reward=0.095, dist=7.13
2026-03-02 19:18:58,208 [INFO] Step 400: reward=-0.140, dist=8.14
2026-03-02 19:19:03,300 [INFO] Step 600: reward=0.095, dist=9.32
2026-03-02 19:19:09,232 [INFO] Step 800: reward=-1.951, dist=10.23
2026-03-02 19:19:14,758 [INFO] Episode 2218 COMPLETE | Reward -928.71 | Steps 1000 | Terminated False | Truncated True
2026-03-02 19:19:19,940 [INFO] Step 0: reward=-1.765, dist=7.64
2026-03-02 19:19:21,735 [INFO] Performing PPO update at global step 1773568
2026-03-02 19:19:22,010 [INFO] PPO losses — policy: 0.0099, value: 774.3657, entropy: 4.2242
2026-03-02 19:19:22,016 [INFO] PPO update completed. Buffer cleared.
2026-03-02 19:19:26,437 [INFO] Step 200: reward=-1.905, dist=8.17
2026-03-02 19:19:31,978 [INFO] Step 400: reward=-1.152, dist=9.29
2026-03-02 19:19:38,134 [INFO] Step 600: reward=0.025, dist=10.13
2026-03-02 19:19:44,300 [INFO] Step 800: reward=-1.637, dist=9.50
2026-03-02 19:19:50,189 [INFO] Episode 2219 COMPLETE | Reward -778.64 | Steps 1000 | Terminated False | Truncated True
2026-03-02 19:19:53,517 [INFO] Step 0: reward=-0.211, dist=2.98
2026-03-02 19:19:59,569 [INFO] Step 200: reward=0.094, dist=4.32
2026-03-02 19:20:04,503 [INFO] Step 400: reward=0.056, dist=4.92
2026-03-02 19:20:09,495 [INFO] Step 600: reward=-1.946, dist=4.88
2026-03-02 19:20:15,044 [INFO] Step 800: reward=-1.980, dist=4.21
2026-03-02 19:20:20,561 [INFO] Episode 2220 COMPLETE | Reward -122.09 | Steps 1000 | Terminated False | Truncated True
2026-03-02 19:20:20,585 [INFO] Checkpoint saved: checkpoints/ppo_ep_02220.pt
2026-03-02 19:20:23,592 [INFO] Step 0: reward=0.054, dist=5.72
2026-03-02 19:20:26,509 [INFO] Performing PPO update at global step 1775616
2026-03-02 19:20:26,792 [INFO] PPO losses — policy: 0.0093, value: 845.5784, entropy: 4.2242
2026-03-02 19:20:26,797 [INFO] PPO update completed. Buffer cleared.
2026-03-02 19:20:30,632 [INFO] Step 200: reward=6.467, dist=3.77
2026-03-02 19:20:36,907 [INFO] Episode 2221 COMPLETE | Reward 1361.17 | Steps 379 | Terminated True | Truncated False
2026-03-02 19:20:39,918 [INFO] Step 0: reward=-0.212, dist=2.39
2026-03-02 19:20:44,877 [INFO] Step 200: reward=0.814, dist=1.35
2026-03-02 19:20:45,837 [INFO] Episode 2222 COMPLETE | Reward 35.11 | Steps 229 | Terminated True | Truncated False
2026-03-02 19:20:49,634 [INFO] Step 0: reward=0.060, dist=5.55
2026-03-02 19:20:54,720 [INFO] Step 200: reward=0.094, dist=6.59
2026-03-02 19:21:00,766 [INFO] Step 400: reward=0.094, dist=6.85
2026-03-02 19:21:07,067 [INFO] Step 600: reward=5.869, dist=5.73
2026-03-02 19:21:13,677 [INFO] Step 800: reward=6.157, dist=3.51
2026-03-02 19:21:18,780 [INFO] Episode 2223 COMPLETE | Reward 724.85 | Steps 1000 | Terminated False | Truncated True
2026-03-02 19:21:22,571 [INFO] Step 0: reward=0.092, dist=6.15
2026-03-02 19:21:28,552 [INFO] Step 200: reward=-0.026, dist=7.34
2026-03-02 19:21:34,243 [INFO] Step 400: reward=0.167, dist=7.04
2026-03-02 19:21:37,574 [INFO] Performing PPO update at global step 1777664
2026-03-02 19:21:37,851 [INFO] PPO losses — policy: 0.0011, value: 1341.3760, entropy: 4.2242
2026-03-02 19:21:37,856 [INFO] PPO update completed. Buffer cleared.
2026-03-02 19:21:39,269 [INFO] Step 600: reward=5.851, dist=5.78
2026-03-02 19:21:45,981 [INFO] Step 800: reward=6.198, dist=3.55
2026-03-02 19:21:51,391 [INFO] Episode 2224 COMPLETE | Reward 1481.10 | Steps 975 | Terminated True | Truncated False
2026-03-02 19:21:55,569 [INFO] Step 0: reward=-0.184, dist=4.42
2026-03-02 19:22:01,329 [INFO] Step 200: reward=-1.906, dist=5.26
2026-03-02 19:22:05,708 [INFO] Step 400: reward=0.079, dist=6.13
2026-03-02 19:22:12,717 [INFO] Step 600: reward=0.067, dist=7.17
2026-03-02 19:22:19,398 [INFO] Step 800: reward=0.074, dist=6.59
2026-03-02 19:22:26,149 [INFO] Episode 2225 COMPLETE | Reward -521.19 | Steps 1000 | Terminated False | Truncated True
2026-03-02 19:22:28,665 [INFO] Step 0: reward=-0.305, dist=3.38
2026-03-02 19:22:33,731 [INFO] Step 200: reward=5.786, dist=1.51
2026-03-02 19:22:34,730 [INFO] Episode 2226 COMPLETE | Reward 1112.77 | Steps 230 | Terminated True | Truncated False
2026-03-02 19:22:36,828 [INFO] Step 0: reward=0.094, dist=7.93
2026-03-02 19:22:41,062 [INFO] Step 200: reward=-2.005, dist=7.63
2026-03-02 19:22:45,266 [INFO] Performing PPO update at global step 1779712
2026-03-02 19:22:45,544 [INFO] PPO losses — policy: 0.0082, value: 1233.6447, entropy: 4.2242
2026-03-02 19:22:45,548 [INFO] PPO update completed. Buffer cleared.
2026-03-02 19:22:45,598 [INFO] Step 400: reward=-0.084, dist=8.09
2026-03-02 19:22:51,203 [INFO] Step 600: reward=-0.005, dist=9.79
2026-03-02 19:22:52,110 [INFO] Policy action (normalized): v = +1.000, w = +0.992 | Cmd_vel (scaled): v = +1.000 m/s, w = +0.992 rad/s
2026-03-02 19:22:54,965 [INFO] Step 800: reward=0.071, dist=10.29
2026-03-02 19:23:00,366 [INFO] Episode 2227 COMPLETE | Reward -974.46 | Steps 1000 | Terminated False | Truncated True
2026-03-02 19:23:03,389 [INFO] Step 0: reward=-0.205, dist=2.87
2026-03-02 19:23:08,396 [INFO] Episode 2228 COMPLETE | Reward 967.34 | Steps 183 | Terminated True | Truncated False
2026-03-02 19:23:10,785 [INFO] Step 0: reward=-0.205, dist=2.53
2026-03-02 19:23:15,376 [INFO] Episode 2229 COMPLETE | Reward 334.11 | Steps 180 | Terminated True | Truncated False
2026-03-02 19:23:19,477 [INFO] Step 0: reward=0.095, dist=7.94
2026-03-02 19:23:25,838 [INFO] Step 200: reward=-2.032, dist=7.83
2026-03-02 19:23:31,466 [INFO] Step 400: reward=0.067, dist=9.05
2026-03-02 19:23:36,893 [INFO] Step 600: reward=-1.907, dist=10.07
2026-03-02 19:23:42,243 [INFO] Step 800: reward=-1.943, dist=9.39
2026-03-02 19:23:47,676 [INFO] Episode 2230 COMPLETE | Reward -731.43 | Steps 1000 | Terminated False | Truncated True
2026-03-02 19:23:47,693 [INFO] Checkpoint saved: checkpoints/ppo_ep_02230.pt
2026-03-02 19:23:59,211 [INFO] Step 0: reward=0.077, dist=4.24
2026-03-02 19:24:01,800 [INFO] Performing PPO update at global step 1781760
2026-03-02 19:24:02,068 [INFO] PPO losses — policy: 0.0234, value: 492.4174, entropy: 4.2242
2026-03-02 19:24:02,074 [INFO] PPO update completed. Buffer cleared.
2026-03-02 19:24:05,942 [INFO] Step 200: reward=-0.142, dist=2.55
2026-03-02 19:24:09,771 [INFO] Step 400: reward=-3.015, dist=1.75
2026-03-02 19:24:13,909 [INFO] Step 600: reward=-0.205, dist=1.82
2026-03-02 19:24:19,139 [INFO] Step 800: reward=-0.187, dist=3.01
2026-03-02 19:24:24,303 [INFO] Episode 2231 COMPLETE | Reward -1099.10 | Steps 1000 | Terminated False | Truncated True
2026-03-02 19:24:49,567 [INFO] Step 0: reward=-0.205, dist=3.27
2026-03-02 19:24:55,072 [INFO] Step 200: reward=0.167, dist=7.24
2026-03-02 19:24:59,167 [INFO] Step 400: reward=-0.062, dist=8.65
2026-03-02 19:25:05,020 [INFO] Step 600: reward=0.036, dist=9.83
2026-03-02 19:25:11,723 [INFO] Step 800: reward=0.117, dist=10.59
2026-03-02 19:25:16,551 [INFO] Episode 2232 COMPLETE | Reward -952.44 | Steps 1000 | Terminated False | Truncated True
2026-03-02 19:25:19,673 [INFO] Step 0: reward=5.994, dist=3.81
2026-03-02 19:25:21,520 [INFO] Performing PPO update at global step 1783808
2026-03-02 19:25:21,796 [INFO] PPO losses — policy: 0.0182, value: 556.8354, entropy: 4.2242
2026-03-02 19:25:21,803 [INFO] PPO update completed. Buffer cleared.
2026-03-02 19:25:23,617 [INFO] Step 200: reward=6.191, dist=2.30
2026-03-02 19:25:26,471 [INFO] Episode 2233 COMPLETE | Reward 1499.61 | Steps 295 | Terminated True | Truncated False
2026-03-02 19:25:29,592 [INFO] Step 0: reward=0.095, dist=4.51
2026-03-02 19:25:34,949 [INFO] Step 200: reward=-1.914, dist=5.03
2026-03-02 19:25:41,001 [INFO] Step 400: reward=-1.860, dist=4.89
2026-03-02 19:25:46,426 [INFO] Step 600: reward=0.042, dist=4.19
2026-03-02 19:25:51,247 [INFO] Step 800: reward=6.339, dist=2.62
2026-03-02 19:25:54,825 [INFO] Episode 2234 COMPLETE | Reward 509.53 | Steps 960 | Terminated True | Truncated False
2026-03-02 19:25:57,930 [INFO] Step 0: reward=-5.520, dist=7.68
2026-03-02 19:26:02,913 [INFO] Step 200: reward=6.455, dist=5.88
2026-03-02 19:26:08,047 [INFO] Step 400: reward=6.160, dist=3.73
2026-03-02 19:26:12,657 [INFO] Step 600: reward=6.342, dist=1.73
2026-03-02 19:26:14,105 [INFO] Episode 2235 COMPLETE | Reward 2320.55 | Steps 644 | Terminated True | Truncated False
2026-03-02 19:26:16,169 [INFO] Step 0: reward=0.057, dist=6.27
2026-03-02 19:26:21,811 [INFO] Step 200: reward=-0.005, dist=6.82
2026-03-02 19:26:24,548 [INFO] Performing PPO update at global step 1785856
2026-03-02 19:26:24,821 [INFO] PPO losses — policy: 0.0377, value: 1169.1357, entropy: 4.2242
2026-03-02 19:26:24,828 [INFO] PPO update completed. Buffer cleared.
2026-03-02 19:26:28,392 [INFO] Step 400: reward=6.313, dist=5.26
2026-03-02 19:26:33,182 [INFO] Step 600: reward=6.465, dist=3.17
2026-03-02 19:26:37,964 [INFO] Episode 2236 COMPLETE | Reward 1903.80 | Steps 786 | Terminated True | Truncated False
2026-03-02 19:26:41,021 [INFO] Step 0: reward=-0.218, dist=2.34
2026-03-02 19:26:44,843 [INFO] Episode 2237 COMPLETE | Reward 339.13 | Steps 132 | Terminated True | Truncated False
2026-03-02 19:26:49,675 [INFO] Step 0: reward=-1.870, dist=7.18
2026-03-02 19:26:55,627 [INFO] Step 200: reward=0.074, dist=7.87
2026-03-02 19:27:02,352 [INFO] Step 400: reward=0.119, dist=7.11
2026-03-02 19:27:09,565 [INFO] Step 600: reward=2.307, dist=4.63
2026-03-02 19:27:15,176 [INFO] Step 800: reward=4.293, dist=2.34
2026-03-02 19:27:17,939 [INFO] Episode 2238 COMPLETE | Reward 1854.72 | Steps 878 | Terminated True | Truncated False
2026-03-02 19:27:21,035 [INFO] Step 0: reward=-0.305, dist=2.41
2026-03-02 19:27:24,969 [INFO] Step 200: reward=-2.393, dist=3.36
2026-03-02 19:27:30,116 [INFO] Step 400: reward=-2.063, dist=4.53
2026-03-02 19:27:33,168 [INFO] Performing PPO update at global step 1787904
2026-03-02 19:27:33,450 [INFO] PPO losses — policy: 0.0375, value: 1721.4873, entropy: 4.2242
2026-03-02 19:27:33,455 [INFO] PPO update completed. Buffer cleared.
2026-03-02 19:27:34,912 [INFO] Step 600: reward=-0.036, dist=6.02
2026-03-02 19:27:39,775 [INFO] Step 800: reward=-2.492, dist=6.69
2026-03-02 19:27:45,193 [INFO] Episode 2239 COMPLETE | Reward -915.62 | Steps 1000 | Terminated False | Truncated True
2026-03-02 19:27:49,387 [INFO] Step 0: reward=0.090, dist=4.78
2026-03-02 19:27:55,471 [INFO] Step 200: reward=0.119, dist=6.14
2026-03-02 19:28:00,669 [INFO] Step 400: reward=-2.202, dist=7.41
2026-03-02 19:28:06,371 [INFO] Step 600: reward=-0.021, dist=8.43
2026-03-02 19:28:10,303 [INFO] Step 800: reward=-1.935, dist=8.65
2026-03-02 19:28:15,661 [INFO] Episode 2240 COMPLETE | Reward -616.75 | Steps 1000 | Terminated False | Truncated True
2026-03-02 19:28:15,684 [INFO] Checkpoint saved: checkpoints/ppo_ep_02240.pt
2026-03-02 19:28:19,906 [INFO] Step 0: reward=0.083, dist=6.99
2026-03-02 19:28:26,322 [INFO] Step 200: reward=6.463, dist=4.67
2026-03-02 19:28:31,752 [INFO] Step 400: reward=6.347, dist=2.38
2026-03-02 19:28:34,764 [INFO] Episode 2241 COMPLETE | Reward 2443.77 | Steps 531 | Terminated True | Truncated False
2026-03-02 19:28:34,804 [INFO] New BEST model saved! Reward = 2443.77 (episode 2241)
2026-03-02 19:28:37,885 [INFO] Step 0: reward=-0.005, dist=4.49
2026-03-02 19:28:38,368 [INFO] Performing PPO update at global step 1789952
2026-03-02 19:28:38,637 [INFO] PPO losses — policy: 0.0181, value: 895.4286, entropy: 4.2242
2026-03-02 19:28:38,642 [INFO] PPO update completed. Buffer cleared.
2026-03-02 19:28:40,139 [INFO] Policy action (normalized): v = +0.923, w = +0.807 | Cmd_vel (scaled): v = +0.923 m/s, w = +0.807 rad/s
2026-03-02 19:28:43,327 [INFO] Step 200: reward=-1.920, dist=5.99
2026-03-02 19:28:49,004 [INFO] Step 400: reward=-0.014, dist=7.46
2026-03-02 19:28:54,214 [INFO] Step 600: reward=-1.908, dist=7.86
2026-03-02 19:28:59,807 [INFO] Step 800: reward=-1.905, dist=7.12
2026-03-02 19:29:06,418 [INFO] Episode 2242 COMPLETE | Reward 66.59 | Steps 1000 | Terminated False | Truncated True
2026-03-02 19:29:10,885 [INFO] Step 0: reward=-0.005, dist=4.74
2026-03-02 19:29:16,073 [INFO] Step 200: reward=-2.005, dist=4.22
2026-03-02 19:29:20,728 [INFO] Step 400: reward=4.275, dist=2.93
2026-03-02 19:29:25,295 [INFO] Episode 2243 COMPLETE | Reward 906.46 | Steps 540 | Terminated True | Truncated False
2026-03-02 19:29:28,811 [INFO] Step 0: reward=0.093, dist=5.35
2026-03-02 19:29:33,827 [INFO] Step 200: reward=-0.110, dist=6.75
2026-03-02 19:29:38,168 [INFO] Step 400: reward=0.068, dist=8.09
2026-03-02 19:29:42,026 [INFO] Performing PPO update at global step 1792000
2026-03-02 19:29:42,461 [INFO] PPO losses — policy: 0.0997, value: 792.5282, entropy: 4.2242
2026-03-02 19:29:42,468 [INFO] PPO update completed. Buffer cleared.
2026-03-02 19:29:43,296 [INFO] Step 600: reward=-2.033, dist=8.66
2026-03-02 19:29:51,137 [INFO] Step 800: reward=0.574, dist=6.93
2026-03-02 19:29:55,395 [INFO] Episode 2244 COMPLETE | Reward -216.22 | Steps 1000 | Terminated False | Truncated True
2026-03-02 19:29:58,447 [INFO] Step 0: reward=0.047, dist=4.29
2026-03-02 19:30:03,893 [INFO] Step 200: reward=-0.182, dist=4.27
2026-03-02 19:30:08,953 [INFO] Step 400: reward=-0.055, dist=5.84
2026-03-02 19:30:14,247 [INFO] Step 600: reward=0.044, dist=6.86
2026-03-02 19:30:20,222 [INFO] Step 800: reward=-0.989, dist=6.69
2026-03-02 19:30:24,976 [INFO] Episode 2245 COMPLETE | Reward 150.99 | Steps 1000 | Terminated False | Truncated True
2026-03-02 19:30:29,036 [INFO] Step 0: reward=0.042, dist=6.19
2026-03-02 19:30:34,886 [INFO] Step 200: reward=0.095, dist=7.20
2026-03-02 19:30:39,675 [INFO] Step 400: reward=-2.102, dist=9.03
2026-03-02 19:30:45,571 [INFO] Performing PPO update at global step 1794048
2026-03-02 19:30:45,833 [INFO] PPO losses — policy: 0.0444, value: 470.4642, entropy: 4.2242
2026-03-02 19:30:45,837 [INFO] PPO update completed. Buffer cleared.
2026-03-02 19:30:45,845 [INFO] Step 600: reward=0.095, dist=10.18
2026-03-02 19:30:52,467 [INFO] Step 800: reward=0.526, dist=8.39
2026-03-02 19:30:57,256 [INFO] Episode 2246 COMPLETE | Reward -233.51 | Steps 1000 | Terminated False | Truncated True
2026-03-02 19:31:02,118 [INFO] Step 0: reward=0.092, dist=7.06
2026-03-02 19:31:07,952 [INFO] Step 200: reward=0.094, dist=9.02
2026-03-02 19:31:13,061 [INFO] Step 400: reward=-1.152, dist=9.77
2026-03-02 19:31:18,047 [INFO] Step 600: reward=0.038, dist=9.30
2026-03-02 19:31:24,891 [INFO] Step 800: reward=0.427, dist=6.86
2026-03-02 19:31:30,814 [INFO] Episode 2247 COMPLETE | Reward -125.96 | Steps 1000 | Terminated False | Truncated True
2026-03-02 19:31:33,969 [INFO] Step 0: reward=0.095, dist=5.19
2026-03-02 19:31:39,600 [INFO] Step 200: reward=-2.005, dist=6.87
2026-03-02 19:31:45,496 [INFO] Step 400: reward=0.095, dist=8.30
2026-03-02 19:31:50,860 [INFO] Step 600: reward=0.569, dist=7.23
2026-03-02 19:31:51,575 [INFO] Performing PPO update at global step 1796096
2026-03-02 19:31:51,851 [INFO] PPO losses — policy: 0.0127, value: 336.3624, entropy: 4.2242
2026-03-02 19:31:51,856 [INFO] PPO update completed. Buffer cleared.
2026-03-02 19:31:54,923 [INFO] Step 800: reward=0.594, dist=5.54
2026-03-02 19:31:59,231 [INFO] Episode 2248 COMPLETE | Reward 1010.97 | Steps 1000 | Terminated False | Truncated True
2026-03-02 19:32:01,791 [INFO] Step 0: reward=-0.241, dist=3.34
2026-03-02 19:32:07,597 [INFO] Step 200: reward=-0.093, dist=4.45
2026-03-02 19:32:12,233 [INFO] Step 400: reward=0.094, dist=6.06
2026-03-02 19:32:19,804 [INFO] Step 600: reward=0.095, dist=6.63
2026-03-02 19:32:24,970 [INFO] Step 800: reward=0.109, dist=5.85
2026-03-02 19:32:30,153 [INFO] Episode 2249 COMPLETE | Reward 67.10 | Steps 1000 | Terminated False | Truncated True
2026-03-02 19:32:34,335 [INFO] Step 0: reward=-0.210, dist=2.80
2026-03-02 19:32:38,832 [INFO] Step 200: reward=-2.245, dist=3.48
2026-03-02 19:32:44,303 [INFO] Step 400: reward=-0.205, dist=3.21
2026-03-02 19:32:50,456 [INFO] Step 600: reward=6.171, dist=1.54
2026-03-02 19:32:51,650 [INFO] Episode 2250 COMPLETE | Reward 109.19 | Steps 650 | Terminated True | Truncated False
2026-03-02 19:32:51,668 [INFO] Checkpoint saved: checkpoints/ppo_ep_02250.pt
2026-03-02 19:32:54,722 [INFO] Step 0: reward=0.041, dist=6.66
2026-03-02 19:32:56,059 [INFO] Performing PPO update at global step 1798144
2026-03-02 19:32:56,337 [INFO] PPO losses — policy: 0.0346, value: 1659.9748, entropy: 4.2242
2026-03-02 19:32:56,343 [INFO] PPO update completed. Buffer cleared.
2026-03-02 19:33:01,354 [INFO] Step 200: reward=5.609, dist=3.61
2026-03-02 19:33:05,440 [INFO] Step 400: reward=6.331, dist=1.68
2026-03-02 19:33:06,947 [INFO] Episode 2251 COMPLETE | Reward 2341.60 | Steps 456 | Terminated True | Truncated False
2026-03-02 19:33:10,104 [INFO] Step 0: reward=5.989, dist=4.19
2026-03-02 19:33:14,948 [INFO] Step 200: reward=0.583, dist=1.97
2026-03-02 19:33:16,999 [INFO] Episode 2252 COMPLETE | Reward 1594.68 | Steps 294 | Terminated True | Truncated False
2026-03-02 19:33:19,777 [INFO] Step 0: reward=-0.236, dist=2.06
2026-03-02 19:33:25,666 [INFO] Step 200: reward=-1.831, dist=2.13
2026-03-02 19:33:30,346 [INFO] Step 400: reward=-2.136, dist=1.85
2026-03-02 19:33:36,343 [INFO] Step 600: reward=-2.251, dist=1.03
2026-03-02 19:33:40,699 [INFO] Step 800: reward=-0.207, dist=1.31
2026-03-02 19:33:45,546 [INFO] Episode 2253 COMPLETE | Reward -906.53 | Steps 1000 | Terminated False | Truncated True
2026-03-02 19:33:50,058 [INFO] Step 0: reward=-0.957, dist=2.33
2026-03-02 19:33:52,870 [INFO] Policy action (normalized): v = +1.000, w = -0.893 | Cmd_vel (scaled): v = +1.000 m/s, w = -0.893 rad/s
2026-03-02 19:33:54,250 [INFO] Step 200: reward=-0.165, dist=1.58
2026-03-02 19:33:57,099 [INFO] Episode 2254 COMPLETE | Reward -84.18 | Steps 267 | Terminated True | Truncated False
2026-03-02 19:34:00,223 [INFO] Step 0: reward=0.093, dist=4.21
2026-03-02 19:34:02,022 [INFO] Performing PPO update at global step 1800192
2026-03-02 19:34:02,287 [INFO] PPO losses — policy: 0.0797, value: 1368.3165, entropy: 4.2242
2026-03-02 19:34:02,293 [INFO] PPO update completed. Buffer cleared.
2026-03-02 19:34:06,670 [INFO] Step 200: reward=0.006, dist=5.01
2026-03-02 19:34:11,845 [INFO] Step 400: reward=-1.912, dist=4.83
2026-03-02 19:34:17,480 [INFO] Step 600: reward=-1.905, dist=4.96
2026-03-02 19:34:21,292 [INFO] Step 800: reward=-1.963, dist=5.07
2026-03-02 19:34:25,749 [INFO] Episode 2255 COMPLETE | Reward -954.65 | Steps 1000 | Terminated False | Truncated True
2026-03-02 19:34:28,832 [INFO] Step 0: reward=-0.207, dist=2.35
2026-03-02 19:34:35,105 [INFO] Step 200: reward=-2.112, dist=3.40
2026-03-02 19:34:41,617 [INFO] Step 400: reward=0.007, dist=4.92
2026-03-02 19:34:48,142 [INFO] Step 600: reward=-0.253, dist=6.40
2026-03-02 19:34:54,160 [INFO] Step 800: reward=-0.082, dist=7.49
2026-03-02 19:34:58,584 [INFO] Episode 2256 COMPLETE | Reward -932.32 | Steps 1000 | Terminated False | Truncated True
2026-03-02 19:35:01,634 [INFO] Step 0: reward=0.095, dist=4.08
2026-03-02 19:35:05,771 [INFO] Performing PPO update at global step 1802240
2026-03-02 19:35:06,069 [INFO] PPO losses — policy: 0.0529, value: 175.9836, entropy: 4.2242
2026-03-02 19:35:06,075 [INFO] PPO update completed. Buffer cleared.
2026-03-02 19:35:08,060 [INFO] Step 200: reward=-0.389, dist=3.82
2026-03-02 19:35:13,282 [INFO] Step 400: reward=-0.139, dist=4.93
2026-03-02 19:35:19,487 [INFO] Step 600: reward=0.013, dist=6.76
2026-03-02 19:35:25,873 [INFO] Step 800: reward=-0.009, dist=7.93
2026-03-02 19:35:30,830 [INFO] Episode 2257 COMPLETE | Reward -831.14 | Steps 1000 | Terminated False | Truncated True
2026-03-02 19:35:35,025 [INFO] Step 0: reward=-1.815, dist=7.50
2026-03-02 19:35:41,610 [INFO] Step 200: reward=-0.064, dist=8.44
2026-03-02 19:35:46,942 [INFO] Step 400: reward=-1.902, dist=9.63
2026-03-02 19:35:54,018 [INFO] Step 600: reward=0.104, dist=10.64
2026-03-02 19:35:59,279 [INFO] Step 800: reward=0.092, dist=10.24
2026-03-02 19:36:05,046 [INFO] Episode 2258 COMPLETE | Reward -385.49 | Steps 1000 | Terminated False | Truncated True
2026-03-02 19:36:07,805 [INFO] Step 0: reward=-0.005, dist=7.29
2026-03-02 19:36:13,691 [INFO] Performing PPO update at global step 1804288
2026-03-02 19:36:13,962 [INFO] PPO losses — policy: -0.0015, value: 172.9730, entropy: 4.2242
2026-03-02 19:36:13,967 [INFO] PPO update completed. Buffer cleared.
2026-03-02 19:36:14,794 [INFO] Step 200: reward=0.060, dist=7.78
2026-03-02 19:36:19,068 [INFO] Step 400: reward=0.269, dist=7.11
2026-03-02 19:36:24,084 [INFO] Step 600: reward=4.419, dist=5.47
2026-03-02 19:36:29,003 [INFO] Step 800: reward=6.475, dist=3.10
2026-03-02 19:36:33,439 [INFO] Episode 2259 COMPLETE | Reward 2241.33 | Steps 960 | Terminated True | Truncated False
2026-03-02 19:36:36,625 [INFO] Step 0: reward=-1.270, dist=6.46
2026-03-02 19:36:41,582 [INFO] Step 200: reward=0.136, dist=6.26
2026-03-02 19:36:48,430 [INFO] Step 400: reward=0.934, dist=4.83
2026-03-02 19:36:53,545 [INFO] Step 600: reward=6.302, dist=2.39
2026-03-02 19:36:56,407 [INFO] Episode 2260 COMPLETE | Reward 1481.40 | Steps 703 | Terminated True | Truncated False
2026-03-02 19:36:56,430 [INFO] Checkpoint saved: checkpoints/ppo_ep_02260.pt
2026-03-02 19:36:58,644 [INFO] Step 0: reward=0.082, dist=4.29
2026-03-02 19:37:04,802 [INFO] Step 200: reward=-0.078, dist=3.64
2026-03-02 19:37:11,306 [INFO] Step 400: reward=0.660, dist=1.43
2026-03-02 19:37:12,175 [INFO] Episode 2261 COMPLETE | Reward 380.31 | Steps 422 | Terminated True | Truncated False
2026-03-02 19:37:24,698 [INFO] Step 0: reward=0.091, dist=4.24
2026-03-02 19:37:28,113 [INFO] Performing PPO update at global step 1806336
2026-03-02 19:37:28,397 [INFO] PPO losses — policy: 0.0347, value: 1926.3931, entropy: 4.2242
2026-03-02 19:37:28,401 [INFO] PPO update completed. Buffer cleared.
2026-03-02 19:37:30,710 [INFO] Step 200: reward=-0.107, dist=2.93
2026-03-02 19:37:36,742 [INFO] Step 400: reward=-0.208, dist=1.36
2026-03-02 19:37:38,608 [INFO] Episode 2262 COMPLETE | Reward -196.55 | Steps 480 | Terminated True | Truncated False
2026-03-02 19:37:46,825 [INFO] Step 0: reward=0.095, dist=5.72
2026-03-02 19:37:49,640 [INFO] Episode 2263 COMPLETE | Reward -1303.99 | Steps 80 | Terminated False | Truncated True
2026-03-02 19:37:52,715 [INFO] Step 0: reward=-0.005, dist=5.92
2026-03-02 19:37:57,993 [INFO] Step 200: reward=0.093, dist=5.18
2026-03-02 19:38:02,133 [INFO] Step 400: reward=0.001, dist=5.65
2026-03-02 19:38:08,556 [INFO] Step 600: reward=-0.303, dist=7.50
2026-03-02 19:38:13,870 [INFO] Step 800: reward=0.095, dist=8.85
2026-03-02 19:38:17,761 [INFO] Episode 2264 COMPLETE | Reward -803.55 | Steps 1000 | Terminated False | Truncated True
2026-03-02 19:38:22,890 [INFO] Step 0: reward=-2.202, dist=3.50
2026-03-02 19:38:27,869 [INFO] Step 200: reward=-3.776, dist=2.96
2026-03-02 19:38:33,599 [INFO] Step 400: reward=-0.280, dist=2.93
2026-03-02 19:38:40,044 [INFO] Step 600: reward=-2.285, dist=3.89
2026-03-02 19:38:40,752 [INFO] Performing PPO update at global step 1808384
2026-03-02 19:38:41,030 [INFO] PPO losses — policy: -0.0002, value: 3451.5567, entropy: 4.2242
2026-03-02 19:38:41,035 [INFO] PPO update completed. Buffer cleared.
2026-03-02 19:38:46,284 [INFO] Step 800: reward=-4.136, dist=3.85
2026-03-02 19:38:52,481 [INFO] Episode 2265 COMPLETE | Reward -1125.89 | Steps 1000 | Terminated False | Truncated True
2026-03-02 19:38:55,786 [INFO] Step 0: reward=-0.209, dist=2.77
2026-03-02 19:39:02,445 [INFO] Step 200: reward=-2.305, dist=3.76
2026-03-02 19:39:07,608 [INFO] Step 400: reward=-0.202, dist=3.29
2026-03-02 19:39:13,722 [INFO] Step 600: reward=-1.427, dist=2.48
2026-03-02 19:39:18,538 [INFO] Step 800: reward=-0.309, dist=2.72
2026-03-02 19:39:25,547 [INFO] Episode 2266 COMPLETE | Reward -1190.12 | Steps 1000 | Terminated False | Truncated True
2026-03-02 19:39:28,595 [INFO] Step 0: reward=-0.249, dist=7.74
2026-03-02 19:39:33,969 [INFO] Step 200: reward=0.171, dist=7.46
2026-03-02 19:39:35,263 [INFO] Policy action (normalized): v = +0.997, w = -0.575 | Cmd_vel (scaled): v = +0.997 m/s, w = -0.575 rad/s
2026-03-02 19:39:40,606 [INFO] Step 400: reward=-1.889, dist=6.58
2026-03-02 19:39:45,354 [INFO] Step 600: reward=0.003, dist=6.96
2026-03-02 19:39:47,864 [INFO] Performing PPO update at global step 1810432
2026-03-02 19:39:48,145 [INFO] PPO losses — policy: -0.0021, value: 243.9937, entropy: 4.2242
2026-03-02 19:39:48,152 [INFO] PPO update completed. Buffer cleared.
2026-03-02 19:39:51,271 [INFO] Step 800: reward=-1.948, dist=7.82
2026-03-02 19:39:58,541 [INFO] Episode 2267 COMPLETE | Reward -796.15 | Steps 1000 | Terminated False | Truncated True
2026-03-02 19:40:02,804 [INFO] Step 0: reward=-0.205, dist=1.74
2026-03-02 19:40:08,162 [INFO] Step 200: reward=-0.277, dist=2.67
2026-03-02 19:40:13,324 [INFO] Step 400: reward=-2.261, dist=2.74
2026-03-02 19:40:19,039 [INFO] Step 600: reward=-0.213, dist=1.87
2026-03-02 19:40:23,751 [INFO] Step 800: reward=-0.347, dist=1.78
2026-03-02 19:40:28,208 [INFO] Episode 2268 COMPLETE | Reward -1219.93 | Steps 1000 | Terminated False | Truncated True
2026-03-02 19:40:31,962 [INFO] Step 0: reward=0.095, dist=6.03
2026-03-02 19:40:37,323 [INFO] Step 200: reward=-1.916, dist=5.86
2026-03-02 19:40:42,720 [INFO] Step 400: reward=-1.905, dist=4.94
2026-03-02 19:40:47,837 [INFO] Step 600: reward=-1.924, dist=5.04
2026-03-02 19:40:51,931 [INFO] Performing PPO update at global step 1812480
2026-03-02 19:40:52,214 [INFO] PPO losses — policy: 0.0112, value: 260.9644, entropy: 4.2242
2026-03-02 19:40:52,220 [INFO] PPO update completed. Buffer cleared.
2026-03-02 19:40:53,875 [INFO] Step 800: reward=-0.446, dist=6.03
2026-03-02 19:40:58,462 [INFO] Episode 2269 COMPLETE | Reward -882.86 | Steps 1000 | Terminated False | Truncated True
2026-03-02 19:41:01,866 [INFO] Step 0: reward=-0.218, dist=1.86
2026-03-02 19:41:05,616 [INFO] Step 200: reward=-3.185, dist=2.35
2026-03-02 19:41:13,066 [INFO] Step 400: reward=-0.215, dist=3.28
2026-03-02 19:41:18,246 [INFO] Step 600: reward=-2.221, dist=2.50
2026-03-02 19:41:24,093 [INFO] Step 800: reward=-2.206, dist=1.87
2026-03-02 19:41:28,816 [INFO] Episode 2270 COMPLETE | Reward -1177.41 | Steps 1000 | Terminated False | Truncated True
2026-03-02 19:41:28,836 [INFO] Checkpoint saved: checkpoints/ppo_ep_02270.pt
2026-03-02 19:41:31,645 [INFO] Step 0: reward=0.095, dist=7.66
2026-03-02 19:41:37,262 [INFO] Step 200: reward=0.094, dist=7.95
2026-03-02 19:41:41,735 [INFO] Step 400: reward=0.027, dist=8.75
2026-03-02 19:41:47,326 [INFO] Step 600: reward=-1.909, dist=8.55
2026-03-02 19:41:53,387 [INFO] Performing PPO update at global step 1814528
2026-03-02 19:41:53,658 [INFO] PPO losses — policy: 0.0097, value: 247.1211, entropy: 4.2242
2026-03-02 19:41:53,663 [INFO] PPO update completed. Buffer cleared.
2026-03-02 19:41:54,769 [INFO] Step 800: reward=-1.912, dist=7.66
2026-03-02 19:41:59,431 [INFO] Episode 2271 COMPLETE | Reward -897.50 | Steps 1000 | Terminated False | Truncated True
2026-03-02 19:42:01,719 [INFO] Step 0: reward=-0.305, dist=3.19
2026-03-02 19:42:07,792 [INFO] Step 200: reward=-2.205, dist=3.62
2026-03-02 19:42:14,243 [INFO] Step 400: reward=-0.233, dist=2.69
2026-03-02 19:42:20,277 [INFO] Step 600: reward=-0.372, dist=2.89
2026-03-02 19:42:26,750 [INFO] Step 800: reward=-0.232, dist=3.58
2026-03-02 19:42:32,034 [INFO] Episode 2272 COMPLETE | Reward -868.61 | Steps 1000 | Terminated False | Truncated True
2026-03-02 19:42:35,053 [INFO] Step 0: reward=0.094, dist=6.39
2026-03-02 19:42:41,834 [INFO] Step 200: reward=-0.018, dist=5.53
2026-03-02 19:42:46,904 [INFO] Step 400: reward=0.069, dist=6.17
2026-03-02 19:42:53,268 [INFO] Step 600: reward=0.125, dist=6.74
2026-03-02 19:42:58,731 [INFO] Step 800: reward=0.093, dist=5.99
2026-03-02 19:42:59,324 [INFO] Performing PPO update at global step 1816576
2026-03-02 19:42:59,601 [INFO] PPO losses — policy: -0.0002, value: 167.6067, entropy: 4.2242
2026-03-02 19:42:59,607 [INFO] PPO update completed. Buffer cleared.
2026-03-02 19:43:05,934 [INFO] Episode 2273 COMPLETE | Reward -687.36 | Steps 1000 | Terminated False | Truncated True
2026-03-02 19:43:10,646 [INFO] Step 0: reward=0.049, dist=6.24
2026-03-02 19:43:16,202 [INFO] Step 200: reward=0.002, dist=7.16
2026-03-02 19:43:20,581 [INFO] Step 400: reward=-1.959, dist=7.55
2026-03-02 19:43:25,838 [INFO] Step 600: reward=-1.928, dist=6.83
2026-03-02 19:43:31,513 [INFO] Step 800: reward=-1.951, dist=6.32
2026-03-02 19:43:36,403 [INFO] Episode 2274 COMPLETE | Reward -824.33 | Steps 1000 | Terminated False | Truncated True
2026-03-02 19:43:40,786 [INFO] Step 0: reward=-1.985, dist=6.39
2026-03-02 19:43:46,887 [INFO] Step 200: reward=0.093, dist=6.83
2026-03-02 19:43:51,807 [INFO] Step 400: reward=0.268, dist=6.17
2026-03-02 19:43:57,037 [INFO] Step 600: reward=-0.068, dist=5.58
2026-03-02 19:44:02,122 [INFO] Step 800: reward=-1.994, dist=6.26
2026-03-02 19:44:03,146 [INFO] Performing PPO update at global step 1818624
2026-03-02 19:44:03,422 [INFO] PPO losses — policy: 0.0365, value: 161.2867, entropy: 4.2242
2026-03-02 19:44:03,427 [INFO] PPO update completed. Buffer cleared.
2026-03-02 19:44:07,323 [INFO] Episode 2275 COMPLETE | Reward -790.72 | Steps 1000 | Terminated False | Truncated True
2026-03-02 19:44:10,699 [INFO] Step 0: reward=0.085, dist=7.49
2026-03-02 19:44:17,211 [INFO] Step 200: reward=0.051, dist=8.10
2026-03-02 19:44:22,104 [INFO] Step 400: reward=-1.885, dist=7.24
2026-03-02 19:44:28,371 [INFO] Step 600: reward=0.092, dist=7.63
2026-03-02 19:44:32,322 [INFO] Step 800: reward=-2.044, dist=8.51
2026-03-02 19:44:36,949 [INFO] Episode 2276 COMPLETE | Reward -827.12 | Steps 1000 | Terminated False | Truncated True
2026-03-02 19:44:40,017 [INFO] Step 0: reward=0.090, dist=5.13
2026-03-02 19:44:46,050 [INFO] Step 200: reward=0.084, dist=4.90
2026-03-02 19:44:46,807 [INFO] Policy action (normalized): v = +1.000, w = -0.747 | Cmd_vel (scaled): v = +1.000 m/s, w = -0.747 rad/s
2026-03-02 19:44:51,037 [INFO] Step 400: reward=0.014, dist=5.75
2026-03-02 19:44:56,656 [INFO] Step 600: reward=0.138, dist=5.90
2026-03-02 19:45:03,575 [INFO] Step 800: reward=-1.905, dist=4.71
2026-03-02 19:45:05,359 [INFO] Performing PPO update at global step 1820672
2026-03-02 19:45:05,718 [INFO] PPO losses — policy: 0.0203, value: 163.9920, entropy: 4.2242
2026-03-02 19:45:05,724 [INFO] PPO update completed. Buffer cleared.
2026-03-02 19:45:08,223 [INFO] Episode 2277 COMPLETE | Reward -728.42 | Steps 1000 | Terminated False | Truncated True
2026-03-02 19:45:12,242 [INFO] Step 0: reward=-0.261, dist=3.12
2026-03-02 19:45:17,315 [INFO] Step 200: reward=-2.238, dist=2.21
2026-03-02 19:45:21,414 [INFO] Step 400: reward=-0.229, dist=2.70
2026-03-02 19:45:25,607 [INFO] Step 600: reward=-0.256, dist=3.36
2026-03-02 19:45:30,419 [INFO] Step 800: reward=-0.191, dist=3.22
2026-03-02 19:45:35,983 [INFO] Episode 2278 COMPLETE | Reward -1293.15 | Steps 1000 | Terminated False | Truncated True
2026-03-02 19:45:40,839 [INFO] Step 0: reward=0.094, dist=5.17
2026-03-02 19:45:47,056 [INFO] Step 200: reward=0.035, dist=5.68
2026-03-02 19:45:52,194 [INFO] Step 400: reward=0.081, dist=4.94
2026-03-02 19:45:57,040 [INFO] Step 600: reward=0.094, dist=4.54
2026-03-02 19:46:01,292 [INFO] Step 800: reward=-1.921, dist=5.19
2026-03-02 19:46:05,310 [INFO] Performing PPO update at global step 1822720
2026-03-02 19:46:05,590 [INFO] PPO losses — policy: 0.0211, value: 247.9380, entropy: 4.2242
2026-03-02 19:46:05,596 [INFO] PPO update completed. Buffer cleared.
2026-03-02 19:46:06,213 [INFO] Episode 2279 COMPLETE | Reward -864.77 | Steps 1000 | Terminated False | Truncated True
2026-03-02 19:46:10,526 [INFO] Step 0: reward=0.078, dist=5.31
2026-03-02 19:46:15,964 [INFO] Step 200: reward=-1.809, dist=4.83
2026-03-02 19:46:22,346 [INFO] Step 400: reward=0.086, dist=4.23
2026-03-02 19:46:25,358 [INFO] Step 600: reward=0.076, dist=4.60
2026-03-02 19:46:30,759 [INFO] Step 800: reward=0.121, dist=5.38
2026-03-02 19:46:36,148 [INFO] Episode 2280 COMPLETE | Reward -671.10 | Steps 1000 | Terminated False | Truncated True
2026-03-02 19:46:36,165 [INFO] Checkpoint saved: checkpoints/ppo_ep_02280.pt
2026-03-02 19:46:41,035 [INFO] Step 0: reward=0.064, dist=7.25
2026-03-02 19:46:46,495 [INFO] Step 200: reward=-1.908, dist=8.16
2026-03-02 19:46:52,063 [INFO] Step 400: reward=-1.912, dist=7.92
2026-03-02 19:46:56,906 [INFO] Step 600: reward=-1.650, dist=6.85
2026-03-02 19:47:01,673 [INFO] Step 800: reward=0.087, dist=7.14
2026-03-02 19:47:07,337 [INFO] Episode 2281 COMPLETE | Reward -763.89 | Steps 1000 | Terminated False | Truncated True
2026-03-02 19:47:10,336 [INFO] Step 0: reward=0.079, dist=6.38
2026-03-02 19:47:10,611 [INFO] Performing PPO update at global step 1824768
2026-03-02 19:47:10,887 [INFO] PPO losses — policy: 0.0794, value: 125.4488, entropy: 4.2242
2026-03-02 19:47:10,892 [INFO] PPO update completed. Buffer cleared.
2026-03-02 19:47:17,445 [INFO] Step 200: reward=-1.905, dist=5.53
2026-03-02 19:47:21,405 [INFO] Step 400: reward=-3.145, dist=6.04
2026-03-02 19:47:26,663 [INFO] Step 600: reward=0.096, dist=6.79
2026-03-02 19:47:32,033 [INFO] Step 800: reward=0.093, dist=6.24
2026-03-02 19:47:38,093 [INFO] Episode 2282 COMPLETE | Reward -762.66 | Steps 1000 | Terminated False | Truncated True
2026-03-02 19:47:40,775 [INFO] Step 0: reward=0.094, dist=5.95
2026-03-02 19:47:45,287 [INFO] Step 200: reward=0.139, dist=5.01
2026-03-02 19:47:50,616 [INFO] Step 400: reward=-1.920, dist=5.27
2026-03-02 19:47:56,618 [INFO] Step 600: reward=-2.005, dist=6.16
2026-03-02 19:48:01,993 [INFO] Step 800: reward=0.176, dist=5.44
2026-03-02 19:48:06,460 [INFO] Episode 2283 COMPLETE | Reward -739.45 | Steps 1000 | Terminated False | Truncated True
2026-03-02 19:48:10,679 [INFO] Step 0: reward=0.049, dist=7.58
2026-03-02 19:48:11,798 [INFO] Performing PPO update at global step 1826816
2026-03-02 19:48:12,077 [INFO] PPO losses — policy: 0.0180, value: 131.3368, entropy: 4.2242
2026-03-02 19:48:12,083 [INFO] PPO update completed. Buffer cleared.
2026-03-02 19:48:16,433 [INFO] Step 200: reward=0.194, dist=7.28
2026-03-02 19:48:21,450 [INFO] Step 400: reward=0.196, dist=6.47
2026-03-02 19:48:26,466 [INFO] Step 600: reward=-1.954, dist=6.57
2026-03-02 19:48:30,904 [INFO] Step 800: reward=-0.005, dist=7.43
2026-03-02 19:48:36,989 [INFO] Episode 2284 COMPLETE | Reward -801.92 | Steps 1000 | Terminated False | Truncated True
2026-03-02 19:48:40,777 [INFO] Step 0: reward=0.084, dist=4.98
2026-03-02 19:48:46,424 [INFO] Step 200: reward=0.094, dist=5.37
2026-03-02 19:48:51,260 [INFO] Step 400: reward=0.138, dist=4.52
2026-03-02 19:48:57,004 [INFO] Step 600: reward=-0.013, dist=4.41
2026-03-02 19:49:01,096 [INFO] Step 800: reward=-1.959, dist=5.06
2026-03-02 19:49:05,517 [INFO] Episode 2285 COMPLETE | Reward -880.48 | Steps 1000 | Terminated False | Truncated True
2026-03-02 19:49:10,757 [INFO] Step 0: reward=0.092, dist=6.20
2026-03-02 19:49:13,739 [INFO] Performing PPO update at global step 1828864
2026-03-02 19:49:14,020 [INFO] PPO losses — policy: 0.0251, value: 173.1853, entropy: 4.2242
2026-03-02 19:49:14,025 [INFO] PPO update completed. Buffer cleared.
2026-03-02 19:49:15,289 [INFO] Step 200: reward=-1.949, dist=6.90
2026-03-02 19:49:20,081 [INFO] Step 400: reward=-0.005, dist=7.35
2026-03-02 19:49:26,187 [INFO] Step 600: reward=0.127, dist=6.51
2026-03-02 19:49:30,962 [INFO] Step 800: reward=-2.030, dist=6.07
2026-03-02 19:49:36,248 [INFO] Episode 2286 COMPLETE | Reward -816.71 | Steps 1000 | Terminated False | Truncated True
2026-03-02 19:49:40,911 [INFO] Step 0: reward=-0.239, dist=1.93
2026-03-02 19:49:46,331 [INFO] Step 200: reward=-0.327, dist=2.80
2026-03-02 19:49:47,613 [INFO] Policy action (normalized): v = +1.000, w = -0.440 | Cmd_vel (scaled): v = +1.000 m/s, w = -0.440 rad/s
2026-03-02 19:49:52,196 [INFO] Step 400: reward=-4.148, dist=3.19
2026-03-02 19:49:57,853 [INFO] Step 600: reward=-1.226, dist=2.54
2026-03-02 19:50:03,152 [INFO] Step 800: reward=-2.247, dist=1.78
2026-03-02 19:50:07,882 [INFO] Episode 2287 COMPLETE | Reward -1159.03 | Steps 1000 | Terminated False | Truncated True
2026-03-02 19:50:10,609 [INFO] Step 0: reward=-0.213, dist=2.50
2026-03-02 19:50:15,582 [INFO] Performing PPO update at global step 1830912
2026-03-02 19:50:15,867 [INFO] PPO losses — policy: 0.0069, value: 206.3969, entropy: 4.2242
2026-03-02 19:50:15,873 [INFO] PPO update completed. Buffer cleared.
2026-03-02 19:50:16,339 [INFO] Step 200: reward=-2.211, dist=2.97
2026-03-02 19:50:20,701 [INFO] Step 400: reward=-2.305, dist=3.62
2026-03-02 19:50:26,928 [INFO] Step 600: reward=-2.208, dist=3.39
2026-03-02 19:50:32,712 [INFO] Step 800: reward=-2.207, dist=2.45
2026-03-02 19:50:37,550 [INFO] Episode 2288 COMPLETE | Reward -1086.04 | Steps 1000 | Terminated False | Truncated True
2026-03-02 19:50:40,789 [INFO] Step 0: reward=0.072, dist=6.46
2026-03-02 19:50:46,957 [INFO] Step 200: reward=-1.907, dist=6.34
2026-03-02 19:50:52,545 [INFO] Step 400: reward=-1.906, dist=7.21
2026-03-02 19:50:58,377 [INFO] Step 600: reward=0.126, dist=7.42
2026-03-02 19:51:04,908 [INFO] Step 800: reward=0.095, dist=6.26
2026-03-02 19:51:10,251 [INFO] Episode 2289 COMPLETE | Reward -670.79 | Steps 1000 | Terminated False | Truncated True
2026-03-02 19:51:15,400 [INFO] Step 0: reward=-0.205, dist=3.48
2026-03-02 19:51:21,835 [INFO] Performing PPO update at global step 1832960
2026-03-02 19:51:22,150 [INFO] PPO losses — policy: 0.0113, value: 192.7512, entropy: 4.2242
2026-03-02 19:51:22,156 [INFO] PPO update completed. Buffer cleared.
2026-03-02 19:51:22,167 [INFO] Step 200: reward=-0.205, dist=2.79
2026-03-02 19:51:28,855 [INFO] Step 400: reward=-2.294, dist=2.44
2026-03-02 19:51:36,173 [INFO] Step 600: reward=-0.806, dist=3.59
2026-03-02 19:51:41,834 [INFO] Step 800: reward=-2.208, dist=2.70
2026-03-02 19:51:48,074 [INFO] Episode 2290 COMPLETE | Reward -703.78 | Steps 1000 | Terminated False | Truncated True
2026-03-02 19:51:48,096 [INFO] Checkpoint saved: checkpoints/ppo_ep_02290.pt
2026-03-02 19:51:51,244 [INFO] Step 0: reward=-0.205, dist=2.64
2026-03-02 19:51:56,750 [INFO] Step 200: reward=-0.345, dist=3.73
2026-03-02 19:52:00,387 [INFO] Step 400: reward=-0.220, dist=3.84
2026-03-02 19:52:04,444 [INFO] Step 600: reward=-2.151, dist=3.37
2026-03-02 19:52:10,369 [INFO] Step 800: reward=-2.205, dist=2.46
2026-03-02 19:52:15,134 [INFO] Episode 2291 COMPLETE | Reward -1239.63 | Steps 1000 | Terminated False | Truncated True
2026-03-02 19:52:18,197 [INFO] Step 0: reward=-0.211, dist=3.36
2026-03-02 19:52:24,301 [INFO] Step 200: reward=-0.265, dist=2.85
2026-03-02 19:52:25,486 [INFO] Performing PPO update at global step 1835008
2026-03-02 19:52:25,767 [INFO] PPO losses — policy: 0.1259, value: 204.8796, entropy: 4.2242
2026-03-02 19:52:25,772 [INFO] PPO update completed. Buffer cleared.
2026-03-02 19:52:29,961 [INFO] Step 400: reward=-3.505, dist=2.07
2026-03-02 19:52:34,346 [INFO] Step 600: reward=-2.238, dist=2.37
2026-03-02 19:52:38,124 [INFO] Step 800: reward=-2.330, dist=2.88
2026-03-02 19:52:42,770 [INFO] Episode 2292 COMPLETE | Reward -1524.67 | Steps 1000 | Terminated False | Truncated True
2026-03-02 19:52:46,779 [INFO] Step 0: reward=-0.217, dist=1.81
2026-03-02 19:52:52,583 [INFO] Step 200: reward=-0.213, dist=2.67
2026-03-02 19:52:58,782 [INFO] Step 400: reward=-0.137, dist=2.36
2026-03-02 19:53:03,905 [INFO] Step 600: reward=-2.237, dist=1.54
2026-03-02 19:53:07,467 [INFO] Step 800: reward=-2.278, dist=1.73
2026-03-02 19:53:12,876 [INFO] Episode 2293 COMPLETE | Reward -1241.36 | Steps 1000 | Terminated False | Truncated True
2026-03-02 19:53:16,694 [INFO] Step 0: reward=0.066, dist=5.55
2026-03-02 19:53:20,713 [INFO] Step 200: reward=-1.919, dist=4.87
2026-03-02 19:53:23,401 [INFO] Performing PPO update at global step 1837056
2026-03-02 19:53:23,690 [INFO] PPO losses — policy: 0.0230, value: 379.1597, entropy: 4.2242
2026-03-02 19:53:23,695 [INFO] PPO update completed. Buffer cleared.
2026-03-02 19:53:27,609 [INFO] Step 400: reward=-0.011, dist=5.18
2026-03-02 19:53:33,822 [INFO] Step 600: reward=0.095, dist=5.89
2026-03-02 19:53:40,845 [INFO] Step 800: reward=0.149, dist=4.93
2026-03-02 19:53:46,315 [INFO] Episode 2294 COMPLETE | Reward -660.57 | Steps 1000 | Terminated False | Truncated True
2026-03-02 19:53:50,511 [INFO] Step 0: reward=0.057, dist=5.36
2026-03-02 19:53:57,975 [INFO] Step 200: reward=-1.938, dist=6.29
2026-03-02 19:54:04,231 [INFO] Step 400: reward=0.086, dist=5.72
2026-03-02 19:54:09,217 [INFO] Step 600: reward=-2.166, dist=5.11
2026-03-02 19:54:17,117 [INFO] Step 800: reward=-0.070, dist=5.83
2026-03-02 19:54:22,592 [INFO] Episode 2295 COMPLETE | Reward -812.59 | Steps 1000 | Terminated False | Truncated True
2026-03-02 19:54:34,088 [INFO] Step 0: reward=-0.262, dist=4.48
2026-03-02 19:54:39,159 [INFO] Step 200: reward=-0.160, dist=3.67
2026-03-02 19:54:43,098 [INFO] Performing PPO update at global step 1839104
2026-03-02 19:54:43,436 [INFO] PPO losses — policy: 0.0051, value: 173.3912, entropy: 4.2242
2026-03-02 19:54:43,441 [INFO] PPO update completed. Buffer cleared.
2026-03-02 19:54:45,137 [INFO] Step 400: reward=-0.314, dist=3.88
2026-03-02 19:54:51,559 [INFO] Step 600: reward=0.081, dist=4.76
2026-03-02 19:54:57,850 [INFO] Step 800: reward=-2.154, dist=2.98
2026-03-02 19:55:03,902 [INFO] Episode 2296 COMPLETE | Reward -918.59 | Steps 1000 | Terminated False | Truncated True
2026-03-02 19:55:05,999 [INFO] Step 0: reward=-1.827, dist=2.72
2026-03-02 19:55:10,074 [INFO] Step 200: reward=-2.205, dist=2.03
2026-03-02 19:55:10,817 [INFO] Policy action (normalized): v = +0.975, w = +0.998 | Cmd_vel (scaled): v = +0.975 m/s, w = +0.998 rad/s
2026-03-02 19:55:15,767 [INFO] Step 400: reward=-2.206, dist=2.18
2026-03-02 19:55:19,516 [INFO] Step 600: reward=-3.635, dist=2.70
2026-03-02 19:55:24,727 [INFO] Step 800: reward=-0.305, dist=3.10
2026-03-02 19:55:29,834 [INFO] Episode 2297 COMPLETE | Reward -1504.97 | Steps 1000 | Terminated False | Truncated True
2026-03-02 19:55:34,611 [INFO] Step 0: reward=-0.005, dist=6.92
2026-03-02 19:55:38,889 [INFO] Step 200: reward=-1.921, dist=6.16
2026-03-02 19:55:42,554 [INFO] Performing PPO update at global step 1841152
2026-03-02 19:55:42,834 [INFO] PPO losses — policy: 0.0067, value: 308.5295, entropy: 4.2242
2026-03-02 19:55:42,841 [INFO] PPO update completed. Buffer cleared.
2026-03-02 19:55:43,417 [INFO] Step 400: reward=0.069, dist=6.13
2026-03-02 19:55:48,454 [INFO] Step 600: reward=-1.702, dist=6.76
2026-03-02 19:55:54,730 [INFO] Step 800: reward=0.087, dist=7.30
2026-03-02 19:56:00,592 [INFO] Episode 2298 COMPLETE | Reward -1178.50 | Steps 1000 | Terminated False | Truncated True
2026-03-02 19:56:04,870 [INFO] Step 0: reward=-1.791, dist=7.10
2026-03-02 19:56:11,072 [INFO] Step 200: reward=0.012, dist=7.41
2026-03-02 19:56:14,911 [INFO] Step 400: reward=-0.696, dist=8.06
2026-03-02 19:56:19,918 [INFO] Step 600: reward=-1.914, dist=8.16
2026-03-02 19:56:25,086 [INFO] Step 800: reward=-1.905, dist=7.54
2026-03-02 19:56:30,923 [INFO] Episode 2299 COMPLETE | Reward -1008.82 | Steps 1000 | Terminated False | Truncated True
2026-03-02 19:56:34,127 [INFO] Step 0: reward=0.092, dist=6.04
2026-03-02 19:56:39,051 [INFO] Step 200: reward=0.166, dist=5.26
2026-03-02 19:56:43,128 [INFO] Step 400: reward=0.088, dist=5.21
2026-03-02 19:56:44,041 [INFO] Performing PPO update at global step 1843200
2026-03-02 19:56:44,330 [INFO] PPO losses — policy: -0.0007, value: 257.3118, entropy: 4.2242
2026-03-02 19:56:44,335 [INFO] PPO update completed. Buffer cleared.
2026-03-02 19:56:49,584 [INFO] Step 600: reward=0.090, dist=6.26
2026-03-02 19:56:53,501 [INFO] Step 800: reward=0.060, dist=6.30
2026-03-02 19:56:57,635 [INFO] Episode 2300 COMPLETE | Reward -1176.84 | Steps 1000 | Terminated False | Truncated True
2026-03-02 19:56:57,652 [INFO] Checkpoint saved: checkpoints/ppo_ep_02300.pt
2026-03-02 19:57:01,600 [INFO] Step 0: reward=0.095, dist=7.38
2026-03-02 19:57:05,961 [INFO] Step 200: reward=-1.945, dist=6.56
2026-03-02 19:57:10,811 [INFO] Step 400: reward=-1.988, dist=6.50
2026-03-02 19:57:16,908 [INFO] Step 600: reward=-0.060, dist=7.36
2026-03-02 19:57:21,407 [INFO] Step 800: reward=-1.883, dist=7.59
2026-03-02 19:57:27,108 [INFO] Episode 2301 COMPLETE | Reward -926.67 | Steps 1000 | Terminated False | Truncated True
2026-03-02 19:57:30,319 [INFO] Step 0: reward=-1.587, dist=5.67
2026-03-02 19:57:36,709 [INFO] Step 200: reward=0.025, dist=4.65
2026-03-02 19:57:42,311 [INFO] Step 400: reward=0.095, dist=5.13
2026-03-02 19:57:44,365 [INFO] Performing PPO update at global step 1845248
2026-03-02 19:57:44,645 [INFO] PPO losses — policy: 0.0119, value: 198.3808, entropy: 4.2242
2026-03-02 19:57:44,649 [INFO] PPO update completed. Buffer cleared.
2026-03-02 19:57:46,234 [INFO] Step 600: reward=-2.046, dist=5.66
2026-03-02 19:57:51,884 [INFO] Step 800: reward=0.013, dist=5.97
2026-03-02 19:57:56,675 [INFO] Episode 2302 COMPLETE | Reward -1046.62 | Steps 1000 | Terminated False | Truncated True
2026-03-02 19:58:00,939 [INFO] Step 0: reward=0.053, dist=7.13
2026-03-02 19:58:07,181 [INFO] Step 200: reward=-1.880, dist=6.37
2026-03-02 19:58:13,267 [INFO] Step 400: reward=0.019, dist=6.07
2026-03-02 19:58:20,586 [INFO] Step 600: reward=0.063, dist=7.20
2026-03-02 19:58:27,044 [INFO] Step 800: reward=-1.919, dist=6.55
2026-03-02 19:58:32,406 [INFO] Episode 2303 COMPLETE | Reward -656.30 | Steps 1000 | Terminated False | Truncated True
2026-03-02 19:58:43,963 [INFO] Step 0: reward=0.067, dist=4.45
2026-03-02 19:58:49,451 [INFO] Step 200: reward=-0.205, dist=3.60
2026-03-02 19:58:54,084 [INFO] Step 400: reward=-1.906, dist=4.00
2026-03-02 19:58:57,982 [INFO] Performing PPO update at global step 1847296
2026-03-02 19:58:58,257 [INFO] PPO losses — policy: 0.0102, value: 201.7529, entropy: 4.2242
2026-03-02 19:58:58,264 [INFO] PPO update completed. Buffer cleared.
2026-03-02 19:59:00,618 [INFO] Step 600: reward=0.076, dist=4.88
2026-03-02 19:59:06,090 [INFO] Step 800: reward=0.066, dist=4.25
2026-03-02 19:59:11,689 [INFO] Episode 2304 COMPLETE | Reward -1045.27 | Steps 1000 | Terminated False | Truncated True
2026-03-02 19:59:17,757 [INFO] Step 0: reward=-0.005, dist=4.98
2026-03-02 19:59:24,973 [INFO] Step 200: reward=-0.243, dist=3.88
2026-03-02 19:59:29,050 [INFO] Step 400: reward=-0.122, dist=4.01
2026-03-02 19:59:33,356 [INFO] Step 600: reward=0.013, dist=4.72
2026-03-02 19:59:37,764 [INFO] Step 800: reward=-1.922, dist=5.09
2026-03-02 19:59:43,890 [INFO] Episode 2305 COMPLETE | Reward -1041.73 | Steps 1000 | Terminated False | Truncated True
2026-03-02 19:59:46,005 [INFO] Step 0: reward=-0.215, dist=3.82
2026-03-02 19:59:52,390 [INFO] Step 200: reward=0.085, dist=4.74
2026-03-02 19:59:59,763 [INFO] Step 400: reward=0.085, dist=4.69
2026-03-02 20:00:05,970 [INFO] Performing PPO update at global step 1849344
2026-03-02 20:00:06,256 [INFO] PPO losses — policy: 0.0058, value: 182.5674, entropy: 4.2242
2026-03-02 20:00:06,262 [INFO] PPO update completed. Buffer cleared.
2026-03-02 20:00:06,476 [INFO] Step 600: reward=0.095, dist=4.05
2026-03-02 20:00:11,075 [INFO] Step 800: reward=-0.159, dist=4.87
2026-03-02 20:00:17,606 [INFO] Episode 2306 COMPLETE | Reward -533.84 | Steps 1000 | Terminated False | Truncated True
2026-03-02 20:00:22,684 [INFO] Step 0: reward=0.085, dist=7.79
2026-03-02 20:00:29,274 [INFO] Step 200: reward=-1.406, dist=7.98
2026-03-02 20:00:30,407 [INFO] Policy action (normalized): v = +0.998, w = +0.276 | Cmd_vel (scaled): v = +0.998 m/s, w = +0.276 rad/s
2026-03-02 20:00:35,497 [INFO] Step 400: reward=0.053, dist=7.06
2026-03-02 20:00:41,128 [INFO] Step 600: reward=-0.031, dist=7.27
2026-03-02 20:00:46,397 [INFO] Step 800: reward=0.073, dist=8.02
2026-03-02 20:00:51,989 [INFO] Episode 2307 COMPLETE | Reward -763.32 | Steps 1000 | Terminated False | Truncated True
2026-03-02 20:00:55,968 [INFO] Step 0: reward=-0.229, dist=3.73
2026-03-02 20:01:02,633 [INFO] Step 200: reward=0.083, dist=4.59
2026-03-02 20:01:09,000 [INFO] Step 400: reward=-1.570, dist=3.63
2026-03-02 20:01:14,794 [INFO] Step 600: reward=-2.219, dist=3.30
2026-03-02 20:01:15,436 [INFO] Performing PPO update at global step 1851392
2026-03-02 20:01:15,712 [INFO] PPO losses — policy: 0.0009, value: 132.6777, entropy: 4.2242
2026-03-02 20:01:15,717 [INFO] PPO update completed. Buffer cleared.
2026-03-02 20:01:19,526 [INFO] Step 800: reward=-1.907, dist=4.17
2026-03-02 20:01:25,038 [INFO] Episode 2308 COMPLETE | Reward -810.98 | Steps 1000 | Terminated False | Truncated True
2026-03-02 20:01:29,088 [INFO] Step 0: reward=0.089, dist=6.70
2026-03-02 20:01:33,731 [INFO] Step 200: reward=-1.917, dist=7.13
2026-03-02 20:01:40,673 [INFO] Step 400: reward=0.141, dist=6.05
2026-03-02 20:01:45,611 [INFO] Step 600: reward=-0.094, dist=6.16
2026-03-02 20:01:49,388 [INFO] Step 800: reward=0.003, dist=6.98
2026-03-02 20:01:54,848 [INFO] Episode 2309 COMPLETE | Reward -771.95 | Steps 1000 | Terminated False | Truncated True
2026-03-02 20:02:06,394 [INFO] Step 0: reward=0.070, dist=4.44
2026-03-02 20:02:12,138 [INFO] Step 200: reward=-0.249, dist=3.53
2026-03-02 20:02:18,348 [INFO] Step 400: reward=-0.086, dist=4.26
2026-03-02 20:02:24,843 [INFO] Step 600: reward=0.145, dist=4.53
2026-03-02 20:02:26,111 [INFO] Performing PPO update at global step 1853440
2026-03-02 20:02:26,417 [INFO] PPO losses — policy: 0.0289, value: 175.4614, entropy: 4.2242
2026-03-02 20:02:26,424 [INFO] PPO update completed. Buffer cleared.
2026-03-02 20:02:30,047 [INFO] Step 800: reward=-0.029, dist=7.84
2026-03-02 20:02:35,965 [INFO] Episode 2310 COMPLETE | Reward -921.98 | Steps 1000 | Terminated False | Truncated True
2026-03-02 20:02:35,982 [INFO] Checkpoint saved: checkpoints/ppo_ep_02310.pt
2026-03-02 20:02:40,777 [INFO] Step 0: reward=0.090, dist=5.41
2026-03-02 20:02:46,752 [INFO] Step 200: reward=-0.038, dist=5.08
2026-03-02 20:02:52,172 [INFO] Step 400: reward=0.019, dist=5.99
2026-03-02 20:02:57,407 [INFO] Step 600: reward=0.062, dist=6.07
2026-03-02 20:03:02,385 [INFO] Step 800: reward=0.192, dist=5.27
2026-03-02 20:03:07,563 [INFO] Episode 2311 COMPLETE | Reward -941.19 | Steps 1000 | Terminated False | Truncated True
2026-03-02 20:03:10,883 [INFO] Step 0: reward=-0.305, dist=1.89
2026-03-02 20:03:15,532 [INFO] Step 200: reward=-2.305, dist=2.55
2026-03-02 20:03:22,219 [INFO] Step 400: reward=-0.159, dist=3.34
2026-03-02 20:03:28,459 [INFO] Step 600: reward=-2.208, dist=2.60
2026-03-02 20:03:31,785 [INFO] Performing PPO update at global step 1855488
2026-03-02 20:03:32,072 [INFO] PPO losses — policy: 0.0031, value: 201.1261, entropy: 4.2242
2026-03-02 20:03:32,076 [INFO] PPO update completed. Buffer cleared.
2026-03-02 20:03:34,781 [INFO] Step 800: reward=-0.196, dist=2.37
2026-03-02 20:03:39,781 [INFO] Episode 2312 COMPLETE | Reward -1059.36 | Steps 1000 | Terminated False | Truncated True
2026-03-02 20:03:41,857 [INFO] Step 0: reward=-0.254, dist=2.48
2026-03-02 20:03:47,904 [INFO] Step 200: reward=-0.267, dist=2.31
2026-03-02 20:03:51,820 [INFO] Step 400: reward=-2.229, dist=2.99
2026-03-02 20:03:57,198 [INFO] Step 600: reward=-2.218, dist=3.31
2026-03-02 20:04:02,613 [INFO] Step 800: reward=-2.234, dist=2.76
2026-03-02 20:04:08,661 [INFO] Episode 2313 COMPLETE | Reward -1170.45 | Steps 1000 | Terminated False | Truncated True
2026-03-02 20:04:11,723 [INFO] Step 0: reward=0.091, dist=5.74
2026-03-02 20:04:16,544 [INFO] Step 200: reward=-0.176, dist=6.40
2026-03-02 20:04:21,508 [INFO] Step 400: reward=-1.910, dist=6.96
2026-03-02 20:04:27,753 [INFO] Step 600: reward=-0.005, dist=6.32
2026-03-02 20:04:31,589 [INFO] Performing PPO update at global step 1857536
2026-03-02 20:04:31,985 [INFO] PPO losses — policy: 0.0424, value: 217.2313, entropy: 4.2242
2026-03-02 20:04:31,991 [INFO] PPO update completed. Buffer cleared.
2026-03-02 20:04:33,133 [INFO] Step 800: reward=-0.050, dist=5.71
2026-03-02 20:04:36,860 [INFO] Episode 2314 COMPLETE | Reward -952.72 | Steps 1000 | Terminated False | Truncated True
2026-03-02 20:04:40,651 [INFO] Step 0: reward=0.093, dist=7.15
2026-03-02 20:04:46,193 [INFO] Step 200: reward=-1.801, dist=6.85
2026-03-02 20:04:52,475 [INFO] Step 400: reward=0.075, dist=5.92
2026-03-02 20:04:57,845 [INFO] Step 600: reward=-0.004, dist=6.72
2026-03-02 20:05:02,686 [INFO] Step 800: reward=0.153, dist=6.99
2026-03-02 20:05:08,011 [INFO] Episode 2315 COMPLETE | Reward -854.33 | Steps 1000 | Terminated False | Truncated True
2026-03-02 20:05:11,580 [INFO] Step 0: reward=0.051, dist=5.86
2026-03-02 20:05:15,503 [INFO] Step 200: reward=-2.034, dist=6.55
2026-03-02 20:05:21,952 [INFO] Step 400: reward=0.094, dist=6.53
2026-03-02 20:05:25,859 [INFO] Step 600: reward=-1.934, dist=5.85
2026-03-02 20:05:30,918 [INFO] Step 800: reward=0.090, dist=5.68
2026-03-02 20:05:31,261 [INFO] Performing PPO update at global step 1859584
2026-03-02 20:05:31,665 [INFO] PPO losses — policy: 0.0106, value: 187.4687, entropy: 4.2242
2026-03-02 20:05:31,671 [INFO] PPO update completed. Buffer cleared.
2026-03-02 20:05:35,914 [INFO] Episode 2316 COMPLETE | Reward -964.87 | Steps 1000 | Terminated False | Truncated True
2026-03-02 20:05:47,584 [INFO] Step 0: reward=-1.193, dist=4.48
2026-03-02 20:05:54,255 [INFO] Step 200: reward=-0.256, dist=3.71
2026-03-02 20:05:54,998 [INFO] Policy action (normalized): v = +0.998, w = +0.123 | Cmd_vel (scaled): v = +0.998 m/s, w = +0.123 rad/s
2026-03-02 20:05:58,952 [INFO] Step 400: reward=-0.069, dist=4.43
2026-03-02 20:06:04,562 [INFO] Step 600: reward=0.080, dist=4.88
2026-03-02 20:06:10,589 [INFO] Step 800: reward=-0.472, dist=2.38
2026-03-02 20:06:15,231 [INFO] Episode 2317 COMPLETE | Reward -981.69 | Steps 1000 | Terminated False | Truncated True
2026-03-02 20:06:27,746 [INFO] Step 0: reward=0.076, dist=4.48
2026-03-02 20:06:32,450 [INFO] Step 200: reward=-0.205, dist=3.57
2026-03-02 20:06:37,742 [INFO] Step 400: reward=-2.205, dist=3.99
2026-03-02 20:06:43,448 [INFO] Step 600: reward=-1.906, dist=4.68
2026-03-02 20:06:49,086 [INFO] Step 800: reward=0.070, dist=4.37
2026-03-02 20:06:50,990 [INFO] Performing PPO update at global step 1861632
2026-03-02 20:06:51,270 [INFO] PPO losses — policy: 0.0104, value: 184.6954, entropy: 4.2242
2026-03-02 20:06:51,275 [INFO] PPO update completed. Buffer cleared.
2026-03-02 20:06:55,211 [INFO] Episode 2318 COMPLETE | Reward -869.62 | Steps 1000 | Terminated False | Truncated True
2026-03-02 20:06:59,017 [INFO] Step 0: reward=0.095, dist=4.34
2026-03-02 20:07:02,813 [INFO] Step 200: reward=-1.950, dist=4.80
2026-03-02 20:07:07,713 [INFO] Step 400: reward=-1.905, dist=4.23
2026-03-02 20:07:14,410 [INFO] Step 600: reward=-0.253, dist=3.52
2026-03-02 20:07:19,170 [INFO] Step 800: reward=-2.035, dist=4.26
2026-03-02 20:07:24,516 [INFO] Episode 2319 COMPLETE | Reward -963.33 | Steps 1000 | Terminated False | Truncated True
2026-03-02 20:07:27,639 [INFO] Step 0: reward=-0.005, dist=5.73
2026-03-02 20:07:33,822 [INFO] Step 200: reward=-0.015, dist=6.21
2026-03-02 20:07:39,441 [INFO] Step 400: reward=0.107, dist=7.00
2026-03-02 20:07:45,468 [INFO] Step 600: reward=0.125, dist=6.04
2026-03-02 20:07:51,088 [INFO] Step 800: reward=0.095, dist=5.70
2026-03-02 20:07:55,136 [INFO] Performing PPO update at global step 1863680
2026-03-02 20:07:55,505 [INFO] PPO losses — policy: 0.0634, value: 154.8804, entropy: 4.2242
2026-03-02 20:07:55,512 [INFO] PPO update completed. Buffer cleared.
2026-03-02 20:07:57,475 [INFO] Episode 2320 COMPLETE | Reward -562.01 | Steps 1000 | Terminated False | Truncated True
2026-03-02 20:07:57,501 [INFO] Checkpoint saved: checkpoints/ppo_ep_02320.pt
2026-03-02 20:08:01,726 [INFO] Step 0: reward=0.094, dist=5.93
2026-03-02 20:08:06,160 [INFO] Step 200: reward=-1.909, dist=6.73
2026-03-02 20:08:11,915 [INFO] Step 400: reward=0.141, dist=7.05
2026-03-02 20:08:17,787 [INFO] Step 600: reward=0.118, dist=6.00
2026-03-02 20:08:22,799 [INFO] Step 800: reward=-1.964, dist=5.77
2026-03-02 20:08:29,783 [INFO] Episode 2321 COMPLETE | Reward -762.67 | Steps 1000 | Terminated False | Truncated True
2026-03-02 20:08:34,808 [INFO] Step 0: reward=0.095, dist=7.00
2026-03-02 20:08:38,919 [INFO] Step 200: reward=-1.740, dist=6.72
2026-03-02 20:08:46,050 [INFO] Step 400: reward=0.057, dist=7.81
2026-03-02 20:08:53,149 [INFO] Step 600: reward=-3.272, dist=7.30
2026-03-02 20:08:59,481 [INFO] Step 800: reward=-3.669, dist=6.69
2026-03-02 20:09:04,080 [INFO] Performing PPO update at global step 1865728
2026-03-02 20:09:04,358 [INFO] PPO losses — policy: 0.0112, value: 152.8698, entropy: 4.2242
2026-03-02 20:09:04,363 [INFO] PPO update completed. Buffer cleared.
2026-03-02 20:09:05,009 [INFO] Episode 2322 COMPLETE | Reward -752.11 | Steps 1000 | Terminated False | Truncated True
2026-03-02 20:09:08,025 [INFO] Step 0: reward=-0.213, dist=3.27
2026-03-02 20:09:13,877 [INFO] Step 200: reward=-2.196, dist=2.99
2026-03-02 20:09:18,252 [INFO] Step 400: reward=-0.159, dist=2.30
2026-03-02 20:09:24,357 [INFO] Step 600: reward=-0.418, dist=2.36
2026-03-02 20:09:29,821 [INFO] Step 800: reward=-0.246, dist=3.26
2026-03-02 20:09:34,635 [INFO] Episode 2323 COMPLETE | Reward -1132.64 | Steps 1000 | Terminated False | Truncated True
2026-03-02 20:09:38,736 [INFO] Step 0: reward=0.091, dist=5.07
2026-03-02 20:09:44,688 [INFO] Step 200: reward=0.140, dist=4.62
2026-03-02 20:09:50,477 [INFO] Step 400: reward=0.061, dist=4.01
2026-03-02 20:09:56,008 [INFO] Step 600: reward=-1.943, dist=4.86
2026-03-02 20:10:01,230 [INFO] Step 800: reward=0.090, dist=5.08
2026-03-02 20:10:06,766 [INFO] Episode 2324 COMPLETE | Reward -607.23 | Steps 1000 | Terminated False | Truncated True
2026-03-02 20:10:18,268 [INFO] Step 0: reward=0.092, dist=4.57
2026-03-02 20:10:18,589 [INFO] Performing PPO update at global step 1867776
2026-03-02 20:10:18,880 [INFO] PPO losses — policy: 0.0370, value: 164.3443, entropy: 4.2242
2026-03-02 20:10:18,886 [INFO] PPO update completed. Buffer cleared.
2026-03-02 20:10:22,606 [INFO] Step 200: reward=-2.220, dist=3.65
2026-03-02 20:10:28,038 [INFO] Step 400: reward=-2.265, dist=3.98
2026-03-02 20:10:33,324 [INFO] Step 600: reward=-1.984, dist=4.82
2026-03-02 20:10:40,107 [INFO] Step 800: reward=0.233, dist=4.48
2026-03-02 20:10:45,842 [INFO] Episode 2325 COMPLETE | Reward -1048.00 | Steps 1000 | Terminated False | Truncated True
2026-03-02 20:10:48,970 [INFO] Step 0: reward=0.067, dist=7.68
2026-03-02 20:10:53,642 [INFO] Step 200: reward=-1.758, dist=7.48
2026-03-02 20:11:00,263 [INFO] Step 400: reward=0.091, dist=6.47
2026-03-02 20:11:06,348 [INFO] Step 600: reward=0.095, dist=7.47
2026-03-02 20:11:11,085 [INFO] Step 800: reward=0.092, dist=7.44
2026-03-02 20:11:14,997 [INFO] Episode 2326 COMPLETE | Reward -721.99 | Steps 1000 | Terminated False | Truncated True
2026-03-02 20:11:18,143 [INFO] Step 0: reward=0.039, dist=4.71
2026-03-02 20:11:19,340 [INFO] Performing PPO update at global step 1869824
2026-03-02 20:11:19,627 [INFO] PPO losses — policy: 0.0010, value: 189.6804, entropy: 4.2242
2026-03-02 20:11:19,632 [INFO] PPO update completed. Buffer cleared.
2026-03-02 20:11:23,559 [INFO] Step 200: reward=-2.005, dist=4.32
2026-03-02 20:11:24,640 [INFO] Policy action (normalized): v = +0.927, w = +0.751 | Cmd_vel (scaled): v = +0.927 m/s, w = +0.751 rad/s
2026-03-02 20:11:28,612 [INFO] Step 400: reward=0.092, dist=5.21
2026-03-02 20:11:34,268 [INFO] Step 600: reward=0.068, dist=5.61
2026-03-02 20:11:39,309 [INFO] Step 800: reward=-1.914, dist=4.66
2026-03-02 20:11:45,514 [INFO] Episode 2327 COMPLETE | Reward -767.36 | Steps 1000 | Terminated False | Truncated True
2026-03-02 20:11:49,855 [INFO] Step 0: reward=0.090, dist=4.20
2026-03-02 20:11:56,207 [INFO] Step 200: reward=0.053, dist=4.51
2026-03-02 20:12:02,800 [INFO] Step 400: reward=-0.210, dist=3.40
2026-03-02 20:12:09,329 [INFO] Step 600: reward=-1.431, dist=4.38
2026-03-02 20:12:15,013 [INFO] Step 800: reward=-1.906, dist=4.56
2026-03-02 20:12:21,343 [INFO] Episode 2328 COMPLETE | Reward -545.41 | Steps 1000 | Terminated False | Truncated True
2026-03-02 20:12:25,879 [INFO] Step 0: reward=-0.209, dist=3.80
2026-03-02 20:12:29,055 [INFO] Performing PPO update at global step 1871872
2026-03-02 20:12:29,345 [INFO] PPO losses — policy: 0.0142, value: 108.4025, entropy: 4.2242
2026-03-02 20:12:29,351 [INFO] PPO update completed. Buffer cleared.
2026-03-02 20:12:31,834 [INFO] Step 200: reward=-0.283, dist=4.37
2026-03-02 20:12:38,381 [INFO] Step 400: reward=-1.940, dist=4.91
2026-03-02 20:12:44,072 [INFO] Step 600: reward=-0.077, dist=4.00
2026-03-02 20:12:48,678 [INFO] Step 800: reward=-0.212, dist=3.84
2026-03-02 20:12:54,296 [INFO] Episode 2329 COMPLETE | Reward -667.92 | Steps 1000 | Terminated False | Truncated True
2026-03-02 20:12:58,885 [INFO] Step 0: reward=-0.206, dist=2.15
2026-03-02 20:13:06,418 [INFO] Step 200: reward=-0.172, dist=2.46
2026-03-02 20:13:12,521 [INFO] Step 400: reward=-2.216, dist=1.47
2026-03-02 20:13:18,624 [INFO] Step 600: reward=-0.205, dist=2.38
2026-03-02 20:13:23,036 [INFO] Step 800: reward=-0.186, dist=2.73
2026-03-02 20:13:28,843 [INFO] Episode 2330 COMPLETE | Reward -908.25 | Steps 1000 | Terminated False | Truncated True
2026-03-02 20:13:28,860 [INFO] Checkpoint saved: checkpoints/ppo_ep_02330.pt
2026-03-02 20:13:31,806 [INFO] Step 0: reward=0.094, dist=4.16
2026-03-02 20:13:36,391 [INFO] Performing PPO update at global step 1873920
2026-03-02 20:13:36,746 [INFO] PPO losses — policy: 0.0065, value: 149.9211, entropy: 4.2242
2026-03-02 20:13:36,751 [INFO] PPO update completed. Buffer cleared.
2026-03-02 20:13:37,747 [INFO] Step 200: reward=-2.305, dist=3.73
2026-03-02 20:13:41,963 [INFO] Step 400: reward=-2.197, dist=2.96
2026-03-02 20:13:46,414 [INFO] Step 600: reward=-2.223, dist=3.37
2026-03-02 20:13:51,645 [INFO] Step 800: reward=-2.017, dist=4.21
2026-03-02 20:13:56,977 [INFO] Episode 2331 COMPLETE | Reward -1110.60 | Steps 1000 | Terminated False | Truncated True
2026-03-02 20:14:01,794 [INFO] Step 0: reward=0.093, dist=4.02
2026-03-02 20:14:07,658 [INFO] Step 200: reward=-0.090, dist=3.12
2026-03-02 20:14:11,520 [INFO] Step 400: reward=-2.300, dist=2.93
2026-03-02 20:14:17,370 [INFO] Step 600: reward=-0.755, dist=4.01
2026-03-02 20:14:21,920 [INFO] Step 800: reward=-0.252, dist=3.71
2026-03-02 20:14:27,211 [INFO] Episode 2332 COMPLETE | Reward -934.05 | Steps 1000 | Terminated False | Truncated True
2026-03-02 20:14:31,720 [INFO] Step 0: reward=0.043, dist=6.77
2026-03-02 20:14:35,942 [INFO] Step 200: reward=-1.835, dist=6.03
2026-03-02 20:14:36,135 [INFO] Performing PPO update at global step 1875968
2026-03-02 20:14:36,531 [INFO] PPO losses — policy: 0.0235, value: 192.9779, entropy: 4.2242
2026-03-02 20:14:36,539 [INFO] PPO update completed. Buffer cleared.
2026-03-02 20:14:40,971 [INFO] Step 400: reward=-2.014, dist=5.47
2026-03-02 20:14:46,195 [INFO] Step 600: reward=-0.064, dist=6.27
2026-03-02 20:14:52,652 [INFO] Step 800: reward=0.110, dist=6.63
2026-03-02 20:14:57,659 [INFO] Episode 2333 COMPLETE | Reward -856.31 | Steps 1000 | Terminated False | Truncated True
2026-03-02 20:15:01,608 [INFO] Step 0: reward=-0.226, dist=2.82
2026-03-02 20:15:06,864 [INFO] Step 200: reward=-0.053, dist=1.98
2026-03-02 20:15:13,893 [INFO] Step 400: reward=-2.353, dist=1.76
2026-03-02 20:15:19,544 [INFO] Step 600: reward=-0.301, dist=2.78
2026-03-02 20:15:23,934 [INFO] Step 800: reward=-0.043, dist=2.64
2026-03-02 20:15:28,439 [INFO] Episode 2334 COMPLETE | Reward -910.40 | Steps 1000 | Terminated False | Truncated True
2026-03-02 20:15:31,714 [INFO] Step 0: reward=0.057, dist=5.12
2026-03-02 20:15:37,646 [INFO] Step 200: reward=0.110, dist=4.59
2026-03-02 20:15:38,765 [INFO] Performing PPO update at global step 1878016
2026-03-02 20:15:39,046 [INFO] PPO losses — policy: 0.0103, value: 154.9671, entropy: 4.2242
2026-03-02 20:15:39,050 [INFO] PPO update completed. Buffer cleared.
2026-03-02 20:15:43,602 [INFO] Step 400: reward=-0.237, dist=3.88
2026-03-02 20:15:49,164 [INFO] Step 600: reward=-1.915, dist=4.86
2026-03-02 20:15:54,166 [INFO] Step 800: reward=-1.862, dist=4.83
2026-03-02 20:16:00,591 [INFO] Episode 2335 COMPLETE | Reward -733.11 | Steps 1000 | Terminated False | Truncated True
2026-03-02 20:16:02,668 [INFO] Step 0: reward=-0.207, dist=3.02
2026-03-02 20:16:07,891 [INFO] Step 200: reward=-3.573, dist=3.62
2026-03-02 20:16:13,718 [INFO] Step 400: reward=-2.142, dist=2.98
2026-03-02 20:16:20,434 [INFO] Step 600: reward=-0.205, dist=2.51
2026-03-02 20:16:25,688 [INFO] Step 800: reward=-0.302, dist=3.37
2026-03-02 20:16:31,416 [INFO] Episode 2336 COMPLETE | Reward -1002.28 | Steps 1000 | Terminated False | Truncated True
2026-03-02 20:16:35,741 [INFO] Step 0: reward=-0.218, dist=2.37
2026-03-02 20:16:43,439 [INFO] Step 200: reward=-2.285, dist=3.46
2026-03-02 20:16:44,010 [INFO] Policy action (normalized): v = +0.572, w = -0.353 | Cmd_vel (scaled): v = +0.572 m/s, w = -0.353 rad/s
2026-03-02 20:16:46,366 [INFO] Performing PPO update at global step 1880064
2026-03-02 20:16:46,646 [INFO] PPO losses — policy: 0.0063, value: 160.5259, entropy: 4.2242
2026-03-02 20:16:46,652 [INFO] PPO update completed. Buffer cleared.
2026-03-02 20:16:49,568 [INFO] Step 400: reward=-0.207, dist=3.14
2026-03-02 20:16:54,511 [INFO] Step 600: reward=-2.209, dist=2.29
2026-03-02 20:16:57,486 [INFO] Step 800: reward=-2.253, dist=2.41
2026-03-02 20:17:03,057 [INFO] Episode 2337 COMPLETE | Reward -1054.40 | Steps 1000 | Terminated False | Truncated True
2026-03-02 20:17:06,061 [INFO] Step 0: reward=0.095, dist=4.43
2026-03-02 20:17:12,842 [INFO] Step 200: reward=-0.274, dist=3.58
2026-03-02 20:17:16,832 [INFO] Step 400: reward=-1.916, dist=4.16
2026-03-02 20:17:21,805 [INFO] Step 600: reward=-1.942, dist=4.72
2026-03-02 20:17:26,963 [INFO] Step 800: reward=-0.144, dist=3.95
2026-03-02 20:17:32,673 [INFO] Episode 2338 COMPLETE | Reward -852.69 | Steps 1000 | Terminated False | Truncated True
2026-03-02 20:17:37,797 [INFO] Step 0: reward=0.095, dist=5.65
2026-03-02 20:17:44,705 [INFO] Step 200: reward=-0.019, dist=5.51
2026-03-02 20:17:48,736 [INFO] Performing PPO update at global step 1882112
2026-03-02 20:17:49,014 [INFO] PPO losses — policy: 0.0095, value: 187.4938, entropy: 4.2242
2026-03-02 20:17:49,020 [INFO] PPO update completed. Buffer cleared.
2026-03-02 20:17:50,670 [INFO] Step 400: reward=-3.421, dist=6.58
2026-03-02 20:17:54,876 [INFO] Step 600: reward=-1.928, dist=6.32
2026-03-02 20:18:01,377 [INFO] Step 800: reward=0.084, dist=5.34
2026-03-02 20:18:06,211 [INFO] Episode 2339 COMPLETE | Reward -735.43 | Steps 1000 | Terminated False | Truncated True
2026-03-02 20:18:10,539 [INFO] Step 0: reward=0.095, dist=7.81
2026-03-02 20:18:16,846 [INFO] Step 200: reward=-0.008, dist=8.63
2026-03-02 20:18:23,185 [INFO] Step 400: reward=0.020, dist=8.86
2026-03-02 20:18:28,818 [INFO] Step 600: reward=-1.905, dist=7.86
2026-03-02 20:18:34,806 [INFO] Step 800: reward=-2.031, dist=7.97
2026-03-02 20:18:41,914 [INFO] Episode 2340 COMPLETE | Reward -585.96 | Steps 1000 | Terminated False | Truncated True
2026-03-02 20:18:41,931 [INFO] Checkpoint saved: checkpoints/ppo_ep_02340.pt
2026-03-02 20:18:45,094 [INFO] Step 0: reward=-0.205, dist=3.69
2026-03-02 20:18:48,950 [INFO] Step 200: reward=-1.905, dist=4.17
2026-03-02 20:18:54,734 [INFO] Performing PPO update at global step 1884160
2026-03-02 20:18:55,108 [INFO] PPO losses — policy: 0.0096, value: 141.5280, entropy: 4.2242
2026-03-02 20:18:55,114 [INFO] PPO update completed. Buffer cleared.
2026-03-02 20:18:55,122 [INFO] Step 400: reward=-2.238, dist=3.30
2026-03-02 20:19:00,613 [INFO] Step 600: reward=-2.866, dist=2.76
2026-03-02 20:19:05,695 [INFO] Step 800: reward=-2.215, dist=3.57
2026-03-02 20:19:11,117 [INFO] Episode 2341 COMPLETE | Reward -1199.85 | Steps 1000 | Terminated False | Truncated True
2026-03-02 20:19:13,439 [INFO] Step 0: reward=-0.005, dist=6.02
2026-03-02 20:19:18,766 [INFO] Step 200: reward=0.089, dist=5.15
2026-03-02 20:19:24,838 [INFO] Step 400: reward=-1.941, dist=5.10
2026-03-02 20:19:30,983 [INFO] Step 600: reward=-0.052, dist=6.17
2026-03-02 20:19:36,225 [INFO] Step 800: reward=0.195, dist=5.85
2026-03-02 20:19:40,491 [INFO] Episode 2342 COMPLETE | Reward -653.98 | Steps 1000 | Terminated False | Truncated True
2026-03-02 20:19:44,545 [INFO] Step 0: reward=-0.213, dist=3.60
2026-03-02 20:19:50,443 [INFO] Step 200: reward=-2.191, dist=3.17
2026-03-02 20:19:56,157 [INFO] Step 400: reward=-0.206, dist=2.28
2026-03-02 20:19:58,012 [INFO] Performing PPO update at global step 1886208
2026-03-02 20:19:58,371 [INFO] PPO losses — policy: 0.0852, value: 168.3370, entropy: 4.2242
2026-03-02 20:19:58,377 [INFO] PPO update completed. Buffer cleared.
2026-03-02 20:20:03,228 [INFO] Step 600: reward=-0.759, dist=3.28
2026-03-02 20:20:08,645 [INFO] Step 800: reward=-2.085, dist=3.39
2026-03-02 20:20:14,005 [INFO] Episode 2343 COMPLETE | Reward -916.31 | Steps 1000 | Terminated False | Truncated True
2026-03-02 20:20:16,953 [INFO] Step 0: reward=-0.005, dist=6.82
2026-03-02 20:20:21,626 [INFO] Step 200: reward=0.093, dist=6.17
2026-03-02 20:20:27,723 [INFO] Step 400: reward=-0.096, dist=6.66
2026-03-02 20:20:33,310 [INFO] Step 600: reward=-2.006, dist=7.34
2026-03-02 20:20:39,173 [INFO] Step 800: reward=-1.917, dist=6.60
2026-03-02 20:20:43,761 [INFO] Episode 2344 COMPLETE | Reward -821.96 | Steps 1000 | Terminated False | Truncated True
2026-03-02 20:20:46,788 [INFO] Step 0: reward=0.095, dist=4.08
2026-03-02 20:20:51,914 [INFO] Step 200: reward=-2.116, dist=3.30
2026-03-02 20:20:58,188 [INFO] Step 400: reward=-2.213, dist=3.92
2026-03-02 20:21:02,102 [INFO] Performing PPO update at global step 1888256
2026-03-02 20:21:02,375 [INFO] PPO losses — policy: 0.0063, value: 176.3974, entropy: 4.2242
2026-03-02 20:21:02,379 [INFO] PPO update completed. Buffer cleared.
2026-03-02 20:21:05,543 [INFO] Step 600: reward=0.167, dist=4.44
2026-03-02 20:21:10,784 [INFO] Step 800: reward=-2.206, dist=3.59
2026-03-02 20:21:16,160 [INFO] Episode 2345 COMPLETE | Reward -900.68 | Steps 1000 | Terminated False | Truncated True
2026-03-02 20:21:19,432 [INFO] Step 0: reward=0.095, dist=6.06
2026-03-02 20:21:25,643 [INFO] Step 200: reward=0.097, dist=5.52
2026-03-02 20:21:32,569 [INFO] Step 400: reward=0.089, dist=5.02
2026-03-02 20:21:38,361 [INFO] Step 600: reward=0.092, dist=5.94
2026-03-02 20:21:42,512 [INFO] Step 800: reward=-1.855, dist=5.64
2026-03-02 20:21:48,144 [INFO] Episode 2346 COMPLETE | Reward -641.22 | Steps 1000 | Terminated False | Truncated True
2026-03-02 20:21:51,263 [INFO] Step 0: reward=0.087, dist=4.42
2026-03-02 20:21:57,791 [INFO] Step 200: reward=-0.132, dist=3.24
2026-03-02 20:21:58,427 [INFO] Policy action (normalized): v = +0.884, w = -0.361 | Cmd_vel (scaled): v = +0.884 m/s, w = -0.361 rad/s
2026-03-02 20:22:03,726 [INFO] Step 400: reward=-2.409, dist=3.70
2026-03-02 20:22:06,563 [INFO] Performing PPO update at global step 1890304
2026-03-02 20:22:06,998 [INFO] PPO losses — policy: 0.0196, value: 153.8674, entropy: 4.2242
2026-03-02 20:22:07,008 [INFO] PPO update completed. Buffer cleared.
2026-03-02 20:22:09,052 [INFO] Step 600: reward=-0.038, dist=4.50
2026-03-02 20:22:14,528 [INFO] Step 800: reward=-0.207, dist=3.83
2026-03-02 20:22:19,004 [INFO] Episode 2347 COMPLETE | Reward -857.50 | Steps 1000 | Terminated False | Truncated True
2026-03-02 20:22:23,210 [INFO] Step 0: reward=0.093, dist=6.94
2026-03-02 20:22:28,647 [INFO] Step 200: reward=-1.905, dist=6.12
2026-03-02 20:22:34,066 [INFO] Step 400: reward=-0.005, dist=6.57
2026-03-02 20:22:40,074 [INFO] Step 600: reward=0.111, dist=7.21
2026-03-02 20:22:46,125 [INFO] Step 800: reward=-0.005, dist=6.47
2026-03-02 20:22:50,060 [INFO] Episode 2348 COMPLETE | Reward -930.09 | Steps 1000 | Terminated False | Truncated True
2026-03-02 20:22:53,166 [INFO] Step 0: reward=0.079, dist=5.69
2026-03-02 20:22:58,995 [INFO] Step 200: reward=-2.005, dist=5.35
2026-03-02 20:23:03,792 [INFO] Step 400: reward=-1.948, dist=4.58
2026-03-02 20:23:08,478 [INFO] Performing PPO update at global step 1892352
2026-03-02 20:23:08,759 [INFO] PPO losses — policy: 0.0082, value: 196.4777, entropy: 4.2242
2026-03-02 20:23:08,765 [INFO] PPO update completed. Buffer cleared.
2026-03-02 20:23:08,912 [INFO] Step 600: reward=-0.728, dist=4.62
2026-03-02 20:23:13,242 [INFO] Step 800: reward=-0.150, dist=5.23
2026-03-02 20:23:19,617 [INFO] Episode 2349 COMPLETE | Reward -972.84 | Steps 1000 | Terminated False | Truncated True
2026-03-02 20:23:22,769 [INFO] Step 0: reward=0.094, dist=7.45
2026-03-02 20:23:28,267 [INFO] Step 200: reward=-1.919, dist=8.28
2026-03-02 20:23:33,696 [INFO] Step 400: reward=-1.065, dist=8.31
2026-03-02 20:23:37,951 [INFO] Step 600: reward=-2.826, dist=7.79
2026-03-02 20:23:44,078 [INFO] Step 800: reward=0.056, dist=7.44
2026-03-02 20:23:49,166 [INFO] Episode 2350 COMPLETE | Reward -1171.51 | Steps 1000 | Terminated False | Truncated True
2026-03-02 20:23:49,186 [INFO] Checkpoint saved: checkpoints/ppo_ep_02350.pt
2026-03-02 20:23:52,870 [INFO] Step 0: reward=-0.436, dist=5.61
2026-03-02 20:23:58,223 [INFO] Step 200: reward=0.116, dist=6.34
2026-03-02 20:24:04,930 [INFO] Step 400: reward=0.080, dist=6.85
2026-03-02 20:24:10,529 [INFO] Step 600: reward=0.053, dist=6.03
2026-03-02 20:24:11,688 [INFO] Performing PPO update at global step 1894400
2026-03-02 20:24:11,968 [INFO] PPO losses — policy: 0.0006, value: 220.1535, entropy: 4.2242
2026-03-02 20:24:11,974 [INFO] PPO update completed. Buffer cleared.
2026-03-02 20:24:17,020 [INFO] Step 800: reward=-1.901, dist=5.49
2026-03-02 20:24:21,744 [INFO] Episode 2351 COMPLETE | Reward -823.63 | Steps 1000 | Terminated False | Truncated True
2026-03-02 20:24:23,841 [INFO] Step 0: reward=0.085, dist=6.48
2026-03-02 20:24:28,579 [INFO] Step 200: reward=-2.076, dist=7.00
2026-03-02 20:24:34,474 [INFO] Step 400: reward=-2.005, dist=7.71
2026-03-02 20:24:39,554 [INFO] Step 600: reward=-1.854, dist=7.02
2026-03-02 20:24:44,909 [INFO] Step 800: reward=0.097, dist=6.49
2026-03-02 20:24:50,234 [INFO] Episode 2352 COMPLETE | Reward -971.87 | Steps 1000 | Terminated False | Truncated True
2026-03-02 20:24:52,759 [INFO] Step 0: reward=0.095, dist=7.17
2026-03-02 20:24:57,792 [INFO] Step 200: reward=-0.040, dist=7.98
2026-03-02 20:25:03,532 [INFO] Step 400: reward=0.125, dist=8.26
2026-03-02 20:25:09,338 [INFO] Step 600: reward=0.132, dist=7.42
2026-03-02 20:25:12,059 [INFO] Performing PPO update at global step 1896448
2026-03-02 20:25:12,330 [INFO] PPO losses — policy: 0.0206, value: 182.5504, entropy: 4.2242
2026-03-02 20:25:12,335 [INFO] PPO update completed. Buffer cleared.
2026-03-02 20:25:16,129 [INFO] Step 800: reward=0.021, dist=7.16
2026-03-02 20:25:21,388 [INFO] Episode 2353 COMPLETE | Reward -816.35 | Steps 1000 | Terminated False | Truncated True
2026-03-02 20:25:26,027 [INFO] Step 0: reward=-0.205, dist=3.39
2026-03-02 20:25:30,770 [INFO] Step 200: reward=-0.204, dist=3.89
2026-03-02 20:25:34,890 [INFO] Step 400: reward=-2.204, dist=3.64
2026-03-02 20:25:38,047 [INFO] Step 600: reward=-0.124, dist=3.13
2026-03-02 20:25:43,040 [INFO] Step 800: reward=-0.205, dist=2.89
2026-03-02 20:25:50,128 [INFO] Episode 2354 COMPLETE | Reward -1422.88 | Steps 1000 | Terminated False | Truncated True
2026-03-02 20:25:52,738 [INFO] Step 0: reward=0.095, dist=5.32
2026-03-02 20:25:58,066 [INFO] Step 200: reward=-1.925, dist=4.86
2026-03-02 20:26:03,607 [INFO] Step 400: reward=-0.008, dist=5.69
2026-03-02 20:26:09,896 [INFO] Step 600: reward=0.083, dist=6.11
2026-03-02 20:26:14,792 [INFO] Performing PPO update at global step 1898496
2026-03-02 20:26:15,183 [INFO] PPO losses — policy: 0.0155, value: 274.5916, entropy: 4.2242
2026-03-02 20:26:15,190 [INFO] PPO update completed. Buffer cleared.
2026-03-02 20:26:17,621 [INFO] Step 800: reward=0.159, dist=5.06
2026-03-02 20:26:21,712 [INFO] Episode 2355 COMPLETE | Reward -801.48 | Steps 1000 | Terminated False | Truncated True
2026-03-02 20:26:24,849 [INFO] Step 0: reward=-1.576, dist=1.99
2026-03-02 20:26:31,515 [INFO] Step 200: reward=-0.214, dist=2.93
2026-03-02 20:26:38,677 [INFO] Step 400: reward=-0.218, dist=3.15
2026-03-02 20:26:45,036 [INFO] Step 600: reward=-2.183, dist=2.20
2026-03-02 20:26:52,049 [INFO] Step 800: reward=-0.598, dist=2.52
2026-03-02 20:26:58,193 [INFO] Episode 2356 COMPLETE | Reward -1097.86 | Steps 1000 | Terminated False | Truncated True
2026-03-02 20:27:01,865 [INFO] Step 0: reward=0.036, dist=7.19
2026-03-02 20:27:07,164 [INFO] Step 200: reward=-1.990, dist=7.28
2026-03-02 20:27:08,373 [INFO] Policy action (normalized): v = +1.000, w = +0.878 | Cmd_vel (scaled): v = +1.000 m/s, w = +0.878 rad/s
2026-03-02 20:27:13,579 [INFO] Step 400: reward=-1.936, dist=8.19
2026-03-02 20:27:19,750 [INFO] Step 600: reward=-1.857, dist=7.98
2026-03-02 20:27:24,863 [INFO] Performing PPO update at global step 1900544
2026-03-02 20:27:25,140 [INFO] PPO losses — policy: 0.0155, value: 193.1498, entropy: 4.2242
2026-03-02 20:27:25,145 [INFO] PPO update completed. Buffer cleared.
2026-03-02 20:27:25,930 [INFO] Step 800: reward=0.023, dist=7.13
2026-03-02 20:27:32,403 [INFO] Episode 2357 COMPLETE | Reward -920.24 | Steps 1000 | Terminated False | Truncated True
2026-03-02 20:27:34,838 [INFO] Step 0: reward=-0.005, dist=5.47
2026-03-02 20:27:42,039 [INFO] Step 200: reward=-1.906, dist=4.42
2026-03-02 20:27:48,428 [INFO] Step 400: reward=-0.000, dist=4.91
2026-03-02 20:27:53,781 [INFO] Step 600: reward=0.215, dist=5.60
2026-03-02 20:27:59,349 [INFO] Step 800: reward=0.165, dist=4.95
2026-03-02 20:28:07,246 [INFO] Episode 2358 COMPLETE | Reward -735.09 | Steps 1000 | Terminated False | Truncated True
2026-03-02 20:28:10,258 [INFO] Step 0: reward=0.040, dist=7.75
2026-03-02 20:28:15,584 [INFO] Step 200: reward=0.092, dist=6.96
2026-03-02 20:28:20,207 [INFO] Step 400: reward=0.089, dist=6.57
2026-03-02 20:28:26,598 [INFO] Step 600: reward=0.075, dist=7.38
2026-03-02 20:28:33,675 [INFO] Step 800: reward=0.093, dist=7.35
2026-03-02 20:28:34,765 [INFO] Performing PPO update at global step 1902592
2026-03-02 20:28:35,150 [INFO] PPO losses — policy: 0.0138, value: 164.6924, entropy: 4.2242
2026-03-02 20:28:35,157 [INFO] PPO update completed. Buffer cleared.
2026-03-02 20:28:40,708 [INFO] Episode 2359 COMPLETE | Reward -743.89 | Steps 1000 | Terminated False | Truncated True
2026-03-02 20:28:43,644 [INFO] Step 0: reward=0.064, dist=4.53
2026-03-02 20:28:49,652 [INFO] Step 200: reward=0.089, dist=4.24
2026-03-02 20:28:54,243 [INFO] Step 400: reward=-2.631, dist=5.02
2026-03-02 20:28:59,993 [INFO] Step 600: reward=-0.407, dist=5.26
2026-03-02 20:29:04,112 [INFO] Step 800: reward=-1.943, dist=4.75
2026-03-02 20:29:09,646 [INFO] Episode 2360 COMPLETE | Reward -985.51 | Steps 1000 | Terminated False | Truncated True
2026-03-02 20:29:09,677 [INFO] Checkpoint saved: checkpoints/ppo_ep_02360.pt
2026-03-02 20:29:12,847 [INFO] Step 0: reward=-0.005, dist=7.94
2026-03-02 20:29:20,478 [INFO] Step 200: reward=0.038, dist=7.04
2026-03-02 20:29:25,105 [INFO] Step 400: reward=-1.942, dist=7.31
2026-03-02 20:29:31,368 [INFO] Step 600: reward=-2.077, dist=8.18
2026-03-02 20:29:39,436 [INFO] Step 800: reward=0.188, dist=7.83
2026-03-02 20:29:43,000 [INFO] Performing PPO update at global step 1904640
2026-03-02 20:29:43,264 [INFO] PPO losses — policy: -0.0054, value: 202.9121, entropy: 4.2242
2026-03-02 20:29:43,269 [INFO] PPO update completed. Buffer cleared.
2026-03-02 20:29:46,890 [INFO] Episode 2361 COMPLETE | Reward -822.36 | Steps 1000 | Terminated False | Truncated True
2026-03-02 20:29:49,681 [INFO] Step 0: reward=0.095, dist=6.81
2026-03-02 20:29:55,884 [INFO] Step 200: reward=-1.909, dist=7.18
2026-03-02 20:30:02,213 [INFO] Step 400: reward=0.094, dist=6.08
2026-03-02 20:30:09,143 [INFO] Step 600: reward=-0.031, dist=6.49
2026-03-02 20:30:14,994 [INFO] Step 800: reward=0.094, dist=7.28
2026-03-02 20:30:22,182 [INFO] Episode 2362 COMPLETE | Reward -529.34 | Steps 1000 | Terminated False | Truncated True
2026-03-02 20:30:25,261 [INFO] Step 0: reward=-0.005, dist=6.56
2026-03-02 20:30:31,149 [INFO] Step 200: reward=0.024, dist=7.37
2026-03-02 20:30:37,964 [INFO] Step 400: reward=0.174, dist=6.82
2026-03-02 20:30:45,145 [INFO] Step 600: reward=0.081, dist=6.23
2026-03-02 20:30:51,431 [INFO] Step 800: reward=-0.005, dist=7.23
2026-03-02 20:30:54,636 [INFO] Performing PPO update at global step 1906688
2026-03-02 20:30:54,912 [INFO] PPO losses — policy: -0.0001, value: 101.3531, entropy: 4.2242
2026-03-02 20:30:54,917 [INFO] PPO update completed. Buffer cleared.
2026-03-02 20:30:56,826 [INFO] Episode 2363 COMPLETE | Reward -678.67 | Steps 1000 | Terminated False | Truncated True
2026-03-02 20:31:01,815 [INFO] Step 0: reward=-0.305, dist=3.20
2026-03-02 20:31:07,124 [INFO] Step 200: reward=-2.205, dist=2.99
2026-03-02 20:31:12,146 [INFO] Step 400: reward=-0.305, dist=2.11
2026-03-02 20:31:17,736 [INFO] Step 600: reward=-0.329, dist=2.83
2026-03-02 20:31:22,764 [INFO] Step 800: reward=-2.214, dist=3.35
2026-03-02 20:31:29,586 [INFO] Episode 2364 COMPLETE | Reward -1088.77 | Steps 1000 | Terminated False | Truncated True
2026-03-02 20:31:32,982 [INFO] Step 0: reward=0.094, dist=4.33
2026-03-02 20:31:40,383 [INFO] Step 200: reward=-0.178, dist=3.73
2026-03-02 20:31:47,277 [INFO] Step 400: reward=-2.266, dist=3.24
2026-03-02 20:31:52,764 [INFO] Step 600: reward=0.080, dist=4.06
2026-03-02 20:31:57,563 [INFO] Step 800: reward=0.045, dist=4.34
2026-03-02 20:32:04,536 [INFO] Performing PPO update at global step 1908736
2026-03-02 20:32:04,945 [INFO] PPO losses — policy: 0.0079, value: 213.8425, entropy: 4.2242
2026-03-02 20:32:04,952 [INFO] PPO update completed. Buffer cleared.
2026-03-02 20:32:05,875 [INFO] Episode 2365 COMPLETE | Reward -921.58 | Steps 1000 | Terminated False | Truncated True
2026-03-02 20:32:10,840 [INFO] Step 0: reward=0.092, dist=7.16
2026-03-02 20:32:18,631 [INFO] Step 200: reward=0.095, dist=8.06
2026-03-02 20:32:24,076 [INFO] Step 400: reward=-1.879, dist=8.29
2026-03-02 20:32:29,912 [INFO] Step 600: reward=0.208, dist=7.20
2026-03-02 20:32:34,052 [INFO] Step 800: reward=-1.946, dist=7.23
2026-03-02 20:32:39,356 [INFO] Episode 2366 COMPLETE | Reward -775.70 | Steps 1000 | Terminated False | Truncated True
2026-03-02 20:32:43,821 [INFO] Step 0: reward=0.083, dist=4.65
2026-03-02 20:32:48,113 [INFO] Step 200: reward=-2.005, dist=5.42
2026-03-02 20:32:49,758 [INFO] Policy action (normalized): v = +1.000, w = +0.180 | Cmd_vel (scaled): v = +1.000 m/s, w = +0.180 rad/s
2026-03-02 20:32:54,410 [INFO] Step 400: reward=-1.350, dist=5.08
2026-03-02 20:32:59,876 [INFO] Step 600: reward=-1.918, dist=4.30
2026-03-02 20:33:04,386 [INFO] Step 800: reward=-2.098, dist=4.81
2026-03-02 20:33:11,317 [INFO] Episode 2367 COMPLETE | Reward -725.06 | Steps 1000 | Terminated False | Truncated True
2026-03-02 20:33:15,522 [INFO] Step 0: reward=-0.208, dist=2.58
2026-03-02 20:33:15,951 [INFO] Performing PPO update at global step 1910784
2026-03-02 20:33:16,311 [INFO] PPO losses — policy: 0.0360, value: 130.7403, entropy: 4.2242
2026-03-02 20:33:16,319 [INFO] PPO update completed. Buffer cleared.
2026-03-02 20:33:21,026 [INFO] Step 200: reward=-0.303, dist=3.04
2026-03-02 20:33:26,206 [INFO] Step 400: reward=-2.167, dist=2.47
2026-03-02 20:33:32,638 [INFO] Step 600: reward=-0.207, dist=1.80
2026-03-02 20:33:38,350 [INFO] Step 800: reward=-0.220, dist=2.65
2026-03-02 20:33:43,356 [INFO] Episode 2368 COMPLETE | Reward -1142.97 | Steps 1000 | Terminated False | Truncated True
2026-03-02 20:33:46,929 [INFO] Step 0: reward=-0.305, dist=3.89
2026-03-02 20:33:52,988 [INFO] Step 200: reward=-0.148, dist=3.37
2026-03-02 20:33:59,737 [INFO] Step 400: reward=-1.621, dist=2.74
2026-03-02 20:34:05,020 [INFO] Step 600: reward=-2.305, dist=3.48
2026-03-02 20:34:10,665 [INFO] Step 800: reward=-2.210, dist=3.86
2026-03-02 20:34:17,997 [INFO] Episode 2369 COMPLETE | Reward -898.12 | Steps 1000 | Terminated False | Truncated True
2026-03-02 20:34:22,940 [INFO] Step 0: reward=-0.205, dist=2.83
2026-03-02 20:34:24,780 [INFO] Performing PPO update at global step 1912832
2026-03-02 20:34:25,166 [INFO] PPO losses — policy: 0.0114, value: 198.5660, entropy: 4.2242
2026-03-02 20:34:25,172 [INFO] PPO update completed. Buffer cleared.
2026-03-02 20:34:29,721 [INFO] Step 200: reward=-0.583, dist=2.62
2026-03-02 20:34:35,344 [INFO] Step 400: reward=-0.297, dist=3.48
2026-03-02 20:34:41,423 [INFO] Step 600: reward=-0.118, dist=3.18
2026-03-02 20:34:46,079 [INFO] Step 800: reward=-0.138, dist=2.41
2026-03-02 20:34:51,311 [INFO] Episode 2370 COMPLETE | Reward -1017.15 | Steps 1000 | Terminated False | Truncated True
2026-03-02 20:34:51,328 [INFO] Checkpoint saved: checkpoints/ppo_ep_02370.pt
2026-03-02 20:34:55,844 [INFO] Step 0: reward=-0.305, dist=2.89
2026-03-02 20:35:01,791 [INFO] Step 200: reward=-2.211, dist=3.14
2026-03-02 20:35:08,476 [INFO] Step 400: reward=0.072, dist=4.13
2026-03-02 20:35:14,477 [INFO] Step 600: reward=-0.131, dist=3.73
2026-03-02 20:35:19,566 [INFO] Step 800: reward=-0.305, dist=2.88
2026-03-02 20:35:25,726 [INFO] Episode 2371 COMPLETE | Reward -1141.05 | Steps 1000 | Terminated False | Truncated True
2026-03-02 20:35:28,885 [INFO] Step 0: reward=-0.207, dist=2.63
2026-03-02 20:35:32,581 [INFO] Performing PPO update at global step 1914880
2026-03-02 20:35:32,852 [INFO] PPO losses — policy: 0.0076, value: 221.3456, entropy: 4.2242
2026-03-02 20:35:32,858 [INFO] PPO update completed. Buffer cleared.
2026-03-02 20:35:35,689 [INFO] Step 200: reward=-0.211, dist=3.59
2026-03-02 20:35:39,965 [INFO] Step 400: reward=-0.180, dist=3.70
2026-03-02 20:35:46,093 [INFO] Step 600: reward=-0.172, dist=2.58
2026-03-02 20:35:53,739 [INFO] Step 800: reward=-0.346, dist=3.35
2026-03-02 20:35:59,884 [INFO] Episode 2372 COMPLETE | Reward -806.65 | Steps 1000 | Terminated False | Truncated True
2026-03-02 20:36:03,948 [INFO] Step 0: reward=-0.206, dist=2.92
2026-03-02 20:36:09,905 [INFO] Step 200: reward=-2.213, dist=2.05
2026-03-02 20:36:16,734 [INFO] Step 400: reward=-0.591, dist=2.84
2026-03-02 20:36:23,431 [INFO] Step 600: reward=-0.162, dist=3.21
2026-03-02 20:36:30,314 [INFO] Step 800: reward=-0.132, dist=2.31
2026-03-02 20:36:38,158 [INFO] Episode 2373 COMPLETE | Reward -970.65 | Steps 1000 | Terminated False | Truncated True
2026-03-02 20:36:40,758 [INFO] Step 0: reward=0.093, dist=4.65
2026-03-02 20:36:46,109 [INFO] Performing PPO update at global step 1916928
2026-03-02 20:36:46,387 [INFO] PPO losses — policy: 0.0236, value: 130.7777, entropy: 4.2242
2026-03-02 20:36:46,391 [INFO] PPO update completed. Buffer cleared.
2026-03-02 20:36:47,376 [INFO] Step 200: reward=-1.923, dist=5.63
2026-03-02 20:36:53,789 [INFO] Step 400: reward=-1.767, dist=5.28
2026-03-02 20:37:01,434 [INFO] Step 600: reward=0.069, dist=4.50
2026-03-02 20:37:07,377 [INFO] Step 800: reward=-2.073, dist=4.95
2026-03-02 20:37:12,912 [INFO] Episode 2374 COMPLETE | Reward -870.16 | Steps 1000 | Terminated False | Truncated True
2026-03-02 20:37:24,410 [INFO] Step 0: reward=0.095, dist=4.50
2026-03-02 20:37:29,821 [INFO] Step 200: reward=-2.246, dist=3.73
2026-03-02 20:37:35,793 [INFO] Step 400: reward=-1.906, dist=4.21
2026-03-02 20:37:39,969 [INFO] Step 600: reward=-1.906, dist=4.79
2026-03-02 20:37:45,139 [INFO] Step 800: reward=-1.907, dist=4.79
2026-03-02 20:37:51,103 [INFO] Episode 2375 COMPLETE | Reward -1185.46 | Steps 1000 | Terminated False | Truncated True
2026-03-02 20:37:55,268 [INFO] Step 0: reward=0.064, dist=6.86
2026-03-02 20:38:01,326 [INFO] Step 200: reward=0.155, dist=6.67
2026-03-02 20:38:01,467 [INFO] Performing PPO update at global step 1918976
2026-03-02 20:38:01,871 [INFO] PPO losses — policy: 0.0033, value: 239.3803, entropy: 4.2242
2026-03-02 20:38:01,877 [INFO] PPO update completed. Buffer cleared.
2026-03-02 20:38:06,701 [INFO] Step 400: reward=0.200, dist=5.68
2026-03-02 20:38:12,211 [INFO] Step 600: reward=0.078, dist=5.87
2026-03-02 20:38:17,780 [INFO] Step 800: reward=0.095, dist=6.79
2026-03-02 20:38:23,549 [INFO] Episode 2376 COMPLETE | Reward -750.96 | Steps 1000 | Terminated False | Truncated True
2026-03-02 20:38:25,645 [INFO] Step 0: reward=-0.305, dist=3.70
2026-03-02 20:38:32,211 [INFO] Step 200: reward=-0.228, dist=3.54
2026-03-02 20:38:33,663 [INFO] Policy action (normalized): v = +1.000, w = +1.000 | Cmd_vel (scaled): v = +1.000 m/s, w = +1.000 rad/s
2026-03-02 20:38:38,569 [INFO] Step 400: reward=0.095, dist=4.43
2026-03-02 20:38:44,256 [INFO] Step 600: reward=0.073, dist=4.04
2026-03-02 20:38:49,666 [INFO] Step 800: reward=-2.215, dist=3.32
2026-03-02 20:38:54,487 [INFO] Episode 2377 COMPLETE | Reward -892.59 | Steps 1000 | Terminated False | Truncated True
2026-03-02 20:38:58,812 [INFO] Step 0: reward=-0.005, dist=7.61
2026-03-02 20:39:04,123 [INFO] Step 200: reward=-1.919, dist=7.44
2026-03-02 20:39:05,805 [INFO] Performing PPO update at global step 1921024
2026-03-02 20:39:06,091 [INFO] PPO losses — policy: 0.0116, value: 154.1183, entropy: 4.2242
2026-03-02 20:39:06,096 [INFO] PPO update completed. Buffer cleared.
2026-03-02 20:39:10,555 [INFO] Step 400: reward=-1.946, dist=8.34
2026-03-02 20:39:15,558 [INFO] Step 600: reward=0.050, dist=8.38
2026-03-02 20:39:22,063 [INFO] Step 800: reward=0.145, dist=7.26
2026-03-02 20:39:28,693 [INFO] Episode 2378 COMPLETE | Reward -685.50 | Steps 1000 | Terminated False | Truncated True
2026-03-02 20:39:31,695 [INFO] Step 0: reward=-0.005, dist=4.21
2026-03-02 20:39:37,651 [INFO] Step 200: reward=-0.030, dist=4.83
2026-03-02 20:39:43,419 [INFO] Step 400: reward=-1.966, dist=5.39
2026-03-02 20:39:47,716 [INFO] Step 600: reward=-1.906, dist=5.15
2026-03-02 20:39:53,368 [INFO] Step 800: reward=-1.907, dist=4.21
2026-03-02 20:39:59,170 [INFO] Episode 2379 COMPLETE | Reward -945.92 | Steps 1000 | Terminated False | Truncated True
2026-03-02 20:40:01,400 [INFO] Step 0: reward=0.093, dist=6.58
2026-03-02 20:40:06,402 [INFO] Step 200: reward=-1.964, dist=7.37
2026-03-02 20:40:09,876 [INFO] Performing PPO update at global step 1923072
2026-03-02 20:40:10,159 [INFO] PPO losses — policy: 0.0085, value: 177.7380, entropy: 4.2242
2026-03-02 20:40:10,163 [INFO] PPO update completed. Buffer cleared.
2026-03-02 20:40:12,681 [INFO] Step 400: reward=-0.002, dist=6.86
2026-03-02 20:40:19,869 [INFO] Step 600: reward=-0.009, dist=6.44
2026-03-02 20:40:25,002 [INFO] Step 800: reward=-2.126, dist=7.36
2026-03-02 20:40:32,391 [INFO] Episode 2380 COMPLETE | Reward -584.71 | Steps 1000 | Terminated False | Truncated True
2026-03-02 20:40:32,408 [INFO] Checkpoint saved: checkpoints/ppo_ep_02380.pt
2026-03-02 20:40:34,543 [INFO] Step 0: reward=-0.005, dist=5.15
2026-03-02 20:40:41,332 [INFO] Step 200: reward=-0.094, dist=6.14
2026-03-02 20:40:49,612 [INFO] Step 400: reward=0.091, dist=5.36
2026-03-02 20:40:54,939 [INFO] Step 600: reward=0.083, dist=5.25
2026-03-02 20:41:00,186 [INFO] Step 800: reward=0.050, dist=6.18
2026-03-02 20:41:04,655 [INFO] Episode 2381 COMPLETE | Reward -637.17 | Steps 1000 | Terminated False | Truncated True
2026-03-02 20:41:08,691 [INFO] Step 0: reward=0.095, dist=5.59
2026-03-02 20:41:14,782 [INFO] Step 200: reward=-0.033, dist=5.32
2026-03-02 20:41:19,451 [INFO] Performing PPO update at global step 1925120
2026-03-02 20:41:19,714 [INFO] PPO losses — policy: 0.0580, value: 118.4575, entropy: 4.2242
2026-03-02 20:41:19,719 [INFO] PPO update completed. Buffer cleared.
2026-03-02 20:41:21,137 [INFO] Step 400: reward=-0.380, dist=6.37
2026-03-02 20:41:26,832 [INFO] Step 600: reward=-1.774, dist=5.54
2026-03-02 20:41:32,630 [INFO] Step 800: reward=-0.059, dist=5.24
2026-03-02 20:41:39,374 [INFO] Episode 2382 COMPLETE | Reward -562.74 | Steps 1000 | Terminated False | Truncated True
2026-03-02 20:41:42,541 [INFO] Step 0: reward=-1.152, dist=1.96
2026-03-02 20:41:50,315 [INFO] Step 200: reward=-0.237, dist=3.02
2026-03-02 20:41:56,741 [INFO] Step 400: reward=-0.129, dist=1.89
2026-03-02 20:42:00,029 [INFO] Step 600: reward=-4.099, dist=1.83
2026-03-02 20:42:04,445 [INFO] Step 800: reward=-0.305, dist=2.68
2026-03-02 20:42:08,566 [INFO] Episode 2383 COMPLETE | Reward -1121.87 | Steps 1000 | Terminated False | Truncated True
2026-03-02 20:42:12,639 [INFO] Step 0: reward=-0.251, dist=3.11
2026-03-02 20:42:17,710 [INFO] Step 200: reward=-0.218, dist=3.52
2026-03-02 20:42:24,564 [INFO] Step 400: reward=0.128, dist=4.19
2026-03-02 20:42:24,769 [INFO] Performing PPO update at global step 1927168
2026-03-02 20:42:25,035 [INFO] PPO losses — policy: 0.0493, value: 196.3946, entropy: 4.2242
2026-03-02 20:42:25,040 [INFO] PPO update completed. Buffer cleared.
2026-03-02 20:42:30,737 [INFO] Step 600: reward=-0.206, dist=3.24
2026-03-02 20:42:36,584 [INFO] Step 800: reward=-2.209, dist=3.30
2026-03-02 20:42:42,356 [INFO] Episode 2384 COMPLETE | Reward -870.07 | Steps 1000 | Terminated False | Truncated True
2026-03-02 20:42:53,825 [INFO] Step 0: reward=0.082, dist=4.44
2026-03-02 20:42:59,200 [INFO] Step 200: reward=-2.209, dist=3.57
2026-03-02 20:43:06,948 [INFO] Step 400: reward=0.057, dist=4.76
2026-03-02 20:43:13,890 [INFO] Step 600: reward=0.026, dist=4.25
2026-03-02 20:43:20,602 [INFO] Step 800: reward=-1.995, dist=6.14
2026-03-02 20:43:25,262 [INFO] Episode 2385 COMPLETE | Reward -472.86 | Steps 1000 | Terminated False | Truncated True
2026-03-02 20:43:28,805 [INFO] Step 0: reward=0.090, dist=13.66
2026-03-02 20:43:33,869 [INFO] Step 200: reward=0.081, dist=41.83
2026-03-02 20:43:38,984 [INFO] Step 400: reward=-1.909, dist=41.60
2026-03-02 20:43:40,171 [INFO] Performing PPO update at global step 1929216
2026-03-02 20:43:40,434 [INFO] PPO losses — policy: 0.0339, value: 261.3024, entropy: 4.2242
2026-03-02 20:43:40,439 [INFO] PPO update completed. Buffer cleared.
2026-03-02 20:43:43,898 [INFO] Step 600: reward=-2.005, dist=41.60
2026-03-02 20:43:47,238 [INFO] Step 800: reward=-1.907, dist=41.60
2026-03-02 20:43:53,216 [INFO] Episode 2386 COMPLETE | Reward -1947.57 | Steps 1000 | Terminated False | Truncated True
2026-03-02 20:43:55,672 [INFO] Step 0: reward=0.090, dist=7.14
2026-03-02 20:43:59,607 [INFO] Step 200: reward=-0.100, dist=8.40
2026-03-02 20:44:00,915 [INFO] Policy action (normalized): v = -0.680, w = +0.992 | Cmd_vel (scaled): v = -0.680 m/s, w = +0.992 rad/s
2026-03-02 20:44:06,303 [INFO] Step 400: reward=-3.339, dist=9.85
2026-03-02 20:44:10,782 [INFO] Step 600: reward=-1.619, dist=9.69
2026-03-02 20:44:16,634 [INFO] Step 800: reward=0.496, dist=8.23
2026-03-02 20:44:20,432 [INFO] Episode 2387 COMPLETE | Reward 309.88 | Steps 1000 | Terminated False | Truncated True
2026-03-02 20:44:23,932 [INFO] Step 0: reward=-0.244, dist=3.68
2026-03-02 20:44:28,478 [INFO] Step 200: reward=-0.117, dist=4.90
2026-03-02 20:44:34,209 [INFO] Step 400: reward=0.075, dist=5.25
2026-03-02 20:44:36,553 [INFO] Performing PPO update at global step 1931264
2026-03-02 20:44:36,824 [INFO] PPO losses — policy: 0.2727, value: 680.9631, entropy: 4.2242
2026-03-02 20:44:36,829 [INFO] PPO update completed. Buffer cleared.
2026-03-02 20:44:39,696 [INFO] Step 600: reward=0.599, dist=3.83
2026-03-02 20:44:45,229 [INFO] Step 800: reward=6.325, dist=1.36
2026-03-02 20:44:46,066 [INFO] Episode 2388 COMPLETE | Reward 808.83 | Steps 816 | Terminated True | Truncated False
2026-03-02 20:44:49,867 [INFO] Step 0: reward=0.095, dist=5.47
2026-03-02 20:44:54,044 [INFO] Step 200: reward=-1.888, dist=4.99
2026-03-02 20:45:00,929 [INFO] Step 400: reward=0.094, dist=5.52
2026-03-02 20:45:06,703 [INFO] Step 600: reward=-0.041, dist=6.45
2026-03-02 20:45:12,272 [INFO] Step 800: reward=-0.140, dist=8.14
2026-03-02 20:45:18,975 [INFO] Episode 2389 COMPLETE | Reward -413.50 | Steps 1000 | Terminated False | Truncated True
2026-03-02 20:45:22,887 [INFO] Step 0: reward=-0.305, dist=3.49
2026-03-02 20:45:29,252 [INFO] Step 200: reward=-0.221, dist=3.65
2026-03-02 20:45:35,726 [INFO] Step 400: reward=-0.093, dist=4.60
2026-03-02 20:45:40,818 [INFO] Step 600: reward=0.035, dist=5.96
2026-03-02 20:45:44,233 [INFO] Performing PPO update at global step 1933312
2026-03-02 20:45:44,624 [INFO] PPO losses — policy: 0.0030, value: 357.9490, entropy: 4.2242
2026-03-02 20:45:44,631 [INFO] PPO update completed. Buffer cleared.
2026-03-02 20:45:46,459 [INFO] Step 800: reward=-1.905, dist=7.22
2026-03-02 20:45:52,119 [INFO] Episode 2390 COMPLETE | Reward -608.76 | Steps 1000 | Terminated False | Truncated True
2026-03-02 20:45:52,140 [INFO] Checkpoint saved: checkpoints/ppo_ep_02390.pt
2026-03-02 20:45:55,315 [INFO] Step 0: reward=0.095, dist=6.32
2026-03-02 20:46:02,174 [INFO] Step 200: reward=-0.114, dist=8.33
2026-03-02 20:46:07,797 [INFO] Step 400: reward=0.092, dist=9.64
2026-03-02 20:46:12,945 [INFO] Step 600: reward=-0.087, dist=11.00
2026-03-02 20:46:19,907 [INFO] Step 800: reward=-1.457, dist=12.99
2026-03-02 20:46:25,283 [INFO] Episode 2391 COMPLETE | Reward -449.99 | Steps 1000 | Terminated False | Truncated True
2026-03-02 20:46:28,860 [INFO] Step 0: reward=-0.206, dist=3.47
2026-03-02 20:46:35,117 [INFO] Step 200: reward=-0.223, dist=2.17
2026-03-02 20:46:40,931 [INFO] Step 400: reward=-0.373, dist=2.73
2026-03-02 20:46:48,869 [INFO] Step 600: reward=-0.171, dist=5.32
2026-03-02 20:46:54,012 [INFO] Performing PPO update at global step 1935360
2026-03-02 20:46:54,297 [INFO] PPO losses — policy: 0.0230, value: 46.8814, entropy: 4.2242
2026-03-02 20:46:54,303 [INFO] PPO update completed. Buffer cleared.
2026-03-02 20:46:54,965 [INFO] Step 800: reward=-0.158, dist=6.96
2026-03-02 20:47:00,455 [INFO] Episode 2392 COMPLETE | Reward -444.34 | Steps 1000 | Terminated False | Truncated True
2026-03-02 20:47:04,594 [INFO] Step 0: reward=-0.005, dist=7.83
2026-03-02 20:47:11,595 [INFO] Step 200: reward=0.035, dist=5.96
2026-03-02 20:47:18,538 [INFO] Step 400: reward=-0.201, dist=5.62
2026-03-02 20:47:24,402 [INFO] Step 600: reward=0.009, dist=6.86
2026-03-02 20:47:32,149 [INFO] Step 800: reward=-0.005, dist=8.74
2026-03-02 20:47:39,058 [INFO] Episode 2393 COMPLETE | Reward -213.14 | Steps 1000 | Terminated False | Truncated True
2026-03-02 20:47:43,260 [INFO] Step 0: reward=0.093, dist=4.33
2026-03-02 20:47:48,014 [INFO] Step 200: reward=-2.158, dist=3.44
2026-03-02 20:47:54,230 [INFO] Step 400: reward=-0.317, dist=3.62
2026-03-02 20:47:59,876 [INFO] Step 600: reward=0.076, dist=4.89
2026-03-02 20:48:04,451 [INFO] Step 800: reward=-0.103, dist=6.42
2026-03-02 20:48:05,784 [INFO] Performing PPO update at global step 1937408
2026-03-02 20:48:06,068 [INFO] PPO losses — policy: 0.0246, value: 72.3116, entropy: 4.2242
2026-03-02 20:48:06,073 [INFO] PPO update completed. Buffer cleared.
2026-03-02 20:48:14,163 [INFO] Episode 2394 COMPLETE | Reward -641.27 | Steps 1000 | Terminated False | Truncated True
2026-03-02 20:48:16,960 [INFO] Step 0: reward=-1.431, dist=6.79
2026-03-02 20:48:21,684 [INFO] Step 200: reward=-1.922, dist=7.13
2026-03-02 20:48:26,239 [INFO] Step 400: reward=-1.907, dist=7.61
2026-03-02 20:48:30,445 [INFO] Step 600: reward=-0.005, dist=8.22
2026-03-02 20:48:36,068 [INFO] Step 800: reward=0.018, dist=9.21
2026-03-02 20:48:41,868 [INFO] Episode 2395 COMPLETE | Reward -735.15 | Steps 1000 | Terminated False | Truncated True
2026-03-02 20:48:44,013 [INFO] Step 0: reward=0.063, dist=5.22
2026-03-02 20:48:49,628 [INFO] Step 200: reward=-0.082, dist=6.71
2026-03-02 20:48:57,424 [INFO] Step 400: reward=-0.005, dist=8.95
2026-03-02 20:49:04,654 [INFO] Step 600: reward=-0.085, dist=10.76
2026-03-02 20:49:10,982 [INFO] Step 800: reward=-0.092, dist=13.12
2026-03-02 20:49:13,918 [INFO] Performing PPO update at global step 1939456
2026-03-02 20:49:14,200 [INFO] PPO losses — policy: -0.0007, value: 86.1211, entropy: 4.2242
2026-03-02 20:49:14,206 [INFO] PPO update completed. Buffer cleared.
2026-03-02 20:49:16,365 [INFO] Episode 2396 COMPLETE | Reward -315.44 | Steps 1000 | Terminated False | Truncated True
2026-03-02 20:49:19,797 [INFO] Step 0: reward=0.095, dist=7.14
2026-03-02 20:49:23,545 [INFO] Step 200: reward=0.078, dist=7.00
2026-03-02 20:49:28,474 [INFO] Step 400: reward=0.025, dist=7.21
2026-03-02 20:49:28,984 [INFO] Policy action (normalized): v = +0.997, w = -0.875 | Cmd_vel (scaled): v = +0.997 m/s, w = -0.875 rad/s
2026-03-02 20:49:35,283 [INFO] Step 600: reward=-0.278, dist=8.52
2026-03-02 20:49:41,054 [INFO] Step 800: reward=-0.068, dist=10.09
2026-03-02 20:49:45,543 [INFO] Episode 2397 COMPLETE | Reward -492.39 | Steps 1000 | Terminated False | Truncated True
2026-03-02 20:49:48,701 [INFO] Step 0: reward=-0.206, dist=3.33
2026-03-02 20:49:53,216 [INFO] Step 200: reward=-0.205, dist=3.87
2026-03-02 20:49:57,508 [INFO] Step 400: reward=0.066, dist=5.07
2026-03-02 20:50:02,039 [INFO] Step 600: reward=-2.085, dist=6.57
2026-03-02 20:50:09,375 [INFO] Step 800: reward=-0.115, dist=9.25
2026-03-02 20:50:13,328 [INFO] Performing PPO update at global step 1941504
2026-03-02 20:50:13,612 [INFO] PPO losses — policy: 0.0198, value: 69.5221, entropy: 4.2242
2026-03-02 20:50:13,617 [INFO] PPO update completed. Buffer cleared.
2026-03-02 20:50:16,498 [INFO] Episode 2398 COMPLETE | Reward -585.82 | Steps 1000 | Terminated False | Truncated True
2026-03-02 20:50:19,493 [INFO] Step 0: reward=0.095, dist=5.14
2026-03-02 20:50:26,532 [INFO] Step 200: reward=-1.097, dist=7.33
2026-03-02 20:50:32,581 [INFO] Step 400: reward=-0.005, dist=9.32
2026-03-02 20:50:35,660 [INFO] Step 600: reward=0.069, dist=10.36
2026-03-02 20:50:40,335 [INFO] Step 800: reward=-0.120, dist=11.78
2026-03-02 20:50:45,590 [INFO] Episode 2399 COMPLETE | Reward -698.50 | Steps 1000 | Terminated False | Truncated True
2026-03-02 20:50:49,721 [INFO] Step 0: reward=-0.305, dist=2.89
2026-03-02 20:50:53,762 [INFO] Step 200: reward=0.095, dist=4.03
2026-03-02 20:50:58,766 [INFO] Step 400: reward=-2.121, dist=5.87
2026-03-02 20:51:04,603 [INFO] Step 600: reward=0.078, dist=7.99
2026-03-02 20:51:10,952 [INFO] Step 800: reward=-0.204, dist=10.22
2026-03-02 20:51:15,445 [INFO] Performing PPO update at global step 1943552
2026-03-02 20:51:15,722 [INFO] PPO losses — policy: 0.0142, value: 105.8525, entropy: 4.2242
2026-03-02 20:51:15,728 [INFO] PPO update completed. Buffer cleared.
2026-03-02 20:51:16,274 [INFO] Episode 2400 COMPLETE | Reward -673.47 | Steps 1000 | Terminated False | Truncated True
2026-03-02 20:51:16,296 [INFO] Checkpoint saved: checkpoints/ppo_ep_02400.pt
2026-03-02 20:51:19,872 [INFO] Step 0: reward=-0.206, dist=2.48
2026-03-02 20:51:23,179 [INFO] Step 200: reward=-0.520, dist=3.37
2026-03-02 20:51:29,634 [INFO] Step 400: reward=0.094, dist=5.60
2026-03-02 20:51:36,446 [INFO] Step 600: reward=-0.188, dist=8.10
2026-03-02 20:51:42,738 [INFO] Step 800: reward=-1.906, dist=10.45
2026-03-02 20:51:48,624 [INFO] Episode 2401 COMPLETE | Reward -666.21 | Steps 1000 | Terminated False | Truncated True
2026-03-02 20:51:52,693 [INFO] Step 0: reward=5.995, dist=3.34
2026-03-02 20:51:57,901 [INFO] Episode 2402 COMPLETE | Reward 689.01 | Steps 163 | Terminated True | Truncated False
2026-03-02 20:51:59,981 [INFO] Step 0: reward=5.994, dist=5.63
2026-03-02 20:52:06,417 [INFO] Step 200: reward=0.734, dist=3.01
2026-03-02 20:52:10,901 [INFO] Episode 2403 COMPLETE | Reward 1123.53 | Steps 371 | Terminated True | Truncated False
2026-03-02 20:52:13,825 [INFO] Step 0: reward=0.094, dist=5.18
2026-03-02 20:52:16,803 [INFO] Step 200: reward=-2.071, dist=5.95
2026-03-02 20:52:21,757 [INFO] Step 400: reward=-2.944, dist=7.33
2026-03-02 20:52:24,434 [INFO] Performing PPO update at global step 1945600
2026-03-02 20:52:24,727 [INFO] PPO losses — policy: 0.0656, value: 615.5042, entropy: 4.2242
2026-03-02 20:52:24,733 [INFO] PPO update completed. Buffer cleared.
2026-03-02 20:52:27,445 [INFO] Step 600: reward=-1.910, dist=9.07
2026-03-02 20:52:32,689 [INFO] Step 800: reward=-0.083, dist=10.77
2026-03-02 20:52:38,662 [INFO] Episode 2404 COMPLETE | Reward -735.20 | Steps 1000 | Terminated False | Truncated True
2026-03-02 20:52:43,821 [INFO] Step 0: reward=-0.863, dist=4.82
2026-03-02 20:52:49,889 [INFO] Step 200: reward=-0.191, dist=7.13
2026-03-02 20:52:54,858 [INFO] Step 400: reward=-2.818, dist=8.84
2026-03-02 20:53:00,552 [INFO] Step 600: reward=-0.221, dist=10.43
2026-03-02 20:53:06,398 [INFO] Step 800: reward=-0.056, dist=12.57
2026-03-02 20:53:12,613 [INFO] Episode 2405 COMPLETE | Reward -539.15 | Steps 1000 | Terminated False | Truncated True
2026-03-02 20:53:15,831 [INFO] Step 0: reward=-0.214, dist=3.35
2026-03-02 20:53:20,524 [INFO] Step 200: reward=-1.917, dist=4.79
2026-03-02 20:53:25,831 [INFO] Step 400: reward=-0.083, dist=6.48
2026-03-02 20:53:29,562 [INFO] Performing PPO update at global step 1947648
2026-03-02 20:53:29,836 [INFO] PPO losses — policy: 0.0278, value: 83.9107, entropy: 4.2242
2026-03-02 20:53:29,840 [INFO] PPO update completed. Buffer cleared.
2026-03-02 20:53:32,020 [INFO] Step 600: reward=-0.193, dist=8.42
2026-03-02 20:53:37,360 [INFO] Step 800: reward=-0.102, dist=9.75
2026-03-02 20:53:43,071 [INFO] Episode 2406 COMPLETE | Reward -539.50 | Steps 1000 | Terminated False | Truncated True
2026-03-02 20:53:46,905 [INFO] Step 0: reward=-0.005, dist=4.81
2026-03-02 20:53:52,228 [INFO] Step 200: reward=-1.923, dist=6.52
2026-03-02 20:53:58,535 [INFO] Step 400: reward=-0.122, dist=8.42
2026-03-02 20:54:04,401 [INFO] Step 600: reward=0.095, dist=9.83
2026-03-02 20:54:08,972 [INFO] Step 800: reward=0.045, dist=10.63
2026-03-02 20:54:14,698 [INFO] Episode 2407 COMPLETE | Reward -596.83 | Steps 1000 | Terminated False | Truncated True
2026-03-02 20:54:19,849 [INFO] Step 0: reward=-0.209, dist=2.14
2026-03-02 20:54:25,572 [INFO] Step 200: reward=-2.250, dist=1.08
2026-03-02 20:54:30,197 [INFO] Step 400: reward=-0.259, dist=2.12
2026-03-02 20:54:37,234 [INFO] Performing PPO update at global step 1949696
2026-03-02 20:54:37,520 [INFO] PPO losses — policy: 0.0118, value: 73.4845, entropy: 4.2242
2026-03-02 20:54:37,526 [INFO] PPO update completed. Buffer cleared.
2026-03-02 20:54:38,162 [INFO] Step 600: reward=-0.080, dist=4.34
2026-03-02 20:54:44,861 [INFO] Step 800: reward=-0.042, dist=6.40
2026-03-02 20:54:47,424 [INFO] Policy action (normalized): v = +0.913, w = +0.983 | Cmd_vel (scaled): v = +0.913 m/s, w = +0.983 rad/s
2026-03-02 20:54:50,237 [INFO] Episode 2408 COMPLETE | Reward -553.83 | Steps 1000 | Terminated False | Truncated True
2026-03-02 20:54:53,341 [INFO] Step 0: reward=-0.305, dist=3.28
2026-03-02 20:54:59,430 [INFO] Step 200: reward=-0.167, dist=4.00
2026-03-02 20:55:06,625 [INFO] Step 400: reward=-0.089, dist=5.41
2026-03-02 20:55:13,882 [INFO] Step 600: reward=-0.117, dist=7.82
2026-03-02 20:55:20,775 [INFO] Step 800: reward=-0.136, dist=10.17
2026-03-02 20:55:27,721 [INFO] Episode 2409 COMPLETE | Reward -485.17 | Steps 1000 | Terminated False | Truncated True
2026-03-02 20:55:30,847 [INFO] Step 0: reward=-0.414, dist=7.25
2026-03-02 20:55:36,797 [INFO] Step 200: reward=0.055, dist=6.37
2026-03-02 20:55:42,683 [INFO] Step 400: reward=0.058, dist=6.97
2026-03-02 20:55:47,164 [INFO] Step 600: reward=-3.872, dist=8.35
2026-03-02 20:55:47,944 [INFO] Performing PPO update at global step 1951744
2026-03-02 20:55:48,213 [INFO] PPO losses — policy: 0.0089, value: 51.4802, entropy: 4.2242
2026-03-02 20:55:48,219 [INFO] PPO update completed. Buffer cleared.
2026-03-02 20:55:54,087 [INFO] Step 800: reward=-0.095, dist=10.53
2026-03-02 20:56:00,978 [INFO] Episode 2410 COMPLETE | Reward -445.34 | Steps 1000 | Terminated False | Truncated True
2026-03-02 20:56:00,995 [INFO] Checkpoint saved: checkpoints/ppo_ep_02410.pt
2026-03-02 20:56:03,195 [INFO] Step 0: reward=-0.205, dist=3.35
2026-03-02 20:56:07,813 [INFO] Step 200: reward=-1.907, dist=5.05
2026-03-02 20:56:13,236 [INFO] Step 400: reward=-1.885, dist=6.86
2026-03-02 20:56:19,506 [INFO] Step 600: reward=0.065, dist=8.76
2026-03-02 20:56:25,601 [INFO] Step 800: reward=-0.270, dist=10.00
2026-03-02 20:56:31,638 [INFO] Episode 2411 COMPLETE | Reward -493.03 | Steps 1000 | Terminated False | Truncated True
2026-03-02 20:56:34,727 [INFO] Step 0: reward=0.088, dist=7.97
2026-03-02 20:56:41,794 [INFO] Step 200: reward=-0.155, dist=10.16
2026-03-02 20:56:48,151 [INFO] Step 400: reward=0.040, dist=12.29
2026-03-02 20:56:54,285 [INFO] Step 600: reward=-0.257, dist=14.43
2026-03-02 20:56:55,846 [INFO] Performing PPO update at global step 1953792
2026-03-02 20:56:56,121 [INFO] PPO losses — policy: 0.0412, value: 37.0296, entropy: 4.2242
2026-03-02 20:56:56,126 [INFO] PPO update completed. Buffer cleared.
2026-03-02 20:56:58,377 [INFO] Step 800: reward=-3.357, dist=15.58
2026-03-02 20:57:05,138 [INFO] Episode 2412 COMPLETE | Reward -391.94 | Steps 1000 | Terminated False | Truncated True
2026-03-02 20:57:08,113 [INFO] Step 0: reward=-0.005, dist=6.79
2026-03-02 20:57:14,230 [INFO] Step 200: reward=-2.043, dist=7.68
2026-03-02 20:57:19,383 [INFO] Step 400: reward=-0.005, dist=9.38
2026-03-02 20:57:25,202 [INFO] Step 600: reward=-1.209, dist=10.48
2026-03-02 20:57:29,605 [INFO] Step 800: reward=-1.993, dist=10.24
2026-03-02 20:57:34,679 [INFO] Episode 2413 COMPLETE | Reward -301.32 | Steps 1000 | Terminated False | Truncated True
2026-03-02 20:57:38,104 [INFO] Step 0: reward=0.091, dist=4.81
2026-03-02 20:57:45,393 [INFO] Step 200: reward=-1.757, dist=6.18
2026-03-02 20:57:50,653 [INFO] Step 400: reward=0.083, dist=5.74
2026-03-02 20:57:57,364 [INFO] Step 600: reward=0.616, dist=3.50
2026-03-02 20:58:00,575 [INFO] Performing PPO update at global step 1955840
2026-03-02 20:58:00,853 [INFO] PPO losses — policy: -0.0220, value: 462.8436, entropy: 4.2242
2026-03-02 20:58:00,859 [INFO] PPO update completed. Buffer cleared.
2026-03-02 20:58:03,006 [INFO] Step 800: reward=0.516, dist=1.10
2026-03-02 20:58:03,313 [INFO] Episode 2414 COMPLETE | Reward 363.93 | Steps 817 | Terminated True | Truncated False
2026-03-02 20:58:06,415 [INFO] Step 0: reward=-0.205, dist=2.54
2026-03-02 20:58:12,177 [INFO] Step 200: reward=-2.305, dist=2.17
2026-03-02 20:58:18,461 [INFO] Step 400: reward=-0.205, dist=1.15
2026-03-02 20:58:22,953 [INFO] Step 600: reward=-2.254, dist=1.26
2026-03-02 20:58:27,935 [INFO] Step 800: reward=-0.223, dist=2.40
2026-03-02 20:58:31,112 [INFO] Episode 2415 COMPLETE | Reward -876.86 | Steps 1000 | Terminated False | Truncated True
2026-03-02 20:58:34,205 [INFO] Step 0: reward=0.084, dist=4.14
2026-03-02 20:58:41,080 [INFO] Step 200: reward=0.094, dist=6.44
2026-03-02 20:58:46,037 [INFO] Step 400: reward=0.099, dist=7.36
2026-03-02 20:58:52,721 [INFO] Step 600: reward=0.310, dist=6.30
2026-03-02 20:58:59,153 [INFO] Step 800: reward=-0.206, dist=3.71
2026-03-02 20:59:04,427 [INFO] Performing PPO update at global step 1957888
2026-03-02 20:59:04,842 [INFO] PPO losses — policy: 0.0011, value: 404.7087, entropy: 4.2242
2026-03-02 20:59:04,849 [INFO] PPO update completed. Buffer cleared.
2026-03-02 20:59:06,157 [INFO] Episode 2416 COMPLETE | Reward -1.29 | Steps 1000 | Terminated False | Truncated True
2026-03-02 20:59:10,899 [INFO] Step 0: reward=-0.005, dist=4.34
2026-03-02 20:59:17,646 [INFO] Step 200: reward=0.096, dist=3.64
2026-03-02 20:59:24,941 [INFO] Step 400: reward=0.563, dist=2.24
2026-03-02 20:59:27,934 [INFO] Episode 2417 COMPLETE | Reward 321.46 | Steps 521 | Terminated True | Truncated False
2026-03-02 20:59:31,855 [INFO] Step 0: reward=-0.207, dist=2.89
2026-03-02 20:59:38,190 [INFO] Step 200: reward=-0.288, dist=2.93
2026-03-02 20:59:43,370 [INFO] Step 400: reward=-0.531, dist=4.50
2026-03-02 20:59:50,554 [INFO] Step 600: reward=-0.039, dist=6.69
2026-03-02 20:59:56,191 [INFO] Step 800: reward=0.058, dist=7.52
2026-03-02 21:00:02,852 [INFO] Episode 2418 COMPLETE | Reward -451.94 | Steps 1000 | Terminated False | Truncated True
2026-03-02 21:00:06,582 [INFO] Step 0: reward=0.069, dist=5.39
2026-03-02 21:00:11,171 [INFO] Step 200: reward=-0.309, dist=7.03
2026-03-02 21:00:18,840 [INFO] Step 400: reward=0.119, dist=8.75
2026-03-02 21:00:21,746 [INFO] Performing PPO update at global step 1959936
2026-03-02 21:00:22,024 [INFO] PPO losses — policy: 0.0005, value: 208.9724, entropy: 4.2242
2026-03-02 21:00:22,029 [INFO] PPO update completed. Buffer cleared.
2026-03-02 21:00:24,654 [INFO] Policy action (normalized): v = +0.980, w = -0.982 | Cmd_vel (scaled): v = +0.980 m/s, w = -0.982 rad/s
2026-03-02 21:00:26,218 [INFO] Step 600: reward=0.176, dist=7.68
2026-03-02 21:00:31,301 [INFO] Step 800: reward=4.130, dist=5.76
2026-03-02 21:00:38,593 [INFO] Episode 2419 COMPLETE | Reward 500.09 | Steps 1000 | Terminated False | Truncated True
2026-03-02 21:00:41,737 [INFO] Step 0: reward=0.094, dist=7.57
2026-03-02 21:00:49,538 [INFO] Step 200: reward=-0.155, dist=9.31
2026-03-02 21:00:54,711 [INFO] Step 400: reward=-0.049, dist=10.98
2026-03-02 21:00:59,389 [INFO] Step 600: reward=-1.928, dist=11.48
2026-03-02 21:01:05,610 [INFO] Step 800: reward=0.262, dist=10.57
2026-03-02 21:01:12,144 [INFO] Episode 2420 COMPLETE | Reward -120.21 | Steps 1000 | Terminated False | Truncated True
2026-03-02 21:01:12,163 [INFO] Checkpoint saved: checkpoints/ppo_ep_02420.pt
2026-03-02 21:01:15,161 [INFO] Step 0: reward=0.094, dist=7.34
2026-03-02 21:01:21,370 [INFO] Step 200: reward=-1.915, dist=8.61
2026-03-02 21:01:26,167 [INFO] Step 400: reward=0.202, dist=8.55
2026-03-02 21:01:31,295 [INFO] Performing PPO update at global step 1961984
2026-03-02 21:01:31,577 [INFO] PPO losses — policy: -0.0107, value: 684.1968, entropy: 4.2242
2026-03-02 21:01:31,582 [INFO] PPO update completed. Buffer cleared.
2026-03-02 21:01:33,911 [INFO] Step 600: reward=0.095, dist=6.47
2026-03-02 21:01:41,520 [INFO] Step 800: reward=0.565, dist=3.40
2026-03-02 21:01:45,378 [INFO] Episode 2421 COMPLETE | Reward 827.97 | Steps 1000 | Terminated False | Truncated True
2026-03-02 21:01:48,623 [INFO] Step 0: reward=5.994, dist=6.97
2026-03-02 21:01:54,173 [INFO] Step 200: reward=0.760, dist=4.64
2026-03-02 21:01:58,990 [INFO] Step 400: reward=6.139, dist=2.53
2026-03-02 21:02:02,297 [INFO] Episode 2422 COMPLETE | Reward 1966.99 | Steps 508 | Terminated True | Truncated False
2026-03-02 21:02:06,380 [INFO] Step 0: reward=0.069, dist=7.00
2026-03-02 21:02:11,546 [INFO] Step 200: reward=0.095, dist=7.54
2026-03-02 21:02:16,949 [INFO] Step 400: reward=0.073, dist=9.38
2026-03-02 21:02:21,276 [INFO] Step 600: reward=-1.929, dist=10.87
2026-03-02 21:02:26,186 [INFO] Step 800: reward=0.004, dist=12.29
2026-03-02 21:02:31,032 [INFO] Episode 2423 COMPLETE | Reward -545.88 | Steps 1000 | Terminated False | Truncated True
2026-03-02 21:02:34,883 [INFO] Step 0: reward=-0.220, dist=2.75
2026-03-02 21:02:37,721 [INFO] Performing PPO update at global step 1964032
2026-03-02 21:02:37,997 [INFO] PPO losses — policy: 0.1068, value: 1239.4538, entropy: 4.2242
2026-03-02 21:02:38,002 [INFO] PPO update completed. Buffer cleared.
2026-03-02 21:02:42,801 [INFO] Step 200: reward=-1.604, dist=5.37
2026-03-02 21:02:50,353 [INFO] Step 400: reward=0.040, dist=6.31
2026-03-02 21:02:58,001 [INFO] Step 600: reward=0.091, dist=6.81
2026-03-02 21:03:02,056 [INFO] Step 800: reward=0.146, dist=6.59
2026-03-02 21:03:08,946 [INFO] Episode 2424 COMPLETE | Reward -246.54 | Steps 1000 | Terminated False | Truncated True
2026-03-02 21:03:13,929 [INFO] Step 0: reward=-0.555, dist=4.91
2026-03-02 21:03:19,898 [INFO] Step 200: reward=-0.679, dist=4.44
2026-03-02 21:03:25,661 [INFO] Step 400: reward=0.756, dist=2.38
2026-03-02 21:03:28,840 [INFO] Episode 2425 COMPLETE | Reward 701.59 | Steps 499 | Terminated True | Truncated False
2026-03-02 21:03:32,877 [INFO] Step 0: reward=-0.208, dist=3.28
2026-03-02 21:03:39,897 [INFO] Step 200: reward=-0.138, dist=4.98
2026-03-02 21:03:45,601 [INFO] Step 400: reward=-0.003, dist=5.92
2026-03-02 21:03:51,520 [INFO] Step 600: reward=-0.159, dist=6.47
2026-03-02 21:03:52,013 [INFO] Performing PPO update at global step 1966080
2026-03-02 21:03:52,285 [INFO] PPO losses — policy: 0.0029, value: 376.1980, entropy: 4.2242
2026-03-02 21:03:52,292 [INFO] PPO update completed. Buffer cleared.
2026-03-02 21:03:56,128 [INFO] Step 800: reward=-1.978, dist=6.83
2026-03-02 21:04:01,711 [INFO] Episode 2426 COMPLETE | Reward -370.49 | Steps 1000 | Terminated False | Truncated True
2026-03-02 21:04:04,745 [INFO] Step 0: reward=0.061, dist=6.67
2026-03-02 21:04:09,662 [INFO] Step 200: reward=0.206, dist=6.12
2026-03-02 21:04:15,741 [INFO] Step 400: reward=0.174, dist=4.92
2026-03-02 21:04:20,481 [INFO] Step 600: reward=-0.214, dist=3.68
2026-03-02 21:04:26,085 [INFO] Step 800: reward=0.603, dist=1.64
2026-03-02 21:04:27,545 [INFO] Episode 2427 COMPLETE | Reward 645.08 | Steps 834 | Terminated True | Truncated False
2026-03-02 21:04:30,804 [INFO] Step 0: reward=-0.005, dist=5.64
2026-03-02 21:04:36,140 [INFO] Step 200: reward=-0.005, dist=7.04
2026-03-02 21:04:42,823 [INFO] Step 400: reward=0.023, dist=8.46
2026-03-02 21:04:49,333 [INFO] Step 600: reward=0.093, dist=9.22
2026-03-02 21:04:57,083 [INFO] Step 800: reward=0.304, dist=7.84
2026-03-02 21:04:57,471 [INFO] Performing PPO update at global step 1968128
2026-03-02 21:04:57,744 [INFO] PPO losses — policy: 0.0137, value: 337.6533, entropy: 4.2242
2026-03-02 21:04:57,748 [INFO] PPO update completed. Buffer cleared.
2026-03-02 21:05:03,055 [INFO] Episode 2428 COMPLETE | Reward -209.23 | Steps 1000 | Terminated False | Truncated True
2026-03-02 21:05:06,181 [INFO] Step 0: reward=5.994, dist=6.23
2026-03-02 21:05:10,542 [INFO] Step 200: reward=5.799, dist=4.39
2026-03-02 21:05:18,060 [INFO] Episode 2429 COMPLETE | Reward 1150.09 | Steps 375 | Terminated True | Truncated False
2026-03-02 21:05:22,847 [INFO] Step 0: reward=0.072, dist=6.83
2026-03-02 21:05:28,280 [INFO] Step 200: reward=0.077, dist=6.33
2026-03-02 21:05:34,022 [INFO] Step 400: reward=0.790, dist=5.03
2026-03-02 21:05:40,918 [INFO] Step 600: reward=0.576, dist=2.01
2026-03-02 21:05:43,424 [INFO] Episode 2430 COMPLETE | Reward 670.30 | Steps 674 | Terminated True | Truncated False
2026-03-02 21:05:43,449 [INFO] Checkpoint saved: checkpoints/ppo_ep_02430.pt
2026-03-02 21:05:46,801 [INFO] Step 0: reward=-0.210, dist=2.69
2026-03-02 21:05:50,578 [INFO] Episode 2431 COMPLETE | Reward 726.72 | Steps 122 | Terminated True | Truncated False
2026-03-02 21:05:52,875 [INFO] Step 0: reward=0.094, dist=7.07
2026-03-02 21:05:57,362 [INFO] Step 200: reward=0.048, dist=7.80
2026-03-02 21:06:52,838 [INFO] Step 400: reward=-0.010, dist=0.00
2026-03-02 21:07:35,509 [INFO] Policy action (normalized): v = +1.000, w = -0.953 | Cmd_vel (scaled): v = +1.000 m/s, w = -0.953 rad/s
2026-03-02 21:07:54,652 [INFO] Step 600: reward=-0.010, dist=0.00
2026-03-02 21:08:29,911 [INFO] Performing PPO update at global step 1970176
2026-03-02 21:08:30,152 [INFO] PPO losses — policy: 0.0294, value: 653.8430, entropy: 4.2242
2026-03-02 21:08:30,158 [INFO] PPO update completed. Buffer cleared.
2026-03-02 21:08:56,749 [INFO] Step 800: reward=-0.010, dist=0.00
2026-03-02 21:09:58,583 [INFO] Step 1000: reward=-0.010, dist=0.00
2026-03-02 21:11:00,440 [INFO] Step 1200: reward=-0.010, dist=0.00
2026-03-02 21:12:02,301 [INFO] Step 1400: reward=-0.010, dist=0.00
2026-03-02 21:13:04,100 [INFO] Step 1600: reward=-0.010, dist=0.00
2026-03-02 21:14:05,869 [INFO] Step 1800: reward=-0.010, dist=0.00
2026-03-02 21:15:07,638 [INFO] Step 2000: reward=-0.010, dist=0.00
2026-03-02 21:16:09,112 [INFO] Step 2200: reward=-0.010, dist=0.00
2026-03-02 21:17:10,629 [INFO] Step 2400: reward=-0.010, dist=0.00
2026-03-02 21:18:12,155 [INFO] Step 2600: reward=-0.010, dist=0.00
2026-03-02 21:19:01,952 [INFO] Performing PPO update at global step 1972224
2026-03-02 21:19:02,196 [INFO] PPO losses — policy: 0.0124, value: 37.3239, entropy: 4.2242
2026-03-02 21:19:02,200 [INFO] PPO update completed. Buffer cleared.
2026-03-02 21:19:13,878 [INFO] Step 2800: reward=-0.010, dist=0.00
2026-03-02 21:20:15,378 [INFO] Step 3000: reward=-0.010, dist=0.00
2026-03-02 21:21:16,800 [INFO] Step 3200: reward=-0.010, dist=0.00
2026-03-02 21:22:18,213 [INFO] Step 3400: reward=-0.010, dist=0.00
2026-03-02 21:23:19,661 [INFO] Step 3600: reward=-0.010, dist=0.00
2026-03-02 21:24:21,111 [INFO] Step 3800: reward=-0.010, dist=0.00
2026-03-02 21:25:22,613 [INFO] Step 4000: reward=-0.010, dist=0.00
2026-03-02 21:26:24,113 [INFO] Step 4200: reward=-0.010, dist=0.00
2026-03-02 21:27:25,638 [INFO] Step 4400: reward=-0.010, dist=0.00
2026-03-02 21:28:27,145 [INFO] Step 4600: reward=-0.010, dist=0.00
2026-03-02 21:29:28,674 [INFO] Step 4800: reward=-0.010, dist=0.00
2026-03-02 21:29:31,752 [INFO] Performing PPO update at global step 1974272
2026-03-02 21:29:31,996 [INFO] PPO losses — policy: 0.0214, value: 22.7410, entropy: 4.2242
2026-03-02 21:29:32,000 [INFO] PPO update completed. Buffer cleared.
2026-03-02 21:30:30,403 [INFO] Step 5000: reward=-0.010, dist=0.00
2026-03-02 21:31:31,896 [INFO] Step 5200: reward=-0.010, dist=0.00
2026-03-02 21:32:33,392 [INFO] Step 5400: reward=-0.010, dist=0.00
2026-03-02 21:33:34,819 [INFO] Step 5600: reward=-0.010, dist=0.00
2026-03-02 21:34:36,300 [INFO] Step 5800: reward=-0.010, dist=0.00
2026-03-02 21:35:37,789 [INFO] Step 6000: reward=-0.010, dist=0.00
2026-03-02 21:36:39,271 [INFO] Step 6200: reward=-0.010, dist=0.00
2026-03-02 21:37:40,773 [INFO] Step 6400: reward=-0.010, dist=0.00
2026-03-02 21:38:42,221 [INFO] Step 6600: reward=-0.010, dist=0.00
2026-03-02 21:39:43,703 [INFO] Step 6800: reward=-0.010, dist=0.00
2026-03-02 21:40:01,534 [INFO] Performing PPO update at global step 1976320
2026-03-02 21:40:01,772 [INFO] PPO losses — policy: 0.0046, value: 15.0283, entropy: 4.2242
2026-03-02 21:40:01,776 [INFO] PPO update completed. Buffer cleared.
2026-03-02 21:40:45,419 [INFO] Step 7000: reward=-0.010, dist=0.00
2026-03-02 21:41:46,858 [INFO] Step 7200: reward=-0.010, dist=0.00
2026-03-02 21:42:48,261 [INFO] Step 7400: reward=-0.010, dist=0.00
2026-03-02 21:43:49,706 [INFO] Step 7600: reward=-0.010, dist=0.00
2026-03-02 21:44:51,163 [INFO] Step 7800: reward=-0.010, dist=0.00
2026-03-02 21:45:52,687 [INFO] Step 8000: reward=-0.010, dist=0.00
2026-03-02 21:46:54,115 [INFO] Step 8200: reward=-0.010, dist=0.00
2026-03-02 21:47:55,609 [INFO] Step 8400: reward=-0.010, dist=0.00
2026-03-02 21:48:57,038 [INFO] Step 8600: reward=-0.010, dist=0.00
2026-03-02 21:49:58,494 [INFO] Step 8800: reward=-0.010, dist=0.00
2026-03-02 21:50:31,107 [INFO] Performing PPO update at global step 1978368
2026-03-02 21:50:31,348 [INFO] PPO losses — policy: 0.0068, value: 9.9970, entropy: 4.2242
2026-03-02 21:50:31,352 [INFO] PPO update completed. Buffer cleared.
2026-03-02 21:51:00,269 [INFO] Step 9000: reward=-0.010, dist=0.00
2026-03-02 21:52:01,743 [INFO] Step 9200: reward=-0.010, dist=0.00
2026-03-02 21:53:03,148 [INFO] Step 9400: reward=-0.010, dist=0.00
2026-03-02 21:54:04,616 [INFO] Step 9600: reward=-0.010, dist=0.00
2026-03-02 21:55:06,050 [INFO] Step 9800: reward=-0.010, dist=0.00
2026-03-02 21:56:07,509 [INFO] Step 10000: reward=-0.010, dist=0.00
2026-03-02 21:57:08,915 [INFO] Step 10200: reward=-0.010, dist=0.00
2026-03-02 21:58:10,382 [INFO] Step 10400: reward=-0.010, dist=0.00
2026-03-02 21:58:52,819 [INFO] Policy action (normalized): v = +0.564, w = -0.987 | Cmd_vel (scaled): v = +0.564 m/s, w = -0.987 rad/s
2026-03-02 21:59:11,886 [INFO] Step 10600: reward=-0.010, dist=0.00
2026-03-02 22:00:13,367 [INFO] Step 10800: reward=-0.010, dist=0.00
2026-03-02 22:01:00,712 [INFO] Performing PPO update at global step 1980416
2026-03-02 22:01:00,949 [INFO] PPO losses — policy: 0.0047, value: 7.6089, entropy: 4.2242
2026-03-02 22:01:00,953 [INFO] PPO update completed. Buffer cleared.
2026-03-02 22:01:15,093 [INFO] Step 11000: reward=-0.010, dist=0.00
2026-03-02 22:02:16,599 [INFO] Step 11200: reward=-0.010, dist=0.00
2026-03-02 22:03:18,043 [INFO] Step 11400: reward=-0.010, dist=0.00
2026-03-02 22:04:19,476 [INFO] Step 11600: reward=-0.010, dist=0.00
2026-03-02 22:05:20,935 [INFO] Step 11800: reward=-0.010, dist=0.00
2026-03-02 22:06:22,397 [INFO] Step 12000: reward=-0.010, dist=0.00
2026-03-02 22:07:23,862 [INFO] Step 12200: reward=-0.010, dist=0.00
2026-03-02 22:08:25,344 [INFO] Step 12400: reward=-0.010, dist=0.00
2026-03-02 22:09:26,781 [INFO] Step 12600: reward=-0.010, dist=0.00
2026-03-02 22:10:28,219 [INFO] Step 12800: reward=-0.010, dist=0.00
2026-03-02 22:11:29,714 [INFO] Step 13000: reward=-0.010, dist=0.00
2026-03-02 22:11:30,329 [INFO] Performing PPO update at global step 1982464
2026-03-02 22:11:30,568 [INFO] PPO losses — policy: 0.0071, value: 4.6673, entropy: 4.2242
2026-03-02 22:11:30,573 [INFO] PPO update completed. Buffer cleared.
2026-03-02 22:12:31,424 [INFO] Step 13200: reward=-0.010, dist=0.00
2026-03-02 22:13:32,887 [INFO] Step 13400: reward=-0.010, dist=0.00
2026-03-02 22:14:34,329 [INFO] Step 13600: reward=-0.010, dist=0.00
2026-03-02 22:15:35,790 [INFO] Step 13800: reward=-0.010, dist=0.00
2026-03-02 22:16:37,247 [INFO] Step 14000: reward=-0.010, dist=0.00
2026-03-02 22:17:38,709 [INFO] Step 14200: reward=-0.010, dist=0.00
2026-03-02 22:18:40,174 [INFO] Step 14400: reward=-0.010, dist=0.00
2026-03-02 22:19:41,595 [INFO] Step 14600: reward=-0.010, dist=0.00
2026-03-02 22:20:43,025 [INFO] Step 14800: reward=-0.010, dist=0.00
2026-03-02 22:21:44,522 [INFO] Step 15000: reward=-0.010, dist=0.00
2026-03-02 22:21:59,896 [INFO] Performing PPO update at global step 1984512
2026-03-02 22:22:00,132 [INFO] PPO losses — policy: 0.0005, value: 3.4158, entropy: 4.2242
2026-03-02 22:22:00,136 [INFO] PPO update completed. Buffer cleared.
2026-03-02 22:22:46,246 [INFO] Step 15200: reward=-0.010, dist=0.00
2026-03-02 22:23:47,681 [INFO] Step 15400: reward=-0.010, dist=0.00
2026-03-02 22:24:49,111 [INFO] Step 15600: reward=-0.010, dist=0.00
2026-03-02 22:25:50,572 [INFO] Step 15800: reward=-0.010, dist=0.00
2026-03-02 22:26:52,022 [INFO] Step 16000: reward=-0.010, dist=0.00
2026-03-02 22:27:53,543 [INFO] Step 16200: reward=-0.010, dist=0.00
2026-03-02 22:28:54,986 [INFO] Step 16400: reward=-0.010, dist=0.00
2026-03-02 22:29:56,463 [INFO] Step 16600: reward=-0.010, dist=0.00
2026-03-02 22:30:57,948 [INFO] Step 16800: reward=-0.010, dist=0.00
2026-03-02 22:31:59,446 [INFO] Step 17000: reward=-0.010, dist=0.00
2026-03-02 22:32:29,603 [INFO] Performing PPO update at global step 1986560
2026-03-02 22:32:29,845 [INFO] PPO losses — policy: 0.0055, value: 2.0369, entropy: 4.2242
2026-03-02 22:32:29,850 [INFO] PPO update completed. Buffer cleared.
2026-03-02 22:33:01,216 [INFO] Step 17200: reward=-0.010, dist=0.00
2026-03-02 22:34:02,645 [INFO] Step 17400: reward=-0.010, dist=0.00
2026-03-02 22:35:04,083 [INFO] Step 17600: reward=-0.010, dist=0.00
2026-03-02 22:36:05,501 [INFO] Step 17800: reward=-0.010, dist=0.00
2026-03-02 22:37:06,957 [INFO] Step 18000: reward=-0.010, dist=0.00
2026-03-02 22:38:08,423 [INFO] Step 18200: reward=-0.010, dist=0.00
2026-03-02 22:39:09,873 [INFO] Step 18400: reward=-0.010, dist=0.00
2026-03-02 22:40:11,345 [INFO] Step 18600: reward=-0.010, dist=0.00
2026-03-02 22:41:12,830 [INFO] Step 18800: reward=-0.010, dist=0.00
2026-03-02 22:42:14,355 [INFO] Step 19000: reward=-0.010, dist=0.00
2026-03-02 22:42:59,256 [INFO] Performing PPO update at global step 1988608
2026-03-02 22:42:59,500 [INFO] PPO losses — policy: 0.0038, value: 1.2397, entropy: 4.2242
2026-03-02 22:42:59,504 [INFO] PPO update completed. Buffer cleared.
2026-03-02 22:43:16,104 [INFO] Step 19200: reward=-0.010, dist=0.00
2026-03-02 22:44:17,556 [INFO] Step 19400: reward=-0.010, dist=0.00
2026-03-02 22:45:18,975 [INFO] Step 19600: reward=-0.010, dist=0.00
2026-03-02 22:46:20,422 [INFO] Step 19800: reward=-0.010, dist=0.00
2026-03-02 22:47:21,899 [INFO] Step 20000: reward=-0.010, dist=0.00
2026-03-02 22:48:23,382 [INFO] Step 20200: reward=-0.010, dist=0.00
2026-03-02 22:49:24,793 [INFO] Step 20400: reward=-0.010, dist=0.00
2026-03-02 22:50:07,185 [INFO] Policy action (normalized): v = +0.414, w = -0.999 | Cmd_vel (scaled): v = +0.414 m/s, w = -0.999 rad/s
2026-03-02 22:50:26,280 [INFO] Step 20600: reward=-0.010, dist=0.00
2026-03-02 22:51:27,771 [INFO] Step 20800: reward=-0.010, dist=0.00
2026-03-02 22:52:29,280 [INFO] Step 21000: reward=-0.010, dist=0.00
2026-03-02 22:53:28,870 [INFO] Performing PPO update at global step 1990656
2026-03-02 22:53:29,108 [INFO] PPO losses — policy: 0.0039, value: 1.0688, entropy: 4.2242
2026-03-02 22:53:29,112 [INFO] PPO update completed. Buffer cleared.
2026-03-02 22:53:30,957 [INFO] Step 21200: reward=-0.010, dist=0.00
2026-03-02 22:54:32,414 [INFO] Step 21400: reward=-0.010, dist=0.00
2026-03-02 22:55:33,880 [INFO] Step 21600: reward=-0.010, dist=0.00
2026-03-02 22:56:35,349 [INFO] Step 21800: reward=-0.010, dist=0.00
2026-03-02 22:57:36,792 [INFO] Step 22000: reward=-0.010, dist=0.00
2026-03-02 22:58:38,234 [INFO] Step 22200: reward=-0.010, dist=0.00
2026-03-02 22:59:39,721 [INFO] Step 22400: reward=-0.010, dist=0.00
2026-03-02 23:00:41,148 [INFO] Step 22600: reward=-0.010, dist=0.00
2026-03-02 23:01:42,604 [INFO] Step 22800: reward=-0.010, dist=0.00
2026-03-02 23:02:44,087 [INFO] Step 23000: reward=-0.010, dist=0.00
2026-03-02 23:03:45,660 [INFO] Step 23200: reward=-0.010, dist=0.00
2026-03-02 23:03:58,578 [INFO] Performing PPO update at global step 1992704
2026-03-02 23:03:58,815 [INFO] PPO losses — policy: 0.0027, value: 0.5431, entropy: 4.2242
2026-03-02 23:03:58,820 [INFO] PPO update completed. Buffer cleared.
2026-03-02 23:04:47,432 [INFO] Step 23400: reward=-0.010, dist=0.00
2026-03-02 23:05:48,866 [INFO] Step 23600: reward=-0.010, dist=0.00
2026-03-02 23:06:50,344 [INFO] Step 23800: reward=-0.010, dist=0.00
2026-03-02 23:07:51,807 [INFO] Step 24000: reward=-0.010, dist=0.00
2026-03-02 23:08:53,338 [INFO] Step 24200: reward=-0.010, dist=0.00
2026-03-02 23:09:54,827 [INFO] Step 24400: reward=-0.010, dist=0.00
2026-03-02 23:10:56,300 [INFO] Step 24600: reward=-0.010, dist=0.00
2026-03-02 23:11:57,795 [INFO] Step 24800: reward=-0.010, dist=0.00
2026-03-02 23:12:59,300 [INFO] Step 25000: reward=-0.010, dist=0.00
2026-03-02 23:14:00,784 [INFO] Step 25200: reward=-0.010, dist=0.00
2026-03-02 23:14:28,418 [INFO] Performing PPO update at global step 1994752
2026-03-02 23:14:28,670 [INFO] PPO losses — policy: 0.0005, value: 0.3203, entropy: 4.2242
2026-03-02 23:14:28,674 [INFO] PPO update completed. Buffer cleared.
2026-03-02 23:15:02,518 [INFO] Step 25400: reward=-0.010, dist=0.00
2026-03-02 23:16:03,928 [INFO] Step 25600: reward=-0.010, dist=0.00
2026-03-02 23:17:05,340 [INFO] Step 25800: reward=-0.010, dist=0.00
2026-03-02 23:18:06,796 [INFO] Step 26000: reward=-0.010, dist=0.00
2026-03-02 23:19:08,220 [INFO] Step 26200: reward=-0.010, dist=0.00
2026-03-02 23:20:09,597 [INFO] Step 26400: reward=-0.010, dist=0.00
2026-03-02 23:21:11,011 [INFO] Step 26600: reward=-0.010, dist=0.00
2026-03-02 23:22:12,501 [INFO] Step 26800: reward=-0.010, dist=0.00
2026-03-02 23:23:13,999 [INFO] Step 27000: reward=-0.010, dist=0.00
2026-03-02 23:24:15,433 [INFO] Step 27200: reward=-0.010, dist=0.00
2026-03-02 23:24:57,818 [INFO] Performing PPO update at global step 1996800
2026-03-02 23:24:58,060 [INFO] PPO losses — policy: 0.0694, value: 0.1354, entropy: 4.2242
2026-03-02 23:24:58,064 [INFO] PPO update completed. Buffer cleared.
2026-03-02 23:25:17,131 [INFO] Step 27400: reward=-0.010, dist=0.00
2026-03-02 23:26:18,606 [INFO] Step 27600: reward=-0.010, dist=0.00
2026-03-02 23:27:20,044 [INFO] Step 27800: reward=-0.010, dist=0.00
2026-03-02 23:28:21,511 [INFO] Step 28000: reward=-0.010, dist=0.00
2026-03-02 23:29:22,908 [INFO] Step 28200: reward=-0.010, dist=0.00
2026-03-02 23:30:24,387 [INFO] Step 28400: reward=-0.010, dist=0.00
2026-03-02 23:31:25,868 [INFO] Step 28600: reward=-0.010, dist=0.00
2026-03-02 23:32:27,326 [INFO] Step 28800: reward=-0.010, dist=0.00
2026-03-02 23:33:28,831 [INFO] Step 29000: reward=-0.010, dist=0.00
2026-03-02 23:34:30,287 [INFO] Step 29200: reward=-0.010, dist=0.00
2026-03-02 23:35:27,435 [INFO] Performing PPO update at global step 1998848
2026-03-02 23:35:27,673 [INFO] PPO losses — policy: -0.0001, value: 0.0818, entropy: 4.2242
2026-03-02 23:35:27,678 [INFO] PPO update completed. Buffer cleared.
2026-03-02 23:35:31,973 [INFO] Step 29400: reward=-0.010, dist=0.00
2026-03-02 23:36:33,424 [INFO] Step 29600: reward=-0.010, dist=0.00
2026-03-02 23:37:34,858 [INFO] Step 29800: reward=-0.010, dist=0.00
2026-03-02 23:38:36,313 [INFO] Step 30000: reward=-0.010, dist=0.00
2026-03-02 23:39:37,808 [INFO] Step 30200: reward=-0.010, dist=0.00
2026-03-02 23:40:39,260 [INFO] Step 30400: reward=-0.010, dist=0.00
2026-03-02 23:41:21,693 [INFO] Policy action (normalized): v = +1.000, w = -0.908 | Cmd_vel (scaled): v = +1.000 m/s, w = -0.908 rad/s
2026-03-02 23:41:40,755 [INFO] Step 30600: reward=-0.010, dist=0.00
2026-03-02 23:42:42,188 [INFO] Step 30800: reward=-0.010, dist=0.00
2026-03-02 23:43:43,668 [INFO] Step 31000: reward=-0.010, dist=0.00
2026-03-02 23:44:45,115 [INFO] Step 31200: reward=-0.010, dist=0.00
2026-03-02 23:45:46,558 [INFO] Step 31400: reward=-0.010, dist=0.00
2026-03-02 23:45:57,021 [INFO] Performing PPO update at global step 2000896
2026-03-02 23:45:57,260 [INFO] PPO losses — policy: 0.0008, value: 0.0567, entropy: 4.2242
2026-03-02 23:45:57,264 [INFO] PPO update completed. Buffer cleared.
2026-03-02 23:46:48,265 [INFO] Step 31600: reward=-0.010, dist=0.00
2026-03-02 23:47:49,697 [INFO] Step 31800: reward=-0.010, dist=0.00
2026-03-02 23:48:51,140 [INFO] Step 32000: reward=-0.010, dist=0.00
2026-03-02 23:49:52,605 [INFO] Step 32200: reward=-0.010, dist=0.00
2026-03-02 23:50:54,043 [INFO] Step 32400: reward=-0.010, dist=0.00
2026-03-02 23:51:55,535 [INFO] Step 32600: reward=-0.010, dist=0.00
2026-03-02 23:52:56,994 [INFO] Step 32800: reward=-0.010, dist=0.00
2026-03-02 23:53:58,423 [INFO] Step 33000: reward=-0.010, dist=0.00
2026-03-02 23:54:59,878 [INFO] Step 33200: reward=-0.010, dist=0.00
2026-03-02 23:56:01,376 [INFO] Step 33400: reward=-0.010, dist=0.00
2026-03-02 23:56:26,599 [INFO] Performing PPO update at global step 2002944
2026-03-02 23:56:26,844 [INFO] PPO losses — policy: 0.0012, value: 0.0451, entropy: 4.2242
2026-03-02 23:56:26,848 [INFO] PPO update completed. Buffer cleared.
2026-03-02 23:57:03,132 [INFO] Step 33600: reward=-0.010, dist=0.00
2026-03-02 23:58:04,595 [INFO] Step 33800: reward=-0.010, dist=0.00
2026-03-02 23:59:06,060 [INFO] Step 34000: reward=-0.010, dist=0.00
2026-03-03 00:00:07,533 [INFO] Step 34200: reward=-0.010, dist=0.00
2026-03-03 00:01:09,035 [INFO] Step 34400: reward=-0.010, dist=0.00
2026-03-03 00:02:10,520 [INFO] Step 34600: reward=-0.010, dist=0.00
2026-03-03 00:03:12,012 [INFO] Step 34800: reward=-0.010, dist=0.00
2026-03-03 00:04:13,482 [INFO] Step 35000: reward=-0.010, dist=0.00
2026-03-03 00:05:14,938 [INFO] Step 35200: reward=-0.010, dist=0.00
2026-03-03 00:06:16,431 [INFO] Step 35400: reward=-0.010, dist=0.00
2026-03-03 00:06:56,411 [INFO] Performing PPO update at global step 2004992
2026-03-03 00:06:56,658 [INFO] PPO losses — policy: 0.0017, value: 0.0275, entropy: 4.2242
2026-03-03 00:06:56,663 [INFO] PPO update completed. Buffer cleared.
2026-03-03 00:07:18,218 [INFO] Step 35600: reward=-0.010, dist=0.00
2026-03-03 00:08:19,677 [INFO] Step 35800: reward=-0.010, dist=0.00
2026-03-03 00:09:21,111 [INFO] Step 36000: reward=-0.010, dist=0.00
2026-03-03 00:10:22,508 [INFO] Step 36200: reward=-0.010, dist=0.00
2026-03-03 00:11:23,962 [INFO] Step 36400: reward=-0.010, dist=0.00
2026-03-03 00:12:25,449 [INFO] Step 36600: reward=-0.010, dist=0.00
2026-03-03 00:13:26,949 [INFO] Step 36800: reward=-0.010, dist=0.00
2026-03-03 00:14:28,421 [INFO] Step 37000: reward=-0.010, dist=0.00
2026-03-03 00:15:29,893 [INFO] Step 37200: reward=-0.010, dist=0.00
2026-03-03 00:16:31,345 [INFO] Step 37400: reward=-0.010, dist=0.00
2026-03-03 00:17:26,064 [INFO] Performing PPO update at global step 2007040
2026-03-03 00:17:26,303 [INFO] PPO losses — policy: -0.0005, value: 0.0268, entropy: 4.2242
2026-03-03 00:17:26,307 [INFO] PPO update completed. Buffer cleared.
2026-03-03 00:17:33,065 [INFO] Step 37600: reward=-0.010, dist=0.00
2026-03-03 00:18:34,520 [INFO] Step 37800: reward=-0.010, dist=0.00
2026-03-03 00:19:35,986 [INFO] Step 38000: reward=-0.010, dist=0.00
2026-03-03 00:20:37,407 [INFO] Step 38200: reward=-0.010, dist=0.00
2026-03-03 00:21:38,852 [INFO] Step 38400: reward=-0.010, dist=0.00
2026-03-03 00:22:40,291 [INFO] Step 38600: reward=-0.010, dist=0.00
2026-03-03 00:23:41,763 [INFO] Step 38800: reward=-0.010, dist=0.00
2026-03-03 00:24:43,224 [INFO] Step 39000: reward=-0.010, dist=0.00
2026-03-03 00:25:44,639 [INFO] Step 39200: reward=-0.010, dist=0.00
2026-03-03 00:26:46,046 [INFO] Step 39400: reward=-0.010, dist=0.00
2026-03-03 00:27:47,489 [INFO] Step 39600: reward=-0.010, dist=0.00
2026-03-03 00:27:55,470 [INFO] Performing PPO update at global step 2009088
2026-03-03 00:27:55,704 [INFO] PPO losses — policy: 0.0015, value: 0.0223, entropy: 4.2242
2026-03-03 00:27:55,709 [INFO] PPO update completed. Buffer cleared.
2026-03-03 00:28:49,192 [INFO] Step 39800: reward=-0.010, dist=0.00
2026-03-03 00:29:50,647 [INFO] Step 40000: reward=-0.010, dist=0.00
2026-03-03 00:30:52,053 [INFO] Step 40200: reward=-0.010, dist=0.00
2026-03-03 00:31:53,502 [INFO] Step 40400: reward=-0.010, dist=0.00
2026-03-03 00:32:35,933 [INFO] Policy action (normalized): v = +0.972, w = -0.188 | Cmd_vel (scaled): v = +0.972 m/s, w = -0.188 rad/s
2026-03-03 00:32:54,977 [INFO] Step 40600: reward=-0.010, dist=0.00
2026-03-03 00:33:56,383 [INFO] Step 40800: reward=-0.010, dist=0.00
2026-03-03 00:34:57,813 [INFO] Step 41000: reward=-0.010, dist=0.00
2026-03-03 00:35:59,291 [INFO] Step 41200: reward=-0.010, dist=0.00
2026-03-03 00:37:00,810 [INFO] Step 41400: reward=-0.010, dist=0.00
2026-03-03 00:38:02,322 [INFO] Step 41600: reward=-0.010, dist=0.00
2026-03-03 00:38:25,074 [INFO] Performing PPO update at global step 2011136
2026-03-03 00:38:25,308 [INFO] PPO losses — policy: 0.0295, value: 0.0207, entropy: 4.2242
2026-03-03 00:38:25,312 [INFO] PPO update completed. Buffer cleared.
2026-03-03 00:39:04,039 [INFO] Step 41800: reward=-0.010, dist=0.00
2026-03-03 00:40:05,440 [INFO] Step 42000: reward=-0.010, dist=0.00
2026-03-03 00:41:06,873 [INFO] Step 42200: reward=-0.010, dist=0.00
2026-03-03 00:42:08,340 [INFO] Step 42400: reward=-0.010, dist=0.00
2026-03-03 00:43:09,842 [INFO] Step 42600: reward=-0.010, dist=0.00
2026-03-03 00:44:11,308 [INFO] Step 42800: reward=-0.010, dist=0.00
2026-03-03 00:45:12,778 [INFO] Step 43000: reward=-0.010, dist=0.00
2026-03-03 00:46:14,250 [INFO] Step 43200: reward=-0.010, dist=0.00
2026-03-03 00:47:15,760 [INFO] Step 43400: reward=-0.010, dist=0.00
2026-03-03 00:48:17,264 [INFO] Step 43600: reward=-0.010, dist=0.00
2026-03-03 00:48:54,756 [INFO] Performing PPO update at global step 2013184
2026-03-03 00:48:54,994 [INFO] PPO losses — policy: -0.0012, value: 0.0226, entropy: 4.2242
2026-03-03 00:48:54,999 [INFO] PPO update completed. Buffer cleared.
2026-03-03 00:49:19,014 [INFO] Step 43800: reward=-0.010, dist=0.00
2026-03-03 00:50:20,476 [INFO] Step 44000: reward=-0.010, dist=0.00
2026-03-03 00:51:21,959 [INFO] Step 44200: reward=-0.010, dist=0.00
2026-03-03 00:52:23,465 [INFO] Step 44400: reward=-0.010, dist=0.00
2026-03-03 00:53:24,901 [INFO] Step 44600: reward=-0.010, dist=0.00
2026-03-03 00:54:26,366 [INFO] Step 44800: reward=-0.010, dist=0.00
2026-03-03 00:55:27,877 [INFO] Step 45000: reward=-0.010, dist=0.00
2026-03-03 00:56:29,401 [INFO] Step 45200: reward=-0.010, dist=0.00
2026-03-03 00:57:30,906 [INFO] Step 45400: reward=-0.010, dist=0.00
2026-03-03 00:58:32,367 [INFO] Step 45600: reward=-0.010, dist=0.00
2026-03-03 00:59:24,611 [INFO] Performing PPO update at global step 2015232
2026-03-03 00:59:24,849 [INFO] PPO losses — policy: 0.0006, value: 0.0115, entropy: 4.2242
2026-03-03 00:59:24,853 [INFO] PPO update completed. Buffer cleared.
2026-03-03 00:59:34,077 [INFO] Step 45800: reward=-0.010, dist=0.00
2026-03-03 01:00:35,563 [INFO] Step 46000: reward=-0.010, dist=0.00
2026-03-03 01:01:36,987 [INFO] Step 46200: reward=-0.010, dist=0.00
2026-03-03 01:02:38,406 [INFO] Step 46400: reward=-0.010, dist=0.00
2026-03-03 01:03:39,859 [INFO] Step 46600: reward=-0.010, dist=0.00
2026-03-03 01:04:41,306 [INFO] Step 46800: reward=-0.010, dist=0.00
2026-03-03 01:05:42,761 [INFO] Step 47000: reward=-0.010, dist=0.00
2026-03-03 01:06:44,233 [INFO] Step 47200: reward=-0.010, dist=0.00
2026-03-03 01:07:45,635 [INFO] Step 47400: reward=-0.010, dist=0.00
2026-03-03 01:08:47,135 [INFO] Step 47600: reward=-0.010, dist=0.00
2026-03-03 01:09:48,727 [INFO] Step 47800: reward=-0.010, dist=0.00
2026-03-03 01:09:54,266 [INFO] Performing PPO update at global step 2017280
2026-03-03 01:09:54,508 [INFO] PPO losses — policy: 0.0009, value: 0.0126, entropy: 4.2242
2026-03-03 01:09:54,512 [INFO] PPO update completed. Buffer cleared.
2026-03-03 01:10:50,460 [INFO] Step 48000: reward=-0.010, dist=0.00
2026-03-03 01:11:51,866 [INFO] Step 48200: reward=-0.010, dist=0.00
2026-03-03 01:12:53,306 [INFO] Step 48400: reward=-0.010, dist=0.00
2026-03-03 01:13:54,756 [INFO] Step 48600: reward=-0.010, dist=0.00
2026-03-03 01:14:56,247 [INFO] Step 48800: reward=-0.010, dist=0.00
2026-03-03 01:15:57,703 [INFO] Step 49000: reward=-0.010, dist=0.00
2026-03-03 01:16:59,214 [INFO] Step 49200: reward=-0.010, dist=0.00
2026-03-03 01:18:00,711 [INFO] Step 49400: reward=-0.010, dist=0.00
2026-03-03 01:19:02,207 [INFO] Step 49600: reward=-0.010, dist=0.00
2026-03-03 01:20:03,683 [INFO] Step 49800: reward=-0.010, dist=0.00
2026-03-03 01:20:23,943 [INFO] Performing PPO update at global step 2019328
2026-03-03 01:20:24,184 [INFO] PPO losses — policy: 0.0007, value: 0.0120, entropy: 4.2242
2026-03-03 01:20:24,189 [INFO] PPO update completed. Buffer cleared.
2026-03-03 01:21:05,364 [INFO] Step 50000: reward=-0.010, dist=0.00
2026-03-03 01:22:06,816 [INFO] Step 50200: reward=-0.010, dist=0.00
2026-03-03 01:23:08,247 [INFO] Step 50400: reward=-0.010, dist=0.00
2026-03-03 01:23:50,653 [INFO] Policy action (normalized): v = +0.985, w = -0.997 | Cmd_vel (scaled): v = +0.985 m/s, w = -0.997 rad/s
2026-03-03 01:24:09,714 [INFO] Step 50600: reward=-0.010, dist=0.00
2026-03-03 01:25:11,180 [INFO] Step 50800: reward=-0.010, dist=0.00
2026-03-03 01:26:12,632 [INFO] Step 51000: reward=-0.010, dist=0.00
2026-03-03 01:27:14,141 [INFO] Step 51200: reward=-0.010, dist=0.00
2026-03-03 01:28:15,598 [INFO] Step 51400: reward=-0.010, dist=0.00
2026-03-03 01:29:17,064 [INFO] Step 51600: reward=-0.010, dist=0.00
2026-03-03 01:30:18,517 [INFO] Step 51800: reward=-0.010, dist=0.00
2026-03-03 01:30:53,541 [INFO] Performing PPO update at global step 2021376
2026-03-03 01:30:53,776 [INFO] PPO losses — policy: 0.0012, value: 0.0125, entropy: 4.2242
2026-03-03 01:30:53,780 [INFO] PPO update completed. Buffer cleared.
2026-03-03 01:31:20,221 [INFO] Step 52000: reward=-0.010, dist=0.00
2026-03-03 01:32:21,673 [INFO] Step 52200: reward=-0.010, dist=0.00
2026-03-03 01:33:23,156 [INFO] Step 52400: reward=-0.010, dist=0.00
2026-03-03 01:34:24,598 [INFO] Step 52600: reward=-0.010, dist=0.00
2026-03-03 01:35:26,052 [INFO] Step 52800: reward=-0.010, dist=0.00
2026-03-03 01:36:27,494 [INFO] Step 53000: reward=-0.010, dist=0.00
2026-03-03 01:37:28,972 [INFO] Step 53200: reward=-0.010, dist=0.00
2026-03-03 01:38:30,455 [INFO] Step 53400: reward=-0.010, dist=0.00
2026-03-03 01:39:31,938 [INFO] Step 53600: reward=-0.010, dist=0.00
2026-03-03 01:40:33,442 [INFO] Step 53800: reward=-0.010, dist=0.00
2026-03-03 01:41:23,239 [INFO] Performing PPO update at global step 2023424
2026-03-03 01:41:23,475 [INFO] PPO losses — policy: -0.0009, value: 0.0102, entropy: 4.2242
2026-03-03 01:41:23,479 [INFO] PPO update completed. Buffer cleared.
2026-03-03 01:41:35,162 [INFO] Step 54000: reward=-0.010, dist=0.00
2026-03-03 01:42:36,653 [INFO] Step 54200: reward=-0.010, dist=0.00
2026-03-03 01:43:38,070 [INFO] Step 54400: reward=-0.010, dist=0.00
2026-03-03 01:44:39,519 [INFO] Step 54600: reward=-0.010, dist=0.00
2026-03-03 01:45:40,945 [INFO] Step 54800: reward=-0.010, dist=0.00
2026-03-03 01:46:42,432 [INFO] Step 55000: reward=-0.010, dist=0.00
2026-03-03 01:47:43,914 [INFO] Step 55200: reward=-0.010, dist=0.00
2026-03-03 01:48:45,390 [INFO] Step 55400: reward=-0.010, dist=0.00
2026-03-03 01:49:46,845 [INFO] Step 55600: reward=-0.010, dist=0.00
2026-03-03 01:50:48,374 [INFO] Step 55800: reward=-0.010, dist=0.00
2026-03-03 01:51:49,855 [INFO] Step 56000: reward=-0.010, dist=0.00
2026-03-03 01:51:52,931 [INFO] Performing PPO update at global step 2025472
2026-03-03 01:51:53,169 [INFO] PPO losses — policy: -0.0019, value: 0.0093, entropy: 4.2242
2026-03-03 01:51:53,173 [INFO] PPO update completed. Buffer cleared.
2026-03-03 01:52:51,538 [INFO] Step 56200: reward=-0.010, dist=0.00
2026-03-03 01:53:53,055 [INFO] Step 56400: reward=-0.010, dist=0.00
2026-03-03 01:54:54,445 [INFO] Step 56600: reward=-0.010, dist=0.00
2026-03-03 01:55:55,869 [INFO] Step 56800: reward=-0.010, dist=0.00
2026-03-03 01:56:57,334 [INFO] Step 57000: reward=-0.010, dist=0.00
2026-03-03 01:57:58,811 [INFO] Step 57200: reward=-0.010, dist=0.00
2026-03-03 01:59:00,311 [INFO] Step 57400: reward=-0.010, dist=0.00
2026-03-03 02:00:01,805 [INFO] Step 57600: reward=-0.010, dist=0.00
2026-03-03 02:01:03,253 [INFO] Step 57800: reward=-0.010, dist=0.00
2026-03-03 02:02:04,732 [INFO] Step 58000: reward=-0.010, dist=0.00
2026-03-03 02:02:22,545 [INFO] Performing PPO update at global step 2027520
2026-03-03 02:02:22,785 [INFO] PPO losses — policy: -0.0047, value: 0.0069, entropy: 4.2242
2026-03-03 02:02:22,789 [INFO] PPO update completed. Buffer cleared.
2026-03-03 02:03:06,465 [INFO] Step 58200: reward=-0.010, dist=0.00
2026-03-03 02:04:07,890 [INFO] Step 58400: reward=-0.010, dist=0.00
2026-03-03 02:05:09,320 [INFO] Step 58600: reward=-0.010, dist=0.00
2026-03-03 02:06:10,760 [INFO] Step 58800: reward=-0.010, dist=0.00
2026-03-03 02:07:12,265 [INFO] Step 59000: reward=-0.010, dist=0.00
2026-03-03 02:08:13,746 [INFO] Step 59200: reward=-0.010, dist=0.00
2026-03-03 02:09:15,235 [INFO] Step 59400: reward=-0.010, dist=0.00
2026-03-03 02:10:16,675 [INFO] Step 59600: reward=-0.010, dist=0.00
2026-03-03 02:11:18,125 [INFO] Step 59800: reward=-0.010, dist=0.00
2026-03-03 02:12:19,605 [INFO] Step 60000: reward=-0.010, dist=0.00
2026-03-03 02:12:52,195 [INFO] Performing PPO update at global step 2029568
2026-03-03 02:12:52,436 [INFO] PPO losses — policy: -0.0050, value: 0.0117, entropy: 4.2242
2026-03-03 02:12:52,441 [INFO] PPO update completed. Buffer cleared.
2026-03-03 02:13:21,359 [INFO] Step 60200: reward=-0.010, dist=0.00
2026-03-03 02:14:22,829 [INFO] Step 60400: reward=-0.010, dist=0.00
2026-03-03 02:15:05,247 [INFO] Policy action (normalized): v = +0.997, w = -0.987 | Cmd_vel (scaled): v = +0.997 m/s, w = -0.987 rad/s
2026-03-03 02:15:24,275 [INFO] Step 60600: reward=-0.010, dist=0.00
2026-03-03 02:16:25,735 [INFO] Step 60800: reward=-0.010, dist=0.00
2026-03-03 02:17:27,212 [INFO] Step 61000: reward=-0.010, dist=0.00
2026-03-03 02:18:28,700 [INFO] Step 61200: reward=-0.010, dist=0.00
2026-03-03 02:19:30,177 [INFO] Step 61400: reward=-0.010, dist=0.00
2026-03-03 02:20:31,682 [INFO] Step 61600: reward=-0.010, dist=0.00
2026-03-03 02:21:33,152 [INFO] Step 61800: reward=-0.010, dist=0.00
2026-03-03 02:22:34,632 [INFO] Step 62000: reward=-0.010, dist=0.00
2026-03-03 02:23:21,954 [INFO] Performing PPO update at global step 2031616
2026-03-03 02:23:22,190 [INFO] PPO losses — policy: 0.0018, value: 0.0076, entropy: 4.2242
2026-03-03 02:23:22,194 [INFO] PPO update completed. Buffer cleared.
2026-03-03 02:23:36,337 [INFO] Step 62200: reward=-0.010, dist=0.00
2026-03-03 02:24:37,796 [INFO] Step 62400: reward=-0.010, dist=0.00
2026-03-03 02:25:39,254 [INFO] Step 62600: reward=-0.010, dist=0.00
2026-03-03 02:26:40,681 [INFO] Step 62800: reward=-0.010, dist=0.00
2026-03-03 02:27:42,140 [INFO] Step 63000: reward=-0.010, dist=0.00
2026-03-03 02:28:43,578 [INFO] Step 63200: reward=-0.010, dist=0.00
2026-03-03 02:29:45,066 [INFO] Step 63400: reward=-0.010, dist=0.00
2026-03-03 02:30:46,511 [INFO] Step 63600: reward=-0.010, dist=0.00
2026-03-03 02:31:48,015 [INFO] Step 63800: reward=-0.010, dist=0.00
2026-03-03 02:32:49,435 [INFO] Step 64000: reward=-0.010, dist=0.00
2026-03-03 02:33:50,872 [INFO] Step 64200: reward=-0.010, dist=0.00
2026-03-03 02:33:51,489 [INFO] Performing PPO update at global step 2033664
2026-03-03 02:33:51,730 [INFO] PPO losses — policy: -0.0006, value: 0.0077, entropy: 4.2242
2026-03-03 02:33:51,734 [INFO] PPO update completed. Buffer cleared.
2026-03-03 02:34:52,540 [INFO] Step 64400: reward=-0.010, dist=0.00
2026-03-03 02:35:53,951 [INFO] Step 64600: reward=-0.010, dist=0.00
2026-03-03 02:36:55,332 [INFO] Step 64800: reward=-0.010, dist=0.00
2026-03-03 02:37:56,798 [INFO] Step 65000: reward=-0.010, dist=0.00
2026-03-03 02:38:58,292 [INFO] Step 65200: reward=-0.010, dist=0.00
2026-03-03 02:39:59,714 [INFO] Step 65400: reward=-0.010, dist=0.00
2026-03-03 02:41:01,166 [INFO] Step 65600: reward=-0.010, dist=0.00
2026-03-03 02:42:02,637 [INFO] Step 65800: reward=-0.010, dist=0.00
2026-03-03 02:43:04,091 [INFO] Step 66000: reward=-0.010, dist=0.00
2026-03-03 02:44:05,506 [INFO] Step 66200: reward=-0.010, dist=0.00
2026-03-03 02:44:20,887 [INFO] Performing PPO update at global step 2035712
2026-03-03 02:44:21,125 [INFO] PPO losses — policy: 0.0022, value: 0.0108, entropy: 4.2242
2026-03-03 02:44:21,130 [INFO] PPO update completed. Buffer cleared.
2026-03-03 02:45:07,205 [INFO] Step 66400: reward=-0.010, dist=0.00
2026-03-03 02:46:08,648 [INFO] Step 66600: reward=-0.010, dist=0.00
2026-03-03 02:47:10,090 [INFO] Step 66800: reward=-0.010, dist=0.00
2026-03-03 02:48:11,543 [INFO] Step 67000: reward=-0.010, dist=0.00
2026-03-03 02:49:12,958 [INFO] Step 67200: reward=-0.010, dist=0.00
2026-03-03 02:50:14,392 [INFO] Step 67400: reward=-0.010, dist=0.00
2026-03-03 02:51:15,849 [INFO] Step 67600: reward=-0.010, dist=0.00
2026-03-03 02:52:17,285 [INFO] Step 67800: reward=-0.010, dist=0.00
2026-03-03 02:53:18,735 [INFO] Step 68000: reward=-0.010, dist=0.00
2026-03-03 02:54:20,192 [INFO] Step 68200: reward=-0.010, dist=0.00
2026-03-03 02:54:50,320 [INFO] Performing PPO update at global step 2037760
2026-03-03 02:54:50,557 [INFO] PPO losses — policy: -0.0012, value: 0.0115, entropy: 4.2242
2026-03-03 02:54:50,563 [INFO] PPO update completed. Buffer cleared.
2026-03-03 02:55:21,908 [INFO] Step 68400: reward=-0.010, dist=0.00
2026-03-03 02:56:23,328 [INFO] Step 68600: reward=-0.010, dist=0.00
2026-03-03 02:57:24,762 [INFO] Step 68800: reward=-0.010, dist=0.00
2026-03-03 02:58:26,198 [INFO] Step 69000: reward=-0.010, dist=0.00
2026-03-03 02:59:27,661 [INFO] Step 69200: reward=-0.010, dist=0.00
2026-03-03 03:00:29,169 [INFO] Step 69400: reward=-0.010, dist=0.00
2026-03-03 03:01:30,637 [INFO] Step 69600: reward=-0.010, dist=0.00
2026-03-03 03:02:32,135 [INFO] Step 69800: reward=-0.010, dist=0.00
2026-03-03 03:03:33,637 [INFO] Step 70000: reward=-0.010, dist=0.00
2026-03-03 03:04:35,102 [INFO] Step 70200: reward=-0.010, dist=0.00
2026-03-03 03:05:19,979 [INFO] Performing PPO update at global step 2039808
2026-03-03 03:05:20,224 [INFO] PPO losses — policy: -0.0002, value: 0.0094, entropy: 4.2242
2026-03-03 03:05:20,229 [INFO] PPO update completed. Buffer cleared.
2026-03-03 03:05:36,808 [INFO] Step 70400: reward=-0.010, dist=0.00
2026-03-03 03:06:19,208 [INFO] Policy action (normalized): v = -0.114, w = +0.847 | Cmd_vel (scaled): v = -0.114 m/s, w = +0.847 rad/s
2026-03-03 03:06:38,262 [INFO] Step 70600: reward=-0.010, dist=0.00
2026-03-03 03:07:39,711 [INFO] Step 70800: reward=-0.010, dist=0.00
2026-03-03 03:08:41,180 [INFO] Step 71000: reward=-0.010, dist=0.00
2026-03-03 03:09:42,571 [INFO] Step 71200: reward=-0.010, dist=0.00
2026-03-03 03:10:44,050 [INFO] Step 71400: reward=-0.010, dist=0.00
2026-03-03 03:11:45,524 [INFO] Step 71600: reward=-0.010, dist=0.00
2026-03-03 03:12:47,029 [INFO] Step 71800: reward=-0.010, dist=0.00
2026-03-03 03:13:48,445 [INFO] Step 72000: reward=-0.010, dist=0.00
2026-03-03 03:14:49,922 [INFO] Step 72200: reward=-0.010, dist=0.00
2026-03-03 03:15:49,546 [INFO] Performing PPO update at global step 2041856
2026-03-03 03:15:49,785 [INFO] PPO losses — policy: -0.0007, value: 0.0084, entropy: 4.2242
2026-03-03 03:15:49,789 [INFO] PPO update completed. Buffer cleared.
2026-03-03 03:15:51,637 [INFO] Step 72400: reward=-0.010, dist=0.00
2026-03-03 03:16:53,093 [INFO] Step 72600: reward=-0.010, dist=0.00
2026-03-03 03:17:54,514 [INFO] Step 72800: reward=-0.010, dist=0.00
2026-03-03 03:18:56,013 [INFO] Step 73000: reward=-0.010, dist=0.00
2026-03-03 03:19:57,461 [INFO] Step 73200: reward=-0.010, dist=0.00
2026-03-03 03:20:58,891 [INFO] Step 73400: reward=-0.010, dist=0.00
2026-03-03 03:22:00,269 [INFO] Step 73600: reward=-0.010, dist=0.00
2026-03-03 03:23:01,707 [INFO] Step 73800: reward=-0.010, dist=0.00
2026-03-03 03:24:03,180 [INFO] Step 74000: reward=-0.010, dist=0.00
2026-03-03 03:25:04,604 [INFO] Step 74200: reward=-0.010, dist=0.00
2026-03-03 03:26:06,079 [INFO] Step 74400: reward=-0.010, dist=0.00
2026-03-03 03:26:18,990 [INFO] Performing PPO update at global step 2043904
2026-03-03 03:26:19,229 [INFO] PPO losses — policy: -0.0004, value: 0.0086, entropy: 4.2242
2026-03-03 03:26:19,233 [INFO] PPO update completed. Buffer cleared.
2026-03-03 03:27:07,791 [INFO] Step 74600: reward=-0.010, dist=0.00
2026-03-03 03:28:09,213 [INFO] Step 74800: reward=-0.010, dist=0.00
2026-03-03 03:29:10,634 [INFO] Step 75000: reward=-0.010, dist=0.00
2026-03-03 03:30:12,082 [INFO] Step 75200: reward=-0.010, dist=0.00
2026-03-03 03:31:13,563 [INFO] Step 75400: reward=-0.010, dist=0.00
2026-03-03 03:32:15,020 [INFO] Step 75600: reward=-0.010, dist=0.00
2026-03-03 03:33:16,513 [INFO] Step 75800: reward=-0.010, dist=0.00
2026-03-03 03:34:17,963 [INFO] Step 76000: reward=-0.010, dist=0.00
2026-03-03 03:35:19,391 [INFO] Step 76200: reward=-0.010, dist=0.00
2026-03-03 03:36:20,885 [INFO] Step 76400: reward=-0.010, dist=0.00
2026-03-03 03:36:48,599 [INFO] Performing PPO update at global step 2045952
2026-03-03 03:36:48,840 [INFO] PPO losses — policy: 0.0005, value: 0.0043, entropy: 4.2242
2026-03-03 03:36:48,844 [INFO] PPO update completed. Buffer cleared.
2026-03-03 03:37:22,661 [INFO] Step 76600: reward=-0.010, dist=0.00
2026-03-03 03:38:24,101 [INFO] Step 76800: reward=-0.010, dist=0.00
2026-03-03 03:39:25,570 [INFO] Step 77000: reward=-0.010, dist=0.00
2026-03-03 03:40:27,062 [INFO] Step 77200: reward=-0.010, dist=0.00
2026-03-03 03:41:28,570 [INFO] Step 77400: reward=-0.010, dist=0.00
2026-03-03 03:42:30,049 [INFO] Step 77600: reward=-0.010, dist=0.00
2026-03-03 03:43:31,520 [INFO] Step 77800: reward=-0.010, dist=0.00
2026-03-03 03:44:32,943 [INFO] Step 78000: reward=-0.010, dist=0.00
2026-03-03 03:45:34,424 [INFO] Step 78200: reward=-0.010, dist=0.00
2026-03-03 03:46:35,893 [INFO] Step 78400: reward=-0.010, dist=0.00
2026-03-03 03:47:18,281 [INFO] Performing PPO update at global step 2048000
2026-03-03 03:47:18,519 [INFO] PPO losses — policy: 0.0001, value: 0.0053, entropy: 4.2242
2026-03-03 03:47:18,524 [INFO] PPO update completed. Buffer cleared.
2026-03-03 03:47:37,602 [INFO] Step 78600: reward=-0.010, dist=0.00
2026-03-03 03:48:39,069 [INFO] Step 78800: reward=-0.010, dist=0.00
2026-03-03 03:49:40,535 [INFO] Step 79000: reward=-0.010, dist=0.00
2026-03-03 03:50:42,010 [INFO] Step 79200: reward=-0.010, dist=0.00
2026-03-03 03:51:43,464 [INFO] Step 79400: reward=-0.010, dist=0.00
2026-03-03 03:52:44,931 [INFO] Step 79600: reward=-0.010, dist=0.00
2026-03-03 03:53:46,367 [INFO] Step 79800: reward=-0.010, dist=0.00
2026-03-03 03:54:47,790 [INFO] Step 80000: reward=-0.010, dist=0.00
2026-03-03 03:55:49,234 [INFO] Step 80200: reward=-0.010, dist=0.00
2026-03-03 03:56:50,698 [INFO] Step 80400: reward=-0.010, dist=0.00
2026-03-03 03:57:33,115 [INFO] Policy action (normalized): v = -0.995, w = +0.990 | Cmd_vel (scaled): v = -0.995 m/s, w = +0.990 rad/s
2026-03-03 03:57:47,846 [INFO] Performing PPO update at global step 2050048
2026-03-03 03:57:48,085 [INFO] PPO losses — policy: -0.0002, value: 0.0050, entropy: 4.2242
2026-03-03 03:57:48,090 [INFO] PPO update completed. Buffer cleared.
2026-03-03 03:57:52,387 [INFO] Step 80600: reward=-0.010, dist=0.00
2026-03-03 03:58:53,803 [INFO] Step 80800: reward=-0.010, dist=0.00
2026-03-03 03:59:55,260 [INFO] Step 81000: reward=-0.010, dist=0.00
2026-03-03 04:00:56,650 [INFO] Step 81200: reward=-0.010, dist=0.00
2026-03-03 04:01:58,159 [INFO] Step 81400: reward=-0.010, dist=0.00
2026-03-03 04:02:59,613 [INFO] Step 81600: reward=-0.010, dist=0.00
2026-03-03 04:04:01,131 [INFO] Step 81800: reward=-0.010, dist=0.00
2026-03-03 04:05:02,589 [INFO] Step 82000: reward=-0.010, dist=0.00
2026-03-03 04:06:04,052 [INFO] Step 82200: reward=-0.010, dist=0.00
2026-03-03 04:07:05,494 [INFO] Step 82400: reward=-0.010, dist=0.00
2026-03-03 04:08:07,000 [INFO] Step 82600: reward=-0.010, dist=0.00
2026-03-03 04:08:17,459 [INFO] Performing PPO update at global step 2052096
2026-03-03 04:08:17,699 [INFO] PPO losses — policy: -0.0025, value: 0.0069, entropy: 4.2242
2026-03-03 04:08:17,703 [INFO] PPO update completed. Buffer cleared.
2026-03-03 04:09:08,742 [INFO] Step 82800: reward=-0.010, dist=0.00
2026-03-03 04:10:10,152 [INFO] Step 83000: reward=-0.010, dist=0.00
2026-03-03 04:11:11,611 [INFO] Step 83200: reward=-0.010, dist=0.00
2026-03-03 04:12:13,103 [INFO] Step 83400: reward=-0.010, dist=0.00
2026-03-03 04:13:14,569 [INFO] Step 83600: reward=-0.010, dist=0.00
2026-03-03 04:14:16,088 [INFO] Step 83800: reward=-0.010, dist=0.00
2026-03-03 04:15:17,548 [INFO] Step 84000: reward=-0.010, dist=0.00
2026-03-03 04:16:19,018 [INFO] Step 84200: reward=-0.010, dist=0.00
2026-03-03 04:17:20,489 [INFO] Step 84400: reward=-0.010, dist=0.00
2026-03-03 04:18:21,971 [INFO] Step 84600: reward=-0.010, dist=0.00
2026-03-03 04:18:47,202 [INFO] Performing PPO update at global step 2054144
2026-03-03 04:18:47,442 [INFO] PPO losses — policy: 0.0141, value: 0.0065, entropy: 4.2242
2026-03-03 04:18:47,446 [INFO] PPO update completed. Buffer cleared.
2026-03-03 04:19:23,748 [INFO] Step 84800: reward=-0.010, dist=0.00
2026-03-03 04:20:25,161 [INFO] Step 85000: reward=-0.010, dist=0.00
2026-03-03 04:21:26,636 [INFO] Step 85200: reward=-0.010, dist=0.00
2026-03-03 04:22:28,109 [INFO] Step 85400: reward=-0.010, dist=0.00
2026-03-03 04:23:29,552 [INFO] Step 85600: reward=-0.010, dist=0.00
2026-03-03 04:24:31,061 [INFO] Step 85800: reward=-0.010, dist=0.00
2026-03-03 04:25:32,477 [INFO] Step 86000: reward=-0.010, dist=0.00
2026-03-03 04:26:33,934 [INFO] Step 86200: reward=-0.010, dist=0.00
2026-03-03 04:27:35,369 [INFO] Step 86400: reward=-0.010, dist=0.00
2026-03-03 04:28:36,833 [INFO] Step 86600: reward=-0.010, dist=0.00
2026-03-03 04:29:16,811 [INFO] Performing PPO update at global step 2056192
2026-03-03 04:29:17,057 [INFO] PPO losses — policy: 0.0012, value: 0.0064, entropy: 4.2242
2026-03-03 04:29:17,062 [INFO] PPO update completed. Buffer cleared.
2026-03-03 04:29:38,604 [INFO] Step 86800: reward=-0.010, dist=0.00
2026-03-03 04:30:40,066 [INFO] Step 87000: reward=-0.010, dist=0.00
2026-03-03 04:31:41,521 [INFO] Step 87200: reward=-0.010, dist=0.00
2026-03-03 04:32:43,006 [INFO] Step 87400: reward=-0.010, dist=0.00
2026-03-03 04:33:44,443 [INFO] Step 87600: reward=-0.010, dist=0.00
2026-03-03 04:34:45,865 [INFO] Step 87800: reward=-0.010, dist=0.00
2026-03-03 04:35:47,286 [INFO] Step 88000: reward=-0.010, dist=0.00
2026-03-03 04:36:48,704 [INFO] Step 88200: reward=-0.010, dist=0.00
2026-03-03 04:37:50,221 [INFO] Step 88400: reward=-0.010, dist=0.00
2026-03-03 04:38:51,694 [INFO] Step 88600: reward=-0.010, dist=0.00
2026-03-03 04:39:46,425 [INFO] Performing PPO update at global step 2058240
2026-03-03 04:39:46,663 [INFO] PPO losses — policy: -0.0015, value: 0.0062, entropy: 4.2242
2026-03-03 04:39:46,667 [INFO] PPO update completed. Buffer cleared.
2026-03-03 04:39:53,430 [INFO] Step 88800: reward=-0.010, dist=0.00
2026-03-03 04:40:54,897 [INFO] Step 89000: reward=-0.010, dist=0.00
2026-03-03 04:41:56,404 [INFO] Step 89200: reward=-0.010, dist=0.00
2026-03-03 04:42:57,835 [INFO] Step 89400: reward=-0.010, dist=0.00
2026-03-03 04:43:59,317 [INFO] Step 89600: reward=-0.010, dist=0.00
2026-03-03 04:45:00,804 [INFO] Step 89800: reward=-0.010, dist=0.00
2026-03-03 04:46:02,243 [INFO] Step 90000: reward=-0.010, dist=0.00
2026-03-03 04:47:03,660 [INFO] Step 90200: reward=-0.010, dist=0.00
2026-03-03 04:48:05,128 [INFO] Step 90400: reward=-0.010, dist=0.00
2026-03-03 04:48:47,564 [INFO] Policy action (normalized): v = +0.938, w = -0.997 | Cmd_vel (scaled): v = +0.938 m/s, w = -0.997 rad/s
2026-03-03 04:49:06,629 [INFO] Step 90600: reward=-0.010, dist=0.00
2026-03-03 04:50:08,069 [INFO] Step 90800: reward=-0.010, dist=0.00
2026-03-03 04:50:16,068 [INFO] Performing PPO update at global step 2060288
2026-03-03 04:50:16,308 [INFO] PPO losses — policy: -0.0012, value: 0.0081, entropy: 4.2109
2026-03-03 04:50:16,312 [INFO] PPO update completed. Buffer cleared.
2026-03-03 04:51:09,810 [INFO] Step 91000: reward=-0.010, dist=0.00
2026-03-03 04:52:11,279 [INFO] Step 91200: reward=-0.010, dist=0.00
2026-03-03 04:53:12,697 [INFO] Step 91400: reward=-0.010, dist=0.00
2026-03-03 04:54:14,116 [INFO] Step 91600: reward=-0.010, dist=0.00
2026-03-03 04:55:15,593 [INFO] Step 91800: reward=-0.010, dist=0.00
2026-03-03 04:56:17,007 [INFO] Step 92000: reward=-0.010, dist=0.00
2026-03-03 04:57:18,438 [INFO] Step 92200: reward=-0.010, dist=0.00
2026-03-03 04:58:19,899 [INFO] Step 92400: reward=-0.010, dist=0.00
2026-03-03 04:59:21,332 [INFO] Step 92600: reward=-0.010, dist=0.00
2026-03-03 05:00:22,793 [INFO] Step 92800: reward=-0.010, dist=0.00
2026-03-03 05:00:45,505 [INFO] Performing PPO update at global step 2062336
2026-03-03 05:00:45,742 [INFO] PPO losses — policy: -0.0003, value: 0.0059, entropy: 4.2242
2026-03-03 05:00:45,746 [INFO] PPO update completed. Buffer cleared.
2026-03-03 05:01:24,458 [INFO] Step 93000: reward=-0.010, dist=0.00
2026-03-03 05:02:25,897 [INFO] Step 93200: reward=-0.010, dist=0.00
2026-03-03 05:03:27,310 [INFO] Step 93400: reward=-0.010, dist=0.00
2026-03-03 05:04:28,745 [INFO] Step 93600: reward=-0.010, dist=0.00
2026-03-03 05:05:30,227 [INFO] Step 93800: reward=-0.010, dist=0.00
2026-03-03 05:06:31,701 [INFO] Step 94000: reward=-0.010, dist=0.00
2026-03-03 05:07:33,129 [INFO] Step 94200: reward=-0.010, dist=0.00
2026-03-03 05:08:34,598 [INFO] Step 94400: reward=-0.010, dist=0.00
2026-03-03 05:09:36,082 [INFO] Step 94600: reward=-0.010, dist=0.00
2026-03-03 05:10:37,537 [INFO] Step 94800: reward=-0.010, dist=0.00
2026-03-03 05:11:15,077 [INFO] Performing PPO update at global step 2064384
2026-03-03 05:11:15,324 [INFO] PPO losses — policy: -0.0024, value: 0.0087, entropy: 4.2242
2026-03-03 05:11:15,328 [INFO] PPO update completed. Buffer cleared.
2026-03-03 05:11:39,329 [INFO] Step 95000: reward=-0.010, dist=0.00
2026-03-03 05:12:40,750 [INFO] Step 95200: reward=-0.010, dist=0.00
2026-03-03 05:13:42,164 [INFO] Step 95400: reward=-0.010, dist=0.00
2026-03-03 05:14:43,652 [INFO] Step 95600: reward=-0.010, dist=0.00
2026-03-03 05:15:45,150 [INFO] Step 95800: reward=-0.010, dist=0.00
2026-03-03 05:16:46,579 [INFO] Step 96000: reward=-0.010, dist=0.00
2026-03-03 05:17:47,973 [INFO] Step 96200: reward=-0.010, dist=0.00
2026-03-03 05:18:49,431 [INFO] Step 96400: reward=-0.010, dist=0.00
2026-03-03 05:19:50,879 [INFO] Step 96600: reward=-0.010, dist=0.00
2026-03-03 05:20:52,342 [INFO] Step 96800: reward=-0.010, dist=0.00
2026-03-03 05:21:44,607 [INFO] Performing PPO update at global step 2066432
2026-03-03 05:21:44,842 [INFO] PPO losses — policy: -0.0024, value: 0.0063, entropy: 4.2242
2026-03-03 05:21:44,846 [INFO] PPO update completed. Buffer cleared.
2026-03-03 05:21:54,054 [INFO] Step 97000: reward=-0.010, dist=0.00
2026-03-03 05:22:55,559 [INFO] Step 97200: reward=-0.010, dist=0.00
2026-03-03 05:23:57,042 [INFO] Step 97400: reward=-0.010, dist=0.00
2026-03-03 05:24:58,529 [INFO] Step 97600: reward=-0.010, dist=0.00
2026-03-03 05:25:59,986 [INFO] Step 97800: reward=-0.010, dist=0.00
2026-03-03 05:27:01,461 [INFO] Step 98000: reward=-0.010, dist=0.00
2026-03-03 05:28:02,891 [INFO] Step 98200: reward=-0.010, dist=0.00
2026-03-03 05:29:04,362 [INFO] Step 98400: reward=-0.010, dist=0.00
2026-03-03 05:30:05,838 [INFO] Step 98600: reward=-0.010, dist=0.00
2026-03-03 05:31:07,319 [INFO] Step 98800: reward=-0.010, dist=0.00
2026-03-03 05:32:08,808 [INFO] Step 99000: reward=-0.010, dist=0.00
2026-03-03 05:32:14,343 [INFO] Performing PPO update at global step 2068480
2026-03-03 05:32:14,583 [INFO] PPO losses — policy: -0.0036, value: 0.0056, entropy: 4.2242
2026-03-03 05:32:14,587 [INFO] PPO update completed. Buffer cleared.
2026-03-03 05:33:10,539 [INFO] Step 99200: reward=-0.010, dist=0.00
2026-03-03 05:34:11,936 [INFO] Step 99400: reward=-0.010, dist=0.00
2026-03-03 05:35:13,373 [INFO] Step 99600: reward=-0.010, dist=0.00
2026-03-03 05:36:14,827 [INFO] Step 99800: reward=-0.010, dist=0.00
2026-03-03 05:37:16,315 [INFO] Step 100000: reward=-0.010, dist=0.00
2026-03-03 05:38:17,767 [INFO] Step 100200: reward=-0.010, dist=0.00
2026-03-03 05:39:19,275 [INFO] Step 100400: reward=-0.010, dist=0.00
2026-03-03 05:40:01,734 [INFO] Policy action (normalized): v = +0.329, w = -0.987 | Cmd_vel (scaled): v = +0.329 m/s, w = -0.987 rad/s
2026-03-03 05:40:20,803 [INFO] Step 100600: reward=-0.010, dist=0.00
2026-03-03 05:41:22,294 [INFO] Step 100800: reward=-0.010, dist=0.00
2026-03-03 05:42:23,748 [INFO] Step 101000: reward=-0.010, dist=0.00
2026-03-03 05:42:44,064 [INFO] Performing PPO update at global step 2070528
2026-03-03 05:42:44,299 [INFO] PPO losses — policy: -0.0019, value: 0.0088, entropy: 4.2242
2026-03-03 05:42:44,304 [INFO] PPO update completed. Buffer cleared.
2026-03-03 05:43:25,508 [INFO] Step 101200: reward=-0.010, dist=0.00
2026-03-03 05:44:26,918 [INFO] Step 101400: reward=-0.010, dist=0.00
2026-03-03 05:45:28,318 [INFO] Step 101600: reward=-0.010, dist=0.00
2026-03-03 05:46:29,732 [INFO] Step 101800: reward=-0.010, dist=0.00
2026-03-03 05:47:31,192 [INFO] Step 102000: reward=-0.010, dist=0.00
2026-03-03 05:48:32,672 [INFO] Step 102200: reward=-0.010, dist=0.00
2026-03-03 05:49:34,115 [INFO] Step 102400: reward=-0.010, dist=0.00
2026-03-03 05:50:35,603 [INFO] Step 102600: reward=-0.010, dist=0.00
2026-03-03 05:51:37,054 [INFO] Step 102800: reward=-0.010, dist=0.00
2026-03-03 05:52:38,571 [INFO] Step 103000: reward=-0.010, dist=0.00
2026-03-03 05:53:13,657 [INFO] Performing PPO update at global step 2072576
2026-03-03 05:53:13,896 [INFO] PPO losses — policy: -0.0009, value: 0.0073, entropy: 4.2242
2026-03-03 05:53:13,900 [INFO] PPO update completed. Buffer cleared.
2026-03-03 05:53:40,355 [INFO] Step 103200: reward=-0.010, dist=0.00
2026-03-03 05:54:41,761 [INFO] Step 103400: reward=-0.010, dist=0.00
2026-03-03 05:55:43,225 [INFO] Step 103600: reward=-0.010, dist=0.00
2026-03-03 05:56:44,668 [INFO] Step 103800: reward=-0.010, dist=0.00
2026-03-03 05:57:46,110 [INFO] Step 104000: reward=-0.010, dist=0.00
2026-03-03 05:58:47,609 [INFO] Step 104200: reward=-0.010, dist=0.00
2026-03-03 05:59:49,073 [INFO] Step 104400: reward=-0.010, dist=0.00
2026-03-03 06:00:50,571 [INFO] Step 104600: reward=-0.010, dist=0.00
2026-03-03 06:01:52,029 [INFO] Step 104800: reward=-0.010, dist=0.00
2026-03-03 06:02:53,543 [INFO] Step 105000: reward=-0.010, dist=0.00
2026-03-03 06:03:43,349 [INFO] Performing PPO update at global step 2074624
2026-03-03 06:03:43,593 [INFO] PPO losses — policy: -0.0031, value: 0.0072, entropy: 4.2242
2026-03-03 06:03:43,598 [INFO] PPO update completed. Buffer cleared.
2026-03-03 06:03:55,284 [INFO] Step 105200: reward=-0.010, dist=0.00
2026-03-03 06:04:56,780 [INFO] Step 105400: reward=-0.010, dist=0.00
2026-03-03 06:05:58,223 [INFO] Step 105600: reward=-0.010, dist=0.00
2026-03-03 06:06:59,691 [INFO] Step 105800: reward=-0.010, dist=0.00
2026-03-03 06:08:01,155 [INFO] Step 106000: reward=-0.010, dist=0.00
2026-03-03 06:09:02,690 [INFO] Step 106200: reward=-0.010, dist=0.00
2026-03-03 06:10:04,163 [INFO] Step 106400: reward=-0.010, dist=0.00
2026-03-03 06:11:05,564 [INFO] Step 106600: reward=-0.010, dist=0.00
2026-03-03 06:12:07,063 [INFO] Step 106800: reward=-0.010, dist=0.00
2026-03-03 06:13:08,523 [INFO] Step 107000: reward=-0.010, dist=0.00
2026-03-03 06:14:10,037 [INFO] Step 107200: reward=-0.010, dist=0.00
2026-03-03 06:14:13,121 [INFO] Performing PPO update at global step 2076672
2026-03-03 06:14:13,359 [INFO] PPO losses — policy: -0.0017, value: 0.0069, entropy: 4.2242
2026-03-03 06:14:13,363 [INFO] PPO update completed. Buffer cleared.
2026-03-03 06:15:11,766 [INFO] Step 107400: reward=-0.010, dist=0.00
2026-03-03 06:16:13,147 [INFO] Step 107600: reward=-0.010, dist=0.00
2026-03-03 06:17:14,565 [INFO] Step 107800: reward=-0.010, dist=0.00
2026-03-03 06:18:16,007 [INFO] Step 108000: reward=-0.010, dist=0.00
2026-03-03 06:19:17,427 [INFO] Step 108200: reward=-0.010, dist=0.00
2026-03-03 06:20:18,943 [INFO] Step 108400: reward=-0.010, dist=0.00
2026-03-03 06:21:20,441 [INFO] Step 108600: reward=-0.010, dist=0.00
2026-03-03 06:22:21,903 [INFO] Step 108800: reward=-0.010, dist=0.00
2026-03-03 06:23:23,384 [INFO] Step 109000: reward=-0.010, dist=0.00
2026-03-03 06:24:24,811 [INFO] Step 109200: reward=-0.010, dist=0.00
2026-03-03 06:24:42,655 [INFO] Performing PPO update at global step 2078720
2026-03-03 06:24:42,897 [INFO] PPO losses — policy: 0.0011, value: 0.0071, entropy: 4.2242
2026-03-03 06:24:42,901 [INFO] PPO update completed. Buffer cleared.
2026-03-03 06:25:26,490 [INFO] Step 109400: reward=-0.010, dist=0.00
2026-03-03 06:26:27,911 [INFO] Step 109600: reward=-0.010, dist=0.00
2026-03-03 06:27:29,313 [INFO] Step 109800: reward=-0.010, dist=0.00
2026-03-03 06:28:30,740 [INFO] Step 110000: reward=-0.010, dist=0.00
2026-03-03 06:29:32,172 [INFO] Step 110200: reward=-0.010, dist=0.00
2026-03-03 06:30:33,620 [INFO] Step 110400: reward=-0.010, dist=0.00
2026-03-03 06:31:16,047 [INFO] Policy action (normalized): v = -1.000, w = +0.771 | Cmd_vel (scaled): v = -1.000 m/s, w = +0.771 rad/s
2026-03-03 06:31:35,111 [INFO] Step 110600: reward=-0.010, dist=0.00
2026-03-03 06:32:36,617 [INFO] Step 110800: reward=-0.010, dist=0.00
2026-03-03 06:33:38,105 [INFO] Step 111000: reward=-0.010, dist=0.00
2026-03-03 06:34:39,556 [INFO] Step 111200: reward=-0.010, dist=0.00
2026-03-03 06:35:12,137 [INFO] Performing PPO update at global step 2080768
2026-03-03 06:35:12,372 [INFO] PPO losses — policy: -0.0025, value: 0.0071, entropy: 4.2242
2026-03-03 06:35:12,377 [INFO] PPO update completed. Buffer cleared.
2026-03-03 06:35:41,309 [INFO] Step 111400: reward=-0.010, dist=0.00
2026-03-03 06:36:42,758 [INFO] Step 111600: reward=-0.010, dist=0.00
2026-03-03 06:37:44,162 [INFO] Step 111800: reward=-0.010, dist=0.00
2026-03-03 06:38:45,641 [INFO] Step 112000: reward=-0.010, dist=0.00
2026-03-03 06:39:47,091 [INFO] Step 112200: reward=-0.010, dist=0.00
2026-03-03 06:40:48,509 [INFO] Step 112400: reward=-0.010, dist=0.00
2026-03-03 06:41:49,935 [INFO] Step 112600: reward=-0.010, dist=0.00
2026-03-03 06:42:51,351 [INFO] Step 112800: reward=-0.010, dist=0.00
2026-03-03 06:43:52,793 [INFO] Step 113000: reward=-0.010, dist=0.00
2026-03-03 06:44:54,257 [INFO] Step 113200: reward=-0.010, dist=0.00
2026-03-03 06:45:41,653 [INFO] Performing PPO update at global step 2082816
2026-03-03 06:45:41,901 [INFO] PPO losses — policy: -0.0025, value: 0.0066, entropy: 4.2241
2026-03-03 06:45:41,905 [INFO] PPO update completed. Buffer cleared.
2026-03-03 06:45:56,065 [INFO] Step 113400: reward=-0.010, dist=0.00
2026-03-03 06:46:57,529 [INFO] Step 113600: reward=-0.010, dist=0.00
2026-03-03 06:47:58,938 [INFO] Step 113800: reward=-0.010, dist=0.00
2026-03-03 06:49:00,416 [INFO] Step 114000: reward=-0.010, dist=0.00
2026-03-03 06:50:01,906 [INFO] Step 114200: reward=-0.010, dist=0.00
2026-03-03 06:51:03,372 [INFO] Step 114400: reward=-0.010, dist=0.00
2026-03-03 06:52:04,814 [INFO] Step 114600: reward=-0.010, dist=0.00
2026-03-03 06:53:06,285 [INFO] Step 114800: reward=-0.010, dist=0.00
2026-03-03 06:54:07,764 [INFO] Step 115000: reward=-0.010, dist=0.00
2026-03-03 06:55:09,224 [INFO] Step 115200: reward=-0.010, dist=0.00
2026-03-03 06:56:10,675 [INFO] Step 115400: reward=-0.010, dist=0.00
2026-03-03 06:56:11,290 [INFO] Performing PPO update at global step 2084864
2026-03-03 06:56:11,527 [INFO] PPO losses — policy: -0.0018, value: 0.0051, entropy: 4.0680
2026-03-03 06:56:11,532 [INFO] PPO update completed. Buffer cleared.
2026-03-03 06:57:12,416 [INFO] Step 115600: reward=-0.010, dist=0.00
2026-03-03 06:58:13,863 [INFO] Step 115800: reward=-0.010, dist=0.00
2026-03-03 06:59:15,275 [INFO] Step 116000: reward=-0.010, dist=0.00
2026-03-03 07:00:16,673 [INFO] Step 116200: reward=-0.010, dist=0.00
2026-03-03 07:01:18,132 [INFO] Step 116400: reward=-0.010, dist=0.00
2026-03-03 07:02:19,603 [INFO] Step 116600: reward=-0.010, dist=0.00
2026-03-03 07:03:21,066 [INFO] Step 116800: reward=-0.010, dist=0.00
2026-03-03 07:04:22,554 [INFO] Step 117000: reward=-0.010, dist=0.00
2026-03-03 07:05:24,036 [INFO] Step 117200: reward=-0.010, dist=0.00
2026-03-03 07:06:25,531 [INFO] Step 117400: reward=-0.010, dist=0.00
2026-03-03 07:06:40,924 [INFO] Performing PPO update at global step 2086912
2026-03-03 07:06:41,166 [INFO] PPO losses — policy: -0.0008, value: 0.0036, entropy: 4.0059
2026-03-03 07:06:41,170 [INFO] PPO update completed. Buffer cleared.
2026-03-03 07:07:27,318 [INFO] Step 117600: reward=-0.010, dist=0.00
2026-03-03 07:08:28,739 [INFO] Step 117800: reward=-0.010, dist=0.00
2026-03-03 07:09:30,163 [INFO] Step 118000: reward=-0.010, dist=0.00
2026-03-03 07:10:31,638 [INFO] Step 118200: reward=-0.010, dist=0.00
2026-03-03 07:11:33,081 [INFO] Step 118400: reward=-0.010, dist=0.00
2026-03-03 07:12:34,611 [INFO] Step 118600: reward=-0.010, dist=0.00
2026-03-03 07:13:36,144 [INFO] Step 118800: reward=-0.010, dist=0.00
2026-03-03 07:14:37,607 [INFO] Step 119000: reward=-0.010, dist=0.00
2026-03-03 07:15:39,078 [INFO] Step 119200: reward=-0.010, dist=0.00
2026-03-03 07:16:40,544 [INFO] Step 119400: reward=-0.010, dist=0.00
2026-03-03 07:17:10,664 [INFO] Performing PPO update at global step 2088960
2026-03-03 07:17:10,903 [INFO] PPO losses — policy: -0.0028, value: 0.0052, entropy: 3.9325
2026-03-03 07:17:10,908 [INFO] PPO update completed. Buffer cleared.
2026-03-03 07:17:42,270 [INFO] Step 119600: reward=-0.010, dist=0.00
2026-03-03 07:18:43,714 [INFO] Step 119800: reward=-0.010, dist=0.00
2026-03-03 07:19:45,143 [INFO] Step 120000: reward=-0.010, dist=0.00
2026-03-03 07:20:46,561 [INFO] Step 120200: reward=-0.010, dist=0.00
2026-03-03 07:21:48,005 [INFO] Step 120400: reward=-0.010, dist=0.00
2026-03-03 07:22:30,501 [INFO] Policy action (normalized): v = +0.967, w = +0.065 | Cmd_vel (scaled): v = +0.967 m/s, w = +0.065 rad/s
2026-03-03 07:22:49,514 [INFO] Step 120600: reward=-0.010, dist=0.00
2026-03-03 07:23:51,057 [INFO] Step 120800: reward=-0.010, dist=0.00
2026-03-03 07:24:52,534 [INFO] Step 121000: reward=-0.010, dist=0.00
2026-03-03 07:25:54,017 [INFO] Step 121200: reward=-0.010, dist=0.00
2026-03-03 07:26:55,470 [INFO] Step 121400: reward=-0.010, dist=0.00
2026-03-03 07:27:40,346 [INFO] Performing PPO update at global step 2091008
2026-03-03 07:27:40,586 [INFO] PPO losses — policy: 0.0001, value: 0.0041, entropy: 3.9249
2026-03-03 07:27:40,590 [INFO] PPO update completed. Buffer cleared.
2026-03-03 07:27:57,179 [INFO] Step 121600: reward=-0.010, dist=0.00
2026-03-03 07:28:58,587 [INFO] Step 121800: reward=-0.010, dist=0.00
2026-03-03 07:29:59,888 [INFO] Step 122000: reward=-0.010, dist=0.00
2026-03-03 07:31:01,274 [INFO] Step 122200: reward=-0.010, dist=0.00
2026-03-03 07:32:02,760 [INFO] Step 122400: reward=-0.010, dist=0.00
2026-03-03 07:33:04,179 [INFO] Step 122600: reward=-0.010, dist=0.00
2026-03-03 07:34:05,640 [INFO] Step 122800: reward=-0.010, dist=0.00
2026-03-03 07:35:07,069 [INFO] Step 123000: reward=-0.010, dist=0.00
2026-03-03 07:36:08,550 [INFO] Step 123200: reward=-0.010, dist=0.00
2026-03-03 07:37:09,895 [INFO] Step 123400: reward=-0.010, dist=0.00
2026-03-03 07:38:09,476 [INFO] Performing PPO update at global step 2093056
2026-03-03 07:38:09,712 [INFO] PPO losses — policy: 0.0009, value: 0.0048, entropy: 3.8708
2026-03-03 07:38:09,717 [INFO] PPO update completed. Buffer cleared.
2026-03-03 07:38:11,555 [INFO] Step 123600: reward=-0.010, dist=0.00
2026-03-03 07:39:12,950 [INFO] Step 123800: reward=-0.010, dist=0.00
2026-03-03 07:40:14,300 [INFO] Step 124000: reward=-0.010, dist=0.00
2026-03-03 07:41:15,766 [INFO] Step 124200: reward=-0.010, dist=0.00
2026-03-03 07:42:17,185 [INFO] Step 124400: reward=-0.010, dist=0.00
2026-03-03 07:43:18,561 [INFO] Step 124600: reward=-0.010, dist=0.00
2026-03-03 07:44:20,023 [INFO] Step 124800: reward=-0.010, dist=0.00
2026-03-03 07:45:21,464 [INFO] Step 125000: reward=-0.010, dist=0.00
2026-03-03 07:46:22,854 [INFO] Step 125200: reward=-0.010, dist=0.00
2026-03-03 07:47:24,316 [INFO] Step 125400: reward=-0.010, dist=0.00
2026-03-03 07:48:25,677 [INFO] Step 125600: reward=-0.010, dist=0.00
2026-03-03 07:48:38,565 [INFO] Performing PPO update at global step 2095104
2026-03-03 07:48:38,799 [INFO] PPO losses — policy: -0.0035, value: 0.0045, entropy: 3.7664
2026-03-03 07:48:38,806 [INFO] PPO update completed. Buffer cleared.
2026-03-03 07:49:27,361 [INFO] Step 125800: reward=-0.010, dist=0.00
2026-03-03 07:50:28,834 [INFO] Step 126000: reward=-0.010, dist=0.00
2026-03-03 07:51:30,267 [INFO] Step 126200: reward=-0.010, dist=0.00
2026-03-03 07:52:31,673 [INFO] Step 126400: reward=-0.010, dist=0.00
2026-03-03 07:53:33,055 [INFO] Step 126600: reward=-0.010, dist=0.00
2026-03-03 07:54:34,421 [INFO] Step 126800: reward=-0.010, dist=0.00
2026-03-03 07:55:35,846 [INFO] Step 127000: reward=-0.010, dist=0.00
2026-03-03 07:56:37,307 [INFO] Step 127200: reward=-0.010, dist=0.00
2026-03-03 07:57:38,726 [INFO] Step 127400: reward=-0.010, dist=0.00
2026-03-03 07:58:40,208 [INFO] Step 127600: reward=-0.010, dist=0.00
2026-03-03 07:59:07,835 [INFO] Performing PPO update at global step 2097152
2026-03-03 07:59:08,079 [INFO] PPO losses — policy: 0.0004, value: 0.0046, entropy: 3.7661
2026-03-03 07:59:08,083 [INFO] PPO update completed. Buffer cleared.
2026-03-03 07:59:41,850 [INFO] Step 127800: reward=-0.010, dist=0.00
2026-03-03 08:00:43,209 [INFO] Step 128000: reward=-0.010, dist=0.00
2026-03-03 08:01:44,592 [INFO] Step 128200: reward=-0.010, dist=0.00
2026-03-03 08:02:45,979 [INFO] Step 128400: reward=-0.010, dist=0.00
2026-03-03 08:03:47,393 [INFO] Step 128600: reward=-0.010, dist=0.00
2026-03-03 08:04:48,820 [INFO] Step 128800: reward=-0.010, dist=0.00
2026-03-03 08:05:50,302 [INFO] Step 129000: reward=-0.010, dist=0.00
2026-03-03 08:06:51,796 [INFO] Step 129200: reward=-0.010, dist=0.00
2026-03-03 08:07:53,217 [INFO] Step 129400: reward=-0.010, dist=0.00
2026-03-03 08:08:54,637 [INFO] Step 129600: reward=-0.010, dist=0.00
2026-03-03 08:09:36,976 [INFO] Performing PPO update at global step 2099200
2026-03-03 08:09:37,213 [INFO] PPO losses — policy: -0.0042, value: 0.0041, entropy: 3.7641
2026-03-03 08:09:37,218 [INFO] PPO update completed. Buffer cleared.
2026-03-03 08:09:56,247 [INFO] Step 129800: reward=-0.010, dist=0.00
2026-03-03 08:10:57,623 [INFO] Step 130000: reward=-0.010, dist=0.00
2026-03-03 08:11:59,095 [INFO] Step 130200: reward=-0.010, dist=0.00
2026-03-03 08:13:00,493 [INFO] Step 130400: reward=-0.010, dist=0.00
2026-03-03 08:13:42,903 [INFO] Policy action (normalized): v = -0.984, w = +0.631 | Cmd_vel (scaled): v = -0.984 m/s, w = +0.631 rad/s
2026-03-03 08:14:01,948 [INFO] Step 130600: reward=-0.010, dist=0.00
2026-03-03 08:15:03,378 [INFO] Step 130800: reward=-0.010, dist=0.00
2026-03-03 08:16:04,824 [INFO] Step 131000: reward=-0.010, dist=0.00
2026-03-03 08:17:06,140 [INFO] Step 131200: reward=-0.010, dist=0.00
2026-03-03 08:18:07,489 [INFO] Step 131400: reward=-0.010, dist=0.00
2026-03-03 08:19:08,925 [INFO] Step 131600: reward=-0.010, dist=0.00
2026-03-03 08:20:06,128 [INFO] Performing PPO update at global step 2101248
2026-03-03 08:20:06,365 [INFO] PPO losses — policy: -0.0021, value: 0.0054, entropy: 3.7814
2026-03-03 08:20:06,370 [INFO] PPO update completed. Buffer cleared.
2026-03-03 08:20:10,689 [INFO] Step 131800: reward=-0.010, dist=0.00
2026-03-03 08:21:12,084 [INFO] Step 132000: reward=-0.010, dist=0.00
2026-03-03 08:22:13,463 [INFO] Step 132200: reward=-0.010, dist=0.00
2026-03-03 08:23:14,841 [INFO] Step 132400: reward=-0.010, dist=0.00
2026-03-03 08:24:16,278 [INFO] Step 132600: reward=-0.010, dist=0.00
2026-03-03 08:25:17,749 [INFO] Step 132800: reward=-0.010, dist=0.00
2026-03-03 08:26:19,172 [INFO] Step 133000: reward=-0.010, dist=0.00
2026-03-03 08:27:20,643 [INFO] Step 133200: reward=-0.010, dist=0.00
2026-03-03 08:28:22,084 [INFO] Step 133400: reward=-0.010, dist=0.00
2026-03-03 08:29:23,473 [INFO] Step 133600: reward=-0.010, dist=0.00
2026-03-03 08:30:24,863 [INFO] Step 133800: reward=-0.010, dist=0.00
2026-03-03 08:30:35,338 [INFO] Performing PPO update at global step 2103296
2026-03-03 08:30:35,581 [INFO] PPO losses — policy: -0.0009, value: 0.0047, entropy: 3.6891
2026-03-03 08:30:35,585 [INFO] PPO update completed. Buffer cleared.
2026-03-03 08:31:26,569 [INFO] Step 134000: reward=-0.010, dist=0.00
2026-03-03 08:32:27,941 [INFO] Step 134200: reward=-0.010, dist=0.00
2026-03-03 08:33:29,345 [INFO] Step 134400: reward=-0.010, dist=0.00
2026-03-03 08:34:30,778 [INFO] Step 134600: reward=-0.010, dist=0.00
2026-03-03 08:35:32,252 [INFO] Step 134800: reward=-0.010, dist=0.00
2026-03-03 08:36:33,671 [INFO] Step 135000: reward=-0.010, dist=0.00
2026-03-03 08:37:35,154 [INFO] Step 135200: reward=-0.010, dist=0.00
2026-03-03 08:38:36,565 [INFO] Step 135400: reward=-0.010, dist=0.00
2026-03-03 08:39:37,939 [INFO] Step 135600: reward=-0.010, dist=0.00
2026-03-03 08:40:39,434 [INFO] Step 135800: reward=-0.010, dist=0.00
2026-03-03 08:41:04,672 [INFO] Performing PPO update at global step 2105344
2026-03-03 08:41:04,909 [INFO] PPO losses — policy: -0.0051, value: 0.0045, entropy: 3.5303
2026-03-03 08:41:04,913 [INFO] PPO update completed. Buffer cleared.
2026-03-03 08:41:41,236 [INFO] Step 136000: reward=-0.010, dist=0.00
2026-03-03 08:42:42,698 [INFO] Step 136200: reward=-0.010, dist=0.00
2026-03-03 08:43:44,173 [INFO] Step 136400: reward=-0.010, dist=0.00
2026-03-03 08:44:45,645 [INFO] Step 136600: reward=-0.010, dist=0.00
2026-03-03 08:45:47,006 [INFO] Step 136800: reward=-0.010, dist=0.00
2026-03-03 08:46:48,418 [INFO] Step 137000: reward=-0.010, dist=0.00
2026-03-03 08:47:49,973 [INFO] Step 137200: reward=-0.010, dist=0.00
2026-03-03 08:48:51,466 [INFO] Step 137400: reward=-0.010, dist=0.00
2026-03-03 08:49:52,830 [INFO] Step 137600: reward=-0.010, dist=0.00
2026-03-03 08:50:54,355 [INFO] Step 137800: reward=-0.010, dist=0.00
2026-03-03 08:51:34,287 [INFO] Performing PPO update at global step 2107392
2026-03-03 08:51:34,524 [INFO] PPO losses — policy: 0.0000, value: 0.0067, entropy: 3.4981
2026-03-03 08:51:34,528 [INFO] PPO update completed. Buffer cleared.
2026-03-03 08:51:56,018 [INFO] Step 138000: reward=-0.010, dist=0.00
2026-03-03 08:52:57,376 [INFO] Step 138200: reward=-0.010, dist=0.00
2026-03-03 08:53:58,870 [INFO] Step 138400: reward=-0.010, dist=0.00
2026-03-03 08:55:00,384 [INFO] Step 138600: reward=-0.010, dist=0.00
2026-03-03 08:56:01,833 [INFO] Step 138800: reward=-0.010, dist=0.00
2026-03-03 08:57:03,293 [INFO] Step 139000: reward=-0.010, dist=0.00
2026-03-03 08:58:04,821 [INFO] Step 139200: reward=-0.010, dist=0.00
2026-03-03 08:59:06,322 [INFO] Step 139400: reward=-0.010, dist=0.00
2026-03-03 09:00:07,847 [INFO] Step 139600: reward=-0.010, dist=0.00
2026-03-03 09:01:09,402 [INFO] Step 139800: reward=-0.010, dist=0.00
2026-03-03 09:02:04,180 [INFO] Performing PPO update at global step 2109440
2026-03-03 09:02:04,418 [INFO] PPO losses — policy: -0.0013, value: 0.0060, entropy: 3.6023
2026-03-03 09:02:04,422 [INFO] PPO update completed. Buffer cleared.
2026-03-03 09:02:11,198 [INFO] Step 140000: reward=-0.010, dist=0.00
2026-03-03 09:03:12,739 [INFO] Step 140200: reward=-0.010, dist=0.00
2026-03-03 09:04:14,251 [INFO] Step 140400: reward=-0.010, dist=0.00
2026-03-03 09:04:56,666 [INFO] Policy action (normalized): v = +0.135, w = -0.850 | Cmd_vel (scaled): v = +0.135 m/s, w = -0.850 rad/s
2026-03-03 09:05:15,704 [INFO] Step 140600: reward=-0.010, dist=0.00
2026-03-03 09:06:17,172 [INFO] Step 140800: reward=-0.010, dist=0.00
2026-03-03 09:07:18,703 [INFO] Step 141000: reward=-0.010, dist=0.00
2026-03-03 09:08:20,221 [INFO] Step 141200: reward=-0.010, dist=0.00
2026-03-03 09:09:21,797 [INFO] Step 141400: reward=-0.010, dist=0.00
2026-03-03 09:10:23,343 [INFO] Step 141600: reward=-0.010, dist=0.00
2026-03-03 09:11:24,917 [INFO] Step 141800: reward=-0.010, dist=0.00
2026-03-03 09:12:26,442 [INFO] Step 142000: reward=-0.010, dist=0.00
2026-03-03 09:12:34,415 [INFO] Performing PPO update at global step 2111488
2026-03-03 09:12:34,655 [INFO] PPO losses — policy: 0.0007, value: 0.0052, entropy: 3.5742
2026-03-03 09:12:34,660 [INFO] PPO update completed. Buffer cleared.
2026-03-03 09:13:28,165 [INFO] Step 142200: reward=-0.010, dist=0.00
2026-03-03 09:14:29,670 [INFO] Step 142400: reward=-0.010, dist=0.00
2026-03-03 09:15:31,161 [INFO] Step 142600: reward=-0.010, dist=0.00
2026-03-03 09:16:32,675 [INFO] Step 142800: reward=-0.010, dist=0.00
2026-03-03 09:17:34,138 [INFO] Step 143000: reward=-0.010, dist=0.00
2026-03-03 09:18:35,662 [INFO] Step 143200: reward=-0.010, dist=0.00
2026-03-03 09:19:37,164 [INFO] Step 143400: reward=-0.010, dist=0.00
2026-03-03 09:20:38,714 [INFO] Step 143600: reward=-0.010, dist=0.00
2026-03-03 09:21:40,285 [INFO] Step 143800: reward=-0.010, dist=0.00
2026-03-03 09:22:41,808 [INFO] Step 144000: reward=-0.010, dist=0.00
2026-03-03 09:23:04,583 [INFO] Performing PPO update at global step 2113536
2026-03-03 09:23:04,818 [INFO] PPO losses — policy: 0.0014, value: 0.0047, entropy: 3.5354
2026-03-03 09:23:04,822 [INFO] PPO update completed. Buffer cleared.
2026-03-03 09:23:43,599 [INFO] Step 144200: reward=-0.010, dist=0.00
2026-03-03 09:24:45,091 [INFO] Step 144400: reward=-0.010, dist=0.00
2026-03-03 09:25:46,612 [INFO] Step 144600: reward=-0.010, dist=0.00
2026-03-03 09:26:48,115 [INFO] Step 144800: reward=-0.010, dist=0.00
2026-03-03 09:27:49,636 [INFO] Step 145000: reward=-0.010, dist=0.00
2026-03-03 09:28:51,143 [INFO] Step 145200: reward=-0.010, dist=0.00
2026-03-03 09:29:52,647 [INFO] Step 145400: reward=-0.010, dist=0.00
2026-03-03 09:30:54,079 [INFO] Step 145600: reward=-0.010, dist=0.00
2026-03-03 09:31:55,615 [INFO] Step 145800: reward=-0.010, dist=0.00
2026-03-03 09:32:57,137 [INFO] Step 146000: reward=-0.010, dist=0.00
2026-03-03 09:33:34,654 [INFO] Performing PPO update at global step 2115584
2026-03-03 09:33:34,901 [INFO] PPO losses — policy: -0.0044, value: 0.0061, entropy: 3.4026
2026-03-03 09:33:34,906 [INFO] PPO update completed. Buffer cleared.
2026-03-03 09:33:58,925 [INFO] Step 146200: reward=-0.010, dist=0.00
2026-03-03 09:35:00,432 [INFO] Step 146400: reward=-0.010, dist=0.00
2026-03-03 09:36:01,889 [INFO] Step 146600: reward=-0.010, dist=0.00
2026-03-03 09:37:03,404 [INFO] Step 146800: reward=-0.010, dist=0.00
2026-03-03 09:38:04,948 [INFO] Step 147000: reward=-0.010, dist=0.00
2026-03-03 09:39:06,512 [INFO] Step 147200: reward=-0.010, dist=0.00
2026-03-03 09:40:08,052 [INFO] Step 147400: reward=-0.010, dist=0.00
2026-03-03 09:41:09,578 [INFO] Step 147600: reward=-0.010, dist=0.00
2026-03-03 09:42:11,116 [INFO] Step 147800: reward=-0.010, dist=0.00
2026-03-03 09:43:12,601 [INFO] Step 148000: reward=-0.010, dist=0.00
2026-03-03 09:44:04,896 [INFO] Performing PPO update at global step 2117632
2026-03-03 09:44:05,135 [INFO] PPO losses — policy: -0.0001, value: 0.0055, entropy: 3.3817
2026-03-03 09:44:05,140 [INFO] PPO update completed. Buffer cleared.
2026-03-03 09:44:14,370 [INFO] Step 148200: reward=-0.010, dist=0.00
2026-03-03 09:45:15,945 [INFO] Step 148400: reward=-0.010, dist=0.00
2026-03-03 09:46:17,456 [INFO] Step 148600: reward=-0.010, dist=0.00
2026-03-03 09:47:18,892 [INFO] Step 148800: reward=-0.010, dist=0.00
2026-03-03 09:48:20,352 [INFO] Step 149000: reward=-0.010, dist=0.00
2026-03-03 09:49:21,853 [INFO] Step 149200: reward=-0.010, dist=0.00
2026-03-03 09:50:23,321 [INFO] Step 149400: reward=-0.010, dist=0.00
2026-03-03 09:51:24,844 [INFO] Step 149600: reward=-0.010, dist=0.00
2026-03-03 09:52:26,393 [INFO] Step 149800: reward=-0.010, dist=0.00
2026-03-03 09:53:27,913 [INFO] Step 150000: reward=-0.010, dist=0.00
2026-03-03 09:54:29,454 [INFO] Step 150200: reward=-0.010, dist=0.00
2026-03-03 09:54:34,988 [INFO] Performing PPO update at global step 2119680
2026-03-03 09:54:35,226 [INFO] PPO losses — policy: -0.0013, value: 0.0046, entropy: 3.3156
2026-03-03 09:54:35,231 [INFO] PPO update completed. Buffer cleared.
2026-03-03 09:55:31,191 [INFO] Step 150400: reward=-0.010, dist=0.00
2026-03-03 09:56:13,650 [INFO] Policy action (normalized): v = -0.987, w = -0.270 | Cmd_vel (scaled): v = -0.987 m/s, w = -0.270 rad/s
2026-03-03 09:56:32,691 [INFO] Step 150600: reward=-0.010, dist=0.00
2026-03-03 09:57:34,140 [INFO] Step 150800: reward=-0.010, dist=0.00
2026-03-03 09:58:35,636 [INFO] Step 151000: reward=-0.010, dist=0.00
2026-03-03 09:59:37,183 [INFO] Step 151200: reward=-0.010, dist=0.00
2026-03-03 10:00:38,663 [INFO] Step 151400: reward=-0.010, dist=0.00
2026-03-03 10:01:40,137 [INFO] Step 151600: reward=-0.010, dist=0.00
2026-03-03 10:02:41,658 [INFO] Step 151800: reward=-0.010, dist=0.00
2026-03-03 10:03:43,201 [INFO] Step 152000: reward=-0.010, dist=0.00
2026-03-03 10:04:44,763 [INFO] Step 152200: reward=-0.010, dist=0.00
2026-03-03 10:05:05,052 [INFO] Performing PPO update at global step 2121728
2026-03-03 10:05:05,290 [INFO] PPO losses — policy: 0.0012, value: 0.0065, entropy: 3.2605
2026-03-03 10:05:05,295 [INFO] PPO update completed. Buffer cleared.
2026-03-03 10:05:46,523 [INFO] Step 152400: reward=-0.010, dist=0.00
2026-03-03 10:06:48,030 [INFO] Step 152600: reward=-0.010, dist=0.00
2026-03-03 10:07:49,524 [INFO] Step 152800: reward=-0.010, dist=0.00
2026-03-03 10:08:50,998 [INFO] Step 153000: reward=-0.010, dist=0.00
2026-03-03 10:09:52,514 [INFO] Step 153200: reward=-0.010, dist=0.00
2026-03-03 10:10:54,013 [INFO] Step 153400: reward=-0.010, dist=0.00
2026-03-03 10:11:55,529 [INFO] Step 153600: reward=-0.010, dist=0.00
2026-03-03 10:12:57,036 [INFO] Step 153800: reward=-0.010, dist=0.00
2026-03-03 10:13:58,505 [INFO] Step 154000: reward=-0.010, dist=0.00
2026-03-03 10:15:00,028 [INFO] Step 154200: reward=-0.010, dist=0.00
2026-03-03 10:15:35,148 [INFO] Performing PPO update at global step 2123776
2026-03-03 10:15:35,387 [INFO] PPO losses — policy: -0.0009, value: 0.0048, entropy: 3.2922
2026-03-03 10:15:35,392 [INFO] PPO update completed. Buffer cleared.
2026-03-03 10:16:01,897 [INFO] Step 154400: reward=-0.010, dist=0.00
2026-03-03 10:17:03,389 [INFO] Step 154600: reward=-0.010, dist=0.00
2026-03-03 10:18:04,873 [INFO] Step 154800: reward=-0.010, dist=0.00
2026-03-03 10:19:06,328 [INFO] Step 155000: reward=-0.010, dist=0.00
2026-03-03 10:20:07,822 [INFO] Step 155200: reward=-0.010, dist=0.00
2026-03-03 10:21:09,328 [INFO] Step 155400: reward=-0.010, dist=0.00
2026-03-03 10:22:10,893 [INFO] Step 155600: reward=-0.010, dist=0.00
2026-03-03 10:23:12,406 [INFO] Step 155800: reward=-0.010, dist=0.00
2026-03-03 10:24:13,931 [INFO] Step 156000: reward=-0.010, dist=0.00
2026-03-03 10:25:15,429 [INFO] Step 156200: reward=-0.010, dist=0.00
2026-03-03 10:26:05,256 [INFO] Performing PPO update at global step 2125824
2026-03-03 10:26:05,495 [INFO] PPO losses — policy: -0.0009, value: 0.0065, entropy: 3.2293
2026-03-03 10:26:05,499 [INFO] PPO update completed. Buffer cleared.
2026-03-03 10:26:17,180 [INFO] Step 156400: reward=-0.010, dist=0.00
2026-03-03 10:27:18,677 [INFO] Step 156600: reward=-0.010, dist=0.00
2026-03-03 10:28:20,172 [INFO] Step 156800: reward=-0.010, dist=0.00
2026-03-03 10:29:21,707 [INFO] Step 157000: reward=-0.010, dist=0.00
2026-03-03 10:30:23,222 [INFO] Step 157200: reward=-0.010, dist=0.00
2026-03-03 10:31:24,665 [INFO] Step 157400: reward=-0.010, dist=0.00
2026-03-03 10:32:26,242 [INFO] Step 157600: reward=-0.010, dist=0.00
2026-03-03 10:33:27,693 [INFO] Step 157800: reward=-0.010, dist=0.00
2026-03-03 10:34:29,170 [INFO] Step 158000: reward=-0.010, dist=0.00
2026-03-03 10:35:30,725 [INFO] Step 158200: reward=-0.010, dist=0.00
2026-03-03 10:36:32,266 [INFO] Step 158400: reward=-0.010, dist=0.00
2026-03-03 10:36:35,338 [INFO] Performing PPO update at global step 2127872
2026-03-03 10:36:35,577 [INFO] PPO losses — policy: -0.0008, value: 0.0053, entropy: 3.2296
2026-03-03 10:36:35,581 [INFO] PPO update completed. Buffer cleared.
2026-03-03 10:37:33,969 [INFO] Step 158600: reward=-0.010, dist=0.00
2026-03-03 10:38:35,416 [INFO] Step 158800: reward=-0.010, dist=0.00
2026-03-03 10:39:36,864 [INFO] Step 159000: reward=-0.010, dist=0.00
