2026-02-24 17:48:51,933 [INFO] Starting RL Training
2026-02-24 17:48:51,934 [INFO] Using device: cuda
2026-02-24 17:48:51,947 [INFO] GPU name: NVIDIA GeForce RTX 4080
2026-02-24 17:48:51,948 [INFO] TensorBoard logging enabled (tensorboard/)
2026-02-24 17:48:53,290 [INFO] Resumed training from checkpoint: checkpoints/ppo_ep_00975.pt | episode = 975, global_step = 819744
2026-02-24 17:48:56,692 [INFO] Step 0: reward=-1.044, dist=2.42
2026-02-24 17:49:03,675 [INFO] Step 200: reward=-1.815, dist=4.03
2026-02-24 17:49:05,389 [INFO] Policy action (normalized): v = +0.956, w = +0.988 | Cmd_vel (scaled): v = +0.956 m/s, w = +0.988 rad/s
2026-02-24 17:49:09,941 [INFO] Step 400: reward=-1.844, dist=4.90
2026-02-24 17:49:16,686 [INFO] Step 600: reward=0.204, dist=4.47
2026-02-24 17:49:26,134 [INFO] Episode 975 COMPLETE | Reward 522.72 | Steps 780 | Terminated True | Truncated False
2026-02-24 17:49:26,171 [INFO] Checkpoint saved: checkpoints/ppo_ep_00975.pt
2026-02-24 17:49:26,199 [INFO] New BEST model saved! Reward = 522.72 (episode 975)
2026-02-24 17:49:37,622 [INFO] Step 0: reward=0.095, dist=4.24
2026-02-24 17:49:43,755 [INFO] Step 200: reward=-0.305, dist=2.86
2026-02-24 17:49:48,436 [INFO] Step 400: reward=-2.305, dist=2.45
2026-02-24 17:49:52,790 [INFO] Step 600: reward=-0.614, dist=3.51
2026-02-24 17:49:56,214 [INFO] Performing PPO update at global step 821248
2026-02-24 17:49:56,681 [INFO] PPO losses — policy: 0.0687, value: 768.0053, entropy: 4.2242
2026-02-24 17:49:56,687 [INFO] PPO update completed. Buffer cleared.
2026-02-24 17:49:59,459 [INFO] Step 800: reward=-1.953, dist=4.83
2026-02-24 17:50:05,979 [INFO] Episode 976 COMPLETE | Reward -986.42 | Steps 1000 | Terminated False | Truncated True
2026-02-24 17:50:10,845 [INFO] Step 0: reward=-0.305, dist=2.16
2026-02-24 17:50:15,891 [INFO] Episode 977 COMPLETE | Reward 162.84 | Steps 188 | Terminated True | Truncated False
2026-02-24 17:50:19,739 [INFO] Step 0: reward=-0.220, dist=2.24
2026-02-24 17:50:27,442 [INFO] Step 200: reward=-0.205, dist=2.93
2026-02-24 17:50:31,751 [INFO] Step 400: reward=-0.216, dist=2.89
2026-02-24 17:50:37,326 [INFO] Step 600: reward=5.759, dist=1.45
2026-02-24 17:50:38,520 [INFO] Episode 978 COMPLETE | Reward -73.64 | Steps 663 | Terminated True | Truncated False
2026-02-24 17:50:50,062 [INFO] Step 0: reward=0.095, dist=4.24
2026-02-24 17:50:56,907 [INFO] Step 200: reward=-0.081, dist=2.96
2026-02-24 17:51:02,674 [INFO] Step 400: reward=-0.174, dist=2.08
2026-02-24 17:51:05,850 [INFO] Step 600: reward=-0.205, dist=2.26
2026-02-24 17:51:12,147 [INFO] Step 800: reward=0.418, dist=4.16
2026-02-24 17:51:17,412 [INFO] Performing PPO update at global step 823296
2026-02-24 17:51:17,718 [INFO] PPO losses — policy: 0.0247, value: 400.6340, entropy: 4.2242
2026-02-24 17:51:17,722 [INFO] PPO update completed. Buffer cleared.
2026-02-24 17:51:19,698 [INFO] Episode 979 COMPLETE | Reward -1057.40 | Steps 1000 | Terminated False | Truncated True
2026-02-24 17:51:22,816 [INFO] Step 0: reward=-0.305, dist=2.13
2026-02-24 17:51:26,221 [INFO] Episode 980 COMPLETE | Reward 276.08 | Steps 122 | Terminated True | Truncated False
2026-02-24 17:51:26,242 [INFO] Checkpoint saved: checkpoints/ppo_ep_00980.pt
2026-02-24 17:51:30,333 [INFO] Step 0: reward=-0.212, dist=2.92
2026-02-24 17:51:36,187 [INFO] Step 200: reward=-2.305, dist=3.45
2026-02-24 17:51:43,163 [INFO] Step 400: reward=-0.305, dist=2.61
2026-02-24 17:51:49,288 [INFO] Step 600: reward=0.556, dist=1.02
2026-02-24 17:51:49,447 [INFO] Episode 981 COMPLETE | Reward 97.76 | Steps 612 | Terminated True | Truncated False
2026-02-24 17:51:52,721 [INFO] Step 0: reward=5.994, dist=3.17
2026-02-24 17:51:58,008 [INFO] Episode 982 COMPLETE | Reward 1004.26 | Steps 167 | Terminated True | Truncated False
2026-02-24 17:51:58,034 [INFO] New BEST model saved! Reward = 1004.26 (episode 982)
2026-02-24 17:52:02,076 [INFO] Step 0: reward=-0.205, dist=3.89
2026-02-24 17:52:05,845 [INFO] Step 200: reward=-0.169, dist=4.68
2026-02-24 17:52:10,678 [INFO] Step 400: reward=0.083, dist=5.18
2026-02-24 17:52:16,120 [INFO] Step 600: reward=0.956, dist=4.39
2026-02-24 17:52:20,504 [INFO] Step 800: reward=5.935, dist=2.80
2026-02-24 17:52:24,730 [INFO] Episode 983 COMPLETE | Reward 1019.50 | Steps 889 | Terminated True | Truncated False
2026-02-24 17:52:24,780 [INFO] New BEST model saved! Reward = 1019.50 (episode 983)
2026-02-24 17:52:28,650 [INFO] Step 0: reward=-0.227, dist=3.35
2026-02-24 17:52:33,304 [INFO] Performing PPO update at global step 825344
2026-02-24 17:52:33,697 [INFO] PPO losses — policy: 0.0264, value: 1700.2968, entropy: 4.2242
2026-02-24 17:52:33,703 [INFO] PPO update completed. Buffer cleared.
2026-02-24 17:52:34,388 [INFO] Step 200: reward=5.617, dist=1.30
2026-02-24 17:52:35,090 [INFO] Episode 984 COMPLETE | Reward 663.12 | Steps 220 | Terminated True | Truncated False
2026-02-24 17:52:39,322 [INFO] Step 0: reward=-0.215, dist=2.55
2026-02-24 17:52:46,486 [INFO] Step 200: reward=-1.953, dist=4.29
2026-02-24 17:52:53,633 [INFO] Step 400: reward=-3.818, dist=4.55
2026-02-24 17:53:00,469 [INFO] Step 600: reward=6.272, dist=2.86
2026-02-24 17:53:04,571 [INFO] Episode 985 COMPLETE | Reward 946.47 | Steps 745 | Terminated True | Truncated False
2026-02-24 17:53:04,593 [INFO] Checkpoint saved: checkpoints/ppo_ep_00985.pt
2026-02-24 17:53:08,827 [INFO] Step 0: reward=5.201, dist=3.22
2026-02-24 17:53:14,298 [INFO] Episode 986 COMPLETE | Reward 1162.39 | Steps 187 | Terminated True | Truncated False
2026-02-24 17:53:14,320 [INFO] New BEST model saved! Reward = 1162.39 (episode 986)
2026-02-24 17:53:16,874 [INFO] Step 0: reward=-0.305, dist=3.73
2026-02-24 17:53:21,634 [INFO] Step 200: reward=-0.208, dist=3.39
2026-02-24 17:53:27,838 [INFO] Step 400: reward=5.622, dist=1.32
2026-02-24 17:53:28,611 [INFO] Episode 987 COMPLETE | Reward 480.69 | Steps 439 | Terminated True | Truncated False
2026-02-24 17:53:31,673 [INFO] Step 0: reward=-1.557, dist=3.41
2026-02-24 17:53:36,139 [INFO] Step 200: reward=-0.009, dist=4.25
2026-02-24 17:53:41,785 [INFO] Step 400: reward=0.079, dist=4.72
2026-02-24 17:53:47,891 [INFO] Step 600: reward=0.024, dist=4.17
2026-02-24 17:53:48,565 [INFO] Performing PPO update at global step 827392
2026-02-24 17:53:48,917 [INFO] PPO losses — policy: 0.0268, value: 1038.5185, entropy: 4.2242
2026-02-24 17:53:48,922 [INFO] PPO update completed. Buffer cleared.
2026-02-24 17:53:52,205 [INFO] Step 800: reward=3.994, dist=2.72
2026-02-24 17:53:55,971 [INFO] Episode 988 COMPLETE | Reward 682.21 | Steps 884 | Terminated True | Truncated False
2026-02-24 17:53:59,220 [INFO] Step 0: reward=-0.213, dist=2.91
2026-02-24 17:54:05,348 [INFO] Step 200: reward=5.784, dist=1.26
2026-02-24 17:54:06,040 [INFO] Episode 989 COMPLETE | Reward 186.60 | Steps 215 | Terminated True | Truncated False
2026-02-24 17:54:09,196 [INFO] Step 0: reward=-0.215, dist=2.30
2026-02-24 17:54:13,556 [INFO] Step 200: reward=-0.363, dist=3.28
2026-02-24 17:54:21,582 [INFO] Step 400: reward=0.095, dist=4.89
2026-02-24 17:54:29,524 [INFO] Step 600: reward=6.466, dist=3.64
2026-02-24 17:54:35,172 [INFO] Step 800: reward=0.576, dist=1.38
2026-02-24 17:54:36,020 [INFO] Episode 990 COMPLETE | Reward 552.55 | Steps 831 | Terminated True | Truncated False
2026-02-24 17:54:36,040 [INFO] Checkpoint saved: checkpoints/ppo_ep_00990.pt
2026-02-24 17:54:40,596 [INFO] Step 0: reward=-0.205, dist=3.57
2026-02-24 17:54:46,372 [INFO] Step 200: reward=0.719, dist=1.44
2026-02-24 17:54:47,463 [INFO] Episode 991 COMPLETE | Reward 862.92 | Steps 225 | Terminated True | Truncated False
2026-02-24 17:54:50,659 [INFO] Step 0: reward=-0.247, dist=3.75
2026-02-24 17:54:58,174 [INFO] Step 200: reward=-0.532, dist=5.14
2026-02-24 17:55:03,911 [INFO] Step 400: reward=0.078, dist=6.60
2026-02-24 17:55:08,347 [INFO] Performing PPO update at global step 829440
2026-02-24 17:55:08,630 [INFO] PPO losses — policy: 0.0473, value: 1357.8920, entropy: 4.2242
2026-02-24 17:55:08,636 [INFO] PPO update completed. Buffer cleared.
2026-02-24 17:55:10,370 [INFO] Step 600: reward=-2.005, dist=6.47
2026-02-24 17:55:15,991 [INFO] Step 800: reward=-1.400, dist=4.95
2026-02-24 17:55:21,822 [INFO] Episode 992 COMPLETE | Reward -137.04 | Steps 1000 | Terminated False | Truncated True
2026-02-24 17:55:25,592 [INFO] Step 0: reward=-1.978, dist=2.70
2026-02-24 17:55:28,025 [INFO] Policy action (normalized): v = +0.911, w = +1.000 | Cmd_vel (scaled): v = +0.911 m/s, w = +1.000 rad/s
2026-02-24 17:55:31,143 [INFO] Step 200: reward=-2.308, dist=2.17
2026-02-24 17:55:35,456 [INFO] Episode 993 COMPLETE | Reward 132.31 | Steps 341 | Terminated True | Truncated False
2026-02-24 17:55:38,546 [INFO] Step 0: reward=-0.205, dist=2.63
2026-02-24 17:55:46,222 [INFO] Step 200: reward=-0.283, dist=4.26
2026-02-24 17:55:53,994 [INFO] Step 400: reward=-1.670, dist=5.52
2026-02-24 17:55:59,910 [INFO] Step 600: reward=-1.911, dist=5.46
2026-02-24 17:56:06,104 [INFO] Step 800: reward=0.487, dist=4.14
2026-02-24 17:56:11,522 [INFO] Episode 994 COMPLETE | Reward 163.95 | Steps 1000 | Terminated False | Truncated True
2026-02-24 17:56:16,630 [INFO] Step 0: reward=-0.205, dist=2.83
2026-02-24 17:56:23,843 [INFO] Step 200: reward=-0.097, dist=4.90
2026-02-24 17:56:24,837 [INFO] Performing PPO update at global step 831488
2026-02-24 17:56:25,192 [INFO] PPO losses — policy: 0.0068, value: 1299.5531, entropy: 4.2242
2026-02-24 17:56:25,198 [INFO] PPO update completed. Buffer cleared.
2026-02-24 17:56:32,502 [INFO] Step 400: reward=0.033, dist=5.29
2026-02-24 17:56:39,227 [INFO] Step 600: reward=0.207, dist=4.21
2026-02-24 17:56:44,837 [INFO] Step 800: reward=2.546, dist=3.67
2026-02-24 17:56:53,673 [INFO] Episode 995 COMPLETE | Reward -66.17 | Steps 1000 | Terminated False | Truncated True
2026-02-24 17:56:53,701 [INFO] Checkpoint saved: checkpoints/ppo_ep_00995.pt
2026-02-24 17:56:58,242 [INFO] Step 0: reward=5.605, dist=2.48
2026-02-24 17:57:02,524 [INFO] Episode 996 COMPLETE | Reward 795.89 | Steps 165 | Terminated True | Truncated False
2026-02-24 17:57:07,495 [INFO] Step 0: reward=-0.250, dist=2.52
2026-02-24 17:57:13,669 [INFO] Step 200: reward=-0.356, dist=3.77
2026-02-24 17:57:21,280 [INFO] Step 400: reward=-2.905, dist=5.45
2026-02-24 17:57:27,036 [INFO] Step 600: reward=0.088, dist=5.60
2026-02-24 17:57:34,095 [INFO] Step 800: reward=0.224, dist=4.90
2026-02-24 17:57:40,089 [INFO] Episode 997 COMPLETE | Reward -619.55 | Steps 1000 | Terminated False | Truncated True
2026-02-24 17:57:44,121 [INFO] Step 0: reward=-0.205, dist=2.38
2026-02-24 17:57:47,543 [INFO] Performing PPO update at global step 833536
2026-02-24 17:57:47,818 [INFO] PPO losses — policy: 0.0466, value: 1315.7900, entropy: 4.2242
2026-02-24 17:57:47,823 [INFO] PPO update completed. Buffer cleared.
2026-02-24 17:57:51,978 [INFO] Step 200: reward=-0.302, dist=2.39
2026-02-24 17:57:58,396 [INFO] Step 400: reward=-0.221, dist=4.02
2026-02-24 17:58:04,325 [INFO] Step 600: reward=-0.447, dist=4.84
2026-02-24 17:58:11,625 [INFO] Step 800: reward=-1.763, dist=4.65
2026-02-24 17:58:16,478 [INFO] Episode 998 COMPLETE | Reward -841.36 | Steps 1000 | Terminated False | Truncated True
2026-02-24 17:58:19,555 [INFO] Step 0: reward=-0.207, dist=3.72
2026-02-24 17:58:24,362 [INFO] Step 200: reward=-0.080, dist=3.43
2026-02-24 17:58:29,755 [INFO] Step 400: reward=6.280, dist=2.06
2026-02-24 17:58:32,410 [INFO] Episode 999 COMPLETE | Reward 432.43 | Steps 478 | Terminated True | Truncated False
2026-02-24 17:58:35,583 [INFO] Step 0: reward=-0.208, dist=3.41
2026-02-24 17:58:43,552 [INFO] Step 200: reward=0.072, dist=4.25
2026-02-24 17:58:48,314 [INFO] Step 400: reward=0.095, dist=4.05
2026-02-24 17:58:55,414 [INFO] Step 600: reward=5.751, dist=2.71
2026-02-24 17:58:59,069 [INFO] Performing PPO update at global step 835584
2026-02-24 17:58:59,465 [INFO] PPO losses — policy: 0.0215, value: 636.7094, entropy: 4.2242
2026-02-24 17:58:59,473 [INFO] PPO update completed. Buffer cleared.
2026-02-24 17:59:00,590 [INFO] Episode 1000 COMPLETE | Reward 501.77 | Steps 733 | Terminated True | Truncated False
2026-02-24 17:59:00,609 [INFO] Checkpoint saved: checkpoints/ppo_ep_01000.pt
2026-02-24 17:59:04,739 [INFO] Step 0: reward=-0.206, dist=2.21
2026-02-24 17:59:08,501 [INFO] Episode 1001 COMPLETE | Reward 557.98 | Steps 120 | Terminated True | Truncated False
2026-02-24 17:59:11,708 [INFO] Step 0: reward=-0.205, dist=3.46
2026-02-24 17:59:20,313 [INFO] Step 200: reward=-0.362, dist=4.83
2026-02-24 17:59:26,581 [INFO] Step 400: reward=-0.005, dist=5.81
2026-02-24 17:59:35,334 [INFO] Step 600: reward=-1.591, dist=5.07
2026-02-24 17:59:43,937 [INFO] Step 800: reward=5.764, dist=3.77
2026-02-24 17:59:51,700 [INFO] Episode 1002 COMPLETE | Reward 188.62 | Steps 1000 | Terminated False | Truncated True
2026-02-24 17:59:56,953 [INFO] Step 0: reward=-0.305, dist=3.72
2026-02-24 18:00:06,226 [INFO] Episode 1003 COMPLETE | Reward 791.90 | Steps 198 | Terminated True | Truncated False
2026-02-24 18:00:09,488 [INFO] Step 0: reward=-0.205, dist=2.86
2026-02-24 18:00:19,368 [INFO] Step 200: reward=-1.912, dist=4.66
2026-02-24 18:00:25,839 [INFO] Step 400: reward=0.303, dist=4.04
2026-02-24 18:00:34,391 [INFO] Step 600: reward=4.209, dist=2.89
2026-02-24 18:00:36,630 [INFO] Performing PPO update at global step 837632
2026-02-24 18:00:36,961 [INFO] PPO losses — policy: 0.0138, value: 1566.4715, entropy: 4.2242
2026-02-24 18:00:36,970 [INFO] PPO update completed. Buffer cleared.
2026-02-24 18:00:40,592 [INFO] Episode 1004 COMPLETE | Reward 759.91 | Steps 785 | Terminated True | Truncated False
2026-02-24 18:00:43,869 [INFO] Step 0: reward=-0.212, dist=3.34
2026-02-24 18:00:52,001 [INFO] Step 200: reward=-1.905, dist=4.24
2026-02-24 18:00:59,983 [INFO] Step 400: reward=0.095, dist=5.62
2026-02-24 18:01:04,686 [INFO] Step 600: reward=-1.911, dist=5.64
2026-02-24 18:01:11,301 [INFO] Step 800: reward=0.687, dist=4.47
2026-02-24 18:01:19,220 [INFO] Episode 1005 COMPLETE | Reward 40.68 | Steps 1000 | Terminated False | Truncated True
2026-02-24 18:01:19,242 [INFO] Checkpoint saved: checkpoints/ppo_ep_01005.pt
2026-02-24 18:01:22,713 [INFO] Step 0: reward=2.199, dist=3.71
2026-02-24 18:01:28,291 [INFO] Step 200: reward=6.425, dist=2.74
2026-02-24 18:01:32,988 [INFO] Episode 1006 COMPLETE | Reward 1327.31 | Steps 321 | Terminated True | Truncated False
2026-02-24 18:01:33,029 [INFO] New BEST model saved! Reward = 1327.31 (episode 1006)
2026-02-24 18:01:36,445 [INFO] Step 0: reward=-0.205, dist=2.42
2026-02-24 18:01:43,401 [INFO] Step 200: reward=-0.205, dist=3.02
2026-02-24 18:01:49,097 [INFO] Step 400: reward=-0.205, dist=2.38
2026-02-24 18:01:54,045 [INFO] Episode 1007 COMPLETE | Reward -198.48 | Steps 563 | Terminated True | Truncated False
2026-02-24 18:01:58,810 [INFO] Step 0: reward=4.815, dist=3.33
2026-02-24 18:02:01,391 [INFO] Performing PPO update at global step 839680
2026-02-24 18:02:01,668 [INFO] PPO losses — policy: 0.0617, value: 1252.2727, entropy: 4.2242
2026-02-24 18:02:01,674 [INFO] PPO update completed. Buffer cleared.
2026-02-24 18:02:04,605 [INFO] Step 200: reward=6.616, dist=1.50
2026-02-24 18:02:05,820 [INFO] Episode 1008 COMPLETE | Reward 1321.40 | Steps 226 | Terminated True | Truncated False
2026-02-24 18:02:09,014 [INFO] Step 0: reward=-0.305, dist=2.22
2026-02-24 18:02:15,787 [INFO] Policy action (normalized): v = +0.404, w = +0.040 | Cmd_vel (scaled): v = +0.404 m/s, w = +0.040 rad/s
2026-02-24 18:02:17,390 [INFO] Step 200: reward=0.095, dist=4.07
2026-02-24 18:02:23,511 [INFO] Step 400: reward=0.380, dist=4.26
2026-02-24 18:02:29,449 [INFO] Step 600: reward=6.386, dist=3.11
2026-02-24 18:02:34,501 [INFO] Episode 1009 COMPLETE | Reward 923.81 | Steps 764 | Terminated True | Truncated False
2026-02-24 18:02:38,685 [INFO] Step 0: reward=-0.305, dist=2.28
2026-02-24 18:02:48,060 [INFO] Step 200: reward=-1.730, dist=4.04
2026-02-24 18:02:55,174 [INFO] Step 400: reward=-0.104, dist=3.54
2026-02-24 18:03:02,614 [INFO] Episode 1010 COMPLETE | Reward 548.87 | Steps 562 | Terminated True | Truncated False
2026-02-24 18:03:02,637 [INFO] Checkpoint saved: checkpoints/ppo_ep_01010.pt
2026-02-24 18:03:05,797 [INFO] Step 0: reward=4.105, dist=2.41
2026-02-24 18:03:09,578 [INFO] Episode 1011 COMPLETE | Reward 874.25 | Steps 123 | Terminated True | Truncated False
2026-02-24 18:03:13,534 [INFO] Step 0: reward=-0.205, dist=2.71
2026-02-24 18:03:20,449 [INFO] Step 200: reward=-2.206, dist=3.20
2026-02-24 18:03:27,027 [INFO] Step 400: reward=6.139, dist=1.20
2026-02-24 18:03:27,443 [INFO] Episode 1012 COMPLETE | Reward 551.06 | Steps 414 | Terminated True | Truncated False
2026-02-24 18:03:31,722 [INFO] Step 0: reward=5.859, dist=2.57
2026-02-24 18:03:32,664 [INFO] Performing PPO update at global step 841728
2026-02-24 18:03:32,948 [INFO] PPO losses — policy: 0.0186, value: 1781.5451, entropy: 4.2242
2026-02-24 18:03:32,954 [INFO] PPO update completed. Buffer cleared.
2026-02-24 18:03:35,545 [INFO] Episode 1013 COMPLETE | Reward 755.10 | Steps 91 | Terminated True | Truncated False
2026-02-24 18:03:47,231 [INFO] Step 0: reward=0.053, dist=4.24
2026-02-24 18:03:53,826 [INFO] Step 200: reward=-0.206, dist=2.64
2026-02-24 18:03:59,478 [INFO] Step 400: reward=-1.589, dist=2.35
2026-02-24 18:04:06,608 [INFO] Step 600: reward=0.099, dist=4.07
2026-02-24 18:04:14,519 [INFO] Step 800: reward=-0.206, dist=3.06
2026-02-24 18:04:21,089 [INFO] Episode 1014 COMPLETE | Reward -810.58 | Steps 1000 | Terminated False | Truncated True
2026-02-24 18:04:23,441 [INFO] Step 0: reward=-0.212, dist=2.31
2026-02-24 18:04:29,310 [INFO] Step 200: reward=-0.206, dist=2.83
2026-02-24 18:04:34,548 [INFO] Step 400: reward=-0.206, dist=2.28
2026-02-24 18:04:40,474 [INFO] Episode 1015 COMPLETE | Reward -192.49 | Steps 590 | Terminated True | Truncated False
2026-02-24 18:04:40,503 [INFO] Checkpoint saved: checkpoints/ppo_ep_01015.pt
2026-02-24 18:04:43,578 [INFO] Step 0: reward=-0.234, dist=3.06
2026-02-24 18:04:47,372 [INFO] Step 200: reward=-2.592, dist=3.55
2026-02-24 18:04:56,919 [INFO] Performing PPO update at global step 843776
2026-02-24 18:04:57,233 [INFO] PPO losses — policy: 0.0004, value: 377.0852, entropy: 4.2242
2026-02-24 18:04:57,238 [INFO] PPO update completed. Buffer cleared.
2026-02-24 18:04:57,409 [INFO] Step 400: reward=0.095, dist=5.60
2026-02-24 18:05:02,007 [INFO] Step 600: reward=0.088, dist=5.41
2026-02-24 18:05:07,466 [INFO] Step 800: reward=6.051, dist=4.36
2026-02-24 18:05:16,833 [INFO] Episode 1016 COMPLETE | Reward 78.81 | Steps 1000 | Terminated False | Truncated True
2026-02-24 18:05:20,920 [INFO] Step 0: reward=-0.205, dist=2.23
2026-02-24 18:05:27,049 [INFO] Step 200: reward=-0.205, dist=3.91
2026-02-24 18:05:32,890 [INFO] Step 400: reward=-0.884, dist=4.19
2026-02-24 18:05:39,048 [INFO] Step 600: reward=4.945, dist=3.01
2026-02-24 18:05:43,803 [INFO] Episode 1017 COMPLETE | Reward 640.72 | Steps 727 | Terminated True | Truncated False
2026-02-24 18:05:46,857 [INFO] Step 0: reward=-0.207, dist=2.67
2026-02-24 18:05:51,177 [INFO] Step 200: reward=239.950, dist=0.00
2026-02-24 18:05:51,177 [INFO] Episode 1018 COMPLETE | Reward 1181.28 | Steps 201 | Terminated True | Truncated False
2026-02-24 18:05:56,371 [INFO] Step 0: reward=-0.205, dist=3.95
2026-02-24 18:06:03,671 [INFO] Step 200: reward=-0.034, dist=4.53
2026-02-24 18:06:09,305 [INFO] Step 400: reward=-1.917, dist=5.93
2026-02-24 18:06:12,259 [INFO] Performing PPO update at global step 845824
2026-02-24 18:06:12,563 [INFO] PPO losses — policy: 0.0311, value: 1606.2391, entropy: 4.2242
2026-02-24 18:06:12,568 [INFO] PPO update completed. Buffer cleared.
2026-02-24 18:06:16,633 [INFO] Step 600: reward=0.189, dist=5.70
2026-02-24 18:06:24,207 [INFO] Step 800: reward=6.130, dist=3.86
2026-02-24 18:06:30,604 [INFO] Episode 1019 COMPLETE | Reward 767.15 | Steps 1000 | Terminated False | Truncated True
2026-02-24 18:06:34,957 [INFO] Step 0: reward=-0.210, dist=3.01
2026-02-24 18:06:42,976 [INFO] Step 200: reward=-0.571, dist=3.43
2026-02-24 18:06:51,138 [INFO] Step 400: reward=-0.855, dist=5.47
2026-02-24 18:06:59,386 [INFO] Step 600: reward=-1.601, dist=4.15
2026-02-24 18:07:05,667 [INFO] Step 800: reward=6.493, dist=2.33
2026-02-24 18:07:08,735 [INFO] Episode 1020 COMPLETE | Reward 1244.79 | Steps 868 | Terminated True | Truncated False
2026-02-24 18:07:08,761 [INFO] Checkpoint saved: checkpoints/ppo_ep_01020.pt
2026-02-24 18:07:13,946 [INFO] Step 0: reward=-0.305, dist=3.18
2026-02-24 18:07:19,098 [INFO] Step 200: reward=-0.207, dist=3.53
2026-02-24 18:07:25,381 [INFO] Step 400: reward=0.049, dist=4.83
2026-02-24 18:07:31,651 [INFO] Step 600: reward=-1.918, dist=5.25
2026-02-24 18:07:35,330 [INFO] Performing PPO update at global step 847872
2026-02-24 18:07:35,612 [INFO] PPO losses — policy: 0.0457, value: 1695.0271, entropy: 4.2242
2026-02-24 18:07:35,617 [INFO] PPO update completed. Buffer cleared.
2026-02-24 18:07:40,735 [INFO] Step 800: reward=3.625, dist=2.81
2026-02-24 18:07:46,027 [INFO] Episode 1021 COMPLETE | Reward 567.42 | Steps 946 | Terminated True | Truncated False
2026-02-24 18:07:50,071 [INFO] Step 0: reward=-0.206, dist=3.49
2026-02-24 18:07:58,617 [INFO] Step 200: reward=-0.126, dist=3.31
2026-02-24 18:08:05,381 [INFO] Episode 1022 COMPLETE | Reward 550.00 | Steps 377 | Terminated True | Truncated False
2026-02-24 18:08:07,822 [INFO] Step 0: reward=1.414, dist=3.19
2026-02-24 18:08:13,760 [INFO] Episode 1023 COMPLETE | Reward 1094.88 | Steps 160 | Terminated True | Truncated False
2026-02-24 18:08:16,843 [INFO] Step 0: reward=-0.207, dist=3.58
2026-02-24 18:08:24,593 [INFO] Step 200: reward=-0.073, dist=5.20
2026-02-24 18:08:32,423 [INFO] Step 400: reward=-0.005, dist=6.03
2026-02-24 18:08:38,004 [INFO] Step 600: reward=0.877, dist=5.02
2026-02-24 18:08:43,546 [INFO] Step 800: reward=4.428, dist=3.37
2026-02-24 18:08:48,689 [INFO] Episode 1024 COMPLETE | Reward 1377.60 | Steps 1000 | Terminated False | Truncated True
2026-02-24 18:08:52,846 [INFO] Step 0: reward=-1.951, dist=3.48
2026-02-24 18:08:58,285 [INFO] Step 200: reward=6.165, dist=1.77
2026-02-24 18:08:59,692 [INFO] Performing PPO update at global step 849920
2026-02-24 18:08:59,978 [INFO] PPO losses — policy: 0.0501, value: 2262.6961, entropy: 4.2242
2026-02-24 18:08:59,983 [INFO] PPO update completed. Buffer cleared.
2026-02-24 18:09:00,220 [INFO] Episode 1025 COMPLETE | Reward 1101.17 | Steps 271 | Terminated True | Truncated False
2026-02-24 18:09:00,239 [INFO] Checkpoint saved: checkpoints/ppo_ep_01025.pt
2026-02-24 18:09:02,579 [INFO] Step 0: reward=-0.206, dist=3.51
2026-02-24 18:09:04,262 [INFO] Policy action (normalized): v = +0.999, w = -0.140 | Cmd_vel (scaled): v = +0.999 m/s, w = -0.140 rad/s
2026-02-24 18:09:09,639 [INFO] Step 200: reward=-1.893, dist=4.08
2026-02-24 18:09:15,092 [INFO] Step 400: reward=0.012, dist=3.61
2026-02-24 18:09:20,915 [INFO] Step 600: reward=5.866, dist=1.84
2026-02-24 18:09:23,010 [INFO] Episode 1026 COMPLETE | Reward 313.81 | Steps 675 | Terminated True | Truncated False
2026-02-24 18:09:25,754 [INFO] Step 0: reward=-0.205, dist=3.62
2026-02-24 18:09:31,129 [INFO] Step 200: reward=0.034, dist=4.06
2026-02-24 18:09:35,621 [INFO] Step 400: reward=-0.205, dist=3.85
2026-02-24 18:09:40,259 [INFO] Step 600: reward=5.514, dist=2.52
2026-02-24 18:09:44,270 [INFO] Episode 1027 COMPLETE | Reward 229.67 | Steps 732 | Terminated True | Truncated False
2026-02-24 18:09:48,726 [INFO] Step 0: reward=-1.137, dist=3.69
2026-02-24 18:09:54,586 [INFO] Step 200: reward=3.612, dist=2.10
2026-02-24 18:09:57,312 [INFO] Episode 1028 COMPLETE | Reward 1143.83 | Steps 269 | Terminated True | Truncated False
2026-02-24 18:10:02,096 [INFO] Step 0: reward=2.823, dist=3.69
2026-02-24 18:10:08,879 [INFO] Episode 1029 COMPLETE | Reward 1075.25 | Steps 168 | Terminated True | Truncated False
2026-02-24 18:10:14,136 [INFO] Step 0: reward=5.993, dist=2.38
2026-02-24 18:10:17,339 [INFO] Episode 1030 COMPLETE | Reward 606.74 | Steps 65 | Terminated True | Truncated False
2026-02-24 18:10:17,361 [INFO] Checkpoint saved: checkpoints/ppo_ep_01030.pt
2026-02-24 18:10:28,844 [INFO] Step 0: reward=0.094, dist=4.24
2026-02-24 18:10:33,210 [INFO] Performing PPO update at global step 851968
2026-02-24 18:10:33,491 [INFO] PPO losses — policy: 0.0246, value: 1186.3014, entropy: 4.2242
2026-02-24 18:10:33,497 [INFO] PPO update completed. Buffer cleared.
2026-02-24 18:10:36,655 [INFO] Step 200: reward=-2.513, dist=2.53
2026-02-24 18:10:42,388 [INFO] Step 400: reward=-2.220, dist=2.25
2026-02-24 18:10:48,668 [INFO] Step 600: reward=-2.242, dist=3.44
2026-02-24 18:10:56,098 [INFO] Step 800: reward=-0.167, dist=1.93
2026-02-24 18:11:02,992 [INFO] Episode 1031 COMPLETE | Reward -1206.49 | Steps 1000 | Terminated False | Truncated True
2026-02-24 18:11:08,093 [INFO] Step 0: reward=1.824, dist=2.47
2026-02-24 18:11:12,150 [INFO] Episode 1032 COMPLETE | Reward 926.76 | Steps 132 | Terminated True | Truncated False
2026-02-24 18:11:15,561 [INFO] Step 0: reward=-0.221, dist=2.88
2026-02-24 18:11:25,154 [INFO] Step 200: reward=-1.580, dist=2.00
2026-02-24 18:11:27,646 [INFO] Episode 1033 COMPLETE | Reward 218.36 | Steps 239 | Terminated True | Truncated False
2026-02-24 18:11:31,917 [INFO] Step 0: reward=-9.192, dist=2.12
2026-02-24 18:11:35,618 [INFO] Episode 1034 COMPLETE | Reward 1035.51 | Steps 166 | Terminated True | Truncated False
2026-02-24 18:11:38,799 [INFO] Step 0: reward=-0.205, dist=2.48
2026-02-24 18:11:48,030 [INFO] Step 200: reward=-0.426, dist=3.85
2026-02-24 18:11:54,382 [INFO] Step 400: reward=-0.279, dist=5.23
2026-02-24 18:12:00,678 [INFO] Step 600: reward=-3.816, dist=6.09
2026-02-24 18:12:01,991 [INFO] Performing PPO update at global step 854016
2026-02-24 18:12:02,350 [INFO] PPO losses — policy: 0.0190, value: 696.7505, entropy: 4.2242
2026-02-24 18:12:02,358 [INFO] PPO update completed. Buffer cleared.
2026-02-24 18:12:08,244 [INFO] Step 800: reward=0.095, dist=5.66
2026-02-24 18:12:14,961 [INFO] Episode 1035 COMPLETE | Reward -691.06 | Steps 1000 | Terminated False | Truncated True
2026-02-24 18:12:14,980 [INFO] Checkpoint saved: checkpoints/ppo_ep_01035.pt
2026-02-24 18:12:19,831 [INFO] Step 0: reward=-0.205, dist=3.91
2026-02-24 18:12:27,788 [INFO] Step 200: reward=0.043, dist=5.48
2026-02-24 18:12:36,319 [INFO] Step 400: reward=-0.081, dist=6.59
2026-02-24 18:12:43,269 [INFO] Step 600: reward=0.234, dist=6.47
2026-02-24 18:12:51,150 [INFO] Step 800: reward=-0.366, dist=5.13
2026-02-24 18:12:55,419 [INFO] Episode 1036 COMPLETE | Reward 57.89 | Steps 1000 | Terminated False | Truncated True
2026-02-24 18:12:58,634 [INFO] Step 0: reward=-0.205, dist=3.60
2026-02-24 18:13:03,846 [INFO] Step 200: reward=-0.205, dist=3.87
2026-02-24 18:13:11,989 [INFO] Step 400: reward=6.235, dist=1.74
2026-02-24 18:13:13,926 [INFO] Episode 1037 COMPLETE | Reward 489.24 | Steps 439 | Terminated True | Truncated False
2026-02-24 18:13:16,828 [INFO] Step 0: reward=-0.205, dist=2.42
2026-02-24 18:13:23,841 [INFO] Step 200: reward=-0.328, dist=3.89
2026-02-24 18:13:24,476 [INFO] Performing PPO update at global step 856064
2026-02-24 18:13:24,860 [INFO] PPO losses — policy: 0.0051, value: 1163.6128, entropy: 4.2242
2026-02-24 18:13:24,868 [INFO] PPO update completed. Buffer cleared.
2026-02-24 18:13:31,798 [INFO] Step 400: reward=-0.253, dist=3.97
2026-02-24 18:13:40,018 [INFO] Step 600: reward=5.735, dist=1.78
2026-02-24 18:13:41,855 [INFO] Episode 1038 COMPLETE | Reward 450.15 | Steps 663 | Terminated True | Truncated False
2026-02-24 18:13:44,848 [INFO] Step 0: reward=-2.033, dist=3.98
2026-02-24 18:13:51,806 [INFO] Step 200: reward=0.094, dist=4.81
2026-02-24 18:13:59,861 [INFO] Step 400: reward=0.111, dist=6.05
2026-02-24 18:14:05,705 [INFO] Step 600: reward=-1.575, dist=5.31
2026-02-24 18:14:10,668 [INFO] Step 800: reward=-10.366, dist=4.20
2026-02-24 18:14:17,147 [INFO] Episode 1039 COMPLETE | Reward 348.67 | Steps 1000 | Terminated False | Truncated True
2026-02-24 18:14:19,750 [INFO] Step 0: reward=5.807, dist=2.92
2026-02-24 18:14:24,742 [INFO] Episode 1040 COMPLETE | Reward 966.50 | Steps 157 | Terminated True | Truncated False
2026-02-24 18:14:24,765 [INFO] Checkpoint saved: checkpoints/ppo_ep_01040.pt
2026-02-24 18:14:28,961 [INFO] Step 0: reward=-0.257, dist=2.49
2026-02-24 18:14:35,370 [INFO] Step 200: reward=-0.334, dist=3.87
2026-02-24 18:14:43,275 [INFO] Step 400: reward=4.750, dist=2.14
2026-02-24 18:14:45,033 [INFO] Performing PPO update at global step 858112
2026-02-24 18:14:45,318 [INFO] PPO losses — policy: 0.0436, value: 2179.8043, entropy: 4.2242
2026-02-24 18:14:45,322 [INFO] PPO update completed. Buffer cleared.
2026-02-24 18:14:45,926 [INFO] Episode 1041 COMPLETE | Reward 767.28 | Steps 492 | Terminated True | Truncated False
2026-02-24 18:14:49,052 [INFO] Step 0: reward=-0.205, dist=2.08
2026-02-24 18:14:55,241 [INFO] Step 200: reward=-2.217, dist=3.32
2026-02-24 18:15:01,711 [INFO] Step 400: reward=0.095, dist=4.37
2026-02-24 18:15:07,146 [INFO] Step 600: reward=-2.205, dist=3.89
2026-02-24 18:15:11,865 [INFO] Step 800: reward=6.649, dist=2.00
2026-02-24 18:15:14,080 [INFO] Episode 1042 COMPLETE | Reward 730.84 | Steps 862 | Terminated True | Truncated False
2026-02-24 18:15:18,333 [INFO] Step 0: reward=-0.205, dist=3.15
2026-02-24 18:15:23,916 [INFO] Step 200: reward=-2.336, dist=4.29
2026-02-24 18:15:30,723 [INFO] Step 400: reward=0.150, dist=5.43
2026-02-24 18:15:37,870 [INFO] Step 600: reward=6.147, dist=3.96
2026-02-24 18:15:43,133 [INFO] Step 800: reward=6.283, dist=1.68
2026-02-24 18:15:44,550 [INFO] Episode 1043 COMPLETE | Reward 1098.42 | Steps 828 | Terminated True | Truncated False
2026-02-24 18:15:49,904 [INFO] Step 0: reward=-0.208, dist=2.20
2026-02-24 18:15:56,278 [INFO] Policy action (normalized): v = +0.978, w = -0.966 | Cmd_vel (scaled): v = +0.978 m/s, w = -0.966 rad/s
2026-02-24 18:15:56,586 [INFO] Step 200: reward=-2.196, dist=2.82
2026-02-24 18:16:00,145 [INFO] Performing PPO update at global step 860160
2026-02-24 18:16:00,485 [INFO] PPO losses — policy: 0.1133, value: 823.3969, entropy: 4.2242
2026-02-24 18:16:00,491 [INFO] PPO update completed. Buffer cleared.
2026-02-24 18:16:02,388 [INFO] Step 400: reward=0.593, dist=1.63
2026-02-24 18:16:03,885 [INFO] Episode 1044 COMPLETE | Reward 203.01 | Steps 446 | Terminated True | Truncated False
2026-02-24 18:16:07,079 [INFO] Step 0: reward=-0.205, dist=2.12
2026-02-24 18:16:13,179 [INFO] Step 200: reward=-2.145, dist=1.54
2026-02-24 18:16:17,626 [INFO] Episode 1045 COMPLETE | Reward 48.34 | Steps 302 | Terminated True | Truncated False
2026-02-24 18:16:17,646 [INFO] Checkpoint saved: checkpoints/ppo_ep_01045.pt
2026-02-24 18:16:21,936 [INFO] Step 0: reward=-0.210, dist=2.47
2026-02-24 18:16:28,366 [INFO] Step 200: reward=-0.034, dist=4.46
2026-02-24 18:16:36,891 [INFO] Step 400: reward=-0.158, dist=3.98
2026-02-24 18:16:44,519 [INFO] Step 600: reward=4.379, dist=1.21
2026-02-24 18:16:45,264 [INFO] Episode 1046 COMPLETE | Reward 918.28 | Steps 645 | Terminated True | Truncated False
2026-02-24 18:16:49,867 [INFO] Step 0: reward=-0.305, dist=2.48
2026-02-24 18:16:58,118 [INFO] Step 200: reward=-0.231, dist=3.92
2026-02-24 18:17:03,330 [INFO] Step 400: reward=-0.216, dist=3.68
2026-02-24 18:17:10,414 [INFO] Episode 1047 COMPLETE | Reward 406.21 | Steps 557 | Terminated True | Truncated False
2026-02-24 18:17:13,243 [INFO] Step 0: reward=-2.110, dist=2.42
2026-02-24 18:17:17,386 [INFO] Episode 1048 COMPLETE | Reward 422.90 | Steps 98 | Terminated True | Truncated False
2026-02-24 18:17:19,587 [INFO] Step 0: reward=-0.305, dist=3.62
2026-02-24 18:17:24,486 [INFO] Step 200: reward=-1.827, dist=4.28
2026-02-24 18:17:30,465 [INFO] Performing PPO update at global step 862208
2026-02-24 18:17:30,749 [INFO] PPO losses — policy: 0.0186, value: 1513.4104, entropy: 4.2242
2026-02-24 18:17:30,754 [INFO] PPO update completed. Buffer cleared.
2026-02-24 18:17:32,694 [INFO] Step 400: reward=-2.005, dist=6.37
2026-02-24 18:17:39,130 [INFO] Step 600: reward=-1.903, dist=6.87
2026-02-24 18:17:45,532 [INFO] Step 800: reward=-1.912, dist=6.41
2026-02-24 18:17:53,654 [INFO] Episode 1049 COMPLETE | Reward -411.57 | Steps 1000 | Terminated False | Truncated True
2026-02-24 18:17:57,909 [INFO] Step 0: reward=-0.741, dist=3.00
2026-02-24 18:18:05,933 [INFO] Step 200: reward=-1.816, dist=5.12
2026-02-24 18:18:11,633 [INFO] Step 400: reward=-1.905, dist=5.06
2026-02-24 18:18:18,903 [INFO] Step 600: reward=0.195, dist=4.22
2026-02-24 18:18:25,974 [INFO] Step 800: reward=3.530, dist=2.25
2026-02-24 18:18:29,299 [INFO] Episode 1050 COMPLETE | Reward 662.68 | Steps 904 | Terminated True | Truncated False
2026-02-24 18:18:29,321 [INFO] Checkpoint saved: checkpoints/ppo_ep_01050.pt
2026-02-24 18:18:32,413 [INFO] Step 0: reward=-0.208, dist=2.98
2026-02-24 18:18:38,070 [INFO] Step 200: reward=-0.209, dist=3.25
2026-02-24 18:18:45,865 [INFO] Step 400: reward=-1.027, dist=5.51
2026-02-24 18:18:48,663 [INFO] Performing PPO update at global step 864256
2026-02-24 18:18:48,929 [INFO] PPO losses — policy: -0.0002, value: 1424.8296, entropy: 4.2242
2026-02-24 18:18:48,934 [INFO] PPO update completed. Buffer cleared.
2026-02-24 18:18:51,695 [INFO] Step 600: reward=0.250, dist=5.85
2026-02-24 18:18:55,863 [INFO] Step 800: reward=-1.642, dist=5.20
2026-02-24 18:19:02,497 [INFO] Episode 1051 COMPLETE | Reward 128.08 | Steps 1000 | Terminated False | Truncated True
2026-02-24 18:19:05,740 [INFO] Step 0: reward=-0.214, dist=3.41
2026-02-24 18:19:11,342 [INFO] Step 200: reward=-0.205, dist=3.01
2026-02-24 18:19:15,965 [INFO] Step 400: reward=0.421, dist=1.89
2026-02-24 18:19:18,074 [INFO] Episode 1052 COMPLETE | Reward 139.17 | Steps 462 | Terminated True | Truncated False
2026-02-24 18:19:22,707 [INFO] Step 0: reward=-0.205, dist=3.35
2026-02-24 18:19:28,151 [INFO] Step 200: reward=0.095, dist=4.41
2026-02-24 18:19:34,529 [INFO] Step 400: reward=-0.218, dist=3.69
2026-02-24 18:19:38,413 [INFO] Step 600: reward=0.521, dist=2.95
2026-02-24 18:19:42,981 [INFO] Episode 1053 COMPLETE | Reward 264.14 | Steps 747 | Terminated True | Truncated False
2026-02-24 18:19:46,176 [INFO] Step 0: reward=-0.206, dist=3.42
2026-02-24 18:19:52,796 [INFO] Step 200: reward=-0.033, dist=5.09
2026-02-24 18:19:55,211 [INFO] Performing PPO update at global step 866304
2026-02-24 18:19:55,489 [INFO] PPO losses — policy: 0.1202, value: 1157.7520, entropy: 4.2242
2026-02-24 18:19:55,494 [INFO] PPO update completed. Buffer cleared.
2026-02-24 18:19:58,035 [INFO] Step 400: reward=-1.961, dist=5.96
2026-02-24 18:20:05,524 [INFO] Step 600: reward=-1.668, dist=5.89
2026-02-24 18:20:11,108 [INFO] Step 800: reward=-0.029, dist=5.60
2026-02-24 18:20:16,616 [INFO] Episode 1054 COMPLETE | Reward -959.21 | Steps 1000 | Terminated False | Truncated True
2026-02-24 18:20:20,617 [INFO] Step 0: reward=-0.239, dist=2.32
2026-02-24 18:20:23,919 [INFO] Step 200: reward=-2.208, dist=2.17
2026-02-24 18:20:30,429 [INFO] Step 400: reward=-0.236, dist=1.50
2026-02-24 18:20:34,554 [INFO] Episode 1055 COMPLETE | Reward -743.60 | Steps 525 | Terminated True | Truncated False
2026-02-24 18:20:34,576 [INFO] Checkpoint saved: checkpoints/ppo_ep_01055.pt
2026-02-24 18:20:38,713 [INFO] Step 0: reward=-0.205, dist=3.00
2026-02-24 18:20:45,256 [INFO] Step 200: reward=-0.224, dist=2.85
2026-02-24 18:20:52,785 [INFO] Step 400: reward=-0.179, dist=3.66
2026-02-24 18:20:58,670 [INFO] Step 600: reward=-2.244, dist=3.81
2026-02-24 18:21:07,749 [INFO] Step 800: reward=-1.712, dist=4.48
2026-02-24 18:21:08,681 [INFO] Performing PPO update at global step 868352
2026-02-24 18:21:09,066 [INFO] PPO losses — policy: 0.0034, value: 1262.2501, entropy: 4.2242
2026-02-24 18:21:09,075 [INFO] PPO update completed. Buffer cleared.
2026-02-24 18:21:14,152 [INFO] Episode 1056 COMPLETE | Reward -1471.00 | Steps 1000 | Terminated False | Truncated True
2026-02-24 18:21:16,893 [INFO] Step 0: reward=5.994, dist=3.39
2026-02-24 18:21:24,237 [INFO] Step 200: reward=-1.096, dist=1.53
2026-02-24 18:21:30,218 [INFO] Step 400: reward=-1.599, dist=1.03
2026-02-24 18:21:30,336 [INFO] Episode 1057 COMPLETE | Reward -78.47 | Steps 409 | Terminated True | Truncated False
2026-02-24 18:21:33,276 [INFO] Step 0: reward=-0.228, dist=2.27
2026-02-24 18:21:39,085 [INFO] Step 200: reward=-2.942, dist=2.44
2026-02-24 18:21:46,917 [INFO] Step 400: reward=-0.250, dist=3.19
2026-02-24 18:21:53,601 [INFO] Step 600: reward=-2.209, dist=3.59
2026-02-24 18:21:58,755 [INFO] Step 800: reward=-2.243, dist=3.62
2026-02-24 18:22:04,355 [INFO] Episode 1058 COMPLETE | Reward -1592.26 | Steps 1000 | Terminated False | Truncated True
2026-02-24 18:22:07,465 [INFO] Step 0: reward=-1.230, dist=2.18
2026-02-24 18:22:09,705 [INFO] Policy action (normalized): v = +0.603, w = +0.998 | Cmd_vel (scaled): v = +0.603 m/s, w = +0.998 rad/s
2026-02-24 18:22:13,915 [INFO] Step 200: reward=-2.134, dist=2.54
2026-02-24 18:22:21,355 [INFO] Step 400: reward=-0.218, dist=3.02
2026-02-24 18:22:25,636 [INFO] Performing PPO update at global step 870400
2026-02-24 18:22:25,903 [INFO] PPO losses — policy: 0.0207, value: 1218.2850, entropy: 4.2242
2026-02-24 18:22:25,908 [INFO] PPO update completed. Buffer cleared.
2026-02-24 18:22:29,025 [INFO] Step 600: reward=-3.885, dist=3.05
2026-02-24 18:22:34,184 [INFO] Step 800: reward=-2.258, dist=3.07
2026-02-24 18:22:41,979 [INFO] Episode 1059 COMPLETE | Reward -1631.85 | Steps 1000 | Terminated False | Truncated True
2026-02-24 18:22:46,769 [INFO] Step 0: reward=-2.177, dist=3.38
2026-02-24 18:22:51,992 [INFO] Step 200: reward=-2.335, dist=3.39
2026-02-24 18:22:57,169 [INFO] Step 400: reward=-2.205, dist=3.49
2026-02-24 18:23:02,901 [INFO] Step 600: reward=-2.191, dist=3.42
2026-02-24 18:23:09,847 [INFO] Step 800: reward=-0.207, dist=2.92
2026-02-24 18:23:15,060 [INFO] Episode 1060 COMPLETE | Reward -1208.84 | Steps 1000 | Terminated False | Truncated True
2026-02-24 18:23:15,079 [INFO] Checkpoint saved: checkpoints/ppo_ep_01060.pt
2026-02-24 18:23:18,160 [INFO] Step 0: reward=-2.176, dist=3.87
2026-02-24 18:23:24,726 [INFO] Step 200: reward=0.651, dist=2.18
2026-02-24 18:23:28,062 [INFO] Episode 1061 COMPLETE | Reward 1283.89 | Steps 314 | Terminated True | Truncated False
2026-02-24 18:23:31,757 [INFO] Step 0: reward=-0.205, dist=3.53
2026-02-24 18:23:37,493 [INFO] Step 200: reward=-2.189, dist=3.37
2026-02-24 18:23:37,738 [INFO] Performing PPO update at global step 872448
2026-02-24 18:23:38,024 [INFO] PPO losses — policy: 0.0101, value: 1503.1383, entropy: 4.2242
2026-02-24 18:23:38,029 [INFO] PPO update completed. Buffer cleared.
2026-02-24 18:23:41,893 [INFO] Step 400: reward=-2.257, dist=3.04
2026-02-24 18:23:47,065 [INFO] Episode 1062 COMPLETE | Reward -126.72 | Steps 518 | Terminated True | Truncated False
2026-02-24 18:23:51,126 [INFO] Step 0: reward=-1.614, dist=2.12
2026-02-24 18:23:58,093 [INFO] Step 200: reward=-2.205, dist=2.75
2026-02-24 18:24:03,944 [INFO] Step 400: reward=-0.769, dist=3.33
2026-02-24 18:24:09,821 [INFO] Step 600: reward=-0.382, dist=3.88
2026-02-24 18:24:17,193 [INFO] Step 800: reward=-1.863, dist=3.54
2026-02-24 18:24:25,270 [INFO] Episode 1063 COMPLETE | Reward -1278.97 | Steps 1000 | Terminated False | Truncated True
2026-02-24 18:24:28,691 [INFO] Step 0: reward=-0.965, dist=2.39
2026-02-24 18:24:35,079 [INFO] Step 200: reward=-4.196, dist=3.35
2026-02-24 18:24:41,609 [INFO] Step 400: reward=-2.206, dist=3.77
2026-02-24 18:24:47,887 [INFO] Step 600: reward=-2.218, dist=3.90
2026-02-24 18:24:55,147 [INFO] Performing PPO update at global step 874496
2026-02-24 18:24:55,542 [INFO] PPO losses — policy: 0.0458, value: 1070.6290, entropy: 4.2242
2026-02-24 18:24:55,549 [INFO] PPO update completed. Buffer cleared.
2026-02-24 18:24:57,990 [INFO] Step 800: reward=-1.297, dist=3.20
2026-02-24 18:25:04,716 [INFO] Episode 1064 COMPLETE | Reward -1401.19 | Steps 1000 | Terminated False | Truncated True
2026-02-24 18:25:07,917 [INFO] Step 0: reward=-0.238, dist=2.04
2026-02-24 18:25:15,670 [INFO] Step 200: reward=-2.282, dist=3.56
2026-02-24 18:25:22,856 [INFO] Step 400: reward=-4.228, dist=3.82
2026-02-24 18:25:28,458 [INFO] Step 600: reward=0.048, dist=4.18
2026-02-24 18:25:35,081 [INFO] Step 800: reward=-0.236, dist=3.87
2026-02-24 18:25:41,990 [INFO] Episode 1065 COMPLETE | Reward -1334.83 | Steps 1000 | Terminated False | Truncated True
2026-02-24 18:25:42,009 [INFO] Checkpoint saved: checkpoints/ppo_ep_01065.pt
2026-02-24 18:25:46,918 [INFO] Step 0: reward=-0.206, dist=3.55
2026-02-24 18:25:53,461 [INFO] Step 200: reward=-1.905, dist=4.51
2026-02-24 18:25:58,938 [INFO] Step 400: reward=0.084, dist=5.25
2026-02-24 18:26:04,631 [INFO] Step 600: reward=-1.874, dist=5.73
2026-02-24 18:26:10,359 [INFO] Performing PPO update at global step 876544
2026-02-24 18:26:10,640 [INFO] PPO losses — policy: -0.0034, value: 567.0514, entropy: 4.2242
2026-02-24 18:26:10,646 [INFO] PPO update completed. Buffer cleared.
2026-02-24 18:26:10,692 [INFO] Step 800: reward=0.129, dist=6.20
2026-02-24 18:26:17,264 [INFO] Episode 1066 COMPLETE | Reward -1166.26 | Steps 1000 | Terminated False | Truncated True
2026-02-24 18:26:19,798 [INFO] Step 0: reward=-2.125, dist=2.20
2026-02-24 18:26:27,988 [INFO] Step 200: reward=-0.222, dist=2.91
2026-02-24 18:26:34,081 [INFO] Step 400: reward=0.005, dist=2.62
2026-02-24 18:26:39,344 [INFO] Step 600: reward=-1.597, dist=1.72
2026-02-24 18:26:42,451 [INFO] Episode 1067 COMPLETE | Reward -589.48 | Steps 733 | Terminated True | Truncated False
2026-02-24 18:26:46,798 [INFO] Step 0: reward=-1.762, dist=2.43
2026-02-24 18:26:51,668 [INFO] Step 200: reward=-0.324, dist=2.38
2026-02-24 18:26:57,438 [INFO] Step 400: reward=-2.126, dist=1.86
2026-02-24 18:27:01,802 [INFO] Step 600: reward=-2.116, dist=1.41
2026-02-24 18:27:03,995 [INFO] Episode 1068 COMPLETE | Reward -693.21 | Steps 677 | Terminated True | Truncated False
2026-02-24 18:27:07,936 [INFO] Step 0: reward=-0.256, dist=3.45
2026-02-24 18:27:12,669 [INFO] Step 200: reward=-3.489, dist=3.17
2026-02-24 18:27:19,786 [INFO] Step 400: reward=0.403, dist=2.18
2026-02-24 18:27:20,646 [INFO] Performing PPO update at global step 878592
2026-02-24 18:27:20,932 [INFO] PPO losses — policy: -0.0008, value: 982.1339, entropy: 4.2242
2026-02-24 18:27:20,939 [INFO] PPO update completed. Buffer cleared.
2026-02-24 18:27:22,607 [INFO] Episode 1069 COMPLETE | Reward 11.27 | Steps 484 | Terminated True | Truncated False
2026-02-24 18:27:26,090 [INFO] Step 0: reward=5.995, dist=2.53
2026-02-24 18:27:29,300 [INFO] Episode 1070 COMPLETE | Reward 645.23 | Steps 66 | Terminated True | Truncated False
2026-02-24 18:27:29,324 [INFO] Checkpoint saved: checkpoints/ppo_ep_01070.pt
2026-02-24 18:27:32,520 [INFO] Step 0: reward=-0.205, dist=2.15
2026-02-24 18:27:37,965 [INFO] Step 200: reward=-2.942, dist=2.68
2026-02-24 18:27:46,001 [INFO] Step 400: reward=-0.222, dist=3.01
2026-02-24 18:27:51,805 [INFO] Step 600: reward=-2.718, dist=3.26
2026-02-24 18:27:57,253 [INFO] Step 800: reward=-2.207, dist=2.94
2026-02-24 18:28:02,913 [INFO] Episode 1071 COMPLETE | Reward -1259.07 | Steps 1000 | Terminated False | Truncated True
2026-02-24 18:28:14,447 [INFO] Step 0: reward=0.094, dist=4.24
2026-02-24 18:28:21,082 [INFO] Step 200: reward=-1.625, dist=3.13
2026-02-24 18:28:22,888 [INFO] Policy action (normalized): v = +0.996, w = +0.945 | Cmd_vel (scaled): v = +0.996 m/s, w = +0.945 rad/s
2026-02-24 18:28:24,846 [INFO] Step 400: reward=-0.205, dist=2.56
2026-02-24 18:28:32,167 [INFO] Step 600: reward=-1.074, dist=2.50
2026-02-24 18:28:37,734 [INFO] Step 800: reward=-2.208, dist=3.89
2026-02-24 18:28:40,087 [INFO] Performing PPO update at global step 880640
2026-02-24 18:28:40,421 [INFO] PPO losses — policy: 0.0174, value: 364.2953, entropy: 4.2242
2026-02-24 18:28:40,426 [INFO] PPO update completed. Buffer cleared.
2026-02-24 18:28:42,425 [INFO] Episode 1072 COMPLETE | Reward -1294.49 | Steps 1000 | Terminated False | Truncated True
2026-02-24 18:28:46,669 [INFO] Step 0: reward=-0.205, dist=2.43
2026-02-24 18:28:52,943 [INFO] Episode 1073 COMPLETE | Reward 256.40 | Steps 200 | Terminated True | Truncated False
2026-02-24 18:28:56,120 [INFO] Step 0: reward=-1.960, dist=2.86
2026-02-24 18:29:04,637 [INFO] Step 200: reward=0.476, dist=2.13
2026-02-24 18:29:07,175 [INFO] Episode 1074 COMPLETE | Reward 363.66 | Steps 270 | Terminated True | Truncated False
2026-02-24 18:29:11,354 [INFO] Step 0: reward=-0.305, dist=3.84
2026-02-24 18:29:17,624 [INFO] Step 200: reward=-2.205, dist=3.91
2026-02-24 18:29:23,783 [INFO] Step 400: reward=0.094, dist=4.52
2026-02-24 18:29:28,588 [INFO] Step 600: reward=-2.005, dist=4.96
2026-02-24 18:29:34,424 [INFO] Step 800: reward=-1.907, dist=5.34
2026-02-24 18:29:40,434 [INFO] Episode 1075 COMPLETE | Reward -1305.28 | Steps 1000 | Terminated False | Truncated True
2026-02-24 18:29:40,459 [INFO] Checkpoint saved: checkpoints/ppo_ep_01075.pt
2026-02-24 18:29:43,666 [INFO] Step 0: reward=-0.205, dist=3.40
2026-02-24 18:29:49,596 [INFO] Step 200: reward=-2.205, dist=3.68
2026-02-24 18:29:55,488 [INFO] Step 400: reward=-2.074, dist=3.88
2026-02-24 18:29:58,053 [INFO] Performing PPO update at global step 882688
2026-02-24 18:29:58,341 [INFO] PPO losses — policy: 0.0026, value: 743.1041, entropy: 4.2242
2026-02-24 18:29:58,347 [INFO] PPO update completed. Buffer cleared.
2026-02-24 18:30:00,980 [INFO] Step 600: reward=-0.016, dist=4.64
2026-02-24 18:30:06,540 [INFO] Step 800: reward=-1.909, dist=4.93
2026-02-24 18:30:11,677 [INFO] Episode 1076 COMPLETE | Reward -1457.55 | Steps 1000 | Terminated False | Truncated True
2026-02-24 18:30:16,703 [INFO] Step 0: reward=-0.711, dist=2.19
2026-02-24 18:30:23,058 [INFO] Step 200: reward=-0.220, dist=1.97
2026-02-24 18:30:28,019 [INFO] Step 400: reward=-2.205, dist=2.61
2026-02-24 18:30:32,667 [INFO] Step 600: reward=-2.240, dist=2.90
2026-02-24 18:30:39,684 [INFO] Step 800: reward=-0.553, dist=3.84
2026-02-24 18:30:44,646 [INFO] Episode 1077 COMPLETE | Reward -1410.34 | Steps 1000 | Terminated False | Truncated True
2026-02-24 18:30:49,857 [INFO] Step 0: reward=5.994, dist=3.52
2026-02-24 18:30:55,096 [INFO] Step 200: reward=6.350, dist=1.12
2026-02-24 18:30:55,461 [INFO] Episode 1078 COMPLETE | Reward 1306.46 | Steps 222 | Terminated True | Truncated False
2026-02-24 18:30:58,556 [INFO] Step 0: reward=-0.205, dist=3.61
2026-02-24 18:31:03,846 [INFO] Step 200: reward=-0.390, dist=4.17
2026-02-24 18:31:07,465 [INFO] Performing PPO update at global step 884736
2026-02-24 18:31:07,857 [INFO] PPO losses — policy: 0.0645, value: 463.4475, entropy: 4.2242
2026-02-24 18:31:07,863 [INFO] PPO update completed. Buffer cleared.
2026-02-24 18:31:08,398 [INFO] Step 400: reward=-1.944, dist=4.66
2026-02-24 18:31:14,891 [INFO] Step 600: reward=-3.878, dist=5.14
2026-02-24 18:31:20,553 [INFO] Step 800: reward=-3.907, dist=5.19
2026-02-24 18:31:26,059 [INFO] Episode 1079 COMPLETE | Reward -1695.36 | Steps 1000 | Terminated False | Truncated True
2026-02-24 18:31:30,328 [INFO] Step 0: reward=-0.205, dist=3.21
2026-02-24 18:31:35,742 [INFO] Step 200: reward=3.798, dist=1.66
2026-02-24 18:31:37,488 [INFO] Episode 1080 COMPLETE | Reward 734.13 | Steps 277 | Terminated True | Truncated False
2026-02-24 18:31:37,515 [INFO] Checkpoint saved: checkpoints/ppo_ep_01080.pt
2026-02-24 18:31:41,773 [INFO] Step 0: reward=-0.218, dist=3.83
2026-02-24 18:31:47,386 [INFO] Step 200: reward=-2.023, dist=4.15
2026-02-24 18:31:53,221 [INFO] Step 400: reward=-0.386, dist=4.59
2026-02-24 18:31:59,624 [INFO] Step 600: reward=-2.156, dist=5.06
2026-02-24 18:32:07,450 [INFO] Step 800: reward=-0.672, dist=5.52
2026-02-24 18:32:14,669 [INFO] Episode 1081 COMPLETE | Reward -1397.83 | Steps 1000 | Terminated False | Truncated True
2026-02-24 18:32:19,703 [INFO] Step 0: reward=-0.219, dist=3.70
2026-02-24 18:32:23,651 [INFO] Performing PPO update at global step 886784
2026-02-24 18:32:23,919 [INFO] PPO losses — policy: 0.0106, value: 516.2187, entropy: 4.2242
2026-02-24 18:32:23,926 [INFO] PPO update completed. Buffer cleared.
2026-02-24 18:32:27,625 [INFO] Step 200: reward=4.523, dist=2.46
2026-02-24 18:32:31,008 [INFO] Episode 1082 COMPLETE | Reward 933.00 | Steps 325 | Terminated True | Truncated False
2026-02-24 18:32:34,342 [INFO] Step 0: reward=-0.205, dist=3.64
2026-02-24 18:32:42,413 [INFO] Step 200: reward=-1.905, dist=4.90
2026-02-24 18:32:46,600 [INFO] Step 400: reward=-2.417, dist=5.32
2026-02-24 18:32:52,939 [INFO] Step 600: reward=0.080, dist=5.73
2026-02-24 18:33:00,106 [INFO] Step 800: reward=-1.650, dist=6.04
2026-02-24 18:33:04,084 [INFO] Episode 1083 COMPLETE | Reward -1452.97 | Steps 1000 | Terminated False | Truncated True
2026-02-24 18:33:07,638 [INFO] Step 0: reward=-0.235, dist=2.36
2026-02-24 18:33:12,530 [INFO] Step 200: reward=-1.466, dist=2.43
2026-02-24 18:33:20,072 [INFO] Step 400: reward=-1.431, dist=3.08
2026-02-24 18:33:26,596 [INFO] Step 600: reward=-2.272, dist=3.71
2026-02-24 18:33:34,491 [INFO] Step 800: reward=-0.000, dist=4.02
2026-02-24 18:33:35,615 [INFO] Performing PPO update at global step 888832
2026-02-24 18:33:35,905 [INFO] PPO losses — policy: 0.1656, value: 545.5737, entropy: 4.2242
2026-02-24 18:33:35,910 [INFO] PPO update completed. Buffer cleared.
2026-02-24 18:33:42,015 [INFO] Episode 1084 COMPLETE | Reward -1391.03 | Steps 1000 | Terminated False | Truncated True
2026-02-24 18:33:47,313 [INFO] Step 0: reward=-9.208, dist=2.54
2026-02-24 18:33:53,319 [INFO] Step 200: reward=-3.176, dist=2.19
2026-02-24 18:34:00,245 [INFO] Step 400: reward=-4.190, dist=2.39
2026-02-24 18:34:05,290 [INFO] Step 600: reward=-3.828, dist=2.09
2026-02-24 18:34:09,576 [INFO] Step 800: reward=-0.207, dist=2.39
2026-02-24 18:34:15,526 [INFO] Policy action (normalized): v = +0.242, w = +0.997 | Cmd_vel (scaled): v = +0.242 m/s, w = +0.997 rad/s
2026-02-24 18:34:15,742 [INFO] Episode 1085 COMPLETE | Reward -1987.21 | Steps 1000 | Terminated False | Truncated True
2026-02-24 18:34:15,766 [INFO] Checkpoint saved: checkpoints/ppo_ep_01085.pt
2026-02-24 18:34:18,928 [INFO] Step 0: reward=-0.979, dist=2.70
2026-02-24 18:34:25,756 [INFO] Step 200: reward=-1.572, dist=3.02
2026-02-24 18:34:33,543 [INFO] Step 400: reward=-1.816, dist=1.90
2026-02-24 18:34:37,099 [INFO] Step 600: reward=-2.206, dist=2.17
2026-02-24 18:34:43,246 [INFO] Step 800: reward=0.516, dist=1.98
2026-02-24 18:34:44,789 [INFO] Performing PPO update at global step 890880
2026-02-24 18:34:45,063 [INFO] PPO losses — policy: 0.0255, value: 2238.6865, entropy: 4.2242
2026-02-24 18:34:45,068 [INFO] PPO update completed. Buffer cleared.
2026-02-24 18:34:48,760 [INFO] Episode 1086 COMPLETE | Reward -1567.08 | Steps 1000 | Terminated False | Truncated True
2026-02-24 18:34:52,039 [INFO] Step 0: reward=-0.227, dist=2.79
2026-02-24 18:34:57,205 [INFO] Step 200: reward=-2.244, dist=2.79
2026-02-24 18:35:02,753 [INFO] Step 400: reward=-0.305, dist=2.79
2026-02-24 18:35:08,583 [INFO] Step 600: reward=-0.209, dist=2.71
2026-02-24 18:35:16,011 [INFO] Step 800: reward=-4.282, dist=2.65
2026-02-24 18:35:21,322 [INFO] Episode 1087 COMPLETE | Reward -1928.94 | Steps 1000 | Terminated False | Truncated True
2026-02-24 18:35:25,920 [INFO] Step 0: reward=-2.178, dist=3.80
2026-02-24 18:35:32,289 [INFO] Step 200: reward=-0.209, dist=3.69
2026-02-24 18:35:37,958 [INFO] Step 400: reward=-2.205, dist=3.86
2026-02-24 18:35:43,783 [INFO] Step 600: reward=-2.240, dist=3.96
2026-02-24 18:35:49,313 [INFO] Step 800: reward=-2.067, dist=4.01
2026-02-24 18:35:53,400 [INFO] Performing PPO update at global step 892928
2026-02-24 18:35:53,688 [INFO] PPO losses — policy: 0.0011, value: 1028.2350, entropy: 4.2242
2026-02-24 18:35:53,693 [INFO] PPO update completed. Buffer cleared.
2026-02-24 18:35:55,539 [INFO] Episode 1088 COMPLETE | Reward -1793.74 | Steps 1000 | Terminated False | Truncated True
2026-02-24 18:35:58,757 [INFO] Step 0: reward=-2.229, dist=3.23
2026-02-24 18:36:03,254 [INFO] Step 200: reward=-2.634, dist=2.67
2026-02-24 18:36:08,165 [INFO] Step 400: reward=-1.629, dist=2.25
2026-02-24 18:36:14,738 [INFO] Step 600: reward=-2.225, dist=2.32
2026-02-24 18:36:22,090 [INFO] Step 800: reward=-2.245, dist=2.24
2026-02-24 18:36:26,900 [INFO] Episode 1089 COMPLETE | Reward -2078.85 | Steps 1000 | Terminated False | Truncated True
2026-02-24 18:36:29,992 [INFO] Step 0: reward=-2.161, dist=3.95
2026-02-24 18:36:35,204 [INFO] Step 200: reward=-2.206, dist=3.78
2026-02-24 18:36:42,010 [INFO] Step 400: reward=-3.912, dist=4.03
2026-02-24 18:36:47,205 [INFO] Step 600: reward=-2.205, dist=3.96
2026-02-24 18:36:52,017 [INFO] Step 800: reward=-0.796, dist=4.26
2026-02-24 18:36:57,608 [INFO] Performing PPO update at global step 894976
2026-02-24 18:36:57,880 [INFO] PPO losses — policy: 0.3140, value: 649.2221, entropy: 4.2242
2026-02-24 18:36:57,885 [INFO] PPO update completed. Buffer cleared.
2026-02-24 18:36:58,732 [INFO] Episode 1090 COMPLETE | Reward -1799.57 | Steps 1000 | Terminated False | Truncated True
2026-02-24 18:36:58,755 [INFO] Checkpoint saved: checkpoints/ppo_ep_01090.pt
2026-02-24 18:37:02,838 [INFO] Step 0: reward=-1.554, dist=3.81
2026-02-24 18:37:09,145 [INFO] Step 200: reward=-0.507, dist=3.77
2026-02-24 18:37:14,593 [INFO] Step 400: reward=-3.957, dist=4.07
2026-02-24 18:37:21,465 [INFO] Step 600: reward=-1.932, dist=4.56
2026-02-24 18:37:28,252 [INFO] Step 800: reward=0.079, dist=4.96
2026-02-24 18:37:32,801 [INFO] Episode 1091 COMPLETE | Reward -1512.35 | Steps 1000 | Terminated False | Truncated True
2026-02-24 18:37:37,937 [INFO] Step 0: reward=-2.199, dist=2.03
2026-02-24 18:37:45,094 [INFO] Step 200: reward=-2.270, dist=2.92
2026-02-24 18:37:50,439 [INFO] Step 400: reward=-3.927, dist=3.06
2026-02-24 18:37:56,634 [INFO] Step 600: reward=-1.761, dist=3.35
2026-02-24 18:38:03,674 [INFO] Step 800: reward=-0.215, dist=3.87
2026-02-24 18:38:10,552 [INFO] Episode 1092 COMPLETE | Reward -1341.76 | Steps 1000 | Terminated False | Truncated True
2026-02-24 18:38:14,894 [INFO] Step 0: reward=-0.206, dist=2.21
2026-02-24 18:38:15,048 [INFO] Performing PPO update at global step 897024
2026-02-24 18:38:15,333 [INFO] PPO losses — policy: 0.1163, value: 768.3656, entropy: 4.2242
2026-02-24 18:38:15,339 [INFO] PPO update completed. Buffer cleared.
2026-02-24 18:38:20,964 [INFO] Step 200: reward=-2.205, dist=3.31
2026-02-24 18:38:28,953 [INFO] Step 400: reward=-0.249, dist=3.62
2026-02-24 18:38:37,231 [INFO] Step 600: reward=-0.275, dist=3.91
2026-02-24 18:38:44,484 [INFO] Step 800: reward=-2.203, dist=3.78
2026-02-24 18:38:50,406 [INFO] Episode 1093 COMPLETE | Reward -1472.40 | Steps 1000 | Terminated False | Truncated True
2026-02-24 18:38:54,756 [INFO] Step 0: reward=-2.017, dist=3.14
2026-02-24 18:39:01,158 [INFO] Step 200: reward=-0.781, dist=4.06
2026-02-24 18:39:06,203 [INFO] Step 400: reward=-1.500, dist=4.50
2026-02-24 18:39:11,129 [INFO] Step 600: reward=0.085, dist=4.57
2026-02-24 18:39:18,181 [INFO] Step 800: reward=-1.942, dist=4.31
2026-02-24 18:39:23,819 [INFO] Episode 1094 COMPLETE | Reward -1391.17 | Steps 1000 | Terminated False | Truncated True
2026-02-24 18:39:28,835 [INFO] Step 0: reward=-5.139, dist=2.34
2026-02-24 18:39:31,812 [INFO] Performing PPO update at global step 899072
2026-02-24 18:39:32,116 [INFO] PPO losses — policy: -0.0178, value: 720.5736, entropy: 4.2242
2026-02-24 18:39:32,120 [INFO] PPO update completed. Buffer cleared.
2026-02-24 18:39:35,445 [INFO] Step 200: reward=-0.205, dist=1.56
2026-02-24 18:39:43,894 [INFO] Step 400: reward=-2.168, dist=1.52
2026-02-24 18:39:49,894 [INFO] Step 600: reward=-0.215, dist=2.51
2026-02-24 18:39:55,216 [INFO] Step 800: reward=-0.041, dist=3.14
2026-02-24 18:40:00,276 [INFO] Policy action (normalized): v = +0.973, w = +0.708 | Cmd_vel (scaled): v = +0.973 m/s, w = +0.708 rad/s
2026-02-24 18:40:00,292 [INFO] Episode 1095 COMPLETE | Reward -1514.94 | Steps 1000 | Terminated False | Truncated True
2026-02-24 18:40:00,314 [INFO] Checkpoint saved: checkpoints/ppo_ep_01095.pt
2026-02-24 18:40:04,596 [INFO] Step 0: reward=-0.243, dist=2.40
2026-02-24 18:40:11,741 [INFO] Step 200: reward=-0.255, dist=2.55
2026-02-24 18:40:19,179 [INFO] Step 400: reward=-2.252, dist=3.44
2026-02-24 18:40:24,873 [INFO] Step 600: reward=-0.055, dist=4.52
2026-02-24 18:40:30,132 [INFO] Step 800: reward=-0.831, dist=4.93
2026-02-24 18:40:37,046 [INFO] Episode 1096 COMPLETE | Reward -1416.49 | Steps 1000 | Terminated False | Truncated True
2026-02-24 18:40:40,142 [INFO] Step 0: reward=-1.357, dist=3.98
2026-02-24 18:40:42,136 [INFO] Performing PPO update at global step 901120
2026-02-24 18:40:42,547 [INFO] PPO losses — policy: 0.0158, value: 524.3006, entropy: 4.2242
2026-02-24 18:40:42,553 [INFO] PPO update completed. Buffer cleared.
2026-02-24 18:40:45,028 [INFO] Step 200: reward=-1.924, dist=4.01
2026-02-24 18:40:50,116 [INFO] Step 400: reward=-3.388, dist=4.75
2026-02-24 18:40:55,632 [INFO] Step 600: reward=-1.920, dist=4.95
2026-02-24 18:41:02,175 [INFO] Step 800: reward=0.404, dist=5.59
2026-02-24 18:41:07,101 [INFO] Episode 1097 COMPLETE | Reward -1453.49 | Steps 1000 | Terminated False | Truncated True
2026-02-24 18:41:10,796 [INFO] Step 0: reward=-0.210, dist=2.43
2026-02-24 18:41:17,066 [INFO] Step 200: reward=-2.218, dist=3.37
2026-02-24 18:41:22,678 [INFO] Step 400: reward=-0.201, dist=4.24
2026-02-24 18:41:27,240 [INFO] Step 600: reward=-1.688, dist=4.76
2026-02-24 18:41:34,460 [INFO] Step 800: reward=-0.028, dist=5.12
2026-02-24 18:41:41,200 [INFO] Episode 1098 COMPLETE | Reward -1281.60 | Steps 1000 | Terminated False | Truncated True
2026-02-24 18:41:43,796 [INFO] Step 0: reward=-100.000, dist=491.35
2026-02-24 18:41:43,797 [INFO] Episode 1099 COMPLETE | Reward -100.00 | Steps 1 | Terminated False | Truncated True
2026-02-24 18:41:55,340 [INFO] Step 0: reward=0.058, dist=4.28
2026-02-24 18:41:59,165 [INFO] Performing PPO update at global step 903168
2026-02-24 18:41:59,446 [INFO] PPO losses — policy: 0.0027, value: 295.1468, entropy: 4.2242
2026-02-24 18:41:59,451 [INFO] PPO update completed. Buffer cleared.
2026-02-24 18:42:00,550 [INFO] Step 200: reward=-1.906, dist=4.15
2026-02-24 18:42:06,427 [INFO] Step 400: reward=-1.905, dist=4.35
2026-02-24 18:42:12,902 [INFO] Step 600: reward=-2.038, dist=5.87
2026-02-24 18:42:17,836 [INFO] Step 800: reward=0.165, dist=4.11
2026-02-24 18:42:23,478 [INFO] Episode 1100 COMPLETE | Reward -1199.71 | Steps 1000 | Terminated False | Truncated True
2026-02-24 18:42:23,499 [INFO] Checkpoint saved: checkpoints/ppo_ep_01100.pt
2026-02-24 18:42:25,689 [INFO] Step 0: reward=-0.206, dist=2.87
2026-02-24 18:42:30,858 [INFO] Step 200: reward=-0.234, dist=2.75
2026-02-24 18:42:38,525 [INFO] Step 400: reward=-3.340, dist=3.51
2026-02-24 18:42:44,933 [INFO] Step 600: reward=0.072, dist=4.69
2026-02-24 18:42:49,598 [INFO] Step 800: reward=-1.901, dist=5.30
2026-02-24 18:42:54,742 [INFO] Episode 1101 COMPLETE | Reward -1090.83 | Steps 1000 | Terminated False | Truncated True
2026-02-24 18:42:58,063 [INFO] Step 0: reward=-0.206, dist=2.15
2026-02-24 18:43:02,122 [INFO] Step 200: reward=-2.206, dist=1.89
2026-02-24 18:43:02,202 [INFO] Performing PPO update at global step 905216
2026-02-24 18:43:02,517 [INFO] PPO losses — policy: -0.0047, value: 240.8826, entropy: 4.2242
2026-02-24 18:43:02,523 [INFO] PPO update completed. Buffer cleared.
2026-02-24 18:43:06,916 [INFO] Episode 1102 COMPLETE | Reward -419.62 | Steps 391 | Terminated True | Truncated False
2026-02-24 18:43:11,082 [INFO] Step 0: reward=-0.205, dist=3.44
2026-02-24 18:43:16,583 [INFO] Step 200: reward=-2.281, dist=3.33
2026-02-24 18:43:21,892 [INFO] Step 400: reward=-0.205, dist=3.16
2026-02-24 18:43:26,900 [INFO] Step 600: reward=0.045, dist=2.23
2026-02-24 18:43:30,887 [INFO] Episode 1103 COMPLETE | Reward -493.70 | Steps 729 | Terminated True | Truncated False
2026-02-24 18:43:34,111 [INFO] Step 0: reward=-2.235, dist=3.68
2026-02-24 18:43:40,858 [INFO] Step 200: reward=0.098, dist=4.81
2026-02-24 18:43:46,869 [INFO] Step 400: reward=0.062, dist=4.83
2026-02-24 18:43:55,201 [INFO] Step 600: reward=-0.090, dist=2.96
2026-02-24 18:44:01,603 [INFO] Step 800: reward=-2.206, dist=2.99
2026-02-24 18:44:07,637 [INFO] Episode 1104 COMPLETE | Reward -907.69 | Steps 1000 | Terminated False | Truncated True
2026-02-24 18:44:17,878 [INFO] Step 0: reward=-1.181, dist=4.24
2026-02-24 18:44:22,322 [INFO] Performing PPO update at global step 907264
2026-02-24 18:44:22,599 [INFO] PPO losses — policy: 0.0120, value: 1091.5180, entropy: 4.2242
2026-02-24 18:44:22,603 [INFO] PPO update completed. Buffer cleared.
2026-02-24 18:44:23,384 [INFO] Step 200: reward=0.095, dist=4.38
2026-02-24 18:44:29,034 [INFO] Step 400: reward=0.093, dist=5.65
2026-02-24 18:44:33,693 [INFO] Step 600: reward=0.095, dist=6.36
2026-02-24 18:44:40,334 [INFO] Step 800: reward=0.294, dist=5.95
2026-02-24 18:44:48,697 [INFO] Episode 1105 COMPLETE | Reward -818.23 | Steps 1000 | Terminated False | Truncated True
2026-02-24 18:44:48,718 [INFO] Checkpoint saved: checkpoints/ppo_ep_01105.pt
2026-02-24 18:44:51,794 [INFO] Step 0: reward=-0.206, dist=2.05
2026-02-24 18:44:58,262 [INFO] Step 200: reward=-2.451, dist=1.88
2026-02-24 18:45:04,477 [INFO] Step 400: reward=-2.205, dist=2.82
2026-02-24 18:45:12,418 [INFO] Step 600: reward=0.079, dist=4.57
2026-02-24 18:45:18,869 [INFO] Step 800: reward=-3.840, dist=4.59
2026-02-24 18:45:24,381 [INFO] Episode 1106 COMPLETE | Reward -978.92 | Steps 1000 | Terminated False | Truncated True
2026-02-24 18:45:28,473 [INFO] Step 0: reward=-0.221, dist=3.82
2026-02-24 18:45:33,713 [INFO] Performing PPO update at global step 909312
2026-02-24 18:45:34,002 [INFO] PPO losses — policy: 0.0087, value: 153.0712, entropy: 4.2242
2026-02-24 18:45:34,007 [INFO] PPO update completed. Buffer cleared.
2026-02-24 18:45:34,432 [INFO] Step 200: reward=-0.059, dist=4.92
2026-02-24 18:45:38,982 [INFO] Step 400: reward=-2.005, dist=5.37
2026-02-24 18:45:45,053 [INFO] Step 600: reward=0.211, dist=5.20
2026-02-24 18:45:50,605 [INFO] Step 800: reward=-2.209, dist=3.80
2026-02-24 18:45:53,521 [INFO] Policy action (normalized): v = -0.244, w = -0.043 | Cmd_vel (scaled): v = -0.244 m/s, w = -0.043 rad/s
2026-02-24 18:45:58,714 [INFO] Episode 1107 COMPLETE | Reward -704.61 | Steps 1000 | Terminated False | Truncated True
2026-02-24 18:46:02,752 [INFO] Step 0: reward=-1.212, dist=2.21
2026-02-24 18:46:05,227 [INFO] Step 200: reward=-2.254, dist=2.21
2026-02-24 18:46:10,401 [INFO] Step 400: reward=-2.048, dist=1.85
2026-02-24 18:46:15,883 [INFO] Episode 1108 COMPLETE | Reward -529.96 | Steps 574 | Terminated True | Truncated False
2026-02-24 18:46:18,905 [INFO] Step 0: reward=-0.305, dist=3.80
2026-02-24 18:46:22,973 [INFO] Step 200: reward=-2.077, dist=3.75
2026-02-24 18:46:27,898 [INFO] Step 400: reward=-0.153, dist=3.49
2026-02-24 18:46:35,529 [INFO] Step 600: reward=-0.206, dist=1.73
2026-02-24 18:46:36,150 [INFO] Performing PPO update at global step 911360
2026-02-24 18:46:36,422 [INFO] PPO losses — policy: 0.0224, value: 1157.8018, entropy: 4.2242
2026-02-24 18:46:36,426 [INFO] PPO update completed. Buffer cleared.
2026-02-24 18:46:40,074 [INFO] Step 800: reward=-0.456, dist=1.76
2026-02-24 18:46:47,995 [INFO] Episode 1109 COMPLETE | Reward -1089.19 | Steps 1000 | Terminated False | Truncated True
2026-02-24 18:46:52,861 [INFO] Step 0: reward=-1.910, dist=3.64
2026-02-24 18:46:59,449 [INFO] Step 200: reward=-2.243, dist=3.34
2026-02-24 18:47:06,563 [INFO] Step 400: reward=-0.263, dist=2.08
2026-02-24 18:47:09,381 [INFO] Episode 1110 COMPLETE | Reward 24.92 | Steps 472 | Terminated True | Truncated False
2026-02-24 18:47:09,402 [INFO] Checkpoint saved: checkpoints/ppo_ep_01110.pt
2026-02-24 18:47:13,639 [INFO] Step 0: reward=-0.263, dist=2.55
2026-02-24 18:47:20,831 [INFO] Step 200: reward=0.092, dist=4.63
2026-02-24 18:47:25,817 [INFO] Step 400: reward=-1.915, dist=5.17
2026-02-24 18:47:32,983 [INFO] Step 600: reward=0.125, dist=5.17
2026-02-24 18:47:38,215 [INFO] Step 800: reward=0.033, dist=4.67
2026-02-24 18:47:42,662 [INFO] Episode 1111 COMPLETE | Reward -792.60 | Steps 1000 | Terminated False | Truncated True
2026-02-24 18:47:45,904 [INFO] Step 0: reward=-0.205, dist=2.29
2026-02-24 18:47:51,905 [INFO] Step 200: reward=-2.490, dist=3.67
2026-02-24 18:47:53,062 [INFO] Performing PPO update at global step 913408
2026-02-24 18:47:53,471 [INFO] PPO losses — policy: 0.0100, value: 469.9096, entropy: 4.2242
2026-02-24 18:47:53,478 [INFO] PPO update completed. Buffer cleared.
2026-02-24 18:47:58,111 [INFO] Step 400: reward=-1.905, dist=4.69
2026-02-24 18:48:02,968 [INFO] Step 600: reward=0.067, dist=5.34
2026-02-24 18:48:10,535 [INFO] Step 800: reward=-1.935, dist=5.85
2026-02-24 18:48:15,779 [INFO] Episode 1112 COMPLETE | Reward -958.71 | Steps 1000 | Terminated False | Truncated True
2026-02-24 18:48:19,895 [INFO] Step 0: reward=-1.395, dist=3.46
2026-02-24 18:48:25,783 [INFO] Step 200: reward=0.100, dist=4.85
2026-02-24 18:48:31,917 [INFO] Step 400: reward=-1.909, dist=5.22
2026-02-24 18:48:36,650 [INFO] Step 600: reward=-1.905, dist=5.04
2026-02-24 18:48:41,838 [INFO] Step 800: reward=-1.977, dist=4.39
2026-02-24 18:48:49,254 [INFO] Episode 1113 COMPLETE | Reward -882.66 | Steps 1000 | Terminated False | Truncated True
2026-02-24 18:48:51,944 [INFO] Step 0: reward=-0.227, dist=3.67
2026-02-24 18:48:58,125 [INFO] Step 200: reward=-0.155, dist=3.06
2026-02-24 18:49:02,837 [INFO] Performing PPO update at global step 915456
2026-02-24 18:49:03,153 [INFO] PPO losses — policy: 0.0149, value: 1039.2210, entropy: 4.2242
2026-02-24 18:49:03,159 [INFO] PPO update completed. Buffer cleared.
2026-02-24 18:49:06,831 [INFO] Step 400: reward=-2.064, dist=1.62
2026-02-24 18:49:13,223 [INFO] Step 600: reward=-0.639, dist=2.89
2026-02-24 18:49:17,740 [INFO] Step 800: reward=-1.905, dist=4.08
2026-02-24 18:49:22,127 [INFO] Episode 1114 COMPLETE | Reward -930.30 | Steps 1000 | Terminated False | Truncated True
2026-02-24 18:49:25,297 [INFO] Step 0: reward=5.969, dist=3.70
2026-02-24 18:49:30,217 [INFO] Step 200: reward=-2.301, dist=2.72
2026-02-24 18:49:35,823 [INFO] Step 400: reward=-0.205, dist=3.50
2026-02-24 18:49:41,498 [INFO] Step 600: reward=-1.886, dist=5.16
2026-02-24 18:49:44,129 [INFO] Step 800: reward=-3.888, dist=5.76
2026-02-24 18:49:47,399 [INFO] Episode 1115 COMPLETE | Reward -773.04 | Steps 1000 | Terminated False | Truncated True
2026-02-24 18:49:47,423 [INFO] Checkpoint saved: checkpoints/ppo_ep_01115.pt
2026-02-24 18:49:51,690 [INFO] Step 0: reward=-0.209, dist=3.12
2026-02-24 18:49:57,418 [INFO] Step 200: reward=0.445, dist=2.22
2026-02-24 18:50:00,749 [INFO] Episode 1116 COMPLETE | Reward 208.37 | Steps 317 | Terminated True | Truncated False
2026-02-24 18:50:04,875 [INFO] Step 0: reward=-0.262, dist=2.92
2026-02-24 18:50:05,609 [INFO] Performing PPO update at global step 917504
2026-02-24 18:50:05,883 [INFO] PPO losses — policy: 0.0027, value: 966.7815, entropy: 4.2242
2026-02-24 18:50:05,887 [INFO] PPO update completed. Buffer cleared.
2026-02-24 18:50:10,757 [INFO] Step 200: reward=0.095, dist=4.03
2026-02-24 18:50:16,036 [INFO] Step 400: reward=-2.075, dist=5.68
2026-02-24 18:50:19,296 [INFO] Step 600: reward=-0.056, dist=6.46
2026-02-24 18:50:25,137 [INFO] Step 800: reward=-1.916, dist=7.38
2026-02-24 18:50:30,239 [INFO] Episode 1117 COMPLETE | Reward -913.35 | Steps 1000 | Terminated False | Truncated True
2026-02-24 18:50:34,881 [INFO] Step 0: reward=-0.209, dist=3.37
2026-02-24 18:50:38,412 [INFO] Step 200: reward=0.095, dist=4.12
2026-02-24 18:50:45,213 [INFO] Step 400: reward=-0.013, dist=5.76
2026-02-24 18:50:52,995 [INFO] Step 600: reward=0.064, dist=6.88
2026-02-24 18:50:58,252 [INFO] Step 800: reward=0.032, dist=7.07
2026-02-24 18:51:05,728 [INFO] Episode 1118 COMPLETE | Reward -809.15 | Steps 1000 | Terminated False | Truncated True
2026-02-24 18:51:10,896 [INFO] Step 0: reward=-0.205, dist=3.14
2026-02-24 18:51:12,660 [INFO] Performing PPO update at global step 919552
2026-02-24 18:51:12,964 [INFO] PPO losses — policy: 0.0146, value: 140.2775, entropy: 4.2242
2026-02-24 18:51:12,971 [INFO] PPO update completed. Buffer cleared.
2026-02-24 18:51:16,076 [INFO] Step 200: reward=-0.214, dist=4.03
2026-02-24 18:51:23,323 [INFO] Step 400: reward=0.089, dist=6.10
2026-02-24 18:51:24,618 [INFO] Policy action (normalized): v = +0.646, w = -0.996 | Cmd_vel (scaled): v = +0.646 m/s, w = -0.996 rad/s
2026-02-24 18:51:26,265 [INFO] Step 600: reward=0.018, dist=6.80
2026-02-24 18:51:33,726 [INFO] Step 800: reward=-1.917, dist=8.21
2026-02-24 18:51:38,752 [INFO] Episode 1119 COMPLETE | Reward -705.68 | Steps 1000 | Terminated False | Truncated True
2026-02-24 18:51:42,790 [INFO] Step 0: reward=-0.215, dist=3.50
2026-02-24 18:51:48,461 [INFO] Step 200: reward=-0.082, dist=4.27
2026-02-24 18:51:56,071 [INFO] Step 400: reward=0.001, dist=6.42
2026-02-24 18:52:02,660 [INFO] Step 600: reward=-1.920, dist=8.52
2026-02-24 18:52:10,104 [INFO] Step 800: reward=0.094, dist=9.73
2026-02-24 18:52:17,107 [INFO] Episode 1120 COMPLETE | Reward -549.60 | Steps 1000 | Terminated False | Truncated True
2026-02-24 18:52:17,130 [INFO] Checkpoint saved: checkpoints/ppo_ep_01120.pt
2026-02-24 18:52:19,940 [INFO] Step 0: reward=-0.223, dist=3.96
2026-02-24 18:52:23,864 [INFO] Performing PPO update at global step 921600
2026-02-24 18:52:24,127 [INFO] PPO losses — policy: 0.0305, value: 259.1521, entropy: 4.2242
2026-02-24 18:52:24,133 [INFO] PPO update completed. Buffer cleared.
2026-02-24 18:52:26,162 [INFO] Step 200: reward=-2.210, dist=3.04
2026-02-24 18:52:31,216 [INFO] Step 400: reward=-0.110, dist=4.15
2026-02-24 18:52:38,035 [INFO] Step 600: reward=-0.005, dist=5.77
2026-02-24 18:52:43,881 [INFO] Step 800: reward=-0.077, dist=6.93
2026-02-24 18:52:49,090 [INFO] Episode 1121 COMPLETE | Reward -813.62 | Steps 1000 | Terminated False | Truncated True
2026-02-24 18:52:52,815 [INFO] Step 0: reward=-0.206, dist=2.87
2026-02-24 18:52:59,351 [INFO] Step 200: reward=-1.049, dist=4.05
2026-02-24 18:53:05,745 [INFO] Step 400: reward=-1.908, dist=5.04
2026-02-24 18:53:10,453 [INFO] Step 600: reward=0.094, dist=5.13
2026-02-24 18:53:16,644 [INFO] Step 800: reward=0.127, dist=4.92
2026-02-24 18:53:19,972 [INFO] Episode 1122 COMPLETE | Reward -751.96 | Steps 1000 | Terminated False | Truncated True
2026-02-24 18:53:23,374 [INFO] Step 0: reward=-1.391, dist=3.80
2026-02-24 18:53:26,746 [INFO] Performing PPO update at global step 923648
2026-02-24 18:53:27,104 [INFO] PPO losses — policy: -0.0015, value: 138.9858, entropy: 4.2242
2026-02-24 18:53:27,108 [INFO] PPO update completed. Buffer cleared.
2026-02-24 18:53:28,301 [INFO] Step 200: reward=-0.236, dist=2.92
2026-02-24 18:53:32,992 [INFO] Step 400: reward=-1.596, dist=2.17
2026-02-24 18:53:37,734 [INFO] Step 600: reward=3.744, dist=1.13
2026-02-24 18:53:38,686 [INFO] Episode 1123 COMPLETE | Reward -242.36 | Steps 649 | Terminated True | Truncated False
2026-02-24 18:53:42,851 [INFO] Step 0: reward=-0.210, dist=3.72
2026-02-24 18:53:49,870 [INFO] Step 200: reward=-1.437, dist=2.34
2026-02-24 18:53:56,867 [INFO] Step 400: reward=5.924, dist=1.45
2026-02-24 18:53:58,302 [INFO] Episode 1124 COMPLETE | Reward -30.03 | Steps 428 | Terminated True | Truncated False
2026-02-24 18:54:02,387 [INFO] Step 0: reward=-0.260, dist=3.78
2026-02-24 18:54:06,609 [INFO] Step 200: reward=-10.807, dist=3.65
2026-02-24 18:54:14,150 [INFO] Step 400: reward=-1.341, dist=3.47
2026-02-24 18:54:21,009 [INFO] Step 600: reward=-0.299, dist=2.30
2026-02-24 18:54:25,700 [INFO] Step 800: reward=-2.923, dist=3.31
2026-02-24 18:54:32,692 [INFO] Episode 1125 COMPLETE | Reward -1268.21 | Steps 1000 | Terminated False | Truncated True
2026-02-24 18:54:32,713 [INFO] Checkpoint saved: checkpoints/ppo_ep_01125.pt
2026-02-24 18:54:44,372 [INFO] Step 0: reward=0.092, dist=4.24
2026-02-24 18:54:48,214 [INFO] Performing PPO update at global step 925696
2026-02-24 18:54:48,609 [INFO] PPO losses — policy: 0.0218, value: 2326.5682, entropy: 4.2242
2026-02-24 18:54:48,617 [INFO] PPO update completed. Buffer cleared.
2026-02-24 18:54:51,684 [INFO] Step 200: reward=-0.286, dist=3.89
2026-02-24 18:54:56,452 [INFO] Step 400: reward=-1.890, dist=5.24
2026-02-24 18:55:03,775 [INFO] Step 600: reward=-0.105, dist=7.41
2026-02-24 18:55:06,927 [INFO] Step 800: reward=-2.206, dist=2.85
2026-02-24 18:55:14,837 [INFO] Episode 1126 COMPLETE | Reward -730.19 | Steps 1000 | Terminated False | Truncated True
2026-02-24 18:55:19,880 [INFO] Step 0: reward=-0.932, dist=3.82
2026-02-24 18:55:25,452 [INFO] Step 200: reward=-0.310, dist=3.54
2026-02-24 18:55:30,947 [INFO] Step 400: reward=-2.774, dist=5.07
2026-02-24 18:55:37,164 [INFO] Step 600: reward=0.095, dist=6.60
2026-02-24 18:55:44,406 [INFO] Step 800: reward=-1.916, dist=7.64
2026-02-24 18:55:51,393 [INFO] Episode 1127 COMPLETE | Reward -718.29 | Steps 1000 | Terminated False | Truncated True
2026-02-24 18:55:55,798 [INFO] Step 0: reward=-1.564, dist=3.21
2026-02-24 18:56:01,307 [INFO] Performing PPO update at global step 927744
2026-02-24 18:56:01,579 [INFO] PPO losses — policy: -0.0005, value: 299.6093, entropy: 4.2242
2026-02-24 18:56:01,585 [INFO] PPO update completed. Buffer cleared.
2026-02-24 18:56:02,303 [INFO] Step 200: reward=4.372, dist=2.39
2026-02-24 18:56:08,547 [INFO] Step 400: reward=-0.273, dist=1.43
2026-02-24 18:56:14,584 [INFO] Step 600: reward=-0.398, dist=2.83
2026-02-24 18:56:18,351 [INFO] Step 800: reward=-0.404, dist=3.93
2026-02-24 18:56:24,168 [INFO] Episode 1128 COMPLETE | Reward -881.71 | Steps 1000 | Terminated False | Truncated True
2026-02-24 18:56:28,328 [INFO] Step 0: reward=-0.245, dist=2.14
2026-02-24 18:56:32,735 [INFO] Episode 1129 COMPLETE | Reward 120.28 | Steps 163 | Terminated True | Truncated False
2026-02-24 18:56:37,724 [INFO] Step 0: reward=-0.211, dist=2.91
2026-02-24 18:56:44,711 [INFO] Step 200: reward=-0.416, dist=2.42
2026-02-24 18:56:51,355 [INFO] Step 400: reward=-2.342, dist=3.80
2026-02-24 18:56:58,431 [INFO] Step 600: reward=0.061, dist=5.29
2026-02-24 18:57:03,646 [INFO] Step 800: reward=-1.444, dist=5.02
2026-02-24 18:57:09,331 [INFO] Episode 1130 COMPLETE | Reward -639.48 | Steps 1000 | Terminated False | Truncated True
2026-02-24 18:57:09,354 [INFO] Checkpoint saved: checkpoints/ppo_ep_01130.pt
2026-02-24 18:57:12,361 [INFO] Step 0: reward=-0.255, dist=3.27
2026-02-24 18:57:13,580 [INFO] Performing PPO update at global step 929792
2026-02-24 18:57:13,852 [INFO] PPO losses — policy: 0.0109, value: 865.8830, entropy: 4.2242
2026-02-24 18:57:13,857 [INFO] PPO update completed. Buffer cleared.
2026-02-24 18:57:19,538 [INFO] Step 200: reward=-0.142, dist=4.72
2026-02-24 18:57:21,948 [INFO] Policy action (normalized): v = +1.000, w = -0.993 | Cmd_vel (scaled): v = +1.000 m/s, w = -0.993 rad/s
2026-02-24 18:57:27,329 [INFO] Step 400: reward=0.038, dist=6.51
2026-02-24 18:57:32,057 [INFO] Step 600: reward=-0.030, dist=6.23
2026-02-24 18:57:39,239 [INFO] Step 800: reward=0.437, dist=4.54
2026-02-24 18:57:45,679 [INFO] Episode 1131 COMPLETE | Reward -495.49 | Steps 1000 | Terminated False | Truncated True
2026-02-24 18:57:49,662 [INFO] Step 0: reward=-1.520, dist=2.17
2026-02-24 18:57:53,692 [INFO] Step 200: reward=-3.397, dist=3.02
2026-02-24 18:57:58,636 [INFO] Step 400: reward=-2.215, dist=3.41
2026-02-24 18:58:05,809 [INFO] Step 600: reward=-0.211, dist=3.25
2026-02-24 18:58:11,775 [INFO] Step 800: reward=-0.207, dist=2.34
2026-02-24 18:58:16,875 [INFO] Episode 1132 COMPLETE | Reward -805.79 | Steps 984 | Terminated True | Truncated False
2026-02-24 18:58:19,569 [INFO] Step 0: reward=-0.223, dist=2.60
2026-02-24 18:58:23,663 [INFO] Performing PPO update at global step 931840
2026-02-24 18:58:23,939 [INFO] PPO losses — policy: 0.0111, value: 493.8051, entropy: 4.2242
2026-02-24 18:58:23,944 [INFO] PPO update completed. Buffer cleared.
2026-02-24 18:58:25,839 [INFO] Step 200: reward=-0.215, dist=3.93
2026-02-24 18:58:31,749 [INFO] Step 400: reward=-3.159, dist=4.26
2026-02-24 18:58:38,497 [INFO] Step 600: reward=-0.212, dist=3.77
2026-02-24 18:58:45,041 [INFO] Step 800: reward=-0.127, dist=2.55
2026-02-24 18:58:51,620 [INFO] Episode 1133 COMPLETE | Reward -351.40 | Steps 944 | Terminated True | Truncated False
2026-02-24 18:58:55,619 [INFO] Step 0: reward=-0.205, dist=2.32
2026-02-24 18:59:01,771 [INFO] Step 200: reward=-2.229, dist=3.93
2026-02-24 18:59:07,491 [INFO] Step 400: reward=0.085, dist=4.47
2026-02-24 18:59:14,254 [INFO] Step 600: reward=-0.305, dist=3.83
2026-02-24 18:59:19,772 [INFO] Step 800: reward=3.630, dist=2.81
2026-02-24 18:59:24,597 [INFO] Episode 1134 COMPLETE | Reward -547.80 | Steps 1000 | Terminated False | Truncated True
2026-02-24 18:59:27,747 [INFO] Step 0: reward=-0.546, dist=2.29
2026-02-24 18:59:34,873 [INFO] Step 200: reward=-3.892, dist=3.84
2026-02-24 18:59:35,452 [INFO] Performing PPO update at global step 933888
2026-02-24 18:59:35,735 [INFO] PPO losses — policy: 0.0289, value: 486.4390, entropy: 4.2242
2026-02-24 18:59:35,740 [INFO] PPO update completed. Buffer cleared.
2026-02-24 18:59:40,636 [INFO] Step 400: reward=-0.005, dist=5.51
2026-02-24 18:59:50,230 [INFO] Step 600: reward=0.004, dist=6.91
2026-02-24 18:59:56,811 [INFO] Step 800: reward=0.076, dist=6.56
2026-02-24 19:00:02,032 [INFO] Episode 1135 COMPLETE | Reward -443.50 | Steps 1000 | Terminated False | Truncated True
2026-02-24 19:00:02,050 [INFO] Checkpoint saved: checkpoints/ppo_ep_01135.pt
2026-02-24 19:00:05,105 [INFO] Step 0: reward=-0.205, dist=3.96
2026-02-24 19:00:11,448 [INFO] Step 200: reward=-0.584, dist=5.87
2026-02-24 19:00:18,239 [INFO] Step 400: reward=0.088, dist=6.57
2026-02-24 19:00:24,715 [INFO] Step 600: reward=5.258, dist=4.92
2026-02-24 19:00:31,161 [INFO] Step 800: reward=0.787, dist=3.86
2026-02-24 19:00:36,318 [INFO] Episode 1136 COMPLETE | Reward -592.73 | Steps 1000 | Terminated False | Truncated True
2026-02-24 19:00:40,791 [INFO] Step 0: reward=-0.243, dist=2.23
2026-02-24 19:00:44,686 [INFO] Step 200: reward=-2.269, dist=1.70
2026-02-24 19:00:47,215 [INFO] Performing PPO update at global step 935936
2026-02-24 19:00:47,611 [INFO] PPO losses — policy: -0.0017, value: 588.8177, entropy: 4.2242
2026-02-24 19:00:47,617 [INFO] PPO update completed. Buffer cleared.
2026-02-24 19:00:49,938 [INFO] Step 400: reward=-2.213, dist=3.28
2026-02-24 19:00:54,843 [INFO] Step 600: reward=-1.998, dist=4.46
2026-02-24 19:01:01,631 [INFO] Step 800: reward=0.001, dist=5.42
2026-02-24 19:01:08,265 [INFO] Episode 1137 COMPLETE | Reward -783.80 | Steps 1000 | Terminated False | Truncated True
2026-02-24 19:01:10,804 [INFO] Step 0: reward=-0.205, dist=2.43
2026-02-24 19:01:17,039 [INFO] Episode 1138 COMPLETE | Reward 213.23 | Steps 124 | Terminated True | Truncated False
2026-02-24 19:01:19,870 [INFO] Step 0: reward=-0.305, dist=3.64
2026-02-24 19:01:25,775 [INFO] Step 200: reward=0.078, dist=5.25
2026-02-24 19:01:30,595 [INFO] Step 400: reward=-0.516, dist=6.03
2026-02-24 19:01:36,545 [INFO] Step 600: reward=0.071, dist=6.82
2026-02-24 19:01:41,987 [INFO] Step 800: reward=-0.193, dist=7.92
2026-02-24 19:01:46,806 [INFO] Episode 1139 COMPLETE | Reward -691.25 | Steps 1000 | Terminated False | Truncated True
2026-02-24 19:01:49,803 [INFO] Step 0: reward=-1.268, dist=3.77
2026-02-24 19:01:55,310 [INFO] Step 200: reward=-0.169, dist=3.66
2026-02-24 19:01:55,423 [INFO] Performing PPO update at global step 937984
2026-02-24 19:01:55,705 [INFO] PPO losses — policy: -0.0001, value: 499.3970, entropy: 4.2242
2026-02-24 19:01:55,710 [INFO] PPO update completed. Buffer cleared.
2026-02-24 19:02:02,480 [INFO] Step 400: reward=-0.029, dist=2.54
2026-02-24 19:02:08,342 [INFO] Episode 1140 COMPLETE | Reward -115.06 | Steps 543 | Terminated True | Truncated False
2026-02-24 19:02:08,367 [INFO] Checkpoint saved: checkpoints/ppo_ep_01140.pt
2026-02-24 19:02:11,392 [INFO] Step 0: reward=0.095, dist=69.93
2026-02-24 19:02:12,514 [INFO] Episode 1141 COMPLETE | Reward -581.35 | Steps 38 | Terminated False | Truncated True
2026-02-24 19:02:16,821 [INFO] Step 0: reward=-0.305, dist=3.81
2026-02-24 19:02:22,178 [INFO] Step 200: reward=-0.184, dist=2.95
2026-02-24 19:02:26,451 [INFO] Step 400: reward=-2.226, dist=3.37
2026-02-24 19:02:31,456 [INFO] Step 600: reward=0.093, dist=4.15
2026-02-24 19:02:35,924 [INFO] Step 800: reward=-0.005, dist=4.05
2026-02-24 19:02:43,426 [INFO] Episode 1142 COMPLETE | Reward -1181.30 | Steps 1000 | Terminated False | Truncated True
2026-02-24 19:02:46,625 [INFO] Step 0: reward=-0.305, dist=1.93
2026-02-24 19:02:51,903 [INFO] Step 200: reward=-2.210, dist=2.83
2026-02-24 19:02:58,749 [INFO] Step 400: reward=-0.205, dist=2.65
2026-02-24 19:03:03,488 [INFO] Step 600: reward=-2.305, dist=1.88
2026-02-24 19:03:04,851 [INFO] Policy action (normalized): v = +0.966, w = +0.997 | Cmd_vel (scaled): v = +0.966 m/s, w = +0.997 rad/s
2026-02-24 19:03:05,830 [INFO] Performing PPO update at global step 940032
2026-02-24 19:03:06,104 [INFO] PPO losses — policy: -0.0007, value: 1076.9514, entropy: 4.2242
2026-02-24 19:03:06,112 [INFO] PPO update completed. Buffer cleared.
2026-02-24 19:03:10,011 [INFO] Step 800: reward=-1.994, dist=1.86
2026-02-24 19:03:17,089 [INFO] Episode 1143 COMPLETE | Reward -1186.45 | Steps 1000 | Terminated False | Truncated True
2026-02-24 19:03:28,771 [INFO] Step 0: reward=-1.715, dist=4.19
2026-02-24 19:03:35,936 [INFO] Step 200: reward=-0.000, dist=4.99
2026-02-24 19:03:41,247 [INFO] Step 400: reward=0.068, dist=5.56
2026-02-24 19:03:47,302 [INFO] Step 600: reward=0.102, dist=4.88
2026-02-24 19:03:53,744 [INFO] Step 800: reward=-2.430, dist=3.93
2026-02-24 19:03:58,956 [INFO] Episode 1144 COMPLETE | Reward -729.76 | Steps 1000 | Terminated False | Truncated True
2026-02-24 19:04:02,080 [INFO] Step 0: reward=-0.305, dist=3.14
2026-02-24 19:04:07,749 [INFO] Step 200: reward=-2.218, dist=2.34
2026-02-24 19:04:13,524 [INFO] Step 400: reward=-0.403, dist=1.93
2026-02-24 19:04:19,238 [INFO] Step 600: reward=-0.212, dist=2.60
2026-02-24 19:04:22,035 [INFO] Performing PPO update at global step 942080
2026-02-24 19:04:22,325 [INFO] PPO losses — policy: 0.0173, value: 183.7855, entropy: 4.2242
2026-02-24 19:04:22,331 [INFO] PPO update completed. Buffer cleared.
2026-02-24 19:04:24,703 [INFO] Step 800: reward=-0.206, dist=3.22
2026-02-24 19:04:32,833 [INFO] Episode 1145 COMPLETE | Reward -1241.58 | Steps 1000 | Terminated False | Truncated True
2026-02-24 19:04:32,853 [INFO] Checkpoint saved: checkpoints/ppo_ep_01145.pt
2026-02-24 19:04:36,094 [INFO] Step 0: reward=-0.305, dist=2.12
2026-02-24 19:04:44,068 [INFO] Step 200: reward=-2.231, dist=3.27
2026-02-24 19:04:49,266 [INFO] Step 400: reward=-0.115, dist=2.78
2026-02-24 19:04:56,418 [INFO] Step 600: reward=-0.307, dist=2.26
2026-02-24 19:05:02,797 [INFO] Step 800: reward=-2.209, dist=3.36
2026-02-24 19:05:10,406 [INFO] Episode 1146 COMPLETE | Reward -790.03 | Steps 1000 | Terminated False | Truncated True
2026-02-24 19:05:13,556 [INFO] Step 0: reward=-0.305, dist=3.85
2026-02-24 19:05:21,168 [INFO] Step 200: reward=0.073, dist=4.16
2026-02-24 19:05:28,834 [INFO] Step 400: reward=-2.207, dist=3.10
2026-02-24 19:05:35,190 [INFO] Step 600: reward=-0.329, dist=3.91
2026-02-24 19:05:40,595 [INFO] Performing PPO update at global step 944128
2026-02-24 19:05:40,852 [INFO] PPO losses — policy: 0.1678, value: 129.1290, entropy: 4.2242
2026-02-24 19:05:40,857 [INFO] PPO update completed. Buffer cleared.
2026-02-24 19:05:41,373 [INFO] Step 800: reward=-1.916, dist=4.39
2026-02-24 19:05:46,762 [INFO] Episode 1147 COMPLETE | Reward -799.62 | Steps 1000 | Terminated False | Truncated True
2026-02-24 19:05:58,291 [INFO] Step 0: reward=0.091, dist=4.24
2026-02-24 19:06:05,497 [INFO] Step 200: reward=0.066, dist=4.68
2026-02-24 19:06:12,090 [INFO] Step 400: reward=-2.005, dist=5.63
2026-02-24 19:06:18,750 [INFO] Step 600: reward=0.134, dist=5.37
2026-02-24 19:06:24,763 [INFO] Step 800: reward=-0.305, dist=3.47
2026-02-24 19:06:29,198 [INFO] Episode 1148 COMPLETE | Reward -1001.25 | Steps 1000 | Terminated False | Truncated True
2026-02-24 19:06:31,787 [INFO] Step 0: reward=-0.305, dist=3.28
2026-02-24 19:06:37,440 [INFO] Step 200: reward=-0.729, dist=3.99
2026-02-24 19:06:45,006 [INFO] Step 400: reward=0.073, dist=4.13
2026-02-24 19:06:49,474 [INFO] Step 600: reward=-0.159, dist=3.45
2026-02-24 19:06:55,072 [INFO] Step 800: reward=-0.240, dist=2.81
2026-02-24 19:06:55,506 [INFO] Performing PPO update at global step 946176
2026-02-24 19:06:55,781 [INFO] PPO losses — policy: 0.0050, value: 262.7819, entropy: 4.2242
2026-02-24 19:06:55,786 [INFO] PPO update completed. Buffer cleared.
2026-02-24 19:07:01,490 [INFO] Episode 1149 COMPLETE | Reward -1279.43 | Steps 1000 | Terminated False | Truncated True
2026-02-24 19:07:04,771 [INFO] Step 0: reward=-0.206, dist=2.12
2026-02-24 19:07:11,392 [INFO] Step 200: reward=-0.274, dist=3.00
2026-02-24 19:07:17,791 [INFO] Step 400: reward=-2.326, dist=3.47
2026-02-24 19:07:24,773 [INFO] Step 600: reward=-0.149, dist=2.75
2026-02-24 19:07:29,771 [INFO] Step 800: reward=-2.158, dist=2.18
2026-02-24 19:07:35,309 [INFO] Episode 1150 COMPLETE | Reward -1287.95 | Steps 1000 | Terminated False | Truncated True
2026-02-24 19:07:35,327 [INFO] Checkpoint saved: checkpoints/ppo_ep_01150.pt
2026-02-24 19:07:37,756 [INFO] Step 0: reward=-0.216, dist=2.85
2026-02-24 19:07:44,257 [INFO] Step 200: reward=-0.225, dist=3.41
2026-02-24 19:07:49,343 [INFO] Step 400: reward=-2.210, dist=2.86
2026-02-24 19:07:53,723 [INFO] Step 600: reward=-2.305, dist=2.42
2026-02-24 19:07:59,202 [INFO] Step 800: reward=-2.296, dist=2.10
2026-02-24 19:08:00,897 [INFO] Performing PPO update at global step 948224
2026-02-24 19:08:01,219 [INFO] PPO losses — policy: 0.0080, value: 234.1130, entropy: 4.2242
2026-02-24 19:08:01,226 [INFO] PPO update completed. Buffer cleared.
2026-02-24 19:08:06,231 [INFO] Episode 1151 COMPLETE | Reward -1292.35 | Steps 1000 | Terminated False | Truncated True
2026-02-24 19:08:09,550 [INFO] Step 0: reward=-0.305, dist=2.56
2026-02-24 19:08:17,076 [INFO] Step 200: reward=-2.249, dist=2.98
2026-02-24 19:08:22,041 [INFO] Step 400: reward=-2.205, dist=2.46
2026-02-24 19:08:26,799 [INFO] Step 600: reward=-0.309, dist=1.92
2026-02-24 19:08:33,194 [INFO] Step 800: reward=-0.320, dist=1.60
2026-02-24 19:08:38,308 [INFO] Episode 1152 COMPLETE | Reward -1419.29 | Steps 1000 | Terminated False | Truncated True
2026-02-24 19:08:42,449 [INFO] Step 0: reward=-0.205, dist=3.41
2026-02-24 19:08:48,658 [INFO] Step 200: reward=-0.375, dist=3.90
2026-02-24 19:08:54,736 [INFO] Step 400: reward=-4.209, dist=3.68
2026-02-24 19:08:58,861 [INFO] Step 600: reward=-2.242, dist=3.14
2026-02-24 19:09:00,265 [INFO] Policy action (normalized): v = +1.000, w = +0.764 | Cmd_vel (scaled): v = +1.000 m/s, w = +0.764 rad/s
2026-02-24 19:09:05,993 [INFO] Step 800: reward=-0.134, dist=2.46
2026-02-24 19:09:10,764 [INFO] Performing PPO update at global step 950272
2026-02-24 19:09:11,033 [INFO] PPO losses — policy: 0.0012, value: 287.1324, entropy: 4.2242
2026-02-24 19:09:11,038 [INFO] PPO update completed. Buffer cleared.
2026-02-24 19:09:13,224 [INFO] Episode 1153 COMPLETE | Reward -1416.36 | Steps 1000 | Terminated False | Truncated True
2026-02-24 19:09:16,362 [INFO] Step 0: reward=-0.249, dist=3.02
2026-02-24 19:09:22,109 [INFO] Step 200: reward=-2.213, dist=3.56
2026-02-24 19:09:27,352 [INFO] Step 400: reward=-0.032, dist=3.18
2026-02-24 19:09:34,104 [INFO] Step 600: reward=-0.174, dist=2.28
2026-02-24 19:09:38,801 [INFO] Step 800: reward=-0.205, dist=2.06
2026-02-24 19:09:44,918 [INFO] Episode 1154 COMPLETE | Reward -1349.31 | Steps 1000 | Terminated False | Truncated True
2026-02-24 19:09:49,714 [INFO] Step 0: reward=-0.206, dist=2.32
2026-02-24 19:09:54,388 [INFO] Step 200: reward=-2.305, dist=2.78
2026-02-24 19:10:00,607 [INFO] Step 400: reward=-0.287, dist=2.37
2026-02-24 19:10:06,665 [INFO] Step 600: reward=-0.085, dist=1.50
2026-02-24 19:10:13,133 [INFO] Step 800: reward=-0.342, dist=1.61
2026-02-24 19:10:18,934 [INFO] Performing PPO update at global step 952320
2026-02-24 19:10:19,205 [INFO] PPO losses — policy: 0.0027, value: 214.7794, entropy: 4.2242
2026-02-24 19:10:19,211 [INFO] PPO update completed. Buffer cleared.
2026-02-24 19:10:20,575 [INFO] Episode 1155 COMPLETE | Reward -1072.98 | Steps 1000 | Terminated False | Truncated True
2026-02-24 19:10:20,594 [INFO] Checkpoint saved: checkpoints/ppo_ep_01155.pt
2026-02-24 19:10:24,710 [INFO] Step 0: reward=-2.116, dist=2.80
2026-02-24 19:10:30,614 [INFO] Step 200: reward=-2.214, dist=1.88
2026-02-24 19:10:36,105 [INFO] Step 400: reward=-0.210, dist=2.03
2026-02-24 19:10:43,774 [INFO] Step 600: reward=-0.219, dist=3.18
2026-02-24 19:10:49,811 [INFO] Step 800: reward=-0.208, dist=2.76
2026-02-24 19:10:55,570 [INFO] Episode 1156 COMPLETE | Reward -1056.41 | Steps 1000 | Terminated False | Truncated True
2026-02-24 19:10:59,815 [INFO] Step 0: reward=-1.808, dist=3.48
2026-02-24 19:11:05,692 [INFO] Step 200: reward=-0.184, dist=3.36
2026-02-24 19:11:13,392 [INFO] Step 400: reward=-0.243, dist=2.46
2026-02-24 19:11:19,292 [INFO] Step 600: reward=-0.226, dist=2.03
2026-02-24 19:11:26,243 [INFO] Step 800: reward=-0.295, dist=3.12
2026-02-24 19:11:33,243 [INFO] Episode 1157 COMPLETE | Reward -857.74 | Steps 1000 | Terminated False | Truncated True
2026-02-24 19:11:37,825 [INFO] Step 0: reward=-0.217, dist=3.85
2026-02-24 19:11:38,167 [INFO] Performing PPO update at global step 954368
2026-02-24 19:11:38,502 [INFO] PPO losses — policy: 0.0364, value: 154.3529, entropy: 4.2242
2026-02-24 19:11:38,510 [INFO] PPO update completed. Buffer cleared.
2026-02-24 19:11:44,912 [INFO] Step 200: reward=-2.008, dist=4.36
2026-02-24 19:11:51,382 [INFO] Step 400: reward=-0.002, dist=5.23
2026-02-24 19:11:55,685 [INFO] Step 600: reward=0.046, dist=4.94
2026-02-24 19:12:02,294 [INFO] Step 800: reward=-0.172, dist=3.93
2026-02-24 19:12:08,173 [INFO] Episode 1158 COMPLETE | Reward -927.99 | Steps 1000 | Terminated False | Truncated True
2026-02-24 19:12:10,781 [INFO] Step 0: reward=0.066, dist=15.28
2026-02-24 19:12:15,816 [INFO] Step 200: reward=0.038, dist=25.36
2026-02-24 19:12:22,006 [INFO] Step 400: reward=-1.890, dist=26.66
2026-02-24 19:12:27,852 [INFO] Step 600: reward=0.070, dist=26.79
2026-02-24 19:12:32,859 [INFO] Step 800: reward=-2.016, dist=26.19
2026-02-24 19:12:38,145 [INFO] Episode 1159 COMPLETE | Reward -858.39 | Steps 1000 | Terminated False | Truncated True
2026-02-24 19:12:49,589 [INFO] Step 0: reward=0.091, dist=4.38
2026-02-24 19:12:50,847 [INFO] Performing PPO update at global step 956416
2026-02-24 19:12:51,136 [INFO] PPO losses — policy: -0.0004, value: 175.1245, entropy: 4.2242
2026-02-24 19:12:51,141 [INFO] PPO update completed. Buffer cleared.
2026-02-24 19:12:55,491 [INFO] Step 200: reward=-0.202, dist=3.35
2026-02-24 19:13:00,017 [INFO] Step 400: reward=-0.295, dist=3.75
2026-02-24 19:13:05,687 [INFO] Step 600: reward=-2.174, dist=4.63
2026-02-24 19:13:11,459 [INFO] Step 800: reward=0.065, dist=4.31
2026-02-24 19:13:16,587 [INFO] Episode 1160 COMPLETE | Reward -1026.50 | Steps 1000 | Terminated False | Truncated True
2026-02-24 19:13:16,607 [INFO] Checkpoint saved: checkpoints/ppo_ep_01160.pt
2026-02-24 19:13:19,604 [INFO] Step 0: reward=-0.218, dist=2.52
2026-02-24 19:13:26,360 [INFO] Step 200: reward=-0.355, dist=1.90
2026-02-24 19:13:32,303 [INFO] Step 400: reward=-0.205, dist=1.32
2026-02-24 19:13:38,237 [INFO] Step 600: reward=-0.336, dist=2.36
2026-02-24 19:13:43,382 [INFO] Step 800: reward=-0.216, dist=2.64
2026-02-24 19:13:49,359 [INFO] Episode 1161 COMPLETE | Reward -903.31 | Steps 1000 | Terminated False | Truncated True
2026-02-24 19:13:52,531 [INFO] Step 0: reward=-0.238, dist=2.58
2026-02-24 19:13:54,837 [INFO] Performing PPO update at global step 958464
2026-02-24 19:13:55,237 [INFO] PPO losses — policy: 0.0056, value: 140.5912, entropy: 4.2242
2026-02-24 19:13:55,243 [INFO] PPO update completed. Buffer cleared.
2026-02-24 19:13:57,877 [INFO] Step 200: reward=-2.205, dist=2.19
2026-02-24 19:14:03,877 [INFO] Step 400: reward=-0.305, dist=3.24
2026-02-24 19:14:11,354 [INFO] Step 600: reward=-2.224, dist=3.48
2026-02-24 19:14:17,329 [INFO] Step 800: reward=-2.206, dist=2.64
2026-02-24 19:14:25,827 [INFO] Episode 1162 COMPLETE | Reward -1072.08 | Steps 1000 | Terminated False | Truncated True
2026-02-24 19:14:29,017 [INFO] Step 0: reward=-0.305, dist=3.03
2026-02-24 19:14:34,676 [INFO] Step 200: reward=-2.209, dist=3.89
2026-02-24 19:14:43,558 [INFO] Step 400: reward=0.153, dist=4.04
2026-02-24 19:14:49,073 [INFO] Step 600: reward=-2.089, dist=3.30
2026-02-24 19:14:50,218 [INFO] Policy action (normalized): v = +0.990, w = +0.288 | Cmd_vel (scaled): v = +0.990 m/s, w = +0.288 rad/s
2026-02-24 19:14:54,534 [INFO] Step 800: reward=-0.237, dist=3.70
2026-02-24 19:15:00,593 [INFO] Episode 1163 COMPLETE | Reward -978.94 | Steps 1000 | Terminated False | Truncated True
2026-02-24 19:15:04,983 [INFO] Step 0: reward=-0.207, dist=3.78
2026-02-24 19:15:09,168 [INFO] Performing PPO update at global step 960512
2026-02-24 19:15:09,445 [INFO] PPO losses — policy: 0.0014, value: 199.3908, entropy: 4.2242
2026-02-24 19:15:09,452 [INFO] PPO update completed. Buffer cleared.
2026-02-24 19:15:10,333 [INFO] Step 200: reward=-2.209, dist=3.37
2026-02-24 19:15:16,414 [INFO] Step 400: reward=-0.375, dist=4.00
2026-02-24 19:15:24,836 [INFO] Step 600: reward=0.177, dist=4.60
2026-02-24 19:15:31,968 [INFO] Step 800: reward=-0.220, dist=3.57
2026-02-24 19:15:39,127 [INFO] Episode 1164 COMPLETE | Reward -805.21 | Steps 1000 | Terminated False | Truncated True
2026-02-24 19:15:42,343 [INFO] Step 0: reward=-0.209, dist=2.30
2026-02-24 19:15:49,380 [INFO] Step 200: reward=-0.287, dist=3.51
2026-02-24 19:15:56,194 [INFO] Step 400: reward=-0.218, dist=2.73
2026-02-24 19:16:03,283 [INFO] Step 600: reward=-0.269, dist=2.26
2026-02-24 19:16:07,744 [INFO] Step 800: reward=-0.265, dist=3.04
2026-02-24 19:16:14,559 [INFO] Episode 1165 COMPLETE | Reward -878.08 | Steps 1000 | Terminated False | Truncated True
2026-02-24 19:16:14,578 [INFO] Checkpoint saved: checkpoints/ppo_ep_01165.pt
2026-02-24 19:16:17,690 [INFO] Step 0: reward=-0.256, dist=2.21
2026-02-24 19:16:24,834 [INFO] Performing PPO update at global step 962560
2026-02-24 19:16:25,116 [INFO] PPO losses — policy: 0.0187, value: 173.2339, entropy: 4.2242
2026-02-24 19:16:25,120 [INFO] PPO update completed. Buffer cleared.
2026-02-24 19:16:25,124 [INFO] Step 200: reward=-1.823, dist=2.72
2026-02-24 19:16:31,722 [INFO] Step 400: reward=-2.208, dist=3.28
2026-02-24 19:16:37,314 [INFO] Step 600: reward=-2.196, dist=2.48
2026-02-24 19:16:46,191 [INFO] Step 800: reward=-1.294, dist=2.60
2026-02-24 19:16:53,321 [INFO] Episode 1166 COMPLETE | Reward -807.89 | Steps 1000 | Terminated False | Truncated True
2026-02-24 19:16:58,537 [INFO] Step 0: reward=-0.005, dist=52.37
2026-02-24 19:17:00,190 [INFO] Episode 1167 COMPLETE | Reward -721.17 | Steps 51 | Terminated False | Truncated True
2026-02-24 19:17:04,637 [INFO] Step 0: reward=-0.214, dist=2.99
2026-02-24 19:17:10,397 [INFO] Step 200: reward=0.095, dist=4.89
2026-02-24 19:17:14,270 [INFO] Step 400: reward=0.062, dist=5.71
2026-02-24 19:17:20,976 [INFO] Step 600: reward=-0.162, dist=7.46
2026-02-24 19:17:29,792 [INFO] Step 800: reward=-0.039, dist=9.71
2026-02-24 19:17:36,370 [INFO] Episode 1168 COMPLETE | Reward -570.11 | Steps 1000 | Terminated False | Truncated True
2026-02-24 19:17:40,507 [INFO] Step 0: reward=-1.918, dist=3.28
2026-02-24 19:17:45,890 [INFO] Performing PPO update at global step 964608
2026-02-24 19:17:46,155 [INFO] PPO losses — policy: 0.0095, value: 799.8879, entropy: 4.2242
2026-02-24 19:17:46,159 [INFO] PPO update completed. Buffer cleared.
2026-02-24 19:17:46,399 [INFO] Step 200: reward=-1.492, dist=5.07
2026-02-24 19:17:54,230 [INFO] Step 400: reward=0.090, dist=7.97
2026-02-24 19:18:00,038 [INFO] Step 600: reward=-1.928, dist=10.00
2026-02-24 19:18:06,599 [INFO] Step 800: reward=-1.938, dist=12.61
2026-02-24 19:18:11,632 [INFO] Episode 1169 COMPLETE | Reward -660.41 | Steps 1000 | Terminated False | Truncated True
2026-02-24 19:18:14,701 [INFO] Step 0: reward=-0.250, dist=3.44
2026-02-24 19:18:19,843 [INFO] Step 200: reward=-0.206, dist=2.07
2026-02-24 19:18:26,598 [INFO] Step 400: reward=-0.229, dist=3.07
2026-02-24 19:18:32,736 [INFO] Step 600: reward=-0.089, dist=4.85
2026-02-24 19:18:40,205 [INFO] Step 800: reward=-0.107, dist=7.39
2026-02-24 19:18:44,567 [INFO] Episode 1170 COMPLETE | Reward -411.49 | Steps 1000 | Terminated False | Truncated True
2026-02-24 19:18:44,585 [INFO] Checkpoint saved: checkpoints/ppo_ep_01170.pt
2026-02-24 19:18:47,690 [INFO] Step 0: reward=-0.305, dist=3.27
2026-02-24 19:18:54,720 [INFO] Step 200: reward=6.332, dist=1.26
2026-02-24 19:18:55,431 [INFO] Episode 1171 COMPLETE | Reward 383.95 | Steps 220 | Terminated True | Truncated False
2026-02-24 19:18:59,876 [INFO] Step 0: reward=-0.207, dist=2.74
2026-02-24 19:19:00,639 [INFO] Performing PPO update at global step 966656
2026-02-24 19:19:00,906 [INFO] PPO losses — policy: 0.0104, value: 626.3096, entropy: 4.2242
2026-02-24 19:19:00,910 [INFO] PPO update completed. Buffer cleared.
2026-02-24 19:19:05,898 [INFO] Step 200: reward=-0.305, dist=1.05
2026-02-24 19:19:06,166 [INFO] Episode 1172 COMPLETE | Reward 142.78 | Steps 214 | Terminated True | Truncated False
2026-02-24 19:19:10,776 [INFO] Step 0: reward=-0.218, dist=3.35
2026-02-24 19:19:16,327 [INFO] Step 200: reward=-0.374, dist=2.17
2026-02-24 19:19:22,750 [INFO] Step 400: reward=-2.132, dist=1.77
2026-02-24 19:19:31,088 [INFO] Step 600: reward=-0.305, dist=3.48
2026-02-24 19:19:35,551 [INFO] Step 800: reward=-1.916, dist=4.57
2026-02-24 19:19:41,257 [INFO] Episode 1173 COMPLETE | Reward -727.58 | Steps 1000 | Terminated False | Truncated True
2026-02-24 19:19:43,921 [INFO] Step 0: reward=-0.206, dist=2.34
2026-02-24 19:19:50,355 [INFO] Step 200: reward=-1.883, dist=2.13
2026-02-24 19:19:56,964 [INFO] Step 400: reward=-1.183, dist=3.97
2026-02-24 19:20:03,312 [INFO] Step 600: reward=-2.143, dist=6.19
2026-02-24 19:20:08,777 [INFO] Step 800: reward=0.050, dist=7.49
2026-02-24 19:20:10,176 [INFO] Performing PPO update at global step 968704
2026-02-24 19:20:10,460 [INFO] PPO losses — policy: 0.0040, value: 456.6270, entropy: 4.2242
2026-02-24 19:20:10,464 [INFO] PPO update completed. Buffer cleared.
2026-02-24 19:20:14,877 [INFO] Episode 1174 COMPLETE | Reward -678.12 | Steps 1000 | Terminated False | Truncated True
2026-02-24 19:20:26,438 [INFO] Step 0: reward=0.045, dist=4.24
2026-02-24 19:20:33,070 [INFO] Step 200: reward=-0.740, dist=3.69
2026-02-24 19:20:41,312 [INFO] Step 400: reward=-0.021, dist=5.87
2026-02-24 19:20:48,967 [INFO] Step 600: reward=0.288, dist=4.16
2026-02-24 19:20:55,753 [INFO] Step 800: reward=-1.943, dist=4.82
2026-02-24 19:21:01,458 [INFO] Episode 1175 COMPLETE | Reward -421.25 | Steps 1000 | Terminated False | Truncated True
2026-02-24 19:21:01,479 [INFO] Checkpoint saved: checkpoints/ppo_ep_01175.pt
2026-02-24 19:21:04,886 [INFO] Step 0: reward=5.972, dist=3.56
2026-02-24 19:21:10,040 [INFO] Policy action (normalized): v = +0.989, w = -0.539 | Cmd_vel (scaled): v = +0.989 m/s, w = -0.539 rad/s
2026-02-24 19:21:11,969 [INFO] Step 200: reward=-0.390, dist=2.63
2026-02-24 19:21:17,055 [INFO] Step 400: reward=-2.192, dist=4.12
2026-02-24 19:21:24,193 [INFO] Step 600: reward=0.039, dist=6.47
2026-02-24 19:21:30,027 [INFO] Step 800: reward=-0.124, dist=7.46
2026-02-24 19:21:33,550 [INFO] Performing PPO update at global step 970752
2026-02-24 19:21:33,837 [INFO] PPO losses — policy: 0.0037, value: 200.5148, entropy: 4.2242
2026-02-24 19:21:33,841 [INFO] PPO update completed. Buffer cleared.
2026-02-24 19:21:35,987 [INFO] Episode 1176 COMPLETE | Reward -480.43 | Steps 1000 | Terminated False | Truncated True
2026-02-24 19:21:40,814 [INFO] Step 0: reward=-0.209, dist=2.44
2026-02-24 19:21:47,061 [INFO] Step 200: reward=-0.356, dist=2.96
2026-02-24 19:21:53,307 [INFO] Step 400: reward=0.087, dist=4.70
2026-02-24 19:21:59,244 [INFO] Step 600: reward=-1.941, dist=7.11
2026-02-24 19:22:05,135 [INFO] Step 800: reward=0.094, dist=9.09
2026-02-24 19:22:10,753 [INFO] Episode 1177 COMPLETE | Reward -591.14 | Steps 1000 | Terminated False | Truncated True
2026-02-24 19:22:13,847 [INFO] Step 0: reward=-0.209, dist=2.93
2026-02-24 19:22:17,931 [INFO] Step 200: reward=-2.902, dist=3.83
2026-02-24 19:22:23,630 [INFO] Step 400: reward=-0.265, dist=5.81
2026-02-24 19:22:31,218 [INFO] Step 600: reward=-0.073, dist=8.27
2026-02-24 19:22:37,299 [INFO] Step 800: reward=-1.914, dist=10.50
2026-02-24 19:22:40,763 [INFO] Performing PPO update at global step 972800
2026-02-24 19:22:41,025 [INFO] PPO losses — policy: 0.0051, value: 106.6641, entropy: 4.2242
2026-02-24 19:22:41,029 [INFO] PPO update completed. Buffer cleared.
2026-02-24 19:22:43,009 [INFO] Episode 1178 COMPLETE | Reward -742.62 | Steps 1000 | Terminated False | Truncated True
2026-02-24 19:22:46,098 [INFO] Step 0: reward=2.339, dist=2.62
2026-02-24 19:22:49,462 [INFO] Episode 1179 COMPLETE | Reward 823.51 | Steps 114 | Terminated True | Truncated False
2026-02-24 19:22:52,719 [INFO] Step 0: reward=-2.185, dist=3.74
2026-02-24 19:23:00,399 [INFO] Step 200: reward=-0.205, dist=3.35
2026-02-24 19:23:05,937 [INFO] Step 400: reward=-2.206, dist=3.34
2026-02-24 19:23:11,742 [INFO] Step 600: reward=-2.259, dist=3.48
2026-02-24 19:23:17,786 [INFO] Step 800: reward=-0.010, dist=0.00
2026-02-24 19:23:24,083 [INFO] Episode 1180 COMPLETE | Reward -557.23 | Steps 1000 | Terminated False | Truncated True
2026-02-24 19:23:24,100 [INFO] Checkpoint saved: checkpoints/ppo_ep_01180.pt
2026-02-24 19:23:27,102 [INFO] Step 0: reward=-0.222, dist=3.70
2026-02-24 19:23:32,595 [INFO] Step 200: reward=-0.206, dist=2.48
2026-02-24 19:23:37,528 [INFO] Step 400: reward=-0.116, dist=1.61
2026-02-24 19:23:42,735 [INFO] Step 600: reward=-0.486, dist=1.66
2026-02-24 19:23:48,466 [INFO] Step 800: reward=-0.364, dist=3.02
2026-02-24 19:23:51,128 [INFO] Performing PPO update at global step 974848
2026-02-24 19:23:51,408 [INFO] PPO losses — policy: 0.0640, value: 334.9704, entropy: 4.2242
2026-02-24 19:23:51,414 [INFO] PPO update completed. Buffer cleared.
2026-02-24 19:23:55,965 [INFO] Episode 1181 COMPLETE | Reward -705.18 | Steps 1000 | Terminated False | Truncated True
2026-02-24 19:23:58,740 [INFO] Step 0: reward=-0.210, dist=2.42
2026-02-24 19:24:03,424 [INFO] Step 200: reward=-0.403, dist=2.15
2026-02-24 19:24:08,989 [INFO] Step 400: reward=-0.522, dist=3.55
2026-02-24 19:24:15,396 [INFO] Step 600: reward=0.088, dist=5.34
2026-02-24 19:24:21,220 [INFO] Step 800: reward=-0.064, dist=7.43
2026-02-24 19:24:26,471 [INFO] Episode 1182 COMPLETE | Reward -577.98 | Steps 1000 | Terminated False | Truncated True
2026-02-24 19:24:29,613 [INFO] Step 0: reward=-0.263, dist=3.81
2026-02-24 19:24:36,317 [INFO] Step 200: reward=0.093, dist=6.04
2026-02-24 19:24:40,834 [INFO] Step 400: reward=-2.151, dist=7.81
2026-02-24 19:24:46,795 [INFO] Step 600: reward=-0.209, dist=9.95
2026-02-24 19:24:52,356 [INFO] Step 800: reward=0.088, dist=11.88
2026-02-24 19:24:56,521 [INFO] Performing PPO update at global step 976896
2026-02-24 19:24:56,782 [INFO] PPO losses — policy: 0.0155, value: 61.5344, entropy: 4.2242
2026-02-24 19:24:56,787 [INFO] PPO update completed. Buffer cleared.
2026-02-24 19:24:59,106 [INFO] Episode 1183 COMPLETE | Reward -398.26 | Steps 1000 | Terminated False | Truncated True
2026-02-24 19:25:01,847 [INFO] Step 0: reward=-2.202, dist=3.51
2026-02-24 19:25:07,314 [INFO] Step 200: reward=-0.230, dist=3.69
2026-02-24 19:25:13,554 [INFO] Step 400: reward=-0.228, dist=3.94
2026-02-24 19:25:17,902 [INFO] Step 600: reward=-0.305, dist=3.68
2026-02-24 19:25:23,603 [INFO] Step 800: reward=-0.173, dist=2.87
2026-02-24 19:25:31,780 [INFO] Episode 1184 COMPLETE | Reward -661.53 | Steps 1000 | Terminated False | Truncated True
2026-02-24 19:25:34,924 [INFO] Step 0: reward=-0.205, dist=3.80
2026-02-24 19:25:41,729 [INFO] Step 200: reward=-0.160, dist=3.21
2026-02-24 19:25:46,390 [INFO] Step 400: reward=-2.211, dist=2.93
2026-02-24 19:25:50,842 [INFO] Step 600: reward=-0.343, dist=3.18
2026-02-24 19:25:54,426 [INFO] Step 800: reward=-2.349, dist=3.91
2026-02-24 19:25:59,713 [INFO] Performing PPO update at global step 978944
2026-02-24 19:25:59,985 [INFO] PPO losses — policy: 0.0020, value: 120.3657, entropy: 4.2242
2026-02-24 19:25:59,991 [INFO] PPO update completed. Buffer cleared.
2026-02-24 19:26:00,565 [INFO] Episode 1185 COMPLETE | Reward -905.54 | Steps 1000 | Terminated False | Truncated True
2026-02-24 19:26:00,585 [INFO] Checkpoint saved: checkpoints/ppo_ep_01185.pt
2026-02-24 19:26:04,833 [INFO] Step 0: reward=-1.079, dist=3.24
2026-02-24 19:26:11,764 [INFO] Step 200: reward=-0.248, dist=2.30
2026-02-24 19:26:18,118 [INFO] Step 400: reward=-2.210, dist=3.09
2026-02-24 19:26:25,560 [INFO] Step 600: reward=-0.398, dist=3.84
2026-02-24 19:26:32,417 [INFO] Step 800: reward=-0.005, dist=5.03
2026-02-24 19:26:37,098 [INFO] Episode 1186 COMPLETE | Reward -695.48 | Steps 1000 | Terminated False | Truncated True
2026-02-24 19:26:40,224 [INFO] Step 0: reward=-0.207, dist=2.07
2026-02-24 19:26:42,095 [INFO] Policy action (normalized): v = +0.018, w = -0.727 | Cmd_vel (scaled): v = +0.018 m/s, w = -0.727 rad/s
2026-02-24 19:26:46,417 [INFO] Step 200: reward=-2.388, dist=3.46
2026-02-24 19:26:55,039 [INFO] Step 400: reward=-0.010, dist=6.19
2026-02-24 19:27:01,093 [INFO] Step 600: reward=0.052, dist=7.60
2026-02-24 19:27:06,975 [INFO] Step 800: reward=0.064, dist=7.96
2026-02-24 19:27:12,178 [INFO] Episode 1187 COMPLETE | Reward -465.21 | Steps 1000 | Terminated False | Truncated True
2026-02-24 19:27:16,191 [INFO] Step 0: reward=-0.305, dist=2.92
2026-02-24 19:27:16,847 [INFO] Performing PPO update at global step 980992
2026-02-24 19:27:17,119 [INFO] PPO losses — policy: 0.0005, value: 243.5247, entropy: 4.2242
2026-02-24 19:27:17,125 [INFO] PPO update completed. Buffer cleared.
2026-02-24 19:27:21,003 [INFO] Step 200: reward=-0.218, dist=3.61
2026-02-24 19:27:26,313 [INFO] Step 400: reward=0.093, dist=5.08
2026-02-24 19:27:34,046 [INFO] Step 600: reward=-0.197, dist=8.44
2026-02-24 19:27:39,508 [INFO] Step 800: reward=0.085, dist=10.32
2026-02-24 19:27:46,188 [INFO] Episode 1188 COMPLETE | Reward -515.72 | Steps 1000 | Terminated False | Truncated True
2026-02-24 19:27:49,243 [INFO] Step 0: reward=-0.226, dist=2.85
2026-02-24 19:27:54,929 [INFO] Step 200: reward=-0.005, dist=4.87
2026-02-24 19:28:00,724 [INFO] Step 400: reward=-0.114, dist=7.06
2026-02-24 19:28:06,869 [INFO] Step 600: reward=-0.071, dist=9.41
2026-02-24 19:28:14,561 [INFO] Step 800: reward=-0.005, dist=12.50
2026-02-24 19:28:18,671 [INFO] Episode 1189 COMPLETE | Reward -582.98 | Steps 1000 | Terminated False | Truncated True
2026-02-24 19:28:22,886 [INFO] Step 0: reward=-0.265, dist=3.82
2026-02-24 19:28:24,447 [INFO] Performing PPO update at global step 983040
2026-02-24 19:28:24,748 [INFO] PPO losses — policy: 0.2759, value: 93.6272, entropy: 4.2242
2026-02-24 19:28:24,752 [INFO] PPO update completed. Buffer cleared.
2026-02-24 19:28:29,831 [INFO] Step 200: reward=-0.005, dist=6.50
2026-02-24 19:28:36,131 [INFO] Step 400: reward=0.075, dist=8.46
2026-02-24 19:28:42,045 [INFO] Step 600: reward=0.066, dist=9.31
2026-02-24 19:28:49,224 [INFO] Step 800: reward=-0.512, dist=9.59
2026-02-24 19:28:55,775 [INFO] Episode 1190 COMPLETE | Reward -380.05 | Steps 1000 | Terminated False | Truncated True
2026-02-24 19:28:55,797 [INFO] Checkpoint saved: checkpoints/ppo_ep_01190.pt
2026-02-24 19:28:59,967 [INFO] Step 0: reward=-0.211, dist=3.67
2026-02-24 19:29:07,026 [INFO] Step 200: reward=-0.790, dist=5.18
2026-02-24 19:29:12,747 [INFO] Step 400: reward=0.041, dist=6.64
2026-02-24 19:29:18,566 [INFO] Step 600: reward=-0.167, dist=7.78
2026-02-24 19:29:25,909 [INFO] Step 800: reward=-0.148, dist=9.40
2026-02-24 19:29:31,985 [INFO] Episode 1191 COMPLETE | Reward -344.90 | Steps 1000 | Terminated False | Truncated True
2026-02-24 19:29:34,933 [INFO] Step 0: reward=-0.305, dist=2.74
2026-02-24 19:29:38,909 [INFO] Performing PPO update at global step 985088
2026-02-24 19:29:39,177 [INFO] PPO losses — policy: 0.0023, value: 71.4621, entropy: 4.2242
2026-02-24 19:29:39,182 [INFO] PPO update completed. Buffer cleared.
2026-02-24 19:29:40,536 [INFO] Step 200: reward=-0.476, dist=3.46
2026-02-24 19:29:46,403 [INFO] Step 400: reward=-0.107, dist=5.56
2026-02-24 19:29:51,947 [INFO] Step 600: reward=-0.057, dist=7.62
2026-02-24 19:29:58,409 [INFO] Step 800: reward=-1.053, dist=8.84
2026-02-24 19:30:03,899 [INFO] Episode 1192 COMPLETE | Reward -571.53 | Steps 1000 | Terminated False | Truncated True
2026-02-24 19:30:07,059 [INFO] Step 0: reward=-5.879, dist=3.95
2026-02-24 19:30:13,114 [INFO] Step 200: reward=1.831, dist=3.61
2026-02-24 19:30:17,690 [INFO] Step 400: reward=-0.108, dist=2.89
2026-02-24 19:30:24,967 [INFO] Step 600: reward=-0.205, dist=2.22
2026-02-24 19:30:31,494 [INFO] Step 800: reward=-3.953, dist=4.31
2026-02-24 19:30:37,415 [INFO] Episode 1193 COMPLETE | Reward -779.46 | Steps 1000 | Terminated False | Truncated True
2026-02-24 19:30:41,583 [INFO] Step 0: reward=-0.250, dist=2.29
2026-02-24 19:30:48,055 [INFO] Performing PPO update at global step 987136
2026-02-24 19:30:48,332 [INFO] PPO losses — policy: -0.0034, value: 642.6104, entropy: 4.2242
2026-02-24 19:30:48,336 [INFO] PPO update completed. Buffer cleared.
2026-02-24 19:30:49,369 [INFO] Step 200: reward=-0.154, dist=4.60
2026-02-24 19:30:55,725 [INFO] Step 400: reward=-1.905, dist=6.59
2026-02-24 19:31:02,744 [INFO] Step 600: reward=0.062, dist=9.14
2026-02-24 19:31:06,976 [INFO] Step 800: reward=-2.298, dist=10.29
2026-02-24 19:31:13,349 [INFO] Episode 1194 COMPLETE | Reward -463.48 | Steps 1000 | Terminated False | Truncated True
2026-02-24 19:31:16,425 [INFO] Step 0: reward=-0.305, dist=3.35
2026-02-24 19:31:23,069 [INFO] Step 200: reward=0.088, dist=5.21
2026-02-24 19:31:28,185 [INFO] Step 400: reward=-2.256, dist=7.22
2026-02-24 19:31:34,836 [INFO] Step 600: reward=0.040, dist=9.54
2026-02-24 19:31:40,666 [INFO] Step 800: reward=0.086, dist=10.05
2026-02-24 19:31:44,502 [INFO] Episode 1195 COMPLETE | Reward -441.39 | Steps 1000 | Terminated False | Truncated True
2026-02-24 19:31:44,523 [INFO] Checkpoint saved: checkpoints/ppo_ep_01195.pt
2026-02-24 19:31:46,840 [INFO] Step 0: reward=-0.205, dist=2.84
2026-02-24 19:31:50,882 [INFO] Step 200: reward=-0.206, dist=2.22
2026-02-24 19:31:51,402 [INFO] Performing PPO update at global step 989184
2026-02-24 19:31:51,790 [INFO] PPO losses — policy: 0.0114, value: 104.3548, entropy: 4.2242
2026-02-24 19:31:51,797 [INFO] PPO update completed. Buffer cleared.
2026-02-24 19:31:55,518 [INFO] Step 400: reward=-0.265, dist=2.34
2026-02-24 19:32:02,674 [INFO] Step 600: reward=0.026, dist=4.81
2026-02-24 19:32:08,133 [INFO] Step 800: reward=-1.709, dist=6.90
2026-02-24 19:32:14,022 [INFO] Episode 1196 COMPLETE | Reward -805.19 | Steps 1000 | Terminated False | Truncated True
2026-02-24 19:32:16,724 [INFO] Step 0: reward=-0.627, dist=2.44
2026-02-24 19:32:18,869 [INFO] Policy action (normalized): v = +0.900, w = +0.870 | Cmd_vel (scaled): v = +0.900 m/s, w = +0.870 rad/s
2026-02-24 19:32:24,367 [INFO] Step 200: reward=0.099, dist=5.19
2026-02-24 19:32:28,909 [INFO] Step 400: reward=-0.057, dist=7.01
2026-02-24 19:32:36,147 [INFO] Step 600: reward=0.041, dist=8.77
2026-02-24 19:32:42,264 [INFO] Step 800: reward=0.092, dist=8.49
2026-02-24 19:32:48,345 [INFO] Episode 1197 COMPLETE | Reward -500.91 | Steps 1000 | Terminated False | Truncated True
2026-02-24 19:32:52,936 [INFO] Step 0: reward=4.006, dist=2.83
2026-02-24 19:32:59,415 [INFO] Step 200: reward=-0.217, dist=1.95
2026-02-24 19:33:01,004 [INFO] Performing PPO update at global step 991232
2026-02-24 19:33:01,266 [INFO] PPO losses — policy: 0.0205, value: 401.6101, entropy: 4.2242
2026-02-24 19:33:01,271 [INFO] PPO update completed. Buffer cleared.
2026-02-24 19:33:04,582 [INFO] Step 400: reward=-0.205, dist=1.86
2026-02-24 19:33:09,666 [INFO] Step 600: reward=-0.839, dist=3.88
2026-02-24 19:33:15,698 [INFO] Step 800: reward=-0.176, dist=6.28
2026-02-24 19:33:22,059 [INFO] Episode 1198 COMPLETE | Reward -717.90 | Steps 1000 | Terminated False | Truncated True
2026-02-24 19:33:25,033 [INFO] Step 0: reward=-0.205, dist=2.62
2026-02-24 19:33:30,953 [INFO] Step 200: reward=-0.215, dist=2.58
2026-02-24 19:33:36,962 [INFO] Step 400: reward=-0.257, dist=2.98
2026-02-24 19:33:41,664 [INFO] Step 600: reward=-0.249, dist=3.12
2026-02-24 19:33:46,759 [INFO] Step 800: reward=-0.154, dist=2.78
2026-02-24 19:33:52,613 [INFO] Episode 1199 COMPLETE | Reward -567.78 | Steps 1000 | Terminated False | Truncated True
2026-02-24 19:33:55,932 [INFO] Step 0: reward=-0.209, dist=3.04
2026-02-24 19:34:02,093 [INFO] Step 200: reward=-0.160, dist=1.68
2026-02-24 19:34:05,768 [INFO] Performing PPO update at global step 993280
2026-02-24 19:34:06,046 [INFO] PPO losses — policy: 0.0091, value: 71.9224, entropy: 4.2242
2026-02-24 19:34:06,052 [INFO] PPO update completed. Buffer cleared.
2026-02-24 19:34:07,771 [INFO] Step 400: reward=-0.206, dist=1.20
2026-02-24 19:34:12,496 [INFO] Step 600: reward=-2.593, dist=2.23
2026-02-24 19:34:17,421 [INFO] Step 800: reward=-0.331, dist=3.61
2026-02-24 19:34:24,070 [INFO] Episode 1200 COMPLETE | Reward -686.90 | Steps 1000 | Terminated False | Truncated True
2026-02-24 19:34:24,087 [INFO] Checkpoint saved: checkpoints/ppo_ep_01200.pt
2026-02-24 19:34:28,783 [INFO] Step 0: reward=-0.251, dist=3.77
2026-02-24 19:34:34,008 [INFO] Step 200: reward=-0.292, dist=3.05
2026-02-24 19:34:40,418 [INFO] Step 400: reward=-0.180, dist=4.87
2026-02-24 19:34:47,429 [INFO] Step 600: reward=-0.114, dist=7.84
2026-02-24 19:34:53,236 [INFO] Step 800: reward=-0.263, dist=9.77
2026-02-24 19:34:59,254 [INFO] Episode 1201 COMPLETE | Reward -537.74 | Steps 1000 | Terminated False | Truncated True
2026-02-24 19:35:03,371 [INFO] Step 0: reward=-0.245, dist=2.94
2026-02-24 19:35:06,568 [INFO] Step 200: reward=-0.299, dist=4.13
2026-02-24 19:35:12,125 [INFO] Performing PPO update at global step 995328
2026-02-24 19:35:12,404 [INFO] PPO losses — policy: 0.0708, value: 96.3361, entropy: 4.2242
2026-02-24 19:35:12,408 [INFO] PPO update completed. Buffer cleared.
2026-02-24 19:35:13,362 [INFO] Step 400: reward=-1.225, dist=6.88
2026-02-24 19:35:17,854 [INFO] Step 600: reward=-1.940, dist=8.44
2026-02-24 19:35:24,539 [INFO] Step 800: reward=-0.086, dist=10.03
2026-02-24 19:35:29,917 [INFO] Episode 1202 COMPLETE | Reward -553.44 | Steps 1000 | Terminated False | Truncated True
2026-02-24 19:35:32,926 [INFO] Step 0: reward=-2.104, dist=3.48
2026-02-24 19:35:39,454 [INFO] Step 200: reward=-0.383, dist=4.01
2026-02-24 19:35:45,438 [INFO] Step 400: reward=-1.987, dist=5.87
2026-02-24 19:35:51,697 [INFO] Step 600: reward=0.095, dist=6.46
2026-02-24 19:35:58,892 [INFO] Step 800: reward=6.121, dist=4.87
2026-02-24 19:36:06,098 [INFO] Episode 1203 COMPLETE | Reward 661.06 | Steps 1000 | Terminated False | Truncated True
2026-02-24 19:36:10,221 [INFO] Step 0: reward=-0.206, dist=2.29
2026-02-24 19:36:15,173 [INFO] Episode 1204 COMPLETE | Reward 208.27 | Steps 126 | Terminated True | Truncated False
2026-02-24 19:36:19,710 [INFO] Step 0: reward=-1.305, dist=2.54
2026-02-24 19:36:28,799 [INFO] Step 200: reward=-0.233, dist=2.36
2026-02-24 19:36:32,818 [INFO] Performing PPO update at global step 997376
2026-02-24 19:36:33,092 [INFO] PPO losses — policy: 0.0167, value: 1259.6675, entropy: 4.2242
2026-02-24 19:36:33,097 [INFO] PPO update completed. Buffer cleared.
2026-02-24 19:36:35,368 [INFO] Step 400: reward=-2.249, dist=1.98
2026-02-24 19:36:39,457 [INFO] Step 600: reward=-0.142, dist=1.14
2026-02-24 19:36:40,378 [INFO] Episode 1205 COMPLETE | Reward -172.40 | Steps 629 | Terminated True | Truncated False
2026-02-24 19:36:40,394 [INFO] Checkpoint saved: checkpoints/ppo_ep_01205.pt
2026-02-24 19:36:44,412 [INFO] Step 0: reward=-0.259, dist=3.90
2026-02-24 19:36:50,674 [INFO] Step 200: reward=-0.265, dist=3.22
2026-02-24 19:36:57,138 [INFO] Step 400: reward=-0.110, dist=2.04
2026-02-24 19:37:03,389 [INFO] Step 600: reward=-1.380, dist=1.08
2026-02-24 19:37:04,895 [INFO] Episode 1206 COMPLETE | Reward -199.43 | Steps 658 | Terminated True | Truncated False
2026-02-24 19:37:07,938 [INFO] Step 0: reward=-0.207, dist=3.50
2026-02-24 19:37:13,522 [INFO] Step 200: reward=-0.399, dist=3.66
2026-02-24 19:37:17,750 [INFO] Step 400: reward=-2.138, dist=4.91
2026-02-24 19:37:26,276 [INFO] Step 600: reward=-0.600, dist=7.48
2026-02-24 19:37:30,822 [INFO] Step 800: reward=-1.698, dist=8.05
2026-02-24 19:37:38,220 [INFO] Episode 1207 COMPLETE | Reward -639.53 | Steps 1000 | Terminated False | Truncated True
2026-02-24 19:37:41,409 [INFO] Step 0: reward=-0.250, dist=3.50
2026-02-24 19:37:44,010 [INFO] Performing PPO update at global step 999424
2026-02-24 19:37:44,292 [INFO] PPO losses — policy: -0.0011, value: 751.0452, entropy: 4.2242
2026-02-24 19:37:44,298 [INFO] PPO update completed. Buffer cleared.
2026-02-24 19:37:47,794 [INFO] Step 200: reward=-0.930, dist=5.52
2026-02-24 19:37:54,364 [INFO] Step 400: reward=-2.056, dist=6.50
2026-02-24 19:37:59,984 [INFO] Step 600: reward=0.093, dist=7.13
2026-02-24 19:38:00,314 [INFO] Policy action (normalized): v = +0.964, w = +0.979 | Cmd_vel (scaled): v = +0.964 m/s, w = +0.979 rad/s
2026-02-24 19:38:04,121 [INFO] Step 800: reward=0.161, dist=6.79
2026-02-24 19:38:11,376 [INFO] Episode 1208 COMPLETE | Reward -250.51 | Steps 1000 | Terminated False | Truncated True
2026-02-24 19:38:13,929 [INFO] Step 0: reward=-0.205, dist=2.18
2026-02-24 19:38:19,792 [INFO] Step 200: reward=0.039, dist=4.01
2026-02-24 19:38:25,532 [INFO] Step 400: reward=0.095, dist=5.65
2026-02-24 19:38:31,286 [INFO] Step 600: reward=-1.933, dist=6.32
2026-02-24 19:38:38,316 [INFO] Step 800: reward=0.559, dist=4.67
2026-02-24 19:38:43,850 [INFO] Episode 1209 COMPLETE | Reward -98.49 | Steps 1000 | Terminated False | Truncated True
2026-02-24 19:38:46,848 [INFO] Step 0: reward=-0.219, dist=2.62
2026-02-24 19:38:49,910 [INFO] Performing PPO update at global step 1001472
2026-02-24 19:38:50,301 [INFO] PPO losses — policy: 0.0332, value: 457.6163, entropy: 4.2242
2026-02-24 19:38:50,306 [INFO] PPO update completed. Buffer cleared.
2026-02-24 19:38:53,058 [INFO] Step 200: reward=-2.479, dist=3.25
2026-02-24 19:38:57,506 [INFO] Step 400: reward=-2.393, dist=4.78
2026-02-24 19:39:05,404 [INFO] Step 600: reward=0.083, dist=5.90
2026-02-24 19:39:10,697 [INFO] Step 800: reward=-1.908, dist=5.38
2026-02-24 19:39:18,463 [INFO] Episode 1210 COMPLETE | Reward -131.43 | Steps 1000 | Terminated False | Truncated True
2026-02-24 19:39:18,551 [INFO] Checkpoint saved: checkpoints/ppo_ep_01210.pt
2026-02-24 19:39:22,959 [INFO] Step 0: reward=-0.233, dist=3.49
2026-02-24 19:39:31,158 [INFO] Step 200: reward=-0.527, dist=6.21
2026-02-24 19:39:37,302 [INFO] Step 400: reward=0.094, dist=6.53
2026-02-24 19:39:42,236 [INFO] Step 600: reward=0.145, dist=5.70
2026-02-24 19:39:47,954 [INFO] Step 800: reward=6.163, dist=3.38
2026-02-24 19:39:52,657 [INFO] Episode 1211 COMPLETE | Reward 667.04 | Steps 919 | Terminated True | Truncated False
2026-02-24 19:39:55,708 [INFO] Step 0: reward=-0.205, dist=2.72
2026-02-24 19:40:00,512 [INFO] Step 200: reward=-2.344, dist=3.95
2026-02-24 19:40:01,845 [INFO] Performing PPO update at global step 1003520
2026-02-24 19:40:02,245 [INFO] PPO losses — policy: 0.0120, value: 794.8052, entropy: 4.2242
2026-02-24 19:40:02,254 [INFO] PPO update completed. Buffer cleared.
2026-02-24 19:40:07,543 [INFO] Step 400: reward=0.095, dist=4.90
2026-02-24 19:40:11,866 [INFO] Step 600: reward=-0.005, dist=4.93
2026-02-24 19:40:17,672 [INFO] Step 800: reward=-1.890, dist=3.76
2026-02-24 19:40:22,948 [INFO] Episode 1212 COMPLETE | Reward -342.69 | Steps 1000 | Terminated False | Truncated True
2026-02-24 19:40:25,705 [INFO] Step 0: reward=-0.206, dist=2.99
2026-02-24 19:40:32,516 [INFO] Step 200: reward=0.088, dist=5.21
2026-02-24 19:40:37,527 [INFO] Step 400: reward=-1.164, dist=5.71
2026-02-24 19:40:44,966 [INFO] Step 600: reward=0.088, dist=5.01
2026-02-24 19:40:50,474 [INFO] Step 800: reward=6.288, dist=3.21
2026-02-24 19:40:55,144 [INFO] Episode 1213 COMPLETE | Reward 785.72 | Steps 995 | Terminated True | Truncated False
2026-02-24 19:40:59,029 [INFO] Step 0: reward=-0.205, dist=3.38
2026-02-24 19:41:05,850 [INFO] Step 200: reward=-4.199, dist=3.04
2026-02-24 19:41:08,603 [INFO] Performing PPO update at global step 1005568
2026-02-24 19:41:08,875 [INFO] PPO losses — policy: 0.0096, value: 728.1908, entropy: 4.2242
2026-02-24 19:41:08,882 [INFO] PPO update completed. Buffer cleared.
2026-02-24 19:41:12,411 [INFO] Episode 1214 COMPLETE | Reward 192.45 | Steps 383 | Terminated True | Truncated False
2026-02-24 19:41:17,566 [INFO] Step 0: reward=-0.205, dist=3.43
2026-02-24 19:41:25,074 [INFO] Step 200: reward=-0.267, dist=5.34
2026-02-24 19:41:31,597 [INFO] Step 400: reward=-0.018, dist=7.34
2026-02-24 19:41:37,394 [INFO] Step 600: reward=0.177, dist=7.49
2026-02-24 19:41:44,407 [INFO] Step 800: reward=0.969, dist=5.73
2026-02-24 19:41:51,207 [INFO] Episode 1215 COMPLETE | Reward 310.53 | Steps 1000 | Terminated False | Truncated True
2026-02-24 19:41:51,228 [INFO] Checkpoint saved: checkpoints/ppo_ep_01215.pt
2026-02-24 19:41:56,038 [INFO] Step 0: reward=-0.205, dist=2.84
2026-02-24 19:42:04,107 [INFO] Step 200: reward=-0.021, dist=4.58
2026-02-24 19:42:12,808 [INFO] Step 400: reward=0.009, dist=6.92
2026-02-24 19:42:16,934 [INFO] Step 600: reward=-0.311, dist=6.91
2026-02-24 19:42:23,990 [INFO] Step 800: reward=0.080, dist=5.40
2026-02-24 19:42:27,967 [INFO] Performing PPO update at global step 1007616
2026-02-24 19:42:28,359 [INFO] PPO losses — policy: 0.1174, value: 775.8988, entropy: 4.2242
2026-02-24 19:42:28,366 [INFO] PPO update completed. Buffer cleared.
2026-02-24 19:42:29,207 [INFO] Episode 1216 COMPLETE | Reward -467.52 | Steps 1000 | Terminated False | Truncated True
2026-02-24 19:42:31,989 [INFO] Step 0: reward=-0.207, dist=3.46
2026-02-24 19:42:40,126 [INFO] Step 200: reward=0.163, dist=5.54
2026-02-24 19:42:48,516 [INFO] Step 400: reward=-1.906, dist=4.90
2026-02-24 19:42:53,031 [INFO] Step 600: reward=0.533, dist=3.73
2026-02-24 19:42:58,743 [INFO] Episode 1217 COMPLETE | Reward 101.50 | Steps 736 | Terminated True | Truncated False
2026-02-24 19:43:01,986 [INFO] Step 0: reward=-0.218, dist=3.72
2026-02-24 19:43:09,288 [INFO] Step 200: reward=0.209, dist=4.12
2026-02-24 19:43:15,372 [INFO] Step 400: reward=-0.141, dist=3.02
2026-02-24 19:43:20,512 [INFO] Step 600: reward=-0.866, dist=1.60
2026-02-24 19:43:22,872 [INFO] Episode 1218 COMPLETE | Reward -150.06 | Steps 653 | Terminated True | Truncated False
2026-02-24 19:43:25,934 [INFO] Step 0: reward=-0.215, dist=3.30
2026-02-24 19:43:32,423 [INFO] Step 200: reward=-0.873, dist=2.68
2026-02-24 19:43:38,779 [INFO] Step 400: reward=-0.141, dist=1.63
2026-02-24 19:43:46,172 [INFO] Step 600: reward=-0.218, dist=1.75
2026-02-24 19:43:46,211 [INFO] Performing PPO update at global step 1009664
2026-02-24 19:43:46,485 [INFO] PPO losses — policy: 0.0007, value: 625.6177, entropy: 4.2242
2026-02-24 19:43:46,493 [INFO] PPO update completed. Buffer cleared.
2026-02-24 19:43:52,202 [INFO] Step 800: reward=-0.305, dist=1.81
2026-02-24 19:43:55,414 [INFO] Policy action (normalized): v = +1.000, w = +0.168 | Cmd_vel (scaled): v = +1.000 m/s, w = +0.168 rad/s
2026-02-24 19:43:58,227 [INFO] Episode 1219 COMPLETE | Reward -570.91 | Steps 1000 | Terminated False | Truncated True
2026-02-24 19:44:02,406 [INFO] Step 0: reward=-0.248, dist=2.77
2026-02-24 19:44:09,510 [INFO] Step 200: reward=-2.473, dist=3.67
2026-02-24 19:44:15,854 [INFO] Step 400: reward=-0.027, dist=5.24
2026-02-24 19:44:22,523 [INFO] Step 600: reward=-1.905, dist=5.12
2026-02-24 19:44:29,100 [INFO] Step 800: reward=-3.952, dist=3.48
2026-02-24 19:44:35,760 [INFO] Episode 1220 COMPLETE | Reward -225.15 | Steps 990 | Terminated True | Truncated False
2026-02-24 19:44:35,782 [INFO] Checkpoint saved: checkpoints/ppo_ep_01220.pt
2026-02-24 19:44:40,974 [INFO] Step 0: reward=-0.224, dist=2.44
2026-02-24 19:44:47,316 [INFO] Step 200: reward=-2.207, dist=2.37
2026-02-24 19:44:52,642 [INFO] Step 400: reward=-2.166, dist=1.85
2026-02-24 19:44:58,441 [INFO] Step 600: reward=-0.225, dist=1.65
2026-02-24 19:45:01,041 [INFO] Performing PPO update at global step 1011712
2026-02-24 19:45:01,312 [INFO] PPO losses — policy: 0.0130, value: 373.2256, entropy: 4.2242
2026-02-24 19:45:01,317 [INFO] PPO update completed. Buffer cleared.
2026-02-24 19:45:06,111 [INFO] Step 800: reward=-0.173, dist=1.44
2026-02-24 19:45:12,769 [INFO] Episode 1221 COMPLETE | Reward -424.20 | Steps 977 | Terminated True | Truncated False
2026-02-24 19:45:14,743 [INFO] Step 0: reward=-0.216, dist=2.30
2026-02-24 19:45:20,512 [INFO] Step 200: reward=-0.894, dist=3.74
2026-02-24 19:45:26,282 [INFO] Step 400: reward=0.095, dist=5.51
2026-02-24 19:45:30,816 [INFO] Step 600: reward=0.101, dist=5.94
2026-02-24 19:45:36,128 [INFO] Step 800: reward=0.087, dist=5.26
2026-02-24 19:45:42,432 [INFO] Episode 1222 COMPLETE | Reward -534.48 | Steps 1000 | Terminated False | Truncated True
2026-02-24 19:45:47,063 [INFO] Step 0: reward=-0.205, dist=2.58
2026-02-24 19:45:52,657 [INFO] Step 200: reward=-0.138, dist=4.38
2026-02-24 19:45:57,305 [INFO] Step 400: reward=-0.597, dist=5.40
2026-02-24 19:46:01,481 [INFO] Step 600: reward=0.000, dist=5.95
2026-02-24 19:46:05,665 [INFO] Performing PPO update at global step 1013760
2026-02-24 19:46:05,933 [INFO] PPO losses — policy: -0.0018, value: 386.4980, entropy: 4.2242
2026-02-24 19:46:05,938 [INFO] PPO update completed. Buffer cleared.
2026-02-24 19:46:09,125 [INFO] Step 800: reward=0.550, dist=4.45
2026-02-24 19:46:16,198 [INFO] Episode 1223 COMPLETE | Reward 123.86 | Steps 1000 | Terminated False | Truncated True
2026-02-24 19:46:19,762 [INFO] Step 0: reward=-0.217, dist=3.05
2026-02-24 19:46:26,474 [INFO] Step 200: reward=-0.783, dist=5.15
2026-02-24 19:46:32,743 [INFO] Step 400: reward=0.081, dist=5.48
2026-02-24 19:46:37,870 [INFO] Step 600: reward=6.669, dist=3.58
2026-02-24 19:46:43,127 [INFO] Episode 1224 COMPLETE | Reward 974.31 | Steps 770 | Terminated True | Truncated False
2026-02-24 19:46:54,646 [INFO] Step 0: reward=0.089, dist=4.24
2026-02-24 19:47:01,056 [INFO] Step 200: reward=-2.041, dist=2.06
2026-02-24 19:47:05,992 [INFO] Step 400: reward=-0.405, dist=1.94
2026-02-24 19:47:11,979 [INFO] Step 600: reward=-2.205, dist=3.77
2026-02-24 19:47:16,964 [INFO] Step 800: reward=-0.167, dist=4.01
2026-02-24 19:47:22,970 [INFO] Episode 1225 COMPLETE | Reward -627.94 | Steps 1000 | Terminated False | Truncated True
2026-02-24 19:47:22,987 [INFO] Checkpoint saved: checkpoints/ppo_ep_01225.pt
2026-02-24 19:47:25,691 [INFO] Step 0: reward=-0.247, dist=2.74
2026-02-24 19:47:25,749 [INFO] Performing PPO update at global step 1015808
2026-02-24 19:47:26,030 [INFO] PPO losses — policy: 0.0075, value: 969.0169, entropy: 4.2242
2026-02-24 19:47:26,035 [INFO] PPO update completed. Buffer cleared.
2026-02-24 19:47:33,149 [INFO] Step 200: reward=-0.108, dist=4.54
2026-02-24 19:47:38,273 [INFO] Step 400: reward=-0.073, dist=5.83
2026-02-24 19:47:46,308 [INFO] Step 600: reward=-3.251, dist=5.79
2026-02-24 19:47:51,554 [INFO] Step 800: reward=0.744, dist=3.53
2026-02-24 19:47:56,059 [INFO] Episode 1226 COMPLETE | Reward 831.35 | Steps 1000 | Terminated False | Truncated True
2026-02-24 19:48:07,748 [INFO] Step 0: reward=0.090, dist=4.24
2026-02-24 19:48:14,381 [INFO] Step 200: reward=-0.252, dist=1.99
2026-02-24 19:48:23,079 [INFO] Step 400: reward=-0.452, dist=2.88
2026-02-24 19:48:28,880 [INFO] Step 600: reward=-1.905, dist=4.41
2026-02-24 19:48:33,294 [INFO] Step 800: reward=-0.102, dist=4.27
2026-02-24 19:48:38,624 [INFO] Episode 1227 COMPLETE | Reward -617.38 | Steps 1000 | Terminated False | Truncated True
2026-02-24 19:48:41,892 [INFO] Step 0: reward=-0.227, dist=3.64
2026-02-24 19:48:44,146 [INFO] Performing PPO update at global step 1017856
2026-02-24 19:48:44,403 [INFO] PPO losses — policy: 0.0094, value: 616.5150, entropy: 4.2242
2026-02-24 19:48:44,408 [INFO] PPO update completed. Buffer cleared.
2026-02-24 19:48:48,911 [INFO] Step 200: reward=0.095, dist=5.39
2026-02-24 19:48:54,919 [INFO] Step 400: reward=0.273, dist=5.29
2026-02-24 19:49:02,718 [INFO] Step 600: reward=6.351, dist=2.83
2026-02-24 19:49:06,399 [INFO] Episode 1228 COMPLETE | Reward 603.40 | Steps 695 | Terminated True | Truncated False
2026-02-24 19:49:10,954 [INFO] Step 0: reward=-0.215, dist=3.51
2026-02-24 19:49:16,112 [INFO] Step 200: reward=3.892, dist=1.36
2026-02-24 19:49:17,138 [INFO] Episode 1229 COMPLETE | Reward 1202.28 | Steps 229 | Terminated True | Truncated False
2026-02-24 19:49:21,284 [INFO] Step 0: reward=-0.243, dist=2.48
2026-02-24 19:49:27,877 [INFO] Step 200: reward=-0.772, dist=3.19
2026-02-24 19:49:32,994 [INFO] Step 400: reward=-0.216, dist=2.86
2026-02-24 19:49:39,014 [INFO] Step 600: reward=-0.305, dist=1.99
2026-02-24 19:49:43,403 [INFO] Episode 1230 COMPLETE | Reward -281.30 | Steps 781 | Terminated True | Truncated False
2026-02-24 19:49:43,422 [INFO] Checkpoint saved: checkpoints/ppo_ep_01230.pt
2026-02-24 19:49:47,035 [INFO] Step 0: reward=2.640, dist=3.65
2026-02-24 19:49:52,930 [INFO] Episode 1231 COMPLETE | Reward 1151.79 | Steps 192 | Terminated True | Truncated False
2026-02-24 19:49:56,063 [INFO] Step 0: reward=-0.205, dist=3.45
2026-02-24 19:50:03,591 [INFO] Step 200: reward=-0.325, dist=4.41
2026-02-24 19:50:04,210 [INFO] Performing PPO update at global step 1019904
2026-02-24 19:50:04,492 [INFO] PPO losses — policy: 0.0181, value: 1488.9485, entropy: 4.2242
2026-02-24 19:50:04,498 [INFO] PPO update completed. Buffer cleared.
2026-02-24 19:50:06,567 [INFO] Policy action (normalized): v = +0.511, w = +0.999 | Cmd_vel (scaled): v = +0.511 m/s, w = +0.999 rad/s
2026-02-24 19:50:09,889 [INFO] Step 400: reward=-1.964, dist=6.13
2026-02-24 19:50:13,976 [INFO] Step 600: reward=0.060, dist=6.53
2026-02-24 19:50:20,725 [INFO] Step 800: reward=-1.470, dist=6.13
2026-02-24 19:50:26,970 [INFO] Episode 1232 COMPLETE | Reward -478.88 | Steps 1000 | Terminated False | Truncated True
2026-02-24 19:50:30,077 [INFO] Step 0: reward=-0.517, dist=2.47
2026-02-24 19:50:33,457 [INFO] Episode 1233 COMPLETE | Reward 957.84 | Steps 176 | Terminated True | Truncated False
2026-02-24 19:50:37,622 [INFO] Step 0: reward=-0.238, dist=2.72
2026-02-24 19:50:44,288 [INFO] Step 200: reward=-0.351, dist=3.80
2026-02-24 19:50:48,546 [INFO] Step 400: reward=-2.005, dist=4.00
2026-02-24 19:50:54,795 [INFO] Step 600: reward=-0.244, dist=3.95
2026-02-24 19:51:02,201 [INFO] Step 800: reward=-0.091, dist=3.06
2026-02-24 19:51:08,544 [INFO] Episode 1234 COMPLETE | Reward -518.11 | Steps 1000 | Terminated False | Truncated True
2026-02-24 19:51:11,626 [INFO] Step 0: reward=-2.189, dist=2.40
2026-02-24 19:51:14,967 [INFO] Episode 1235 COMPLETE | Reward 385.58 | Steps 79 | Terminated True | Truncated False
2026-02-24 19:51:14,985 [INFO] Checkpoint saved: checkpoints/ppo_ep_01235.pt
2026-02-24 19:51:19,954 [INFO] Step 0: reward=-0.205, dist=3.78
2026-02-24 19:51:20,034 [INFO] Performing PPO update at global step 1021952
2026-02-24 19:51:20,306 [INFO] PPO losses — policy: 0.0096, value: 933.7672, entropy: 4.2242
2026-02-24 19:51:20,311 [INFO] PPO update completed. Buffer cleared.
2026-02-24 19:51:25,638 [INFO] Step 200: reward=-3.525, dist=2.79
2026-02-24 19:51:30,014 [INFO] Episode 1236 COMPLETE | Reward 101.24 | Steps 310 | Terminated True | Truncated False
2026-02-24 19:51:35,068 [INFO] Step 0: reward=-0.231, dist=2.94
2026-02-24 19:51:39,553 [INFO] Step 200: reward=-1.942, dist=4.19
2026-02-24 19:51:45,452 [INFO] Step 400: reward=-0.058, dist=5.87
2026-02-24 19:51:53,146 [INFO] Step 600: reward=0.219, dist=5.82
2026-02-24 19:52:00,524 [INFO] Step 800: reward=5.779, dist=3.45
2026-02-24 19:52:06,070 [INFO] Episode 1237 COMPLETE | Reward 620.51 | Steps 966 | Terminated True | Truncated False
2026-02-24 19:52:17,737 [INFO] Step 0: reward=0.086, dist=4.24
2026-02-24 19:52:23,687 [INFO] Step 200: reward=-0.248, dist=2.02
2026-02-24 19:52:27,606 [INFO] Episode 1238 COMPLETE | Reward 64.14 | Steps 298 | Terminated True | Truncated False
2026-02-24 19:52:41,271 [INFO] Step 0: reward=-0.219, dist=3.09
2026-02-24 19:52:47,316 [INFO] Episode 1239 COMPLETE | Reward 387.64 | Steps 136 | Terminated True | Truncated False
2026-02-24 19:52:49,984 [INFO] Step 0: reward=-0.305, dist=2.03
2026-02-24 19:52:57,187 [INFO] Step 200: reward=0.095, dist=4.05
2026-02-24 19:53:00,575 [INFO] Performing PPO update at global step 1024000
2026-02-24 19:53:00,866 [INFO] PPO losses — policy: -0.0048, value: 1138.3836, entropy: 4.2242
2026-02-24 19:53:00,871 [INFO] PPO update completed. Buffer cleared.
2026-02-24 19:53:02,213 [INFO] Step 400: reward=-0.056, dist=5.01
2026-02-24 19:53:07,769 [INFO] Step 600: reward=0.060, dist=4.56
2026-02-24 19:53:13,991 [INFO] Step 800: reward=0.754, dist=2.00
2026-02-24 19:53:16,744 [INFO] Episode 1240 COMPLETE | Reward 299.86 | Steps 862 | Terminated True | Truncated False
2026-02-24 19:53:16,775 [INFO] Checkpoint saved: checkpoints/ppo_ep_01240.pt
2026-02-24 19:53:21,021 [INFO] Step 0: reward=-0.216, dist=3.71
2026-02-24 19:53:25,766 [INFO] Step 200: reward=0.068, dist=4.63
2026-02-24 19:53:31,973 [INFO] Step 400: reward=0.037, dist=4.72
2026-02-24 19:53:38,905 [INFO] Step 600: reward=0.580, dist=2.98
2026-02-24 19:53:42,401 [INFO] Step 800: reward=4.294, dist=1.41
2026-02-24 19:53:43,521 [INFO] Episode 1241 COMPLETE | Reward 636.31 | Steps 853 | Terminated True | Truncated False
2026-02-24 19:53:46,918 [INFO] Step 0: reward=5.980, dist=2.76
2026-02-24 19:53:50,878 [INFO] Episode 1242 COMPLETE | Reward 787.09 | Steps 158 | Terminated True | Truncated False
2026-02-24 19:53:54,033 [INFO] Step 0: reward=-0.238, dist=3.63
2026-02-24 19:54:00,478 [INFO] Episode 1243 COMPLETE | Reward 486.29 | Steps 147 | Terminated True | Truncated False
2026-02-24 19:54:03,722 [INFO] Step 0: reward=-0.305, dist=3.30
2026-02-24 19:54:10,599 [INFO] Step 200: reward=-0.129, dist=4.99
2026-02-24 19:54:17,847 [INFO] Performing PPO update at global step 1026048
2026-02-24 19:54:18,136 [INFO] PPO losses — policy: 0.0481, value: 922.3618, entropy: 4.2242
2026-02-24 19:54:18,143 [INFO] PPO update completed. Buffer cleared.
2026-02-24 19:54:18,547 [INFO] Step 400: reward=0.044, dist=6.97
2026-02-24 19:54:25,975 [INFO] Step 600: reward=0.428, dist=5.76
2026-02-24 19:54:33,337 [INFO] Step 800: reward=5.770, dist=2.59
2026-02-24 19:54:37,558 [INFO] Episode 1244 COMPLETE | Reward 1180.30 | Steps 919 | Terminated True | Truncated False
2026-02-24 19:54:40,926 [INFO] Step 0: reward=-0.205, dist=3.81
2026-02-24 19:54:46,980 [INFO] Step 200: reward=6.308, dist=1.08
2026-02-24 19:54:47,151 [INFO] Episode 1245 COMPLETE | Reward 1104.35 | Steps 206 | Terminated True | Truncated False
2026-02-24 19:54:47,171 [INFO] Checkpoint saved: checkpoints/ppo_ep_01245.pt
2026-02-24 19:54:51,204 [INFO] Step 0: reward=-0.205, dist=3.35
2026-02-24 19:54:55,568 [INFO] Step 200: reward=0.095, dist=4.65
2026-02-24 19:55:01,443 [INFO] Step 400: reward=-1.932, dist=5.71
2026-02-24 19:55:06,921 [INFO] Step 600: reward=0.131, dist=5.77
2026-02-24 19:55:13,615 [INFO] Step 800: reward=6.890, dist=3.73
2026-02-24 19:55:19,445 [INFO] Episode 1246 COMPLETE | Reward 853.00 | Steps 929 | Terminated True | Truncated False
2026-02-24 19:55:22,817 [INFO] Step 0: reward=-0.205, dist=3.82
2026-02-24 19:55:29,387 [INFO] Step 200: reward=-0.119, dist=5.16
2026-02-24 19:55:33,237 [INFO] Performing PPO update at global step 1028096
2026-02-24 19:55:33,613 [INFO] PPO losses — policy: 0.0077, value: 1647.6549, entropy: 4.2242
2026-02-24 19:55:33,617 [INFO] PPO update completed. Buffer cleared.
2026-02-24 19:55:34,735 [INFO] Step 400: reward=-0.068, dist=6.71
2026-02-24 19:55:40,701 [INFO] Step 600: reward=-0.005, dist=6.73
2026-02-24 19:55:46,696 [INFO] Step 800: reward=0.680, dist=4.76
2026-02-24 19:55:53,334 [INFO] Episode 1247 COMPLETE | Reward 723.11 | Steps 1000 | Terminated False | Truncated True
2026-02-24 19:55:57,582 [INFO] Step 0: reward=-1.114, dist=2.69
2026-02-24 19:56:02,063 [INFO] Step 200: reward=-0.694, dist=3.45
2026-02-24 19:56:07,940 [INFO] Step 400: reward=-1.948, dist=5.47
2026-02-24 19:56:15,176 [INFO] Step 600: reward=0.023, dist=6.18
2026-02-24 19:56:22,593 [INFO] Step 800: reward=6.156, dist=4.55
2026-02-24 19:56:26,841 [INFO] Episode 1248 COMPLETE | Reward 749.80 | Steps 1000 | Terminated False | Truncated True
2026-02-24 19:56:31,874 [INFO] Step 0: reward=-0.230, dist=2.41
2026-02-24 19:56:38,519 [INFO] Step 200: reward=-0.205, dist=3.11
2026-02-24 19:56:41,152 [INFO] Policy action (normalized): v = +0.999, w = +0.989 | Cmd_vel (scaled): v = +0.999 m/s, w = +0.989 rad/s
2026-02-24 19:56:44,541 [INFO] Step 400: reward=-0.059, dist=5.09
2026-02-24 19:56:45,249 [INFO] Performing PPO update at global step 1030144
2026-02-24 19:56:45,536 [INFO] PPO losses — policy: -0.0016, value: 1430.7780, entropy: 4.2242
2026-02-24 19:56:45,541 [INFO] PPO update completed. Buffer cleared.
2026-02-24 19:56:50,226 [INFO] Step 600: reward=0.093, dist=5.29
2026-02-24 19:56:57,923 [INFO] Step 800: reward=6.350, dist=1.95
2026-02-24 19:57:00,020 [INFO] Episode 1249 COMPLETE | Reward 880.69 | Steps 865 | Terminated True | Truncated False
2026-02-24 19:57:04,287 [INFO] Step 0: reward=-0.213, dist=2.35
2026-02-24 19:57:12,565 [INFO] Step 200: reward=0.084, dist=4.47
2026-02-24 19:57:18,801 [INFO] Step 400: reward=6.494, dist=2.96
2026-02-24 19:57:23,452 [INFO] Episode 1250 COMPLETE | Reward 860.20 | Steps 552 | Terminated True | Truncated False
2026-02-24 19:57:23,482 [INFO] Checkpoint saved: checkpoints/ppo_ep_01250.pt
2026-02-24 19:57:26,374 [INFO] Step 0: reward=-2.158, dist=3.94
2026-02-24 19:57:33,569 [INFO] Step 200: reward=-0.015, dist=5.82
2026-02-24 19:57:40,999 [INFO] Step 400: reward=-1.640, dist=6.39
2026-02-24 19:57:49,078 [INFO] Step 600: reward=0.658, dist=3.96
2026-02-24 19:57:55,105 [INFO] Step 800: reward=5.844, dist=1.30
2026-02-24 19:57:55,830 [INFO] Episode 1251 COMPLETE | Reward 1524.11 | Steps 820 | Terminated True | Truncated False
2026-02-24 19:57:55,866 [INFO] New BEST model saved! Reward = 1524.11 (episode 1251)
2026-02-24 19:57:58,904 [INFO] Step 0: reward=-0.227, dist=2.58
2026-02-24 19:58:05,027 [INFO] Step 200: reward=-1.471, dist=4.06
2026-02-24 19:58:06,388 [INFO] Performing PPO update at global step 1032192
2026-02-24 19:58:06,652 [INFO] PPO losses — policy: 0.0225, value: 1776.3870, entropy: 4.2242
2026-02-24 19:58:06,657 [INFO] PPO update completed. Buffer cleared.
2026-02-24 19:58:12,053 [INFO] Step 400: reward=-0.206, dist=3.24
2026-02-24 19:58:17,607 [INFO] Episode 1252 COMPLETE | Reward 556.67 | Steps 577 | Terminated True | Truncated False
2026-02-24 19:58:22,994 [INFO] Step 0: reward=-0.305, dist=2.32
2026-02-24 19:58:29,782 [INFO] Step 200: reward=0.095, dist=4.58
2026-02-24 19:58:34,481 [INFO] Step 400: reward=-1.912, dist=5.78
2026-02-24 19:58:42,206 [INFO] Step 600: reward=0.454, dist=4.78
2026-02-24 19:58:48,195 [INFO] Step 800: reward=4.145, dist=2.17
2026-02-24 19:58:51,189 [INFO] Episode 1253 COMPLETE | Reward 1014.10 | Steps 949 | Terminated True | Truncated False
2026-02-24 19:58:56,054 [INFO] Step 0: reward=-0.250, dist=2.86
2026-02-24 19:59:04,288 [INFO] Step 200: reward=-0.175, dist=2.99
2026-02-24 19:59:09,965 [INFO] Step 400: reward=-0.151, dist=1.59
2026-02-24 19:59:11,496 [INFO] Episode 1254 COMPLETE | Reward -38.49 | Steps 433 | Terminated True | Truncated False
2026-02-24 19:59:14,808 [INFO] Step 0: reward=-0.206, dist=2.32
2026-02-24 19:59:22,339 [INFO] Step 200: reward=-0.102, dist=4.24
2026-02-24 19:59:24,932 [INFO] Performing PPO update at global step 1034240
2026-02-24 19:59:25,205 [INFO] PPO losses — policy: -0.0013, value: 979.7519, entropy: 4.2242
2026-02-24 19:59:25,210 [INFO] PPO update completed. Buffer cleared.
2026-02-24 19:59:29,268 [INFO] Step 400: reward=0.076, dist=4.05
2026-02-24 19:59:34,258 [INFO] Step 600: reward=4.149, dist=2.45
2026-02-24 19:59:38,802 [INFO] Episode 1255 COMPLETE | Reward 710.82 | Steps 749 | Terminated True | Truncated False
2026-02-24 19:59:38,834 [INFO] Checkpoint saved: checkpoints/ppo_ep_01255.pt
2026-02-24 19:59:42,099 [INFO] Step 0: reward=5.993, dist=3.62
2026-02-24 19:59:47,626 [INFO] Episode 1256 COMPLETE | Reward 1171.82 | Steps 175 | Terminated True | Truncated False
2026-02-24 20:00:12,748 [INFO] Step 0: reward=-100.000, dist=849.49
2026-02-24 20:00:12,748 [INFO] Episode 1257 COMPLETE | Reward -100.00 | Steps 1 | Terminated False | Truncated True
2026-02-24 20:00:15,797 [INFO] Step 0: reward=-0.205, dist=2.04
2026-02-24 20:00:23,141 [INFO] Step 200: reward=-2.290, dist=2.54
2026-02-24 20:00:30,931 [INFO] Step 400: reward=-0.005, dist=4.02
2026-02-24 20:00:36,504 [INFO] Step 600: reward=-0.236, dist=3.73
2026-02-24 20:00:41,627 [INFO] Step 800: reward=0.542, dist=2.34
2026-02-24 20:00:45,986 [INFO] Episode 1258 COMPLETE | Reward -84.45 | Steps 918 | Terminated True | Truncated False
2026-02-24 20:00:49,155 [INFO] Step 0: reward=-0.206, dist=3.57
2026-02-24 20:00:56,228 [INFO] Step 200: reward=0.089, dist=5.38
2026-02-24 20:01:01,384 [INFO] Step 400: reward=-0.005, dist=6.70
2026-02-24 20:01:03,699 [INFO] Performing PPO update at global step 1036288
2026-02-24 20:01:03,987 [INFO] PPO losses — policy: 0.0040, value: 859.7137, entropy: 4.2242
2026-02-24 20:01:03,993 [INFO] PPO update completed. Buffer cleared.
2026-02-24 20:01:05,375 [INFO] Step 600: reward=0.120, dist=6.83
2026-02-24 20:01:11,488 [INFO] Step 800: reward=0.504, dist=5.80
2026-02-24 20:01:17,047 [INFO] Episode 1259 COMPLETE | Reward 74.81 | Steps 1000 | Terminated False | Truncated True
2026-02-24 20:01:21,389 [INFO] Step 0: reward=-0.206, dist=3.85
2026-02-24 20:01:28,301 [INFO] Episode 1260 COMPLETE | Reward 924.35 | Steps 178 | Terminated True | Truncated False
2026-02-24 20:01:28,322 [INFO] Checkpoint saved: checkpoints/ppo_ep_01260.pt
2026-02-24 20:01:31,419 [INFO] Step 0: reward=-0.225, dist=2.19
2026-02-24 20:01:39,908 [INFO] Step 200: reward=-0.048, dist=4.72
2026-02-24 20:01:46,259 [INFO] Step 400: reward=0.094, dist=4.51
2026-02-24 20:01:51,595 [INFO] Step 600: reward=6.517, dist=2.36
2026-02-24 20:01:55,494 [INFO] Episode 1261 COMPLETE | Reward 1384.93 | Steps 778 | Terminated True | Truncated False
2026-02-24 20:01:58,723 [INFO] Step 0: reward=-0.207, dist=2.66
2026-02-24 20:02:04,912 [INFO] Step 200: reward=-0.546, dist=3.25
2026-02-24 20:02:10,937 [INFO] Step 400: reward=0.071, dist=4.89
2026-02-24 20:02:15,824 [INFO] Step 600: reward=0.137, dist=4.93
2026-02-24 20:02:15,910 [INFO] Performing PPO update at global step 1038336
2026-02-24 20:02:16,186 [INFO] PPO losses — policy: 0.0065, value: 1441.5504, entropy: 4.2242
2026-02-24 20:02:16,192 [INFO] PPO update completed. Buffer cleared.
2026-02-24 20:02:23,975 [INFO] Step 800: reward=-2.500, dist=3.48
2026-02-24 20:02:29,623 [INFO] Episode 1262 COMPLETE | Reward 285.50 | Steps 930 | Terminated True | Truncated False
2026-02-24 20:02:33,684 [INFO] Step 0: reward=-0.210, dist=3.74
2026-02-24 20:02:37,883 [INFO] Step 200: reward=6.626, dist=1.93
2026-02-24 20:02:40,773 [INFO] Episode 1263 COMPLETE | Reward 1514.27 | Steps 292 | Terminated True | Truncated False
2026-02-24 20:02:45,044 [INFO] Step 0: reward=-1.338, dist=2.55
2026-02-24 20:02:49,762 [INFO] Step 200: reward=-0.162, dist=2.33
2026-02-24 20:02:57,614 [INFO] Episode 1264 COMPLETE | Reward 1.06 | Steps 390 | Terminated True | Truncated False
2026-02-24 20:03:01,909 [INFO] Step 0: reward=-0.238, dist=2.00
2026-02-24 20:03:08,267 [INFO] Step 200: reward=-1.083, dist=4.01
2026-02-24 20:03:14,211 [INFO] Step 400: reward=0.195, dist=4.13
2026-02-24 20:03:20,370 [INFO] Step 600: reward=6.649, dist=2.37
2026-02-24 20:03:23,120 [INFO] Policy action (normalized): v = +0.115, w = -0.996 | Cmd_vel (scaled): v = +0.115 m/s, w = -0.996 rad/s
2026-02-24 20:03:23,716 [INFO] Episode 1265 COMPLETE | Reward 483.00 | Steps 681 | Terminated True | Truncated False
2026-02-24 20:03:23,743 [INFO] Checkpoint saved: checkpoints/ppo_ep_01265.pt
2026-02-24 20:03:26,972 [INFO] Step 0: reward=-0.305, dist=2.04
2026-02-24 20:03:32,571 [INFO] Step 200: reward=-2.206, dist=3.92
2026-02-24 20:03:39,110 [INFO] Performing PPO update at global step 1040384
2026-02-24 20:03:39,381 [INFO] PPO losses — policy: 0.0096, value: 1689.7054, entropy: 4.2242
2026-02-24 20:03:39,389 [INFO] PPO update completed. Buffer cleared.
2026-02-24 20:03:39,927 [INFO] Step 400: reward=-1.856, dist=4.64
2026-02-24 20:03:47,042 [INFO] Step 600: reward=6.624, dist=3.00
2026-02-24 20:03:52,708 [INFO] Episode 1266 COMPLETE | Reward 929.95 | Steps 789 | Terminated True | Truncated False
2026-02-24 20:03:57,261 [INFO] Step 0: reward=-0.208, dist=2.70
2026-02-24 20:04:03,410 [INFO] Step 200: reward=-1.905, dist=4.64
2026-02-24 20:04:08,819 [INFO] Step 400: reward=0.112, dist=5.14
2026-02-24 20:04:13,686 [INFO] Step 600: reward=0.420, dist=4.00
2026-02-24 20:04:20,119 [INFO] Step 800: reward=5.083, dist=1.36
2026-02-24 20:04:21,378 [INFO] Episode 1267 COMPLETE | Reward 850.47 | Steps 868 | Terminated True | Truncated False
2026-02-24 20:04:24,339 [INFO] Step 0: reward=-0.205, dist=2.81
2026-02-24 20:04:29,135 [INFO] Step 200: reward=0.202, dist=1.38
2026-02-24 20:04:30,408 [INFO] Episode 1268 COMPLETE | Reward 376.90 | Steps 255 | Terminated True | Truncated False
2026-02-24 20:04:34,801 [INFO] Step 0: reward=-0.208, dist=2.56
2026-02-24 20:04:41,094 [INFO] Step 200: reward=-0.735, dist=4.14
2026-02-24 20:04:48,452 [INFO] Step 400: reward=0.143, dist=5.16
2026-02-24 20:04:52,136 [INFO] Performing PPO update at global step 1042432
2026-02-24 20:04:52,409 [INFO] PPO losses — policy: 0.0728, value: 916.3252, entropy: 4.2242
2026-02-24 20:04:52,415 [INFO] PPO update completed. Buffer cleared.
2026-02-24 20:04:55,112 [INFO] Step 600: reward=5.782, dist=3.09
2026-02-24 20:04:59,659 [INFO] Episode 1269 COMPLETE | Reward 816.75 | Steps 702 | Terminated True | Truncated False
2026-02-24 20:05:02,710 [INFO] Step 0: reward=5.984, dist=2.27
2026-02-24 20:05:07,020 [INFO] Episode 1270 COMPLETE | Reward 851.93 | Steps 177 | Terminated True | Truncated False
2026-02-24 20:05:07,038 [INFO] Checkpoint saved: checkpoints/ppo_ep_01270.pt
2026-02-24 20:05:11,314 [INFO] Step 0: reward=-0.227, dist=2.44
2026-02-24 20:05:18,248 [INFO] Step 200: reward=-0.982, dist=4.46
2026-02-24 20:05:23,135 [INFO] Step 400: reward=-1.584, dist=4.94
2026-02-24 20:05:28,451 [INFO] Step 600: reward=-1.957, dist=4.18
2026-02-24 20:05:35,090 [INFO] Step 800: reward=5.547, dist=1.43
2026-02-24 20:05:36,271 [INFO] Episode 1271 COMPLETE | Reward 798.09 | Steps 839 | Terminated True | Truncated False
2026-02-24 20:05:41,042 [INFO] Step 0: reward=-1.924, dist=3.92
2026-02-24 20:05:47,329 [INFO] Step 200: reward=-5.091, dist=1.97
2026-02-24 20:05:49,758 [INFO] Episode 1272 COMPLETE | Reward 965.66 | Steps 284 | Terminated True | Truncated False
2026-02-24 20:05:52,904 [INFO] Step 0: reward=-0.206, dist=2.90
2026-02-24 20:06:01,400 [INFO] Step 200: reward=0.095, dist=4.77
2026-02-24 20:06:06,826 [INFO] Step 400: reward=-1.915, dist=4.05
2026-02-24 20:06:10,998 [INFO] Performing PPO update at global step 1044480
2026-02-24 20:06:11,270 [INFO] PPO losses — policy: 0.0227, value: 1737.8206, entropy: 4.2242
2026-02-24 20:06:11,276 [INFO] PPO update completed. Buffer cleared.
2026-02-24 20:06:12,312 [INFO] Step 600: reward=-8.356, dist=1.87
2026-02-24 20:06:14,322 [INFO] Episode 1273 COMPLETE | Reward 1179.23 | Steps 693 | Terminated True | Truncated False
2026-02-24 20:06:16,931 [INFO] Step 0: reward=5.995, dist=2.20
2026-02-24 20:06:19,585 [INFO] Episode 1274 COMPLETE | Reward 559.15 | Steps 62 | Terminated True | Truncated False
2026-02-24 20:06:22,624 [INFO] Step 0: reward=-0.206, dist=2.33
2026-02-24 20:06:28,844 [INFO] Step 200: reward=-1.905, dist=4.07
2026-02-24 20:06:35,748 [INFO] Step 400: reward=0.084, dist=6.25
2026-02-24 20:06:40,994 [INFO] Step 600: reward=-0.453, dist=7.78
2026-02-24 20:06:45,648 [INFO] Step 800: reward=0.092, dist=8.59
2026-02-24 20:06:51,674 [INFO] Episode 1275 COMPLETE | Reward -753.41 | Steps 1000 | Terminated False | Truncated True
2026-02-24 20:06:51,698 [INFO] Checkpoint saved: checkpoints/ppo_ep_01275.pt
2026-02-24 20:06:56,007 [INFO] Step 0: reward=-1.258, dist=2.98
2026-02-24 20:07:02,180 [INFO] Step 200: reward=-0.267, dist=3.92
2026-02-24 20:07:07,552 [INFO] Step 400: reward=-0.017, dist=4.22
2026-02-24 20:07:11,983 [INFO] Step 600: reward=0.095, dist=4.16
2026-02-24 20:07:18,347 [INFO] Step 800: reward=-0.146, dist=3.27
2026-02-24 20:07:19,512 [INFO] Performing PPO update at global step 1046528
2026-02-24 20:07:19,802 [INFO] PPO losses — policy: 0.0066, value: 309.2274, entropy: 4.2242
2026-02-24 20:07:19,807 [INFO] PPO update completed. Buffer cleared.
2026-02-24 20:07:24,200 [INFO] Episode 1276 COMPLETE | Reward -707.71 | Steps 1000 | Terminated False | Truncated True
2026-02-24 20:07:27,236 [INFO] Step 0: reward=-1.189, dist=3.01
2026-02-24 20:07:33,298 [INFO] Step 200: reward=-0.144, dist=2.53
2026-02-24 20:07:40,224 [INFO] Step 400: reward=0.463, dist=1.30
2026-02-24 20:07:41,025 [INFO] Episode 1277 COMPLETE | Reward -10.24 | Steps 436 | Terminated True | Truncated False
2026-02-24 20:07:44,159 [INFO] Step 0: reward=-0.523, dist=2.19
2026-02-24 20:07:51,219 [INFO] Step 200: reward=-1.907, dist=4.20
2026-02-24 20:07:57,102 [INFO] Step 400: reward=0.094, dist=5.51
2026-02-24 20:08:04,613 [INFO] Step 600: reward=0.009, dist=5.55
2026-02-24 20:08:09,801 [INFO] Step 800: reward=0.043, dist=4.93
2026-02-24 20:08:14,999 [INFO] Episode 1278 COMPLETE | Reward -552.41 | Steps 1000 | Terminated False | Truncated True
2026-02-24 20:08:19,122 [INFO] Step 0: reward=-0.257, dist=2.52
2026-02-24 20:08:25,121 [INFO] Step 200: reward=0.037, dist=4.62
2026-02-24 20:08:32,085 [INFO] Step 400: reward=-0.126, dist=6.66
2026-02-24 20:08:33,530 [INFO] Performing PPO update at global step 1048576
2026-02-24 20:08:33,806 [INFO] PPO losses — policy: -0.0041, value: 293.0801, entropy: 4.2242
2026-02-24 20:08:33,812 [INFO] PPO update completed. Buffer cleared.
2026-02-24 20:08:39,828 [INFO] Step 600: reward=0.073, dist=8.05
2026-02-24 20:08:47,059 [INFO] Step 800: reward=0.055, dist=7.53
2026-02-24 20:08:52,306 [INFO] Episode 1279 COMPLETE | Reward -485.74 | Steps 1000 | Terminated False | Truncated True
2026-02-24 20:08:55,919 [INFO] Step 0: reward=-0.305, dist=3.42
2026-02-24 20:09:01,309 [INFO] Step 200: reward=-0.314, dist=3.40
2026-02-24 20:09:07,882 [INFO] Step 400: reward=-0.214, dist=3.82
2026-02-24 20:09:11,155 [INFO] Step 600: reward=-0.214, dist=3.63
2026-02-24 20:09:18,856 [INFO] Step 800: reward=0.762, dist=1.52
2026-02-24 20:09:20,005 [INFO] Episode 1280 COMPLETE | Reward -303.82 | Steps 836 | Terminated True | Truncated False
2026-02-24 20:09:20,022 [INFO] Checkpoint saved: checkpoints/ppo_ep_01280.pt
2026-02-24 20:09:22,976 [INFO] Step 0: reward=-0.210, dist=3.11
2026-02-24 20:09:24,356 [INFO] Policy action (normalized): v = +0.897, w = +0.818 | Cmd_vel (scaled): v = +0.897 m/s, w = +0.818 rad/s
2026-02-24 20:09:31,060 [INFO] Step 200: reward=-0.082, dist=4.51
2026-02-24 20:09:37,312 [INFO] Step 400: reward=0.092, dist=6.39
2026-02-24 20:09:44,289 [INFO] Step 600: reward=-1.971, dist=7.42
2026-02-24 20:09:45,549 [INFO] Performing PPO update at global step 1050624
2026-02-24 20:09:45,948 [INFO] PPO losses — policy: 0.0283, value: 203.7689, entropy: 4.2242
2026-02-24 20:09:45,956 [INFO] PPO update completed. Buffer cleared.
2026-02-24 20:09:51,265 [INFO] Step 800: reward=0.338, dist=6.57
2026-02-24 20:09:56,996 [INFO] Episode 1281 COMPLETE | Reward -439.68 | Steps 1000 | Terminated False | Truncated True
2026-02-24 20:09:59,999 [INFO] Step 0: reward=-0.224, dist=3.52
2026-02-24 20:10:06,532 [INFO] Step 200: reward=-0.305, dist=2.77
2026-02-24 20:10:11,303 [INFO] Step 400: reward=5.682, dist=1.11
2026-02-24 20:10:11,536 [INFO] Episode 1282 COMPLETE | Reward 260.37 | Steps 407 | Terminated True | Truncated False
2026-02-24 20:10:13,765 [INFO] Step 0: reward=-0.906, dist=3.82
2026-02-24 20:10:19,346 [INFO] Step 200: reward=-0.079, dist=5.20
2026-02-24 20:10:25,966 [INFO] Step 400: reward=-1.911, dist=6.41
2026-02-24 20:10:32,216 [INFO] Step 600: reward=-1.949, dist=6.28
2026-02-24 20:10:37,631 [INFO] Step 800: reward=6.191, dist=4.86
2026-02-24 20:10:42,819 [INFO] Episode 1283 COMPLETE | Reward 479.67 | Steps 1000 | Terminated False | Truncated True
2026-02-24 20:10:46,017 [INFO] Step 0: reward=-0.211, dist=2.51
2026-02-24 20:10:54,267 [INFO] Step 200: reward=-0.181, dist=4.91
2026-02-24 20:10:57,701 [INFO] Performing PPO update at global step 1052672
2026-02-24 20:10:57,964 [INFO] PPO losses — policy: 0.0069, value: 1322.5455, entropy: 4.2242
2026-02-24 20:10:57,968 [INFO] PPO update completed. Buffer cleared.
2026-02-24 20:10:59,653 [INFO] Step 400: reward=-0.028, dist=5.50
2026-02-24 20:11:05,324 [INFO] Step 600: reward=0.079, dist=6.07
2026-02-24 20:11:12,234 [INFO] Step 800: reward=0.095, dist=6.83
2026-02-24 20:11:18,971 [INFO] Episode 1284 COMPLETE | Reward -547.66 | Steps 1000 | Terminated False | Truncated True
2026-02-24 20:11:30,602 [INFO] Step 0: reward=0.078, dist=4.24
2026-02-24 20:11:38,891 [INFO] Step 200: reward=-0.121, dist=2.92
2026-02-24 20:11:46,973 [INFO] Step 400: reward=-1.115, dist=2.55
2026-02-24 20:11:52,485 [INFO] Step 600: reward=-0.835, dist=4.15
2026-02-24 20:11:55,757 [INFO] Episode 1285 COMPLETE | Reward 120.65 | Steps 694 | Terminated True | Truncated False
2026-02-24 20:11:55,779 [INFO] Checkpoint saved: checkpoints/ppo_ep_01285.pt
2026-02-24 20:11:58,917 [INFO] Step 0: reward=-0.210, dist=2.08
2026-02-24 20:12:05,346 [INFO] Step 200: reward=-0.494, dist=4.45
2026-02-24 20:12:13,236 [INFO] Step 400: reward=-0.127, dist=6.28
2026-02-24 20:12:18,924 [INFO] Step 600: reward=0.017, dist=7.18
2026-02-24 20:12:21,712 [INFO] Performing PPO update at global step 1054720
2026-02-24 20:12:21,987 [INFO] PPO losses — policy: -0.0017, value: 601.9969, entropy: 4.2242
2026-02-24 20:12:21,993 [INFO] PPO update completed. Buffer cleared.
2026-02-24 20:12:26,466 [INFO] Step 800: reward=0.066, dist=8.02
2026-02-24 20:12:32,922 [INFO] Episode 1286 COMPLETE | Reward -537.68 | Steps 1000 | Terminated False | Truncated True
2026-02-24 20:12:37,183 [INFO] Step 0: reward=-0.220, dist=3.82
2026-02-24 20:12:42,964 [INFO] Step 200: reward=-0.064, dist=4.45
2026-02-24 20:12:47,945 [INFO] Step 400: reward=-0.432, dist=5.96
2026-02-24 20:12:52,934 [INFO] Step 600: reward=0.039, dist=7.15
2026-02-24 20:12:58,886 [INFO] Step 800: reward=-0.089, dist=7.71
2026-02-24 20:13:04,924 [INFO] Episode 1287 COMPLETE | Reward -658.09 | Steps 1000 | Terminated False | Truncated True
2026-02-24 20:13:09,150 [INFO] Step 0: reward=-0.305, dist=3.34
2026-02-24 20:13:17,665 [INFO] Step 200: reward=-0.174, dist=5.41
2026-02-24 20:13:24,758 [INFO] Step 400: reward=0.078, dist=7.26
2026-02-24 20:13:30,859 [INFO] Step 600: reward=-1.906, dist=8.03
2026-02-24 20:13:35,091 [INFO] Performing PPO update at global step 1056768
2026-02-24 20:13:35,524 [INFO] PPO losses — policy: 0.0723, value: 62.4824, entropy: 4.2242
2026-02-24 20:13:35,530 [INFO] PPO update completed. Buffer cleared.
2026-02-24 20:13:38,804 [INFO] Step 800: reward=-0.001, dist=8.21
2026-02-24 20:13:46,440 [INFO] Episode 1288 COMPLETE | Reward -429.88 | Steps 1000 | Terminated False | Truncated True
2026-02-24 20:13:50,180 [INFO] Step 0: reward=-0.214, dist=3.69
2026-02-24 20:13:57,120 [INFO] Step 200: reward=-0.110, dist=5.18
2026-02-24 20:14:05,511 [INFO] Step 400: reward=-0.095, dist=7.88
2026-02-24 20:14:11,800 [INFO] Step 600: reward=-0.252, dist=9.87
2026-02-24 20:14:15,266 [INFO] Step 800: reward=-1.962, dist=10.79
2026-02-24 20:14:23,280 [INFO] Episode 1289 COMPLETE | Reward -523.18 | Steps 1000 | Terminated False | Truncated True
2026-02-24 20:14:26,504 [INFO] Step 0: reward=-0.261, dist=2.57
2026-02-24 20:14:31,543 [INFO] Step 200: reward=-4.185, dist=3.87
2026-02-24 20:14:39,158 [INFO] Step 400: reward=-1.685, dist=5.86
2026-02-24 20:14:46,062 [INFO] Step 600: reward=-1.746, dist=6.63
2026-02-24 20:14:51,429 [INFO] Performing PPO update at global step 1058816
2026-02-24 20:14:51,832 [INFO] PPO losses — policy: 0.0015, value: 114.1663, entropy: 4.2242
2026-02-24 20:14:51,839 [INFO] PPO update completed. Buffer cleared.
2026-02-24 20:14:53,226 [INFO] Step 800: reward=0.090, dist=6.11
2026-02-24 20:14:59,397 [INFO] Episode 1290 COMPLETE | Reward -546.83 | Steps 1000 | Terminated False | Truncated True
2026-02-24 20:14:59,424 [INFO] Checkpoint saved: checkpoints/ppo_ep_01290.pt
2026-02-24 20:15:03,606 [INFO] Step 0: reward=-1.434, dist=2.84
2026-02-24 20:15:09,357 [INFO] Step 200: reward=-2.205, dist=2.49
2026-02-24 20:15:15,883 [INFO] Step 400: reward=-0.320, dist=4.55
2026-02-24 20:15:24,855 [INFO] Step 600: reward=-1.252, dist=7.12
2026-02-24 20:15:31,247 [INFO] Step 800: reward=-0.103, dist=9.12
2026-02-24 20:15:35,547 [INFO] Policy action (normalized): v = +0.955, w = +1.000 | Cmd_vel (scaled): v = +0.955 m/s, w = +1.000 rad/s
2026-02-24 20:15:37,738 [INFO] Episode 1291 COMPLETE | Reward -542.27 | Steps 1000 | Terminated False | Truncated True
2026-02-24 20:15:40,779 [INFO] Step 0: reward=-0.220, dist=3.92
2026-02-24 20:15:47,329 [INFO] Step 200: reward=6.137, dist=1.33
2026-02-24 20:15:48,006 [INFO] Episode 1292 COMPLETE | Reward 930.17 | Steps 217 | Terminated True | Truncated False
2026-02-24 20:15:52,758 [INFO] Step 0: reward=-0.231, dist=2.57
2026-02-24 20:15:57,081 [INFO] Step 200: reward=-1.413, dist=3.74
2026-02-24 20:16:04,746 [INFO] Step 400: reward=0.047, dist=5.76
2026-02-24 20:16:08,488 [INFO] Performing PPO update at global step 1060864
2026-02-24 20:16:08,748 [INFO] PPO losses — policy: 0.0124, value: 639.7583, entropy: 4.2242
2026-02-24 20:16:08,753 [INFO] PPO update completed. Buffer cleared.
2026-02-24 20:16:08,901 [INFO] Step 600: reward=0.060, dist=6.53
2026-02-24 20:16:14,680 [INFO] Step 800: reward=0.091, dist=7.73
2026-02-24 20:16:22,514 [INFO] Episode 1293 COMPLETE | Reward -651.99 | Steps 1000 | Terminated False | Truncated True
2026-02-24 20:16:26,959 [INFO] Step 0: reward=5.989, dist=2.03
2026-02-24 20:16:29,194 [INFO] Episode 1294 COMPLETE | Reward 495.43 | Steps 52 | Terminated True | Truncated False
2026-02-24 20:16:32,274 [INFO] Step 0: reward=-0.216, dist=3.17
2026-02-24 20:16:36,515 [INFO] Step 200: reward=-0.205, dist=4.53
2026-02-24 20:16:42,992 [INFO] Step 400: reward=0.094, dist=6.72
2026-02-24 20:16:49,714 [INFO] Step 600: reward=-1.307, dist=8.61
2026-02-24 20:16:55,954 [INFO] Step 800: reward=-0.005, dist=9.92
2026-02-24 20:17:03,088 [INFO] Episode 1295 COMPLETE | Reward -669.12 | Steps 1000 | Terminated False | Truncated True
2026-02-24 20:17:03,105 [INFO] Checkpoint saved: checkpoints/ppo_ep_01295.pt
2026-02-24 20:17:06,164 [INFO] Step 0: reward=-0.219, dist=3.99
2026-02-24 20:17:12,238 [INFO] Step 200: reward=0.095, dist=5.85
2026-02-24 20:17:17,949 [INFO] Step 400: reward=0.017, dist=7.25
2026-02-24 20:17:25,185 [INFO] Performing PPO update at global step 1062912
2026-02-24 20:17:25,464 [INFO] PPO losses — policy: 0.0537, value: 129.6744, entropy: 4.2242
2026-02-24 20:17:25,470 [INFO] PPO update completed. Buffer cleared.
2026-02-24 20:17:26,184 [INFO] Step 600: reward=-0.092, dist=8.25
2026-02-24 20:17:32,876 [INFO] Step 800: reward=0.209, dist=7.92
2026-02-24 20:17:38,546 [INFO] Episode 1296 COMPLETE | Reward -442.46 | Steps 1000 | Terminated False | Truncated True
2026-02-24 20:17:42,776 [INFO] Step 0: reward=-0.205, dist=2.33
2026-02-24 20:17:48,077 [INFO] Step 200: reward=-0.305, dist=3.15
2026-02-24 20:17:54,510 [INFO] Step 400: reward=-0.144, dist=2.74
2026-02-24 20:18:01,662 [INFO] Step 600: reward=-0.134, dist=2.20
2026-02-24 20:18:07,047 [INFO] Step 800: reward=-2.066, dist=1.69
2026-02-24 20:18:12,179 [INFO] Episode 1297 COMPLETE | Reward -984.88 | Steps 1000 | Terminated False | Truncated True
2026-02-24 20:18:23,733 [INFO] Step 0: reward=-1.177, dist=4.24
2026-02-24 20:18:27,735 [INFO] Step 200: reward=-0.116, dist=3.36
2026-02-24 20:18:33,270 [INFO] Step 400: reward=-2.208, dist=1.78
2026-02-24 20:18:40,306 [INFO] Step 600: reward=-0.225, dist=2.20
2026-02-24 20:18:41,303 [INFO] Performing PPO update at global step 1064960
2026-02-24 20:18:41,576 [INFO] PPO losses — policy: 0.0040, value: 169.0161, entropy: 4.2242
2026-02-24 20:18:41,581 [INFO] PPO update completed. Buffer cleared.
2026-02-24 20:18:47,315 [INFO] Step 800: reward=0.540, dist=2.96
2026-02-24 20:18:51,171 [INFO] Episode 1298 COMPLETE | Reward -0.87 | Steps 896 | Terminated True | Truncated False
2026-02-24 20:18:55,883 [INFO] Step 0: reward=-0.567, dist=2.24
2026-02-24 20:18:58,737 [INFO] Episode 1299 COMPLETE | Reward 1060.74 | Steps 167 | Terminated True | Truncated False
2026-02-24 20:19:01,905 [INFO] Step 0: reward=-0.305, dist=3.26
2026-02-24 20:19:07,117 [INFO] Step 200: reward=-0.228, dist=2.80
2026-02-24 20:19:13,739 [INFO] Step 400: reward=0.080, dist=4.13
2026-02-24 20:19:20,306 [INFO] Step 600: reward=-1.916, dist=5.40
2026-02-24 20:19:27,100 [INFO] Step 800: reward=0.081, dist=6.96
2026-02-24 20:19:34,291 [INFO] Episode 1300 COMPLETE | Reward -724.23 | Steps 1000 | Terminated False | Truncated True
2026-02-24 20:19:34,309 [INFO] Checkpoint saved: checkpoints/ppo_ep_01300.pt
2026-02-24 20:19:38,496 [INFO] Step 0: reward=-0.207, dist=2.24
2026-02-24 20:19:46,253 [INFO] Step 200: reward=-0.276, dist=3.56
2026-02-24 20:19:53,244 [INFO] Step 400: reward=0.022, dist=4.74
2026-02-24 20:19:58,398 [INFO] Step 600: reward=-1.930, dist=4.74
2026-02-24 20:19:58,958 [INFO] Performing PPO update at global step 1067008
2026-02-24 20:19:59,323 [INFO] PPO losses — policy: 0.0512, value: 839.0802, entropy: 4.2242
2026-02-24 20:19:59,329 [INFO] PPO update completed. Buffer cleared.
2026-02-24 20:20:04,970 [INFO] Step 800: reward=-0.970, dist=3.95
2026-02-24 20:20:10,398 [INFO] Episode 1301 COMPLETE | Reward -690.63 | Steps 1000 | Terminated False | Truncated True
2026-02-24 20:20:14,039 [INFO] Step 0: reward=-8.980, dist=3.77
2026-02-24 20:20:19,331 [INFO] Step 200: reward=5.574, dist=1.46
2026-02-24 20:20:20,505 [INFO] Episode 1302 COMPLETE | Reward 1651.09 | Steps 264 | Terminated True | Truncated False
2026-02-24 20:20:20,542 [INFO] New BEST model saved! Reward = 1651.09 (episode 1302)
2026-02-24 20:20:22,853 [INFO] Step 0: reward=-2.161, dist=2.48
2026-02-24 20:20:27,382 [INFO] Step 200: reward=-0.647, dist=3.88
2026-02-24 20:20:34,436 [INFO] Step 400: reward=0.065, dist=5.88
2026-02-24 20:20:39,968 [INFO] Step 600: reward=0.043, dist=6.54
2026-02-24 20:20:46,102 [INFO] Step 800: reward=0.090, dist=6.27
2026-02-24 20:20:52,014 [INFO] Episode 1303 COMPLETE | Reward -632.00 | Steps 1000 | Terminated False | Truncated True
2026-02-24 20:20:56,040 [INFO] Step 0: reward=-0.208, dist=2.80
2026-02-24 20:21:01,203 [INFO] Step 200: reward=-0.467, dist=3.91
2026-02-24 20:21:06,948 [INFO] Performing PPO update at global step 1069056
2026-02-24 20:21:07,330 [INFO] PPO losses — policy: 0.0728, value: 565.9328, entropy: 4.2242
2026-02-24 20:21:07,336 [INFO] PPO update completed. Buffer cleared.
2026-02-24 20:21:07,349 [INFO] Step 400: reward=0.090, dist=4.96
2026-02-24 20:21:12,740 [INFO] Step 600: reward=0.058, dist=4.83
2026-02-24 20:21:18,123 [INFO] Step 800: reward=-1.595, dist=3.51
2026-02-24 20:21:23,792 [INFO] Episode 1304 COMPLETE | Reward 542.20 | Steps 969 | Terminated True | Truncated False
2026-02-24 20:21:28,799 [INFO] Step 0: reward=-0.252, dist=2.88
2026-02-24 20:21:33,330 [INFO] Episode 1305 COMPLETE | Reward 610.13 | Steps 130 | Terminated True | Truncated False
2026-02-24 20:21:33,359 [INFO] Checkpoint saved: checkpoints/ppo_ep_01305.pt
2026-02-24 20:21:36,372 [INFO] Step 0: reward=-0.205, dist=3.82
2026-02-24 20:21:42,049 [INFO] Step 200: reward=-0.207, dist=3.12
2026-02-24 20:21:42,886 [INFO] Policy action (normalized): v = +1.000, w = +0.288 | Cmd_vel (scaled): v = +1.000 m/s, w = +0.288 rad/s
2026-02-24 20:21:47,189 [INFO] Episode 1306 COMPLETE | Reward 513.50 | Steps 352 | Terminated True | Truncated False
2026-02-24 20:21:49,948 [INFO] Step 0: reward=-0.209, dist=3.52
2026-02-24 20:21:54,959 [INFO] Step 200: reward=0.013, dist=4.53
2026-02-24 20:22:03,182 [INFO] Step 400: reward=-0.305, dist=3.85
2026-02-24 20:22:26,678 [INFO] Step 600: reward=-0.010, dist=0.00
2026-02-24 20:23:28,085 [INFO] Step 800: reward=-0.010, dist=0.00
2026-02-24 20:24:27,835 [INFO] Performing PPO update at global step 1071104
2026-02-24 20:24:28,074 [INFO] PPO losses — policy: 0.0697, value: 1641.8351, entropy: 4.2242
2026-02-24 20:24:28,079 [INFO] PPO update completed. Buffer cleared.
2026-02-24 20:24:29,628 [INFO] Step 1000: reward=-0.010, dist=0.00
2026-02-24 20:25:31,347 [INFO] Step 1200: reward=-0.010, dist=0.00
2026-02-24 20:26:33,078 [INFO] Step 1400: reward=-0.010, dist=0.00
2026-02-24 20:27:34,718 [INFO] Step 1600: reward=-0.010, dist=0.00
2026-02-24 20:28:36,482 [INFO] Step 1800: reward=-0.010, dist=0.00
2026-02-24 20:29:38,270 [INFO] Step 2000: reward=-0.010, dist=0.00
2026-02-24 20:30:39,874 [INFO] Step 2200: reward=-0.010, dist=0.00
2026-02-24 20:31:41,315 [INFO] Step 2400: reward=-0.010, dist=0.00
2026-02-24 20:32:42,770 [INFO] Step 2600: reward=-0.010, dist=0.00
2026-02-24 20:33:44,208 [INFO] Step 2800: reward=-0.010, dist=0.00
2026-02-24 20:34:45,589 [INFO] Step 3000: reward=-0.010, dist=0.00
2026-02-24 20:34:58,812 [INFO] Performing PPO update at global step 1073152
2026-02-24 20:34:59,042 [INFO] PPO losses — policy: 0.0258, value: 962.5484, entropy: 4.2242
2026-02-24 20:34:59,046 [INFO] PPO update completed. Buffer cleared.
2026-02-24 20:35:47,254 [INFO] Step 3200: reward=-0.010, dist=0.00
2026-02-24 20:36:48,682 [INFO] Step 3400: reward=-0.010, dist=0.00
2026-02-24 20:37:50,077 [INFO] Step 3600: reward=-0.010, dist=0.00
2026-02-24 20:38:51,433 [INFO] Step 3800: reward=-0.010, dist=0.00
2026-02-24 20:39:52,847 [INFO] Step 4000: reward=-0.010, dist=0.00
2026-02-24 20:40:54,255 [INFO] Step 4200: reward=-0.010, dist=0.00
2026-02-24 20:41:55,623 [INFO] Step 4400: reward=-0.010, dist=0.00
2026-02-24 20:42:57,026 [INFO] Step 4600: reward=-0.010, dist=0.00
2026-02-24 20:43:58,478 [INFO] Step 4800: reward=-0.010, dist=0.00
2026-02-24 20:44:59,892 [INFO] Step 5000: reward=-0.010, dist=0.00
2026-02-24 20:45:27,843 [INFO] Performing PPO update at global step 1075200
2026-02-24 20:45:28,076 [INFO] PPO losses — policy: 0.0187, value: 720.7638, entropy: 4.2242
2026-02-24 20:45:28,080 [INFO] PPO update completed. Buffer cleared.
2026-02-24 20:46:01,534 [INFO] Step 5200: reward=-0.010, dist=0.00
2026-02-24 20:47:02,935 [INFO] Step 5400: reward=-0.010, dist=0.00
2026-02-24 20:48:04,315 [INFO] Step 5600: reward=-0.010, dist=0.00
2026-02-24 20:49:05,640 [INFO] Step 5800: reward=-0.010, dist=0.00
2026-02-24 20:50:07,019 [INFO] Step 6000: reward=-0.010, dist=0.00
2026-02-24 20:51:08,388 [INFO] Step 6200: reward=-0.010, dist=0.00
2026-02-24 20:52:09,801 [INFO] Step 6400: reward=-0.010, dist=0.00
2026-02-24 20:53:11,225 [INFO] Step 6600: reward=-0.010, dist=0.00
2026-02-24 20:54:12,693 [INFO] Step 6800: reward=-0.010, dist=0.00
2026-02-24 20:55:14,171 [INFO] Step 7000: reward=-0.010, dist=0.00
2026-02-24 20:55:56,844 [INFO] Performing PPO update at global step 1077248
2026-02-24 20:55:57,076 [INFO] PPO losses — policy: 0.0367, value: 559.3674, entropy: 4.2242
2026-02-24 20:55:57,080 [INFO] PPO update completed. Buffer cleared.
2026-02-24 20:56:15,808 [INFO] Step 7200: reward=-0.010, dist=0.00
2026-02-24 20:57:17,190 [INFO] Step 7400: reward=-0.010, dist=0.00
2026-02-24 20:58:18,617 [INFO] Step 7600: reward=-0.010, dist=0.00
2026-02-24 20:59:19,972 [INFO] Step 7800: reward=-0.010, dist=0.00
2026-02-24 21:00:21,400 [INFO] Step 8000: reward=-0.010, dist=0.00
2026-02-24 21:01:22,824 [INFO] Step 8200: reward=-0.010, dist=0.00
2026-02-24 21:02:24,205 [INFO] Step 8400: reward=-0.010, dist=0.00
2026-02-24 21:03:25,581 [INFO] Step 8600: reward=-0.010, dist=0.00
2026-02-24 21:04:26,922 [INFO] Step 8800: reward=-0.010, dist=0.00
2026-02-24 21:05:28,305 [INFO] Step 9000: reward=-0.010, dist=0.00
2026-02-24 21:06:25,740 [INFO] Performing PPO update at global step 1079296
2026-02-24 21:06:25,977 [INFO] PPO losses — policy: 0.0095, value: 430.5417, entropy: 4.2242
2026-02-24 21:06:25,981 [INFO] PPO update completed. Buffer cleared.
2026-02-24 21:06:29,995 [INFO] Step 9200: reward=-0.010, dist=0.00
2026-02-24 21:07:31,402 [INFO] Step 9400: reward=-0.010, dist=0.00
2026-02-24 21:08:32,804 [INFO] Step 9600: reward=-0.010, dist=0.00
2026-02-24 21:09:34,220 [INFO] Step 9800: reward=-0.010, dist=0.00
2026-02-24 21:10:02,126 [INFO] Policy action (normalized): v = +1.000, w = +0.998 | Cmd_vel (scaled): v = +1.000 m/s, w = +0.998 rad/s
2026-02-24 21:10:35,606 [INFO] Step 10000: reward=-0.010, dist=0.00
2026-02-24 21:11:37,024 [INFO] Step 10200: reward=-0.010, dist=0.00
2026-02-24 21:12:38,460 [INFO] Step 10400: reward=-0.010, dist=0.00
2026-02-24 21:13:39,922 [INFO] Step 10600: reward=-0.010, dist=0.00
2026-02-24 21:14:41,356 [INFO] Step 10800: reward=-0.010, dist=0.00
2026-02-24 21:15:42,746 [INFO] Step 11000: reward=-0.010, dist=0.00
2026-02-24 21:16:44,180 [INFO] Step 11200: reward=-0.010, dist=0.00
2026-02-24 21:16:54,930 [INFO] Performing PPO update at global step 1081344
2026-02-24 21:16:55,163 [INFO] PPO losses — policy: 0.0025, value: 323.9219, entropy: 4.2242
2026-02-24 21:16:55,167 [INFO] PPO update completed. Buffer cleared.
2026-02-24 21:17:45,835 [INFO] Step 11400: reward=-0.010, dist=0.00
2026-02-24 21:18:47,165 [INFO] Step 11600: reward=-0.010, dist=0.00
2026-02-24 21:19:48,534 [INFO] Step 11800: reward=-0.010, dist=0.00
2026-02-24 21:20:49,909 [INFO] Step 12000: reward=-0.010, dist=0.00
2026-02-24 21:21:51,259 [INFO] Step 12200: reward=-0.010, dist=0.00
2026-02-24 21:22:52,652 [INFO] Step 12400: reward=-0.010, dist=0.00
2026-02-24 21:23:54,124 [INFO] Step 12600: reward=-0.010, dist=0.00
2026-02-24 21:24:55,581 [INFO] Step 12800: reward=-0.010, dist=0.00
2026-02-24 21:25:56,961 [INFO] Step 13000: reward=-0.010, dist=0.00
2026-02-24 21:26:58,322 [INFO] Step 13200: reward=-0.010, dist=0.00
2026-02-24 21:27:23,825 [INFO] Performing PPO update at global step 1083392
2026-02-24 21:27:24,059 [INFO] PPO losses — policy: 0.0053, value: 250.2566, entropy: 4.2242
2026-02-24 21:27:24,063 [INFO] PPO update completed. Buffer cleared.
2026-02-24 21:27:59,990 [INFO] Step 13400: reward=-0.010, dist=0.00
2026-02-24 21:29:01,322 [INFO] Step 13600: reward=-0.010, dist=0.00
2026-02-24 21:30:02,750 [INFO] Step 13800: reward=-0.010, dist=0.00
2026-02-24 21:31:04,142 [INFO] Step 14000: reward=-0.010, dist=0.00
2026-02-24 21:32:05,506 [INFO] Step 14200: reward=-0.010, dist=0.00
2026-02-24 21:33:06,915 [INFO] Step 14400: reward=-0.010, dist=0.00
2026-02-24 21:34:08,260 [INFO] Step 14600: reward=-0.010, dist=0.00
2026-02-24 21:35:09,640 [INFO] Step 14800: reward=-0.010, dist=0.00
2026-02-24 21:36:11,088 [INFO] Step 15000: reward=-0.010, dist=0.00
2026-02-24 21:37:12,487 [INFO] Step 15200: reward=-0.010, dist=0.00
2026-02-24 21:37:52,700 [INFO] Performing PPO update at global step 1085440
2026-02-24 21:37:52,937 [INFO] PPO losses — policy: 0.0139, value: 180.8728, entropy: 4.2242
2026-02-24 21:37:52,941 [INFO] PPO update completed. Buffer cleared.
2026-02-24 21:38:14,174 [INFO] Step 15400: reward=-0.010, dist=0.00
2026-02-24 21:39:15,519 [INFO] Step 15600: reward=-0.010, dist=0.00
2026-02-24 21:40:16,925 [INFO] Step 15800: reward=-0.010, dist=0.00
2026-02-24 21:41:18,339 [INFO] Step 16000: reward=-0.010, dist=0.00
2026-02-24 21:42:19,707 [INFO] Step 16200: reward=-0.010, dist=0.00
2026-02-24 21:43:21,076 [INFO] Step 16400: reward=-0.010, dist=0.00
2026-02-24 21:44:22,453 [INFO] Step 16600: reward=-0.010, dist=0.00
2026-02-24 21:45:23,893 [INFO] Step 16800: reward=-0.010, dist=0.00
2026-02-24 21:46:25,270 [INFO] Step 17000: reward=-0.010, dist=0.00
2026-02-24 21:47:26,695 [INFO] Step 17200: reward=-0.010, dist=0.00
2026-02-24 21:48:21,703 [INFO] Performing PPO update at global step 1087488
2026-02-24 21:48:21,938 [INFO] PPO losses — policy: 0.0061, value: 131.1033, entropy: 4.2242
2026-02-24 21:48:21,941 [INFO] PPO update completed. Buffer cleared.
2026-02-24 21:48:28,425 [INFO] Step 17400: reward=-0.010, dist=0.00
2026-02-24 21:49:29,812 [INFO] Step 17600: reward=-0.010, dist=0.00
2026-02-24 21:50:31,204 [INFO] Step 17800: reward=-0.010, dist=0.00
2026-02-24 21:51:32,566 [INFO] Step 18000: reward=-0.010, dist=0.00
2026-02-24 21:52:33,926 [INFO] Step 18200: reward=-0.010, dist=0.00
2026-02-24 21:53:35,355 [INFO] Step 18400: reward=-0.010, dist=0.00
2026-02-24 21:54:36,760 [INFO] Step 18600: reward=-0.010, dist=0.00
2026-02-24 21:55:38,192 [INFO] Step 18800: reward=-0.010, dist=0.00
2026-02-24 21:56:39,546 [INFO] Step 19000: reward=-0.010, dist=0.00
2026-02-24 21:57:40,928 [INFO] Step 19200: reward=-0.010, dist=0.00
2026-02-24 21:58:42,327 [INFO] Step 19400: reward=-0.010, dist=0.00
2026-02-24 21:58:50,623 [INFO] Performing PPO update at global step 1089536
2026-02-24 21:58:50,851 [INFO] PPO losses — policy: 0.0070, value: 88.6959, entropy: 4.2242
2026-02-24 21:58:50,855 [INFO] PPO update completed. Buffer cleared.
2026-02-24 21:59:43,966 [INFO] Step 19600: reward=-0.010, dist=0.00
2026-02-24 22:00:45,346 [INFO] Step 19800: reward=-0.010, dist=0.00
2026-02-24 22:01:13,249 [INFO] Policy action (normalized): v = +0.999, w = +1.000 | Cmd_vel (scaled): v = +0.999 m/s, w = +1.000 rad/s
2026-02-24 22:01:46,684 [INFO] Step 20000: reward=-0.010, dist=0.00
2026-02-24 22:02:48,056 [INFO] Step 20200: reward=-0.010, dist=0.00
2026-02-24 22:03:49,452 [INFO] Step 20400: reward=-0.010, dist=0.00
2026-02-24 22:04:50,818 [INFO] Step 20600: reward=-0.010, dist=0.00
2026-02-24 22:05:52,162 [INFO] Step 20800: reward=-0.010, dist=0.00
2026-02-24 22:06:53,573 [INFO] Step 21000: reward=-0.010, dist=0.00
2026-02-24 22:07:54,959 [INFO] Step 21200: reward=-0.010, dist=0.00
2026-02-24 22:08:56,367 [INFO] Step 21400: reward=-0.010, dist=0.00
2026-02-24 22:09:19,431 [INFO] Performing PPO update at global step 1091584
2026-02-24 22:09:19,664 [INFO] PPO losses — policy: 0.0036, value: 55.8164, entropy: 4.2242
2026-02-24 22:09:19,669 [INFO] PPO update completed. Buffer cleared.
2026-02-24 22:09:58,060 [INFO] Step 21600: reward=-0.010, dist=0.00
2026-02-24 22:10:59,426 [INFO] Step 21800: reward=-0.010, dist=0.00
2026-02-24 22:12:00,772 [INFO] Step 22000: reward=-0.010, dist=0.00
2026-02-24 22:13:02,247 [INFO] Step 22200: reward=-0.010, dist=0.00
2026-02-24 22:14:03,638 [INFO] Step 22400: reward=-0.010, dist=0.00
2026-02-24 22:15:05,082 [INFO] Step 22600: reward=-0.010, dist=0.00
2026-02-24 22:16:06,521 [INFO] Step 22800: reward=-0.010, dist=0.00
2026-02-24 22:17:07,898 [INFO] Step 23000: reward=-0.010, dist=0.00
2026-02-24 22:18:09,300 [INFO] Step 23200: reward=-0.010, dist=0.00
2026-02-24 22:19:10,732 [INFO] Step 23400: reward=-0.010, dist=0.00
2026-02-24 22:19:48,534 [INFO] Performing PPO update at global step 1093632
2026-02-24 22:19:48,767 [INFO] PPO losses — policy: 0.0065, value: 39.4793, entropy: 4.2242
2026-02-24 22:19:48,771 [INFO] PPO update completed. Buffer cleared.
2026-02-24 22:20:12,448 [INFO] Step 23600: reward=-0.010, dist=0.00
2026-02-24 22:21:13,834 [INFO] Step 23800: reward=-0.010, dist=0.00
2026-02-24 22:22:15,228 [INFO] Step 24000: reward=-0.010, dist=0.00
2026-02-24 22:23:16,642 [INFO] Step 24200: reward=-0.010, dist=0.00
2026-02-24 22:24:18,082 [INFO] Step 24400: reward=-0.010, dist=0.00
2026-02-24 22:25:19,474 [INFO] Step 24600: reward=-0.010, dist=0.00
2026-02-24 22:26:20,852 [INFO] Step 24800: reward=-0.010, dist=0.00
2026-02-24 22:27:22,273 [INFO] Step 25000: reward=-0.010, dist=0.00
2026-02-24 22:28:23,681 [INFO] Step 25200: reward=-0.010, dist=0.00
2026-02-24 22:29:25,073 [INFO] Step 25400: reward=-0.010, dist=0.00
2026-02-24 22:30:17,562 [INFO] Performing PPO update at global step 1095680
2026-02-24 22:30:17,797 [INFO] PPO losses — policy: 0.0033, value: 25.5773, entropy: 4.2242
2026-02-24 22:30:17,801 [INFO] PPO update completed. Buffer cleared.
2026-02-24 22:30:26,734 [INFO] Step 25600: reward=-0.010, dist=0.00
2026-02-24 22:31:28,095 [INFO] Step 25800: reward=-0.010, dist=0.00
2026-02-24 22:32:29,478 [INFO] Step 26000: reward=-0.010, dist=0.00
2026-02-24 22:33:30,853 [INFO] Step 26200: reward=-0.010, dist=0.00
2026-02-24 22:34:32,222 [INFO] Step 26400: reward=-0.010, dist=0.00
2026-02-24 22:35:33,611 [INFO] Step 26600: reward=-0.010, dist=0.00
2026-02-24 22:36:35,037 [INFO] Step 26800: reward=-0.010, dist=0.00
2026-02-24 22:37:36,491 [INFO] Step 27000: reward=-0.010, dist=0.00
2026-02-24 22:38:37,912 [INFO] Step 27200: reward=-0.010, dist=0.00
2026-02-24 22:39:39,387 [INFO] Step 27400: reward=-0.010, dist=0.00
2026-02-24 22:40:40,822 [INFO] Step 27600: reward=-0.010, dist=0.00
2026-02-24 22:40:46,652 [INFO] Performing PPO update at global step 1097728
2026-02-24 22:40:46,887 [INFO] PPO losses — policy: 0.0018, value: 19.1529, entropy: 4.2242
2026-02-24 22:40:46,890 [INFO] PPO update completed. Buffer cleared.
2026-02-24 22:41:42,507 [INFO] Step 27800: reward=-0.010, dist=0.00
2026-02-24 22:42:43,897 [INFO] Step 28000: reward=-0.010, dist=0.00
2026-02-24 22:43:45,289 [INFO] Step 28200: reward=-0.010, dist=0.00
2026-02-24 22:44:46,775 [INFO] Step 28400: reward=-0.010, dist=0.00
2026-02-24 22:45:48,174 [INFO] Step 28600: reward=-0.010, dist=0.00
2026-02-24 22:46:49,557 [INFO] Step 28800: reward=-0.010, dist=0.00
2026-02-24 22:47:50,972 [INFO] Step 29000: reward=-0.010, dist=0.00
2026-02-24 22:48:52,398 [INFO] Step 29200: reward=-0.010, dist=0.00
2026-02-24 22:49:53,849 [INFO] Step 29400: reward=-0.010, dist=0.00
2026-02-24 22:50:55,236 [INFO] Step 29600: reward=-0.010, dist=0.00
2026-02-24 22:51:15,795 [INFO] Performing PPO update at global step 1099776
2026-02-24 22:51:16,022 [INFO] PPO losses — policy: 0.0073, value: 12.4132, entropy: 4.2242
2026-02-24 22:51:16,026 [INFO] PPO update completed. Buffer cleared.
2026-02-24 22:51:56,905 [INFO] Step 29800: reward=-0.010, dist=0.00
2026-02-24 22:52:24,851 [INFO] Policy action (normalized): v = +0.028, w = +1.000 | Cmd_vel (scaled): v = +0.028 m/s, w = +1.000 rad/s
2026-02-24 22:52:58,322 [INFO] Step 30000: reward=-0.010, dist=0.00
2026-02-24 22:53:59,729 [INFO] Step 30200: reward=-0.010, dist=0.00
2026-02-24 22:55:01,167 [INFO] Step 30400: reward=-0.010, dist=0.00
2026-02-24 22:56:02,537 [INFO] Step 30600: reward=-0.010, dist=0.00
2026-02-24 22:57:03,918 [INFO] Step 30800: reward=-0.010, dist=0.00
2026-02-24 22:58:05,321 [INFO] Step 31000: reward=-0.010, dist=0.00
2026-02-24 22:59:06,766 [INFO] Step 31200: reward=-0.010, dist=0.00
2026-02-24 23:00:08,120 [INFO] Step 31400: reward=-0.010, dist=0.00
2026-02-24 23:01:09,572 [INFO] Step 31600: reward=-0.010, dist=0.00
2026-02-24 23:01:44,893 [INFO] Performing PPO update at global step 1101824
2026-02-24 23:01:45,121 [INFO] PPO losses — policy: 0.0595, value: 7.9791, entropy: 4.2242
2026-02-24 23:01:45,125 [INFO] PPO update completed. Buffer cleared.
2026-02-24 23:02:11,272 [INFO] Step 31800: reward=-0.010, dist=0.00
2026-02-24 23:03:12,634 [INFO] Step 32000: reward=-0.010, dist=0.00
2026-02-24 23:04:14,031 [INFO] Step 32200: reward=-0.010, dist=0.00
2026-02-24 23:05:15,458 [INFO] Step 32400: reward=-0.010, dist=0.00
2026-02-24 23:06:16,760 [INFO] Step 32600: reward=-0.010, dist=0.00
2026-02-24 23:07:18,108 [INFO] Step 32800: reward=-0.010, dist=0.00
2026-02-24 23:08:19,490 [INFO] Step 33000: reward=-0.010, dist=0.00
2026-02-24 23:09:20,887 [INFO] Step 33200: reward=-0.010, dist=0.00
2026-02-24 23:10:22,263 [INFO] Step 33400: reward=-0.010, dist=0.00
2026-02-24 23:11:23,664 [INFO] Step 33600: reward=-0.010, dist=0.00
2026-02-24 23:12:13,726 [INFO] Performing PPO update at global step 1103872
2026-02-24 23:12:13,961 [INFO] PPO losses — policy: 0.0024, value: 5.4622, entropy: 4.2242
2026-02-24 23:12:13,965 [INFO] PPO update completed. Buffer cleared.
2026-02-24 23:12:25,347 [INFO] Step 33800: reward=-0.010, dist=0.00
2026-02-24 23:13:26,738 [INFO] Step 34000: reward=-0.010, dist=0.00
2026-02-24 23:14:28,119 [INFO] Step 34200: reward=-0.010, dist=0.00
2026-02-24 23:15:29,529 [INFO] Step 34400: reward=-0.010, dist=0.00
2026-02-24 23:16:30,961 [INFO] Step 34600: reward=-0.010, dist=0.00
2026-02-24 23:17:32,398 [INFO] Step 34800: reward=-0.010, dist=0.00
2026-02-24 23:18:33,811 [INFO] Step 35000: reward=-0.010, dist=0.00
2026-02-24 23:19:35,293 [INFO] Step 35200: reward=-0.010, dist=0.00
2026-02-24 23:20:36,741 [INFO] Step 35400: reward=-0.010, dist=0.00
2026-02-24 23:21:38,193 [INFO] Step 35600: reward=-0.010, dist=0.00
2026-02-24 23:22:39,657 [INFO] Step 35800: reward=-0.010, dist=0.00
2026-02-24 23:22:43,041 [INFO] Performing PPO update at global step 1105920
2026-02-24 23:22:43,274 [INFO] PPO losses — policy: -0.0014, value: 4.0758, entropy: 4.2242
2026-02-24 23:22:43,278 [INFO] PPO update completed. Buffer cleared.
2026-02-24 23:23:41,292 [INFO] Step 36000: reward=-0.010, dist=0.00
2026-02-24 23:24:42,699 [INFO] Step 36200: reward=-0.010, dist=0.00
2026-02-24 23:25:44,065 [INFO] Step 36400: reward=-0.010, dist=0.00
2026-02-24 23:26:45,446 [INFO] Step 36600: reward=-0.010, dist=0.00
2026-02-24 23:27:46,906 [INFO] Step 36800: reward=-0.010, dist=0.00
2026-02-24 23:28:48,286 [INFO] Step 37000: reward=-0.010, dist=0.00
2026-02-24 23:29:49,709 [INFO] Step 37200: reward=-0.010, dist=0.00
2026-02-24 23:30:51,125 [INFO] Step 37400: reward=-0.010, dist=0.00
2026-02-24 23:31:52,545 [INFO] Step 37600: reward=-0.010, dist=0.00
2026-02-24 23:32:53,979 [INFO] Step 37800: reward=-0.010, dist=0.00
2026-02-24 23:33:12,098 [INFO] Performing PPO update at global step 1107968
2026-02-24 23:33:12,329 [INFO] PPO losses — policy: 0.0208, value: 3.6192, entropy: 4.2242
2026-02-24 23:33:12,333 [INFO] PPO update completed. Buffer cleared.
2026-02-24 23:33:55,613 [INFO] Step 38000: reward=-0.010, dist=0.00
2026-02-24 23:34:56,969 [INFO] Step 38200: reward=-0.010, dist=0.00
2026-02-24 23:35:58,381 [INFO] Step 38400: reward=-0.010, dist=0.00
2026-02-24 23:36:59,758 [INFO] Step 38600: reward=-0.010, dist=0.00
2026-02-24 23:38:01,133 [INFO] Step 38800: reward=-0.010, dist=0.00
2026-02-24 23:39:02,548 [INFO] Step 39000: reward=-0.010, dist=0.00
2026-02-24 23:40:03,946 [INFO] Step 39200: reward=-0.010, dist=0.00
2026-02-24 23:41:05,416 [INFO] Step 39400: reward=-0.010, dist=0.00
2026-02-24 23:42:06,811 [INFO] Step 39600: reward=-0.010, dist=0.00
2026-02-24 23:43:08,249 [INFO] Step 39800: reward=-0.010, dist=0.00
2026-02-24 23:43:36,187 [INFO] Policy action (normalized): v = +0.787, w = +0.999 | Cmd_vel (scaled): v = +0.787 m/s, w = +0.999 rad/s
2026-02-24 23:43:41,097 [INFO] Performing PPO update at global step 1110016
2026-02-24 23:43:41,332 [INFO] PPO losses — policy: 0.0006, value: 3.4223, entropy: 4.2242
2026-02-24 23:43:41,336 [INFO] PPO update completed. Buffer cleared.
2026-02-24 23:44:09,890 [INFO] Step 40000: reward=-0.010, dist=0.00
2026-02-24 23:45:11,266 [INFO] Step 40200: reward=-0.010, dist=0.00
2026-02-24 23:46:12,675 [INFO] Step 40400: reward=-0.010, dist=0.00
2026-02-24 23:47:14,068 [INFO] Step 40600: reward=-0.010, dist=0.00
2026-02-24 23:48:15,452 [INFO] Step 40800: reward=-0.010, dist=0.00
2026-02-24 23:49:16,846 [INFO] Step 41000: reward=-0.010, dist=0.00
2026-02-24 23:50:18,171 [INFO] Step 41200: reward=-0.010, dist=0.00
2026-02-24 23:51:19,595 [INFO] Step 41400: reward=-0.010, dist=0.00
2026-02-24 23:52:21,057 [INFO] Step 41600: reward=-0.010, dist=0.00
2026-02-24 23:53:22,505 [INFO] Step 41800: reward=-0.010, dist=0.00
2026-02-24 23:54:10,119 [INFO] Performing PPO update at global step 1112064
2026-02-24 23:54:10,363 [INFO] PPO losses — policy: 6.8524, value: 1.9639, entropy: 4.2242
2026-02-24 23:54:10,367 [INFO] PPO update completed. Buffer cleared.
2026-02-24 23:54:24,205 [INFO] Step 42000: reward=-0.010, dist=0.00
2026-02-24 23:55:25,611 [INFO] Step 42200: reward=-0.010, dist=0.00
2026-02-24 23:56:26,986 [INFO] Step 42400: reward=-0.010, dist=0.00
2026-02-24 23:57:28,385 [INFO] Step 42600: reward=-0.010, dist=0.00
2026-02-24 23:58:29,718 [INFO] Step 42800: reward=-0.010, dist=0.00
2026-02-24 23:59:31,059 [INFO] Step 43000: reward=-0.010, dist=0.00
2026-02-25 00:00:32,420 [INFO] Step 43200: reward=-0.010, dist=0.00
2026-02-25 00:01:33,906 [INFO] Step 43400: reward=-0.010, dist=0.00
2026-02-25 00:02:35,336 [INFO] Step 43600: reward=-0.010, dist=0.00
2026-02-25 00:03:36,767 [INFO] Step 43800: reward=-0.010, dist=0.00
2026-02-25 00:04:38,251 [INFO] Step 44000: reward=-0.010, dist=0.00
2026-02-25 00:04:39,176 [INFO] Performing PPO update at global step 1114112
2026-02-25 00:04:39,411 [INFO] PPO losses — policy: 0.0016, value: 1.5714, entropy: 4.2242
2026-02-25 00:04:39,415 [INFO] PPO update completed. Buffer cleared.
2026-02-25 00:05:39,901 [INFO] Step 44200: reward=-0.010, dist=0.00
2026-02-25 00:06:41,235 [INFO] Step 44400: reward=-0.010, dist=0.00
2026-02-25 00:07:42,628 [INFO] Step 44600: reward=-0.010, dist=0.00
2026-02-25 00:08:43,996 [INFO] Step 44800: reward=-0.010, dist=0.00
2026-02-25 00:09:45,434 [INFO] Step 45000: reward=-0.010, dist=0.00
2026-02-25 00:10:46,853 [INFO] Step 45200: reward=-0.010, dist=0.00
2026-02-25 00:11:48,233 [INFO] Step 45400: reward=-0.010, dist=0.00
2026-02-25 00:12:49,632 [INFO] Step 45600: reward=-0.010, dist=0.00
2026-02-25 00:13:51,034 [INFO] Step 45800: reward=-0.010, dist=0.00
2026-02-25 00:14:52,457 [INFO] Step 46000: reward=-0.010, dist=0.00
2026-02-25 00:15:08,124 [INFO] Performing PPO update at global step 1116160
2026-02-25 00:15:08,360 [INFO] PPO losses — policy: 0.0050, value: 1.4431, entropy: 4.2242
2026-02-25 00:15:08,364 [INFO] PPO update completed. Buffer cleared.
2026-02-25 00:15:54,149 [INFO] Step 46200: reward=-0.010, dist=0.00
2026-02-25 00:16:55,563 [INFO] Step 46400: reward=-0.010, dist=0.00
2026-02-25 00:17:56,998 [INFO] Step 46600: reward=-0.010, dist=0.00
2026-02-25 00:18:58,428 [INFO] Step 46800: reward=-0.010, dist=0.00
2026-02-25 00:19:59,813 [INFO] Step 47000: reward=-0.010, dist=0.00
2026-02-25 00:21:01,164 [INFO] Step 47200: reward=-0.010, dist=0.00
2026-02-25 00:22:02,506 [INFO] Step 47400: reward=-0.010, dist=0.00
2026-02-25 00:23:03,929 [INFO] Step 47600: reward=-0.010, dist=0.00
2026-02-25 00:24:05,333 [INFO] Step 47800: reward=-0.010, dist=0.00
2026-02-25 00:25:06,706 [INFO] Step 48000: reward=-0.010, dist=0.00
2026-02-25 00:25:37,124 [INFO] Performing PPO update at global step 1118208
2026-02-25 00:25:37,351 [INFO] PPO losses — policy: 0.0062, value: 0.6569, entropy: 4.2242
2026-02-25 00:25:37,355 [INFO] PPO update completed. Buffer cleared.
2026-02-25 00:26:08,382 [INFO] Step 48200: reward=-0.010, dist=0.00
2026-02-25 00:27:09,784 [INFO] Step 48400: reward=-0.010, dist=0.00
2026-02-25 00:28:11,151 [INFO] Step 48600: reward=-0.010, dist=0.00
2026-02-25 00:29:12,503 [INFO] Step 48800: reward=-0.010, dist=0.00
2026-02-25 00:30:13,936 [INFO] Step 49000: reward=-0.010, dist=0.00
2026-02-25 00:31:15,398 [INFO] Step 49200: reward=-0.010, dist=0.00
2026-02-25 00:32:16,772 [INFO] Step 49400: reward=-0.010, dist=0.00
2026-02-25 00:33:18,234 [INFO] Step 49600: reward=-0.010, dist=0.00
2026-02-25 00:34:19,625 [INFO] Step 49800: reward=-0.010, dist=0.00
2026-02-25 00:34:47,567 [INFO] Policy action (normalized): v = +0.981, w = +0.973 | Cmd_vel (scaled): v = +0.981 m/s, w = +0.973 rad/s
2026-02-25 00:35:21,047 [INFO] Step 50000: reward=-0.010, dist=0.00
2026-02-25 00:36:06,136 [INFO] Performing PPO update at global step 1120256
2026-02-25 00:36:06,366 [INFO] PPO losses — policy: -0.0022, value: 0.5387, entropy: 4.2242
2026-02-25 00:36:06,369 [INFO] PPO update completed. Buffer cleared.
2026-02-25 00:36:22,691 [INFO] Step 50200: reward=-0.010, dist=0.00
2026-02-25 00:37:24,070 [INFO] Step 50400: reward=-0.010, dist=0.00
2026-02-25 00:38:25,441 [INFO] Step 50600: reward=-0.010, dist=0.00
2026-02-25 00:39:26,836 [INFO] Step 50800: reward=-0.010, dist=0.00
2026-02-25 00:40:28,293 [INFO] Step 51000: reward=-0.010, dist=0.00
2026-02-25 00:41:29,707 [INFO] Step 51200: reward=-0.010, dist=0.00
2026-02-25 00:42:31,139 [INFO] Step 51400: reward=-0.010, dist=0.00
2026-02-25 00:43:32,542 [INFO] Step 51600: reward=-0.010, dist=0.00
2026-02-25 00:44:33,943 [INFO] Step 51800: reward=-0.010, dist=0.00
2026-02-25 00:45:35,321 [INFO] Step 52000: reward=-0.010, dist=0.00
2026-02-25 00:46:35,228 [INFO] Performing PPO update at global step 1122304
2026-02-25 00:46:35,455 [INFO] PPO losses — policy: 0.0011, value: 0.1389, entropy: 4.2242
2026-02-25 00:46:35,460 [INFO] PPO update completed. Buffer cleared.
2026-02-25 00:46:36,996 [INFO] Step 52200: reward=-0.010, dist=0.00
2026-02-25 00:47:38,390 [INFO] Step 52400: reward=-0.010, dist=0.00
2026-02-25 00:48:39,743 [INFO] Step 52600: reward=-0.010, dist=0.00
2026-02-25 00:49:41,171 [INFO] Step 52800: reward=-0.010, dist=0.00
2026-02-25 00:50:42,569 [INFO] Step 53000: reward=-0.010, dist=0.00
2026-02-25 00:51:43,917 [INFO] Step 53200: reward=-0.010, dist=0.00
2026-02-25 00:52:45,310 [INFO] Step 53400: reward=-0.010, dist=0.00
2026-02-25 00:53:46,708 [INFO] Step 53600: reward=-0.010, dist=0.00
2026-02-25 00:54:48,136 [INFO] Step 53800: reward=-0.010, dist=0.00
2026-02-25 00:55:49,543 [INFO] Step 54000: reward=-0.010, dist=0.00
2026-02-25 00:56:50,950 [INFO] Step 54200: reward=-0.010, dist=0.00
2026-02-25 00:57:04,144 [INFO] Performing PPO update at global step 1124352
2026-02-25 00:57:04,377 [INFO] PPO losses — policy: -0.0019, value: 0.0770, entropy: 4.2242
2026-02-25 00:57:04,381 [INFO] PPO update completed. Buffer cleared.
2026-02-25 00:57:52,576 [INFO] Step 54400: reward=-0.010, dist=0.00
2026-02-25 00:58:53,933 [INFO] Step 54600: reward=-0.010, dist=0.00
2026-02-25 00:59:55,306 [INFO] Step 54800: reward=-0.010, dist=0.00
2026-02-25 01:00:56,729 [INFO] Step 55000: reward=-0.010, dist=0.00
2026-02-25 01:01:58,145 [INFO] Step 55200: reward=-0.010, dist=0.00
2026-02-25 01:02:59,541 [INFO] Step 55400: reward=-0.010, dist=0.00
2026-02-25 01:04:00,956 [INFO] Step 55600: reward=-0.010, dist=0.00
2026-02-25 01:05:02,372 [INFO] Step 55800: reward=-0.010, dist=0.00
2026-02-25 01:06:03,775 [INFO] Step 56000: reward=-0.010, dist=0.00
2026-02-25 01:07:05,134 [INFO] Step 56200: reward=-0.010, dist=0.00
2026-02-25 01:07:33,085 [INFO] Performing PPO update at global step 1126400
2026-02-25 01:07:33,323 [INFO] PPO losses — policy: 0.0013, value: 0.0874, entropy: 4.2242
2026-02-25 01:07:33,326 [INFO] PPO update completed. Buffer cleared.
2026-02-25 01:08:06,818 [INFO] Step 56400: reward=-0.010, dist=0.00
2026-02-25 01:09:08,192 [INFO] Step 56600: reward=-0.010, dist=0.00
2026-02-25 01:10:09,578 [INFO] Step 56800: reward=-0.010, dist=0.00
2026-02-25 01:11:10,981 [INFO] Step 57000: reward=-0.010, dist=0.00
2026-02-25 01:12:12,296 [INFO] Step 57200: reward=-0.010, dist=0.00
2026-02-25 01:13:13,698 [INFO] Step 57400: reward=-0.010, dist=0.00
2026-02-25 01:14:15,126 [INFO] Step 57600: reward=-0.010, dist=0.00
2026-02-25 01:15:16,537 [INFO] Step 57800: reward=-0.010, dist=0.00
2026-02-25 01:16:17,958 [INFO] Step 58000: reward=-0.010, dist=0.00
2026-02-25 01:17:19,425 [INFO] Step 58200: reward=-0.010, dist=0.00
2026-02-25 01:18:02,143 [INFO] Performing PPO update at global step 1128448
2026-02-25 01:18:02,372 [INFO] PPO losses — policy: -0.0031, value: 0.1020, entropy: 4.2242
2026-02-25 01:18:02,376 [INFO] PPO update completed. Buffer cleared.
2026-02-25 01:18:21,161 [INFO] Step 58400: reward=-0.010, dist=0.00
2026-02-25 01:19:22,597 [INFO] Step 58600: reward=-0.010, dist=0.00
2026-02-25 01:20:24,047 [INFO] Step 58800: reward=-0.010, dist=0.00
2026-02-25 01:21:25,486 [INFO] Step 59000: reward=-0.010, dist=0.00
2026-02-25 01:22:26,903 [INFO] Step 59200: reward=-0.010, dist=0.00
2026-02-25 01:23:28,302 [INFO] Step 59400: reward=-0.010, dist=0.00
2026-02-25 01:24:29,711 [INFO] Step 59600: reward=-0.010, dist=0.00
2026-02-25 01:25:31,071 [INFO] Step 59800: reward=-0.010, dist=0.00
2026-02-25 01:25:59,036 [INFO] Policy action (normalized): v = -0.259, w = +0.978 | Cmd_vel (scaled): v = -0.259 m/s, w = +0.978 rad/s
2026-02-25 01:26:32,508 [INFO] Step 60000: reward=-0.010, dist=0.00
2026-02-25 01:27:33,862 [INFO] Step 60200: reward=-0.010, dist=0.00
2026-02-25 01:28:31,265 [INFO] Performing PPO update at global step 1130496
2026-02-25 01:28:31,505 [INFO] PPO losses — policy: -0.0011, value: 0.0778, entropy: 4.2242
2026-02-25 01:28:31,511 [INFO] PPO update completed. Buffer cleared.
2026-02-25 01:28:35,530 [INFO] Step 60400: reward=-0.010, dist=0.00
2026-02-25 01:29:36,865 [INFO] Step 60600: reward=-0.010, dist=0.00
2026-02-25 01:30:38,286 [INFO] Step 60800: reward=-0.010, dist=0.00
2026-02-25 01:31:39,677 [INFO] Step 61000: reward=-0.010, dist=0.00
2026-02-25 01:32:41,080 [INFO] Step 61200: reward=-0.010, dist=0.00
2026-02-25 01:33:42,537 [INFO] Step 61400: reward=-0.010, dist=0.00
2026-02-25 01:34:43,936 [INFO] Step 61600: reward=-0.010, dist=0.00
2026-02-25 01:35:45,302 [INFO] Step 61800: reward=-0.010, dist=0.00
2026-02-25 01:36:46,727 [INFO] Step 62000: reward=-0.010, dist=0.00
2026-02-25 01:37:48,164 [INFO] Step 62200: reward=-0.010, dist=0.00
2026-02-25 01:38:49,568 [INFO] Step 62400: reward=-0.010, dist=0.00
2026-02-25 01:39:00,334 [INFO] Performing PPO update at global step 1132544
2026-02-25 01:39:00,567 [INFO] PPO losses — policy: -0.0021, value: 0.0581, entropy: 4.2242
2026-02-25 01:39:00,572 [INFO] PPO update completed. Buffer cleared.
2026-02-25 01:39:51,204 [INFO] Step 62600: reward=-0.010, dist=0.00
2026-02-25 01:40:52,603 [INFO] Step 62800: reward=-0.010, dist=0.00
2026-02-25 01:41:53,997 [INFO] Step 63000: reward=-0.010, dist=0.00
2026-02-25 01:42:55,460 [INFO] Step 63200: reward=-0.010, dist=0.00
2026-02-25 01:43:56,847 [INFO] Step 63400: reward=-0.010, dist=0.00
2026-02-25 01:44:58,280 [INFO] Step 63600: reward=-0.010, dist=0.00
2026-02-25 01:45:59,738 [INFO] Step 63800: reward=-0.010, dist=0.00
2026-02-25 01:47:01,119 [INFO] Step 64000: reward=-0.010, dist=0.00
2026-02-25 01:48:02,511 [INFO] Step 64200: reward=-0.010, dist=0.00
2026-02-25 01:49:03,929 [INFO] Step 64400: reward=-0.010, dist=0.00
2026-02-25 01:49:29,449 [INFO] Performing PPO update at global step 1134592
2026-02-25 01:49:29,681 [INFO] PPO losses — policy: 0.0062, value: 0.0481, entropy: 4.2242
2026-02-25 01:49:29,684 [INFO] PPO update completed. Buffer cleared.
2026-02-25 01:50:05,637 [INFO] Step 64600: reward=-0.010, dist=0.00
2026-02-25 01:51:07,046 [INFO] Step 64800: reward=-0.010, dist=0.00
2026-02-25 01:52:08,502 [INFO] Step 65000: reward=-0.010, dist=0.00
2026-02-25 01:53:09,922 [INFO] Step 65200: reward=-0.010, dist=0.00
2026-02-25 01:54:11,356 [INFO] Step 65400: reward=-0.010, dist=0.00
2026-02-25 01:55:12,780 [INFO] Step 65600: reward=-0.010, dist=0.00
2026-02-25 01:56:14,240 [INFO] Step 65800: reward=-0.010, dist=0.00
2026-02-25 01:57:15,664 [INFO] Step 66000: reward=-0.010, dist=0.00
2026-02-25 01:58:17,038 [INFO] Step 66200: reward=-0.010, dist=0.00
2026-02-25 01:59:18,511 [INFO] Step 66400: reward=-0.010, dist=0.00
2026-02-25 01:59:58,735 [INFO] Performing PPO update at global step 1136640
2026-02-25 01:59:58,968 [INFO] PPO losses — policy: -0.0034, value: 0.0422, entropy: 4.2242
2026-02-25 01:59:58,971 [INFO] PPO update completed. Buffer cleared.
2026-02-25 02:00:20,201 [INFO] Step 66600: reward=-0.010, dist=0.00
2026-02-25 02:01:21,622 [INFO] Step 66800: reward=-0.010, dist=0.00
2026-02-25 02:02:22,967 [INFO] Step 67000: reward=-0.010, dist=0.00
2026-02-25 02:03:24,399 [INFO] Step 67200: reward=-0.010, dist=0.00
2026-02-25 02:04:25,789 [INFO] Step 67400: reward=-0.010, dist=0.00
2026-02-25 02:05:27,153 [INFO] Step 67600: reward=-0.010, dist=0.00
2026-02-25 02:06:28,536 [INFO] Step 67800: reward=-0.010, dist=0.00
2026-02-25 02:07:29,972 [INFO] Step 68000: reward=-0.010, dist=0.00
2026-02-25 02:08:31,377 [INFO] Step 68200: reward=-0.010, dist=0.00
2026-02-25 02:09:32,758 [INFO] Step 68400: reward=-0.010, dist=0.00
2026-02-25 02:10:27,736 [INFO] Performing PPO update at global step 1138688
2026-02-25 02:10:27,965 [INFO] PPO losses — policy: 0.1810, value: 0.0530, entropy: 4.2242
2026-02-25 02:10:27,969 [INFO] PPO update completed. Buffer cleared.
2026-02-25 02:10:34,450 [INFO] Step 68600: reward=-0.010, dist=0.00
2026-02-25 02:11:35,829 [INFO] Step 68800: reward=-0.010, dist=0.00
2026-02-25 02:12:37,206 [INFO] Step 69000: reward=-0.010, dist=0.00
2026-02-25 02:13:38,576 [INFO] Step 69200: reward=-0.010, dist=0.00
2026-02-25 02:14:40,016 [INFO] Step 69400: reward=-0.010, dist=0.00
2026-02-25 02:15:41,472 [INFO] Step 69600: reward=-0.010, dist=0.00
2026-02-25 02:16:42,871 [INFO] Step 69800: reward=-0.010, dist=0.00
2026-02-25 02:17:10,818 [INFO] Policy action (normalized): v = -0.549, w = +1.000 | Cmd_vel (scaled): v = -0.549 m/s, w = +1.000 rad/s
2026-02-25 02:17:44,281 [INFO] Step 70000: reward=-0.010, dist=0.00
2026-02-25 02:18:45,694 [INFO] Step 70200: reward=-0.010, dist=0.00
2026-02-25 02:19:47,092 [INFO] Step 70400: reward=-0.010, dist=0.00
2026-02-25 02:20:48,507 [INFO] Step 70600: reward=-0.010, dist=0.00
2026-02-25 02:20:56,813 [INFO] Performing PPO update at global step 1140736
2026-02-25 02:20:57,045 [INFO] PPO losses — policy: 0.0052, value: 0.0084, entropy: 4.2242
2026-02-25 02:20:57,048 [INFO] PPO update completed. Buffer cleared.
2026-02-25 02:21:50,145 [INFO] Step 70800: reward=-0.010, dist=0.00
2026-02-25 02:22:51,562 [INFO] Step 71000: reward=-0.010, dist=0.00
2026-02-25 02:23:52,994 [INFO] Step 71200: reward=-0.010, dist=0.00
2026-02-25 02:24:54,399 [INFO] Step 71400: reward=-0.010, dist=0.00
2026-02-25 02:25:55,780 [INFO] Step 71600: reward=-0.010, dist=0.00
2026-02-25 02:26:57,198 [INFO] Step 71800: reward=-0.010, dist=0.00
2026-02-25 02:27:58,596 [INFO] Step 72000: reward=-0.010, dist=0.00
2026-02-25 02:29:00,028 [INFO] Step 72200: reward=-0.010, dist=0.00
2026-02-25 02:30:01,448 [INFO] Step 72400: reward=-0.010, dist=0.00
2026-02-25 02:31:02,915 [INFO] Step 72600: reward=-0.010, dist=0.00
2026-02-25 02:31:25,938 [INFO] Performing PPO update at global step 1142784
2026-02-25 02:31:26,170 [INFO] PPO losses — policy: 0.0007, value: 0.0484, entropy: 4.2242
2026-02-25 02:31:26,174 [INFO] PPO update completed. Buffer cleared.
2026-02-25 02:32:04,582 [INFO] Step 72800: reward=-0.010, dist=0.00
2026-02-25 02:33:05,970 [INFO] Step 73000: reward=-0.010, dist=0.00
2026-02-25 02:34:07,372 [INFO] Step 73200: reward=-0.010, dist=0.00
2026-02-25 02:35:08,814 [INFO] Step 73400: reward=-0.010, dist=0.00
2026-02-25 02:36:10,220 [INFO] Step 73600: reward=-0.010, dist=0.00
2026-02-25 02:37:11,703 [INFO] Step 73800: reward=-0.010, dist=0.00
2026-02-25 02:38:13,089 [INFO] Step 74000: reward=-0.010, dist=0.00
2026-02-25 02:39:14,498 [INFO] Step 74200: reward=-0.010, dist=0.00
2026-02-25 02:40:15,955 [INFO] Step 74400: reward=-0.010, dist=0.00
2026-02-25 02:41:17,414 [INFO] Step 74600: reward=-0.010, dist=0.00
2026-02-25 02:41:55,202 [INFO] Performing PPO update at global step 1144832
2026-02-25 02:41:55,452 [INFO] PPO losses — policy: 0.0038, value: 0.0456, entropy: 4.2242
2026-02-25 02:41:55,456 [INFO] PPO update completed. Buffer cleared.
2026-02-25 02:42:19,128 [INFO] Step 74800: reward=-0.010, dist=0.00
2026-02-25 02:43:20,499 [INFO] Step 75000: reward=-0.010, dist=0.00
2026-02-25 02:44:21,872 [INFO] Step 75200: reward=-0.010, dist=0.00
2026-02-25 02:45:23,270 [INFO] Step 75400: reward=-0.010, dist=0.00
2026-02-25 02:46:24,684 [INFO] Step 75600: reward=-0.010, dist=0.00
2026-02-25 02:47:26,104 [INFO] Step 75800: reward=-0.010, dist=0.00
2026-02-25 02:48:27,484 [INFO] Step 76000: reward=-0.010, dist=0.00
2026-02-25 02:49:28,884 [INFO] Step 76200: reward=-0.010, dist=0.00
2026-02-25 02:50:30,307 [INFO] Step 76400: reward=-0.010, dist=0.00
2026-02-25 02:51:31,714 [INFO] Step 76600: reward=-0.010, dist=0.00
2026-02-25 02:52:24,247 [INFO] Performing PPO update at global step 1146880
2026-02-25 02:52:24,485 [INFO] PPO losses — policy: -0.0008, value: 0.0176, entropy: 4.2242
2026-02-25 02:52:24,489 [INFO] PPO update completed. Buffer cleared.
2026-02-25 02:52:33,403 [INFO] Step 76800: reward=-0.010, dist=0.00
2026-02-25 02:53:34,785 [INFO] Step 77000: reward=-0.010, dist=0.00
2026-02-25 02:54:36,157 [INFO] Step 77200: reward=-0.010, dist=0.00
2026-02-25 02:55:37,522 [INFO] Step 77400: reward=-0.010, dist=0.00
2026-02-25 02:56:38,868 [INFO] Step 77600: reward=-0.010, dist=0.00
2026-02-25 02:57:40,275 [INFO] Step 77800: reward=-0.010, dist=0.00
2026-02-25 02:58:41,713 [INFO] Step 78000: reward=-0.010, dist=0.00
2026-02-25 02:59:43,125 [INFO] Step 78200: reward=-0.010, dist=0.00
2026-02-25 03:00:44,473 [INFO] Step 78400: reward=-0.010, dist=0.00
2026-02-25 03:01:45,927 [INFO] Step 78600: reward=-0.010, dist=0.00
2026-02-25 03:02:47,388 [INFO] Step 78800: reward=-0.010, dist=0.00
2026-02-25 03:02:53,232 [INFO] Performing PPO update at global step 1148928
2026-02-25 03:02:53,474 [INFO] PPO losses — policy: 0.0111, value: 0.0198, entropy: 4.2242
2026-02-25 03:02:53,478 [INFO] PPO update completed. Buffer cleared.
2026-02-25 03:03:49,157 [INFO] Step 79000: reward=-0.010, dist=0.00
2026-02-25 03:04:50,553 [INFO] Step 79200: reward=-0.010, dist=0.00
2026-02-25 03:05:51,982 [INFO] Step 79400: reward=-0.010, dist=0.00
2026-02-25 03:06:53,427 [INFO] Step 79600: reward=-0.010, dist=0.00
2026-02-25 03:07:54,782 [INFO] Step 79800: reward=-0.010, dist=0.00
2026-02-25 03:08:22,700 [INFO] Policy action (normalized): v = +0.515, w = +0.999 | Cmd_vel (scaled): v = +0.515 m/s, w = +0.999 rad/s
2026-02-25 03:08:56,162 [INFO] Step 80000: reward=-0.010, dist=0.00
2026-02-25 03:09:57,563 [INFO] Step 80200: reward=-0.010, dist=0.00
2026-02-25 03:10:58,968 [INFO] Step 80400: reward=-0.010, dist=0.00
2026-02-25 03:12:00,411 [INFO] Step 80600: reward=-0.010, dist=0.00
2026-02-25 03:13:01,838 [INFO] Step 80800: reward=-0.010, dist=0.00
2026-02-25 03:13:22,401 [INFO] Performing PPO update at global step 1150976
2026-02-25 03:13:22,644 [INFO] PPO losses — policy: -0.0006, value: 0.0131, entropy: 4.2242
2026-02-25 03:13:22,648 [INFO] PPO update completed. Buffer cleared.
2026-02-25 03:14:03,492 [INFO] Step 81000: reward=-0.010, dist=0.00
2026-02-25 03:15:04,859 [INFO] Step 81200: reward=-0.010, dist=0.00
2026-02-25 03:16:06,282 [INFO] Step 81400: reward=-0.010, dist=0.00
2026-02-25 03:17:07,658 [INFO] Step 81600: reward=-0.010, dist=0.00
2026-02-25 03:18:09,067 [INFO] Step 81800: reward=-0.010, dist=0.00
2026-02-25 03:19:10,500 [INFO] Step 82000: reward=-0.010, dist=0.00
2026-02-25 03:20:11,949 [INFO] Step 82200: reward=-0.010, dist=0.00
2026-02-25 03:21:13,361 [INFO] Step 82400: reward=-0.010, dist=0.00
2026-02-25 03:22:14,744 [INFO] Step 82600: reward=-0.010, dist=0.00
2026-02-25 03:23:16,164 [INFO] Step 82800: reward=-0.010, dist=0.00
2026-02-25 03:23:51,505 [INFO] Performing PPO update at global step 1153024
2026-02-25 03:23:51,738 [INFO] PPO losses — policy: -0.0010, value: 0.0138, entropy: 4.2242
2026-02-25 03:23:51,742 [INFO] PPO update completed. Buffer cleared.
2026-02-25 03:24:17,854 [INFO] Step 83000: reward=-0.010, dist=0.00
2026-02-25 03:25:19,248 [INFO] Step 83200: reward=-0.010, dist=0.00
2026-02-25 03:26:20,653 [INFO] Step 83400: reward=-0.010, dist=0.00
2026-02-25 03:27:22,070 [INFO] Step 83600: reward=-0.010, dist=0.00
2026-02-25 03:28:23,489 [INFO] Step 83800: reward=-0.010, dist=0.00
2026-02-25 03:29:24,940 [INFO] Step 84000: reward=-0.010, dist=0.00
2026-02-25 03:30:26,330 [INFO] Step 84200: reward=-0.010, dist=0.00
2026-02-25 03:31:27,701 [INFO] Step 84400: reward=-0.010, dist=0.00
2026-02-25 03:32:29,093 [INFO] Step 84600: reward=-0.010, dist=0.00
2026-02-25 03:33:30,518 [INFO] Step 84800: reward=-0.010, dist=0.00
2026-02-25 03:34:20,565 [INFO] Performing PPO update at global step 1155072
2026-02-25 03:34:20,797 [INFO] PPO losses — policy: -0.0015, value: 0.0190, entropy: 4.2242
2026-02-25 03:34:20,801 [INFO] PPO update completed. Buffer cleared.
2026-02-25 03:34:32,197 [INFO] Step 85000: reward=-0.010, dist=0.00
2026-02-25 03:35:33,598 [INFO] Step 85200: reward=-0.010, dist=0.00
2026-02-25 03:36:35,005 [INFO] Step 85400: reward=-0.010, dist=0.00
2026-02-25 03:37:36,405 [INFO] Step 85600: reward=-0.010, dist=0.00
2026-02-25 03:38:37,768 [INFO] Step 85800: reward=-0.010, dist=0.00
2026-02-25 03:39:39,169 [INFO] Step 86000: reward=-0.010, dist=0.00
2026-02-25 03:40:40,578 [INFO] Step 86200: reward=-0.010, dist=0.00
2026-02-25 03:41:41,945 [INFO] Step 86400: reward=-0.010, dist=0.00
2026-02-25 03:42:43,364 [INFO] Step 86600: reward=-0.010, dist=0.00
2026-02-25 03:43:44,776 [INFO] Step 86800: reward=-0.010, dist=0.00
2026-02-25 03:44:46,191 [INFO] Step 87000: reward=-0.010, dist=0.00
2026-02-25 03:44:49,577 [INFO] Performing PPO update at global step 1157120
2026-02-25 03:44:49,812 [INFO] PPO losses — policy: 0.0008, value: 0.0166, entropy: 4.2242
2026-02-25 03:44:49,816 [INFO] PPO update completed. Buffer cleared.
2026-02-25 03:45:47,831 [INFO] Step 87200: reward=-0.010, dist=0.00
2026-02-25 03:46:49,179 [INFO] Step 87400: reward=-0.010, dist=0.00
2026-02-25 03:47:50,603 [INFO] Step 87600: reward=-0.010, dist=0.00
2026-02-25 03:48:52,006 [INFO] Step 87800: reward=-0.010, dist=0.00
2026-02-25 03:49:53,406 [INFO] Step 88000: reward=-0.010, dist=0.00
2026-02-25 03:50:54,826 [INFO] Step 88200: reward=-0.010, dist=0.00
2026-02-25 03:51:56,243 [INFO] Step 88400: reward=-0.010, dist=0.00
2026-02-25 03:52:57,678 [INFO] Step 88600: reward=-0.010, dist=0.00
2026-02-25 03:53:59,117 [INFO] Step 88800: reward=-0.010, dist=0.00
2026-02-25 03:55:00,580 [INFO] Step 89000: reward=-0.010, dist=0.00
2026-02-25 03:55:18,727 [INFO] Performing PPO update at global step 1159168
2026-02-25 03:55:18,958 [INFO] PPO losses — policy: 0.0037, value: 0.0099, entropy: 4.2242
2026-02-25 03:55:18,962 [INFO] PPO update completed. Buffer cleared.
2026-02-25 03:56:02,223 [INFO] Step 89200: reward=-0.010, dist=0.00
2026-02-25 03:57:03,611 [INFO] Step 89400: reward=-0.010, dist=0.00
2026-02-25 03:58:05,021 [INFO] Step 89600: reward=-0.010, dist=0.00
2026-02-25 03:59:06,415 [INFO] Step 89800: reward=-0.010, dist=0.00
2026-02-25 03:59:34,332 [INFO] Policy action (normalized): v = +0.999, w = +0.985 | Cmd_vel (scaled): v = +0.999 m/s, w = +0.985 rad/s
2026-02-25 04:00:07,781 [INFO] Step 90000: reward=-0.010, dist=0.00
2026-02-25 04:01:09,205 [INFO] Step 90200: reward=-0.010, dist=0.00
2026-02-25 04:02:10,622 [INFO] Step 90400: reward=-0.010, dist=0.00
2026-02-25 04:03:12,025 [INFO] Step 90600: reward=-0.010, dist=0.00
2026-02-25 04:04:13,414 [INFO] Step 90800: reward=-0.010, dist=0.00
2026-02-25 04:05:14,803 [INFO] Step 91000: reward=-0.010, dist=0.00
2026-02-25 04:05:47,635 [INFO] Performing PPO update at global step 1161216
2026-02-25 04:05:47,867 [INFO] PPO losses — policy: -0.0037, value: 0.0100, entropy: 4.2242
2026-02-25 04:05:47,871 [INFO] PPO update completed. Buffer cleared.
2026-02-25 04:06:16,464 [INFO] Step 91200: reward=-0.010, dist=0.00
2026-02-25 04:07:17,847 [INFO] Step 91400: reward=-0.010, dist=0.00
2026-02-25 04:08:19,252 [INFO] Step 91600: reward=-0.010, dist=0.00
2026-02-25 04:09:20,656 [INFO] Step 91800: reward=-0.010, dist=0.00
2026-02-25 04:10:22,021 [INFO] Step 92000: reward=-0.010, dist=0.00
2026-02-25 04:11:23,428 [INFO] Step 92200: reward=-0.010, dist=0.00
2026-02-25 04:12:24,801 [INFO] Step 92400: reward=-0.010, dist=0.00
2026-02-25 04:13:26,109 [INFO] Step 92600: reward=-0.010, dist=0.00
2026-02-25 04:14:27,532 [INFO] Step 92800: reward=-0.010, dist=0.00
2026-02-25 04:15:28,969 [INFO] Step 93000: reward=-0.010, dist=0.00
2026-02-25 04:16:16,574 [INFO] Performing PPO update at global step 1163264
2026-02-25 04:16:16,807 [INFO] PPO losses — policy: 0.0016, value: 0.0066, entropy: 4.2242
2026-02-25 04:16:16,811 [INFO] PPO update completed. Buffer cleared.
2026-02-25 04:16:30,647 [INFO] Step 93200: reward=-0.010, dist=0.00
2026-02-25 04:17:31,997 [INFO] Step 93400: reward=-0.010, dist=0.00
2026-02-25 04:18:33,363 [INFO] Step 93600: reward=-0.010, dist=0.00
2026-02-25 04:19:34,759 [INFO] Step 93800: reward=-0.010, dist=0.00
2026-02-25 04:20:36,179 [INFO] Step 94000: reward=-0.010, dist=0.00
2026-02-25 04:21:37,544 [INFO] Step 94200: reward=-0.010, dist=0.00
2026-02-25 04:22:38,953 [INFO] Step 94400: reward=-0.010, dist=0.00
2026-02-25 04:23:40,357 [INFO] Step 94600: reward=-0.010, dist=0.00
2026-02-25 04:24:41,764 [INFO] Step 94800: reward=-0.010, dist=0.00
2026-02-25 04:25:43,218 [INFO] Step 95000: reward=-0.010, dist=0.00
2026-02-25 04:26:44,609 [INFO] Step 95200: reward=-0.010, dist=0.00
2026-02-25 04:26:45,532 [INFO] Performing PPO update at global step 1165312
2026-02-25 04:26:45,762 [INFO] PPO losses — policy: -0.0000, value: 0.0067, entropy: 4.2242
2026-02-25 04:26:45,766 [INFO] PPO update completed. Buffer cleared.
2026-02-25 04:27:46,282 [INFO] Step 95400: reward=-0.010, dist=0.00
2026-02-25 04:28:47,654 [INFO] Step 95600: reward=-0.010, dist=0.00
2026-02-25 04:29:49,038 [INFO] Step 95800: reward=-0.010, dist=0.00
2026-02-25 04:30:50,418 [INFO] Step 96000: reward=-0.010, dist=0.00
2026-02-25 04:31:51,812 [INFO] Step 96200: reward=-0.010, dist=0.00
2026-02-25 04:32:53,214 [INFO] Step 96400: reward=-0.010, dist=0.00
2026-02-25 04:33:54,631 [INFO] Step 96600: reward=-0.010, dist=0.00
2026-02-25 04:34:55,998 [INFO] Step 96800: reward=-0.010, dist=0.00
2026-02-25 04:35:57,391 [INFO] Step 97000: reward=-0.010, dist=0.00
2026-02-25 04:36:58,747 [INFO] Step 97200: reward=-0.010, dist=0.00
2026-02-25 04:37:14,429 [INFO] Performing PPO update at global step 1167360
2026-02-25 04:37:14,660 [INFO] PPO losses — policy: -0.0026, value: 0.0060, entropy: 4.2242
2026-02-25 04:37:14,664 [INFO] PPO update completed. Buffer cleared.
2026-02-25 04:38:00,477 [INFO] Step 97400: reward=-0.010, dist=0.00
2026-02-25 04:39:01,806 [INFO] Step 97600: reward=-0.010, dist=0.00
2026-02-25 04:40:03,183 [INFO] Step 97800: reward=-0.010, dist=0.00
2026-02-25 04:41:04,593 [INFO] Step 98000: reward=-0.010, dist=0.00
2026-02-25 04:42:06,022 [INFO] Step 98200: reward=-0.010, dist=0.00
2026-02-25 04:43:07,421 [INFO] Step 98400: reward=-0.010, dist=0.00
2026-02-25 04:44:08,746 [INFO] Step 98600: reward=-0.010, dist=0.00
2026-02-25 04:45:10,179 [INFO] Step 98800: reward=-0.010, dist=0.00
2026-02-25 04:46:11,605 [INFO] Step 99000: reward=-0.010, dist=0.00
2026-02-25 04:47:13,037 [INFO] Step 99200: reward=-0.010, dist=0.00
2026-02-25 04:47:43,396 [INFO] Performing PPO update at global step 1169408
2026-02-25 04:47:43,627 [INFO] PPO losses — policy: -0.0015, value: 0.0092, entropy: 4.2242
2026-02-25 04:47:43,631 [INFO] PPO update completed. Buffer cleared.
2026-02-25 04:48:14,650 [INFO] Step 99400: reward=-0.010, dist=0.00
2026-02-25 04:49:16,048 [INFO] Step 99600: reward=-0.010, dist=0.00
2026-02-25 04:50:17,464 [INFO] Step 99800: reward=-0.010, dist=0.00
2026-02-25 04:50:45,396 [INFO] Policy action (normalized): v = -0.904, w = +0.986 | Cmd_vel (scaled): v = -0.904 m/s, w = +0.986 rad/s
2026-02-25 04:51:18,828 [INFO] Step 100000: reward=-0.010, dist=0.00
2026-02-25 04:52:20,169 [INFO] Step 100200: reward=-0.010, dist=0.00
2026-02-25 04:53:21,529 [INFO] Step 100400: reward=-0.010, dist=0.00
2026-02-25 04:54:22,918 [INFO] Step 100600: reward=-0.010, dist=0.00
2026-02-25 04:55:24,376 [INFO] Step 100800: reward=-0.010, dist=0.00
2026-02-25 04:56:25,776 [INFO] Step 101000: reward=-0.010, dist=0.00
2026-02-25 04:57:27,212 [INFO] Step 101200: reward=-0.010, dist=0.00
2026-02-25 04:58:12,377 [INFO] Performing PPO update at global step 1171456
2026-02-25 04:58:12,607 [INFO] PPO losses — policy: -0.0019, value: 0.0058, entropy: 4.2242
2026-02-25 04:58:12,611 [INFO] PPO update completed. Buffer cleared.
2026-02-25 04:58:28,921 [INFO] Step 101400: reward=-0.010, dist=0.00
2026-02-25 04:59:30,317 [INFO] Step 101600: reward=-0.010, dist=0.00
2026-02-25 05:00:31,704 [INFO] Step 101800: reward=-0.010, dist=0.00
2026-02-25 05:01:33,080 [INFO] Step 102000: reward=-0.010, dist=0.00
2026-02-25 05:02:34,443 [INFO] Step 102200: reward=-0.010, dist=0.00
2026-02-25 05:03:35,868 [INFO] Step 102400: reward=-0.010, dist=0.00
2026-02-25 05:04:37,289 [INFO] Step 102600: reward=-0.010, dist=0.00
2026-02-25 05:05:38,690 [INFO] Step 102800: reward=-0.010, dist=0.00
2026-02-25 05:06:40,083 [INFO] Step 103000: reward=-0.010, dist=0.00
2026-02-25 05:07:41,447 [INFO] Step 103200: reward=-0.010, dist=0.00
2026-02-25 05:08:41,279 [INFO] Performing PPO update at global step 1173504
2026-02-25 05:08:41,516 [INFO] PPO losses — policy: 0.0020, value: 0.0069, entropy: 4.1922
2026-02-25 05:08:41,520 [INFO] PPO update completed. Buffer cleared.
2026-02-25 05:08:43,056 [INFO] Step 103400: reward=-0.010, dist=0.00
2026-02-25 05:09:44,502 [INFO] Step 103600: reward=-0.010, dist=0.00
2026-02-25 05:10:45,928 [INFO] Step 103800: reward=-0.010, dist=0.00
2026-02-25 05:11:47,299 [INFO] Step 104000: reward=-0.010, dist=0.00
2026-02-25 05:12:48,669 [INFO] Step 104200: reward=-0.010, dist=0.00
2026-02-25 05:13:50,120 [INFO] Step 104400: reward=-0.010, dist=0.00
2026-02-25 05:14:51,559 [INFO] Step 104600: reward=-0.010, dist=0.00
2026-02-25 05:15:52,935 [INFO] Step 104800: reward=-0.010, dist=0.00
2026-02-25 05:16:54,325 [INFO] Step 105000: reward=-0.010, dist=0.00
2026-02-25 05:17:55,724 [INFO] Step 105200: reward=-0.010, dist=0.00
2026-02-25 05:18:57,187 [INFO] Step 105400: reward=-0.010, dist=0.00
2026-02-25 05:19:10,406 [INFO] Performing PPO update at global step 1175552
2026-02-25 05:19:10,635 [INFO] PPO losses — policy: 0.0005, value: 0.0082, entropy: 4.2242
2026-02-25 05:19:10,639 [INFO] PPO update completed. Buffer cleared.
2026-02-25 05:19:58,844 [INFO] Step 105600: reward=-0.010, dist=0.00
2026-02-25 05:21:00,259 [INFO] Step 105800: reward=-0.010, dist=0.00
2026-02-25 05:22:01,677 [INFO] Step 106000: reward=-0.010, dist=0.00
2026-02-25 05:23:03,088 [INFO] Step 106200: reward=-0.010, dist=0.00
2026-02-25 05:24:04,493 [INFO] Step 106400: reward=-0.010, dist=0.00
2026-02-25 05:25:05,878 [INFO] Step 106600: reward=-0.010, dist=0.00
2026-02-25 05:26:07,303 [INFO] Step 106800: reward=-0.010, dist=0.00
2026-02-25 05:27:08,682 [INFO] Step 107000: reward=-0.010, dist=0.00
2026-02-25 05:28:10,093 [INFO] Step 107200: reward=-0.010, dist=0.00
2026-02-25 05:29:11,493 [INFO] Step 107400: reward=-0.010, dist=0.00
2026-02-25 05:29:39,450 [INFO] Performing PPO update at global step 1177600
2026-02-25 05:29:39,682 [INFO] PPO losses — policy: -0.0007, value: 0.0055, entropy: 4.2242
2026-02-25 05:29:39,686 [INFO] PPO update completed. Buffer cleared.
2026-02-25 05:30:13,150 [INFO] Step 107600: reward=-0.010, dist=0.00
2026-02-25 05:31:14,521 [INFO] Step 107800: reward=-0.010, dist=0.00
2026-02-25 05:32:15,888 [INFO] Step 108000: reward=-0.010, dist=0.00
2026-02-25 05:33:17,257 [INFO] Step 108200: reward=-0.010, dist=0.00
2026-02-25 05:34:18,663 [INFO] Step 108400: reward=-0.010, dist=0.00
2026-02-25 05:35:20,029 [INFO] Step 108600: reward=-0.010, dist=0.00
2026-02-25 05:36:21,529 [INFO] Step 108800: reward=-0.010, dist=0.00
2026-02-25 05:37:22,959 [INFO] Step 109000: reward=-0.010, dist=0.00
2026-02-25 05:38:24,369 [INFO] Step 109200: reward=-0.010, dist=0.00
2026-02-25 05:39:25,780 [INFO] Step 109400: reward=-0.010, dist=0.00
2026-02-25 05:40:08,497 [INFO] Performing PPO update at global step 1179648
2026-02-25 05:40:08,730 [INFO] PPO losses — policy: 0.0003, value: 0.0055, entropy: 4.2242
2026-02-25 05:40:08,734 [INFO] PPO update completed. Buffer cleared.
2026-02-25 05:40:27,507 [INFO] Step 109600: reward=-0.010, dist=0.00
2026-02-25 05:41:28,912 [INFO] Step 109800: reward=-0.010, dist=0.00
2026-02-25 05:41:56,855 [INFO] Policy action (normalized): v = -0.938, w = +0.985 | Cmd_vel (scaled): v = -0.938 m/s, w = +0.985 rad/s
2026-02-25 05:42:30,312 [INFO] Step 110000: reward=-0.010, dist=0.00
2026-02-25 05:43:31,747 [INFO] Step 110200: reward=-0.010, dist=0.00
2026-02-25 05:44:33,159 [INFO] Step 110400: reward=-0.010, dist=0.00
2026-02-25 05:45:34,614 [INFO] Step 110600: reward=-0.010, dist=0.00
2026-02-25 05:46:36,052 [INFO] Step 110800: reward=-0.010, dist=0.00
2026-02-25 05:47:37,497 [INFO] Step 111000: reward=-0.010, dist=0.00
2026-02-25 05:48:38,898 [INFO] Step 111200: reward=-0.010, dist=0.00
2026-02-25 05:49:40,300 [INFO] Step 111400: reward=-0.010, dist=0.00
2026-02-25 05:50:37,694 [INFO] Performing PPO update at global step 1181696
2026-02-25 05:50:37,920 [INFO] PPO losses — policy: -0.0039, value: 0.0048, entropy: 4.2242
2026-02-25 05:50:37,925 [INFO] PPO update completed. Buffer cleared.
2026-02-25 05:50:41,934 [INFO] Step 111600: reward=-0.010, dist=0.00
2026-02-25 05:51:43,250 [INFO] Step 111800: reward=-0.010, dist=0.00
2026-02-25 05:52:44,606 [INFO] Step 112000: reward=-0.010, dist=0.00
2026-02-25 05:53:45,941 [INFO] Step 112200: reward=-0.010, dist=0.00
2026-02-25 05:54:47,310 [INFO] Step 112400: reward=-0.010, dist=0.00
2026-02-25 05:55:48,696 [INFO] Step 112600: reward=-0.010, dist=0.00
2026-02-25 05:56:49,948 [INFO] Step 112800: reward=-0.010, dist=0.00
2026-02-25 05:57:51,326 [INFO] Step 113000: reward=-0.010, dist=0.00
2026-02-25 05:58:52,721 [INFO] Step 113200: reward=-0.010, dist=0.00
2026-02-25 05:59:54,110 [INFO] Step 113400: reward=-0.010, dist=0.00
2026-02-25 06:00:55,476 [INFO] Step 113600: reward=-0.010, dist=0.00
2026-02-25 06:01:06,213 [INFO] Performing PPO update at global step 1183744
2026-02-25 06:01:06,447 [INFO] PPO losses — policy: -0.0008, value: 0.0041, entropy: 4.2242
2026-02-25 06:01:06,451 [INFO] PPO update completed. Buffer cleared.
2026-02-25 06:01:57,105 [INFO] Step 113800: reward=-0.010, dist=0.00
2026-02-25 06:02:58,465 [INFO] Step 114000: reward=-0.010, dist=0.00
2026-02-25 06:03:59,847 [INFO] Step 114200: reward=-0.010, dist=0.00
2026-02-25 06:05:01,233 [INFO] Step 114400: reward=-0.010, dist=0.00
2026-02-25 06:06:02,637 [INFO] Step 114600: reward=-0.010, dist=0.00
2026-02-25 06:07:04,164 [INFO] Step 114800: reward=-0.010, dist=0.00
2026-02-25 06:08:05,596 [INFO] Step 115000: reward=-0.010, dist=0.00
2026-02-25 06:09:07,043 [INFO] Step 115200: reward=-0.010, dist=0.00
2026-02-25 06:10:08,463 [INFO] Step 115400: reward=-0.010, dist=0.00
2026-02-25 06:11:09,938 [INFO] Step 115600: reward=-0.010, dist=0.00
2026-02-25 06:11:35,394 [INFO] Performing PPO update at global step 1185792
2026-02-25 06:11:35,628 [INFO] PPO losses — policy: 0.0018, value: 0.0048, entropy: 4.2242
2026-02-25 06:11:35,631 [INFO] PPO update completed. Buffer cleared.
2026-02-25 06:12:11,583 [INFO] Step 115800: reward=-0.010, dist=0.00
2026-02-25 06:13:12,964 [INFO] Step 116000: reward=-0.010, dist=0.00
2026-02-25 06:14:14,349 [INFO] Step 116200: reward=-0.010, dist=0.00
2026-02-25 06:15:15,757 [INFO] Step 116400: reward=-0.010, dist=0.00
2026-02-25 06:16:17,203 [INFO] Step 116600: reward=-0.010, dist=0.00
2026-02-25 06:17:18,618 [INFO] Step 116800: reward=-0.010, dist=0.00
2026-02-25 06:18:19,986 [INFO] Step 117000: reward=-0.010, dist=0.00
2026-02-25 06:19:21,391 [INFO] Step 117200: reward=-0.010, dist=0.00
2026-02-25 06:20:22,775 [INFO] Step 117400: reward=-0.010, dist=0.00
2026-02-25 06:21:24,192 [INFO] Step 117600: reward=-0.010, dist=0.00
2026-02-25 06:22:04,435 [INFO] Performing PPO update at global step 1187840
2026-02-25 06:22:04,671 [INFO] PPO losses — policy: 0.0007, value: 0.0051, entropy: 4.2241
2026-02-25 06:22:04,675 [INFO] PPO update completed. Buffer cleared.
2026-02-25 06:22:25,902 [INFO] Step 117800: reward=-0.010, dist=0.00
2026-02-25 06:23:27,310 [INFO] Step 118000: reward=-0.010, dist=0.00
2026-02-25 06:24:28,745 [INFO] Step 118200: reward=-0.010, dist=0.00
2026-02-25 06:25:30,136 [INFO] Step 118400: reward=-0.010, dist=0.00
2026-02-25 06:26:31,504 [INFO] Step 118600: reward=-0.010, dist=0.00
2026-02-25 06:27:32,890 [INFO] Step 118800: reward=-0.010, dist=0.00
2026-02-25 06:28:34,336 [INFO] Step 119000: reward=-0.010, dist=0.00
2026-02-25 06:29:35,717 [INFO] Step 119200: reward=-0.010, dist=0.00
2026-02-25 06:30:37,140 [INFO] Step 119400: reward=-0.010, dist=0.00
2026-02-25 06:31:38,531 [INFO] Step 119600: reward=-0.010, dist=0.00
2026-02-25 06:32:33,485 [INFO] Performing PPO update at global step 1189888
2026-02-25 06:32:33,717 [INFO] PPO losses — policy: -0.0034, value: 0.0048, entropy: 4.2242
2026-02-25 06:32:33,720 [INFO] PPO update completed. Buffer cleared.
2026-02-25 06:32:40,212 [INFO] Step 119800: reward=-0.010, dist=0.00
2026-02-25 06:33:08,158 [INFO] Policy action (normalized): v = +0.949, w = +1.000 | Cmd_vel (scaled): v = +0.949 m/s, w = +1.000 rad/s
2026-02-25 06:33:41,635 [INFO] Step 120000: reward=-0.010, dist=0.00
2026-02-25 06:34:42,996 [INFO] Step 120200: reward=-0.010, dist=0.00
2026-02-25 06:35:44,365 [INFO] Step 120400: reward=-0.010, dist=0.00
2026-02-25 06:36:45,728 [INFO] Step 120600: reward=-0.010, dist=0.00
2026-02-25 06:37:47,116 [INFO] Step 120800: reward=-0.010, dist=0.00
2026-02-25 06:38:48,522 [INFO] Step 121000: reward=-0.010, dist=0.00
2026-02-25 06:39:49,917 [INFO] Step 121200: reward=-0.010, dist=0.00
2026-02-25 06:40:51,311 [INFO] Step 121400: reward=-0.010, dist=0.00
2026-02-25 06:41:52,701 [INFO] Step 121600: reward=-0.010, dist=0.00
2026-02-25 06:42:54,106 [INFO] Step 121800: reward=-0.010, dist=0.00
2026-02-25 06:43:02,393 [INFO] Performing PPO update at global step 1191936
2026-02-25 06:43:02,632 [INFO] PPO losses — policy: -0.0031, value: 0.0051, entropy: 4.2242
2026-02-25 06:43:02,635 [INFO] PPO update completed. Buffer cleared.
2026-02-25 06:43:55,800 [INFO] Step 122000: reward=-0.010, dist=0.00
2026-02-25 06:44:57,158 [INFO] Step 122200: reward=-0.010, dist=0.00
2026-02-25 06:45:58,583 [INFO] Step 122400: reward=-0.010, dist=0.00
2026-02-25 06:46:59,930 [INFO] Step 122600: reward=-0.010, dist=0.00
2026-02-25 06:48:01,373 [INFO] Step 122800: reward=-0.010, dist=0.00
2026-02-25 06:49:02,830 [INFO] Step 123000: reward=-0.010, dist=0.00
2026-02-25 06:50:04,231 [INFO] Step 123200: reward=-0.010, dist=0.00
2026-02-25 06:51:05,658 [INFO] Step 123400: reward=-0.010, dist=0.00
2026-02-25 06:52:07,081 [INFO] Step 123600: reward=-0.010, dist=0.00
2026-02-25 06:53:08,479 [INFO] Step 123800: reward=-0.010, dist=0.00
2026-02-25 06:53:31,516 [INFO] Performing PPO update at global step 1193984
2026-02-25 06:53:31,747 [INFO] PPO losses — policy: -0.0021, value: 0.0059, entropy: 4.2242
2026-02-25 06:53:31,751 [INFO] PPO update completed. Buffer cleared.
2026-02-25 06:54:10,116 [INFO] Step 124000: reward=-0.010, dist=0.00
2026-02-25 06:55:11,520 [INFO] Step 124200: reward=-0.010, dist=0.00
2026-02-25 06:56:12,917 [INFO] Step 124400: reward=-0.010, dist=0.00
2026-02-25 06:57:14,356 [INFO] Step 124600: reward=-0.010, dist=0.00
2026-02-25 06:58:15,803 [INFO] Step 124800: reward=-0.010, dist=0.00
2026-02-25 06:59:17,244 [INFO] Step 125000: reward=-0.010, dist=0.00
2026-02-25 07:00:18,708 [INFO] Step 125200: reward=-0.010, dist=0.00
2026-02-25 07:01:20,105 [INFO] Step 125400: reward=-0.010, dist=0.00
2026-02-25 07:02:21,514 [INFO] Step 125600: reward=-0.010, dist=0.00
2026-02-25 07:03:22,914 [INFO] Step 125800: reward=-0.010, dist=0.00
2026-02-25 07:04:00,698 [INFO] Performing PPO update at global step 1196032
2026-02-25 07:04:00,932 [INFO] PPO losses — policy: -0.0021, value: 0.0052, entropy: 4.2242
2026-02-25 07:04:00,936 [INFO] PPO update completed. Buffer cleared.
2026-02-25 07:04:24,619 [INFO] Step 126000: reward=-0.010, dist=0.00
2026-02-25 07:05:25,976 [INFO] Step 126200: reward=-0.010, dist=0.00
2026-02-25 07:06:27,395 [INFO] Step 126400: reward=-0.010, dist=0.00
2026-02-25 07:07:28,776 [INFO] Step 126600: reward=-0.010, dist=0.00
2026-02-25 07:08:30,187 [INFO] Step 126800: reward=-0.010, dist=0.00
2026-02-25 07:09:31,571 [INFO] Step 127000: reward=-0.010, dist=0.00
2026-02-25 07:10:32,973 [INFO] Step 127200: reward=-0.010, dist=0.00
2026-02-25 07:11:34,457 [INFO] Step 127400: reward=-0.010, dist=0.00
2026-02-25 07:12:35,850 [INFO] Step 127600: reward=-0.010, dist=0.00
2026-02-25 07:13:37,210 [INFO] Step 127800: reward=-0.010, dist=0.00
2026-02-25 07:14:29,703 [INFO] Performing PPO update at global step 1198080
2026-02-25 07:14:29,941 [INFO] PPO losses — policy: -0.0003, value: 0.0044, entropy: 4.2242
2026-02-25 07:14:29,945 [INFO] PPO update completed. Buffer cleared.
2026-02-25 07:14:38,874 [INFO] Step 128000: reward=-0.010, dist=0.00
2026-02-25 07:15:40,226 [INFO] Step 128200: reward=-0.010, dist=0.00
2026-02-25 07:16:41,579 [INFO] Step 128400: reward=-0.010, dist=0.00
2026-02-25 07:17:43,027 [INFO] Step 128600: reward=-0.010, dist=0.00
2026-02-25 07:18:44,406 [INFO] Step 128800: reward=-0.010, dist=0.00
2026-02-25 07:19:45,830 [INFO] Step 129000: reward=-0.010, dist=0.00
2026-02-25 07:20:47,256 [INFO] Step 129200: reward=-0.010, dist=0.00
2026-02-25 07:21:48,622 [INFO] Step 129400: reward=-0.010, dist=0.00
2026-02-25 07:22:50,057 [INFO] Step 129600: reward=-0.010, dist=0.00
2026-02-25 07:23:51,467 [INFO] Step 129800: reward=-0.010, dist=0.00
2026-02-25 07:24:19,383 [INFO] Policy action (normalized): v = -0.378, w = +0.788 | Cmd_vel (scaled): v = -0.378 m/s, w = +0.788 rad/s
2026-02-25 07:24:52,924 [INFO] Step 130000: reward=-0.010, dist=0.00
2026-02-25 07:24:58,753 [INFO] Performing PPO update at global step 1200128
2026-02-25 07:24:58,984 [INFO] PPO losses — policy: -0.0024, value: 0.0041, entropy: 4.2242
2026-02-25 07:24:58,988 [INFO] PPO update completed. Buffer cleared.
2026-02-25 07:25:54,590 [INFO] Step 130200: reward=-0.010, dist=0.00
2026-02-25 07:26:55,955 [INFO] Step 130400: reward=-0.010, dist=0.00
2026-02-25 07:27:57,323 [INFO] Step 130600: reward=-0.010, dist=0.00
2026-02-25 07:28:58,754 [INFO] Step 130800: reward=-0.010, dist=0.00
2026-02-25 07:30:00,172 [INFO] Step 131000: reward=-0.010, dist=0.00
2026-02-25 07:31:01,566 [INFO] Step 131200: reward=-0.010, dist=0.00
2026-02-25 07:32:02,957 [INFO] Step 131400: reward=-0.010, dist=0.00
2026-02-25 07:33:04,394 [INFO] Step 131600: reward=-0.010, dist=0.00
2026-02-25 07:34:05,835 [INFO] Step 131800: reward=-0.010, dist=0.00
2026-02-25 07:35:07,241 [INFO] Step 132000: reward=-0.010, dist=0.00
2026-02-25 07:35:27,806 [INFO] Performing PPO update at global step 1202176
2026-02-25 07:35:28,044 [INFO] PPO losses — policy: 0.0001, value: 0.0043, entropy: 4.2186
2026-02-25 07:35:28,048 [INFO] PPO update completed. Buffer cleared.
2026-02-25 07:36:08,897 [INFO] Step 132200: reward=-0.010, dist=0.00
2026-02-25 07:37:10,282 [INFO] Step 132400: reward=-0.010, dist=0.00
2026-02-25 07:38:11,652 [INFO] Step 132600: reward=-0.010, dist=0.00
2026-02-25 07:39:13,103 [INFO] Step 132800: reward=-0.010, dist=0.00
2026-02-25 07:40:14,491 [INFO] Step 133000: reward=-0.010, dist=0.00
2026-02-25 07:41:15,943 [INFO] Step 133200: reward=-0.010, dist=0.00
2026-02-25 07:42:17,299 [INFO] Step 133400: reward=-0.010, dist=0.00
2026-02-25 07:43:18,697 [INFO] Step 133600: reward=-0.010, dist=0.00
2026-02-25 07:44:20,115 [INFO] Step 133800: reward=-0.010, dist=0.00
2026-02-25 07:45:21,526 [INFO] Step 134000: reward=-0.010, dist=0.00
2026-02-25 07:45:56,843 [INFO] Performing PPO update at global step 1204224
2026-02-25 07:45:57,076 [INFO] PPO losses — policy: -0.0017, value: 0.0043, entropy: 4.2242
2026-02-25 07:45:57,080 [INFO] PPO update completed. Buffer cleared.
2026-02-25 07:46:23,200 [INFO] Step 134200: reward=-0.010, dist=0.00
2026-02-25 07:47:24,581 [INFO] Step 134400: reward=-0.010, dist=0.00
2026-02-25 07:48:25,983 [INFO] Step 134600: reward=-0.010, dist=0.00
2026-02-25 07:49:27,343 [INFO] Step 134800: reward=-0.010, dist=0.00
2026-02-25 07:50:28,760 [INFO] Step 135000: reward=-0.010, dist=0.00
2026-02-25 07:51:30,156 [INFO] Step 135200: reward=-0.010, dist=0.00
2026-02-25 07:52:31,581 [INFO] Step 135400: reward=-0.010, dist=0.00
2026-02-25 07:53:33,072 [INFO] Step 135600: reward=-0.010, dist=0.00
2026-02-25 07:54:34,533 [INFO] Step 135800: reward=-0.010, dist=0.00
2026-02-25 07:55:35,965 [INFO] Step 136000: reward=-0.010, dist=0.00
2026-02-25 07:56:26,036 [INFO] Performing PPO update at global step 1206272
2026-02-25 07:56:26,269 [INFO] PPO losses — policy: 0.0009, value: 0.0046, entropy: 4.2242
2026-02-25 07:56:26,273 [INFO] PPO update completed. Buffer cleared.
2026-02-25 07:56:37,647 [INFO] Step 136200: reward=-0.010, dist=0.00
2026-02-25 07:57:39,078 [INFO] Step 136400: reward=-0.010, dist=0.00
2026-02-25 07:58:40,446 [INFO] Step 136600: reward=-0.010, dist=0.00
2026-02-25 07:59:41,843 [INFO] Step 136800: reward=-0.010, dist=0.00
2026-02-25 08:00:43,276 [INFO] Step 137000: reward=-0.010, dist=0.00
2026-02-25 08:01:44,661 [INFO] Step 137200: reward=-0.010, dist=0.00
2026-02-25 08:02:46,074 [INFO] Step 137400: reward=-0.010, dist=0.00
2026-02-25 08:03:47,527 [INFO] Step 137600: reward=-0.010, dist=0.00
2026-02-25 08:04:48,931 [INFO] Step 137800: reward=-0.010, dist=0.00
2026-02-25 08:05:50,344 [INFO] Step 138000: reward=-0.010, dist=0.00
2026-02-25 08:06:51,792 [INFO] Step 138200: reward=-0.010, dist=0.00
2026-02-25 08:06:55,178 [INFO] Performing PPO update at global step 1208320
2026-02-25 08:06:55,407 [INFO] PPO losses — policy: 0.0000, value: 0.0066, entropy: 4.2242
2026-02-25 08:06:55,411 [INFO] PPO update completed. Buffer cleared.
2026-02-25 08:07:53,491 [INFO] Step 138400: reward=-0.010, dist=0.00
2026-02-25 08:08:54,859 [INFO] Step 138600: reward=-0.010, dist=0.00
2026-02-25 08:09:56,267 [INFO] Step 138800: reward=-0.010, dist=0.00
2026-02-25 08:10:57,646 [INFO] Step 139000: reward=-0.010, dist=0.00
2026-02-25 08:11:59,067 [INFO] Step 139200: reward=-0.010, dist=0.00
2026-02-25 08:13:00,511 [INFO] Step 139400: reward=-0.010, dist=0.00
2026-02-25 08:14:01,940 [INFO] Step 139600: reward=-0.010, dist=0.00
2026-02-25 08:15:03,349 [INFO] Step 139800: reward=-0.010, dist=0.00
2026-02-25 08:15:31,269 [INFO] Policy action (normalized): v = -0.597, w = +0.979 | Cmd_vel (scaled): v = -0.597 m/s, w = +0.979 rad/s
2026-02-25 08:16:04,769 [INFO] Step 140000: reward=-0.010, dist=0.00
2026-02-25 08:17:06,179 [INFO] Step 140200: reward=-0.010, dist=0.00
2026-02-25 08:17:24,286 [INFO] Performing PPO update at global step 1210368
2026-02-25 08:17:24,521 [INFO] PPO losses — policy: 0.0002, value: 0.0051, entropy: 4.2242
2026-02-25 08:17:24,524 [INFO] PPO update completed. Buffer cleared.
2026-02-25 08:18:07,892 [INFO] Step 140400: reward=-0.010, dist=0.00
2026-02-25 08:19:09,256 [INFO] Step 140600: reward=-0.010, dist=0.00
2026-02-25 08:20:10,607 [INFO] Step 140800: reward=-0.010, dist=0.00
2026-02-25 08:21:11,967 [INFO] Step 141000: reward=-0.010, dist=0.00
2026-02-25 08:22:13,354 [INFO] Step 141200: reward=-0.010, dist=0.00
2026-02-25 08:23:14,726 [INFO] Step 141400: reward=-0.010, dist=0.00
2026-02-25 08:24:16,121 [INFO] Step 141600: reward=-0.010, dist=0.00
2026-02-25 08:25:17,489 [INFO] Step 141800: reward=-0.010, dist=0.00
2026-02-25 08:26:18,909 [INFO] Step 142000: reward=-0.010, dist=0.00
2026-02-25 08:27:20,230 [INFO] Step 142200: reward=-0.010, dist=0.00
2026-02-25 08:27:53,073 [INFO] Performing PPO update at global step 1212416
2026-02-25 08:27:53,311 [INFO] PPO losses — policy: -0.0007, value: 0.0044, entropy: 4.2242
2026-02-25 08:27:53,315 [INFO] PPO update completed. Buffer cleared.
2026-02-25 08:28:21,861 [INFO] Step 142400: reward=-0.010, dist=0.00
2026-02-25 08:29:23,257 [INFO] Step 142600: reward=-0.010, dist=0.00
2026-02-25 08:30:24,611 [INFO] Step 142800: reward=-0.010, dist=0.00
2026-02-25 08:31:26,005 [INFO] Step 143000: reward=-0.010, dist=0.00
2026-02-25 08:32:27,418 [INFO] Step 143200: reward=-0.010, dist=0.00
2026-02-25 08:33:28,854 [INFO] Step 143400: reward=-0.010, dist=0.00
2026-02-25 08:34:30,259 [INFO] Step 143600: reward=-0.010, dist=0.00
2026-02-25 08:35:31,665 [INFO] Step 143800: reward=-0.010, dist=0.00
2026-02-25 08:36:33,026 [INFO] Step 144000: reward=-0.010, dist=0.00
2026-02-25 08:37:34,469 [INFO] Step 144200: reward=-0.010, dist=0.00
2026-02-25 08:38:22,061 [INFO] Performing PPO update at global step 1214464
2026-02-25 08:38:22,300 [INFO] PPO losses — policy: 0.0002, value: 0.0041, entropy: 4.2242
2026-02-25 08:38:22,304 [INFO] PPO update completed. Buffer cleared.
2026-02-25 08:38:36,143 [INFO] Step 144400: reward=-0.010, dist=0.00
2026-02-25 08:39:37,515 [INFO] Step 144600: reward=-0.010, dist=0.00
2026-02-25 08:40:38,942 [INFO] Step 144800: reward=-0.010, dist=0.00
2026-02-25 08:41:40,284 [INFO] Step 145000: reward=-0.010, dist=0.00
2026-02-25 08:42:41,718 [INFO] Step 145200: reward=-0.010, dist=0.00
2026-02-25 08:43:43,093 [INFO] Step 145400: reward=-0.010, dist=0.00
2026-02-25 08:44:44,477 [INFO] Step 145600: reward=-0.010, dist=0.00
2026-02-25 08:45:45,894 [INFO] Step 145800: reward=-0.010, dist=0.00
2026-02-25 08:46:47,343 [INFO] Step 146000: reward=-0.010, dist=0.00
2026-02-25 08:47:48,772 [INFO] Step 146200: reward=-0.010, dist=0.00
2026-02-25 08:48:50,191 [INFO] Step 146400: reward=-0.010, dist=0.00
2026-02-25 08:48:51,115 [INFO] Performing PPO update at global step 1216512
2026-02-25 08:48:51,349 [INFO] PPO losses — policy: -0.0025, value: 0.0047, entropy: 4.2156
2026-02-25 08:48:51,353 [INFO] PPO update completed. Buffer cleared.
2026-02-25 08:49:51,866 [INFO] Step 146600: reward=-0.010, dist=0.00
2026-02-25 08:50:53,254 [INFO] Step 146800: reward=-0.010, dist=0.00
2026-02-25 08:51:54,628 [INFO] Step 147000: reward=-0.010, dist=0.00
2026-02-25 08:52:56,026 [INFO] Step 147200: reward=-0.010, dist=0.00
2026-02-25 08:53:57,406 [INFO] Step 147400: reward=-0.010, dist=0.00
2026-02-25 08:54:58,777 [INFO] Step 147600: reward=-0.010, dist=0.00
2026-02-25 08:56:00,193 [INFO] Step 147800: reward=-0.010, dist=0.00
2026-02-25 08:57:01,576 [INFO] Step 148000: reward=-0.010, dist=0.00
2026-02-25 08:58:03,020 [INFO] Step 148200: reward=-0.010, dist=0.00
2026-02-25 08:59:04,437 [INFO] Step 148400: reward=-0.010, dist=0.00
2026-02-25 08:59:20,071 [INFO] Performing PPO update at global step 1218560
2026-02-25 08:59:20,317 [INFO] PPO losses — policy: -0.0057, value: 0.0058, entropy: 4.1333
2026-02-25 08:59:20,321 [INFO] PPO update completed. Buffer cleared.
2026-02-25 09:00:06,085 [INFO] Step 148600: reward=-0.010, dist=0.00
2026-02-25 09:01:07,467 [INFO] Step 148800: reward=-0.010, dist=0.00
2026-02-25 09:02:08,882 [INFO] Step 149000: reward=-0.010, dist=0.00
2026-02-25 09:03:10,300 [INFO] Step 149200: reward=-0.010, dist=0.00
2026-02-25 09:04:11,650 [INFO] Step 149400: reward=-0.010, dist=0.00
2026-02-25 09:05:13,043 [INFO] Step 149600: reward=-0.010, dist=0.00
2026-02-25 09:06:14,448 [INFO] Step 149800: reward=-0.010, dist=0.00
2026-02-25 09:06:42,401 [INFO] Policy action (normalized): v = -0.611, w = -0.996 | Cmd_vel (scaled): v = -0.611 m/s, w = -0.996 rad/s
2026-02-25 09:07:15,884 [INFO] Step 150000: reward=-0.010, dist=0.00
2026-02-25 09:08:17,317 [INFO] Step 150200: reward=-0.010, dist=0.00
2026-02-25 09:09:18,706 [INFO] Step 150400: reward=-0.010, dist=0.00
2026-02-25 09:09:49,108 [INFO] Performing PPO update at global step 1220608
2026-02-25 09:09:49,346 [INFO] PPO losses — policy: -0.0042, value: 0.0058, entropy: 4.2058
2026-02-25 09:09:49,349 [INFO] PPO update completed. Buffer cleared.
2026-02-25 09:10:20,345 [INFO] Step 150600: reward=-0.010, dist=0.00
2026-02-25 09:11:21,782 [INFO] Step 150800: reward=-0.010, dist=0.00
2026-02-25 09:12:23,193 [INFO] Step 151000: reward=-0.010, dist=0.00
2026-02-25 09:13:24,613 [INFO] Step 151200: reward=-0.010, dist=0.00
2026-02-25 09:14:26,009 [INFO] Step 151400: reward=-0.010, dist=0.00
2026-02-25 09:15:27,489 [INFO] Step 151600: reward=-0.010, dist=0.00
2026-02-25 09:16:28,870 [INFO] Step 151800: reward=-0.010, dist=0.00
2026-02-25 09:17:30,339 [INFO] Step 152000: reward=-0.010, dist=0.00
2026-02-25 09:18:31,732 [INFO] Step 152200: reward=-0.010, dist=0.00
2026-02-25 09:19:33,161 [INFO] Step 152400: reward=-0.010, dist=0.00
2026-02-25 09:20:18,316 [INFO] Performing PPO update at global step 1222656
2026-02-25 09:20:18,552 [INFO] PPO losses — policy: -0.0012, value: 0.0056, entropy: 4.2166
2026-02-25 09:20:18,556 [INFO] PPO update completed. Buffer cleared.
2026-02-25 09:20:34,869 [INFO] Step 152600: reward=-0.010, dist=0.00
2026-02-25 09:21:36,267 [INFO] Step 152800: reward=-0.010, dist=0.00
2026-02-25 09:22:37,623 [INFO] Step 153000: reward=-0.010, dist=0.00
2026-02-25 09:23:39,009 [INFO] Step 153200: reward=-0.010, dist=0.00
2026-02-25 09:24:40,348 [INFO] Step 153400: reward=-0.010, dist=0.00
2026-02-25 09:25:41,701 [INFO] Step 153600: reward=-0.010, dist=0.00
2026-02-25 09:26:43,105 [INFO] Step 153800: reward=-0.010, dist=0.00
2026-02-25 09:27:44,436 [INFO] Step 154000: reward=-0.010, dist=0.00
2026-02-25 09:28:45,787 [INFO] Step 154200: reward=-0.010, dist=0.00
2026-02-25 09:29:47,191 [INFO] Step 154400: reward=-0.010, dist=0.00
2026-02-25 09:30:47,124 [INFO] Performing PPO update at global step 1224704
2026-02-25 09:30:47,358 [INFO] PPO losses — policy: -0.0011, value: 0.0046, entropy: 4.2242
2026-02-25 09:30:47,362 [INFO] PPO update completed. Buffer cleared.
2026-02-25 09:30:48,902 [INFO] Step 154600: reward=-0.010, dist=0.00
2026-02-25 09:31:50,284 [INFO] Step 154800: reward=-0.010, dist=0.00
2026-02-25 09:32:51,670 [INFO] Step 155000: reward=-0.010, dist=0.00
2026-02-25 09:33:53,008 [INFO] Step 155200: reward=-0.010, dist=0.00
2026-02-25 09:34:54,450 [INFO] Step 155400: reward=-0.010, dist=0.00
2026-02-25 09:35:55,861 [INFO] Step 155600: reward=-0.010, dist=0.00
2026-02-25 09:36:57,290 [INFO] Step 155800: reward=-0.010, dist=0.00
2026-02-25 09:37:58,688 [INFO] Step 156000: reward=-0.010, dist=0.00
2026-02-25 09:39:00,026 [INFO] Step 156200: reward=-0.010, dist=0.00
2026-02-25 09:40:01,405 [INFO] Step 156400: reward=-0.010, dist=0.00
2026-02-25 09:41:02,836 [INFO] Step 156600: reward=-0.010, dist=0.00
2026-02-25 09:41:16,058 [INFO] Performing PPO update at global step 1226752
2026-02-25 09:41:16,287 [INFO] PPO losses — policy: -0.0036, value: 0.0046, entropy: 4.2242
2026-02-25 09:41:16,291 [INFO] PPO update completed. Buffer cleared.
2026-02-25 09:42:04,522 [INFO] Step 156800: reward=-0.010, dist=0.00
2026-02-25 09:43:05,960 [INFO] Step 157000: reward=-0.010, dist=0.00
2026-02-25 09:44:07,374 [INFO] Step 157200: reward=-0.010, dist=0.00
2026-02-25 09:45:08,792 [INFO] Step 157400: reward=-0.010, dist=0.00
2026-02-25 09:46:10,159 [INFO] Step 157600: reward=-0.010, dist=0.00
2026-02-25 09:47:11,574 [INFO] Step 157800: reward=-0.010, dist=0.00
2026-02-25 09:48:13,020 [INFO] Step 158000: reward=-0.010, dist=0.00
2026-02-25 09:49:14,444 [INFO] Step 158200: reward=-0.010, dist=0.00
2026-02-25 09:50:15,856 [INFO] Step 158400: reward=-0.010, dist=0.00
2026-02-25 09:51:17,296 [INFO] Step 158600: reward=-0.010, dist=0.00
2026-02-25 09:51:45,211 [INFO] Performing PPO update at global step 1228800
2026-02-25 09:51:45,455 [INFO] PPO losses — policy: 0.0000, value: 0.0043, entropy: 4.2242
2026-02-25 09:51:45,459 [INFO] PPO update completed. Buffer cleared.
2026-02-25 09:52:18,937 [INFO] Step 158800: reward=-0.010, dist=0.00
2026-02-25 09:53:20,270 [INFO] Step 159000: reward=-0.010, dist=0.00
2026-02-25 09:54:21,627 [INFO] Step 159200: reward=-0.010, dist=0.00
2026-02-25 09:55:23,043 [INFO] Step 159400: reward=-0.010, dist=0.00
2026-02-25 09:56:24,401 [INFO] Step 159600: reward=-0.010, dist=0.00
2026-02-25 09:57:25,767 [INFO] Step 159800: reward=-0.010, dist=0.00
2026-02-25 09:57:53,726 [INFO] Policy action (normalized): v = +0.966, w = +0.852 | Cmd_vel (scaled): v = +0.966 m/s, w = +0.852 rad/s
2026-02-25 09:58:27,177 [INFO] Step 160000: reward=-0.010, dist=0.00
2026-02-25 09:59:28,569 [INFO] Step 160200: reward=-0.010, dist=0.00
2026-02-25 10:00:30,032 [INFO] Step 160400: reward=-0.010, dist=0.00
2026-02-25 10:01:31,439 [INFO] Step 160600: reward=-0.010, dist=0.00
2026-02-25 10:02:14,121 [INFO] Performing PPO update at global step 1230848
2026-02-25 10:02:14,353 [INFO] PPO losses — policy: -0.0008, value: 0.0048, entropy: 4.2242
2026-02-25 10:02:14,357 [INFO] PPO update completed. Buffer cleared.
2026-02-25 10:02:33,089 [INFO] Step 160800: reward=-0.010, dist=0.00
2026-02-25 10:03:34,451 [INFO] Step 161000: reward=-0.010, dist=0.00
2026-02-25 10:04:35,906 [INFO] Step 161200: reward=-0.010, dist=0.00
2026-02-25 10:05:37,274 [INFO] Step 161400: reward=-0.010, dist=0.00
2026-02-25 10:06:38,688 [INFO] Step 161600: reward=-0.010, dist=0.00
2026-02-25 10:07:40,113 [INFO] Step 161800: reward=-0.010, dist=0.00
2026-02-25 10:08:41,542 [INFO] Step 162000: reward=-0.010, dist=0.00
2026-02-25 10:09:42,969 [INFO] Step 162200: reward=-0.010, dist=0.00
2026-02-25 10:10:44,404 [INFO] Step 162400: reward=-0.010, dist=0.00
2026-02-25 10:11:45,785 [INFO] Step 162600: reward=-0.010, dist=0.00
2026-02-25 10:12:43,235 [INFO] Performing PPO update at global step 1232896
2026-02-25 10:12:43,467 [INFO] PPO losses — policy: -0.0005, value: 0.0059, entropy: 4.2242
2026-02-25 10:12:43,471 [INFO] PPO update completed. Buffer cleared.
2026-02-25 10:12:47,480 [INFO] Step 162800: reward=-0.010, dist=0.00
2026-02-25 10:13:48,802 [INFO] Step 163000: reward=-0.010, dist=0.00
2026-02-25 10:14:50,146 [INFO] Step 163200: reward=-0.010, dist=0.00
2026-02-25 10:15:51,535 [INFO] Step 163400: reward=-0.010, dist=0.00
2026-02-25 10:16:52,932 [INFO] Step 163600: reward=-0.010, dist=0.00
2026-02-25 10:17:54,355 [INFO] Step 163800: reward=-0.010, dist=0.00
2026-02-25 10:18:55,715 [INFO] Step 164000: reward=-0.010, dist=0.00
2026-02-25 10:19:56,973 [INFO] Step 164200: reward=-0.010, dist=0.00
