2026-02-23 15:30:11,597 [INFO] Starting RL Training
2026-02-23 15:30:11,597 [INFO] Using device: cuda
2026-02-23 15:30:11,610 [INFO] GPU name: NVIDIA GeForce RTX 4080
2026-02-23 15:30:11,611 [INFO] TensorBoard logging enabled (tensorboard/)
2026-02-23 15:30:16,643 [INFO] Step 0: reward=-2.202, dist=3.37
2026-02-23 15:30:27,112 [INFO] Step 200: reward=-1.023, dist=3.30
2026-02-23 15:30:36,852 [INFO] Step 400: reward=5.568, dist=3.36
2026-02-23 15:30:44,010 [INFO] Step 600: reward=-1.542, dist=3.16
2026-02-23 15:30:51,023 [INFO] Step 800: reward=-1.527, dist=3.28
2026-02-23 15:30:56,721 [INFO] Episode 0 COMPLETE | Reward -2280.81 | Steps 1000 | Terminated False | Truncated True
2026-02-23 15:31:00,891 [INFO] Step 0: reward=-1.243, dist=3.73
2026-02-23 15:31:06,902 [INFO] Step 200: reward=-0.804, dist=3.26
2026-02-23 15:31:12,617 [INFO] Step 400: reward=-2.607, dist=3.54
2026-02-23 15:31:18,045 [INFO] Step 600: reward=-2.021, dist=3.12
2026-02-23 15:31:23,464 [INFO] Step 800: reward=-2.761, dist=2.95
2026-02-23 15:31:29,320 [INFO] Episode 1 COMPLETE | Reward -2255.51 | Steps 1000 | Terminated False | Truncated True
2026-02-23 15:31:34,205 [INFO] Step 0: reward=-0.240, dist=3.28
2026-02-23 15:31:35,511 [INFO] Performing PPO update at global step 2048
2026-02-23 15:31:35,949 [INFO] PPO losses — policy: -0.0088, value: 1519.5154, entropy: 2.8049
2026-02-23 15:31:35,955 [INFO] PPO update completed. Buffer cleared.
2026-02-23 15:31:39,892 [INFO] Step 200: reward=-3.722, dist=3.50
2026-02-23 15:31:46,225 [INFO] Step 400: reward=-2.151, dist=3.52
2026-02-23 15:31:50,229 [INFO] Step 600: reward=-2.305, dist=3.40
2026-02-23 15:31:55,473 [INFO] Step 800: reward=-0.235, dist=3.43
2026-02-23 15:32:00,685 [INFO] Episode 2 COMPLETE | Reward -2408.14 | Steps 1000 | Terminated False | Truncated True
2026-02-23 15:32:04,424 [INFO] Step 0: reward=-0.174, dist=3.74
2026-02-23 15:32:08,057 [INFO] Step 200: reward=-2.185, dist=3.82
2026-02-23 15:32:12,696 [INFO] Step 400: reward=-0.752, dist=3.46
2026-02-23 15:32:19,374 [INFO] Step 600: reward=-3.933, dist=3.36
2026-02-23 15:32:23,013 [INFO] Step 800: reward=-2.305, dist=3.41
2026-02-23 15:32:28,011 [INFO] Episode 3 COMPLETE | Reward -2466.22 | Steps 1000 | Terminated False | Truncated True
2026-02-23 15:32:31,221 [INFO] Step 0: reward=-0.725, dist=2.07
2026-02-23 15:32:34,216 [INFO] Performing PPO update at global step 4096
2026-02-23 15:32:34,476 [INFO] PPO losses — policy: -0.0015, value: 1659.0833, entropy: 2.7572
2026-02-23 15:32:34,481 [INFO] PPO update completed. Buffer cleared.
2026-02-23 15:32:38,929 [INFO] Step 200: reward=-1.674, dist=1.79
2026-02-23 15:32:44,629 [INFO] Step 400: reward=-2.918, dist=1.80
2026-02-23 15:32:49,595 [INFO] Step 600: reward=-3.104, dist=1.77
2026-02-23 15:32:57,002 [INFO] Step 800: reward=-2.856, dist=1.79
2026-02-23 15:33:05,669 [INFO] Episode 4 COMPLETE | Reward -1978.07 | Steps 1000 | Terminated False | Truncated True
2026-02-23 15:33:10,548 [INFO] Step 0: reward=-1.627, dist=2.48
2026-02-23 15:33:15,358 [INFO] Step 200: reward=-2.277, dist=2.84
2026-02-23 15:33:19,845 [INFO] Step 400: reward=-3.138, dist=2.69
2026-02-23 15:33:25,705 [INFO] Step 600: reward=-0.277, dist=2.87
2026-02-23 15:33:29,686 [INFO] Step 800: reward=-2.160, dist=3.12
2026-02-23 15:33:35,707 [INFO] Episode 5 COMPLETE | Reward -2261.22 | Steps 1000 | Terminated False | Truncated True
2026-02-23 15:33:35,729 [INFO] Checkpoint saved: checkpoints/ppo_ep_00005.pt
2026-02-23 15:33:40,601 [INFO] Step 0: reward=-1.114, dist=2.09
2026-02-23 15:33:45,041 [INFO] Performing PPO update at global step 6144
2026-02-23 15:33:45,318 [INFO] PPO losses — policy: -0.0040, value: 1336.7249, entropy: 2.7144
2026-02-23 15:33:45,323 [INFO] PPO update completed. Buffer cleared.
2026-02-23 15:33:46,380 [INFO] Step 200: reward=-2.182, dist=2.30
2026-02-23 15:33:53,911 [INFO] Step 400: reward=-0.148, dist=2.64
2026-02-23 15:33:58,825 [INFO] Step 600: reward=-3.430, dist=2.95
2026-02-23 15:34:06,581 [INFO] Step 800: reward=-2.157, dist=3.76
2026-02-23 15:34:11,851 [INFO] Episode 6 COMPLETE | Reward -1945.18 | Steps 1000 | Terminated False | Truncated True
2026-02-23 15:34:15,026 [INFO] Step 0: reward=-1.347, dist=3.74
2026-02-23 15:34:19,024 [INFO] Step 200: reward=-2.587, dist=3.78
2026-02-23 15:34:23,560 [INFO] Step 400: reward=-2.333, dist=4.07
2026-02-23 15:34:29,777 [INFO] Step 600: reward=-3.506, dist=4.51
2026-02-23 15:34:37,754 [INFO] Step 800: reward=-3.594, dist=4.69
2026-02-23 15:34:46,063 [INFO] Episode 7 COMPLETE | Reward -1820.32 | Steps 1000 | Terminated False | Truncated True
2026-02-23 15:34:50,159 [INFO] Step 0: reward=-1.238, dist=3.67
2026-02-23 15:34:55,084 [INFO] Performing PPO update at global step 8192
2026-02-23 15:34:55,353 [INFO] PPO losses — policy: -0.0014, value: 1062.5449, entropy: 2.6661
2026-02-23 15:34:55,359 [INFO] PPO update completed. Buffer cleared.
2026-02-23 15:34:55,496 [INFO] Step 200: reward=0.429, dist=3.49
2026-02-23 15:35:02,881 [INFO] Step 400: reward=2.944, dist=3.09
2026-02-23 15:35:09,453 [INFO] Step 600: reward=-2.028, dist=2.19
2026-02-23 15:35:15,255 [INFO] Step 800: reward=-5.204, dist=1.31
2026-02-23 15:35:18,795 [INFO] Episode 8 COMPLETE | Reward -1021.44 | Steps 905 | Terminated True | Truncated False
2026-02-23 15:35:18,813 [INFO] New BEST model saved! Reward = -1021.44 (episode 8)
2026-02-23 15:35:22,989 [INFO] Step 0: reward=-0.305, dist=3.54
2026-02-23 15:35:26,906 [INFO] Step 200: reward=-0.170, dist=3.02
2026-02-23 15:35:31,930 [INFO] Step 400: reward=-2.286, dist=2.75
2026-02-23 15:35:38,805 [INFO] Step 600: reward=-0.305, dist=2.19
2026-02-23 15:35:42,967 [INFO] Step 800: reward=-2.180, dist=2.06
2026-02-23 15:35:47,289 [INFO] Episode 9 COMPLETE | Reward -2037.86 | Steps 1000 | Terminated False | Truncated True
2026-02-23 15:35:50,462 [INFO] Step 0: reward=-2.517, dist=3.28
2026-02-23 15:35:53,300 [INFO] Policy action (normalized): v = +0.745, w = +0.574 | Cmd_vel (scaled): v = +0.745 m/s, w = +0.574 rad/s
2026-02-23 15:35:55,248 [INFO] Step 200: reward=-2.212, dist=3.08
2026-02-23 15:35:59,860 [INFO] Performing PPO update at global step 10240
2026-02-23 15:36:00,151 [INFO] PPO losses — policy: -0.0082, value: 1181.4274, entropy: 2.6335
2026-02-23 15:36:00,157 [INFO] PPO update completed. Buffer cleared.
2026-02-23 15:36:01,329 [INFO] Step 400: reward=-2.128, dist=3.03
2026-02-23 15:36:07,974 [INFO] Step 600: reward=-2.305, dist=2.98
2026-02-23 15:36:13,787 [INFO] Step 800: reward=-2.301, dist=3.05
2026-02-23 15:36:18,817 [INFO] Episode 10 COMPLETE | Reward -1892.81 | Steps 1000 | Terminated False | Truncated True
2026-02-23 15:36:18,838 [INFO] Checkpoint saved: checkpoints/ppo_ep_00010.pt
2026-02-23 15:36:21,251 [INFO] Step 0: reward=-0.156, dist=2.05
2026-02-23 15:36:26,192 [INFO] Step 200: reward=-2.185, dist=1.84
2026-02-23 15:36:32,668 [INFO] Step 400: reward=-0.360, dist=1.91
2026-02-23 15:36:37,373 [INFO] Step 600: reward=-2.622, dist=2.22
2026-02-23 15:36:43,382 [INFO] Step 800: reward=-0.152, dist=2.85
2026-02-23 15:36:49,522 [INFO] Episode 11 COMPLETE | Reward -1723.47 | Steps 1000 | Terminated False | Truncated True
2026-02-23 15:36:52,439 [INFO] Step 0: reward=-0.162, dist=3.46
2026-02-23 15:36:57,085 [INFO] Step 200: reward=-1.938, dist=4.04
2026-02-23 15:37:02,401 [INFO] Performing PPO update at global step 12288
2026-02-23 15:37:02,660 [INFO] PPO losses — policy: -0.0039, value: 906.3344, entropy: 2.5716
2026-02-23 15:37:02,665 [INFO] PPO update completed. Buffer cleared.
2026-02-23 15:37:03,146 [INFO] Step 400: reward=-2.669, dist=4.22
2026-02-23 15:37:08,460 [INFO] Step 600: reward=0.062, dist=5.05
2026-02-23 15:37:13,659 [INFO] Step 800: reward=-1.851, dist=5.68
2026-02-23 15:37:20,011 [INFO] Episode 12 COMPLETE | Reward -1475.50 | Steps 1000 | Terminated False | Truncated True
2026-02-23 15:37:22,266 [INFO] Step 0: reward=-0.199, dist=3.11
2026-02-23 15:37:29,163 [INFO] Step 200: reward=-1.662, dist=2.42
2026-02-23 15:37:34,751 [INFO] Step 400: reward=-2.210, dist=2.80
2026-02-23 15:37:41,126 [INFO] Step 600: reward=-2.167, dist=3.43
2026-02-23 15:37:46,175 [INFO] Step 800: reward=-2.331, dist=4.04
2026-02-23 15:37:51,687 [INFO] Episode 13 COMPLETE | Reward -1210.77 | Steps 1000 | Terminated False | Truncated True
2026-02-23 15:37:55,458 [INFO] Step 0: reward=-0.240, dist=2.52
2026-02-23 15:37:59,941 [INFO] Step 200: reward=-0.693, dist=2.70
2026-02-23 15:38:03,698 [INFO] Step 400: reward=-2.305, dist=2.95
2026-02-23 15:38:04,790 [INFO] Performing PPO update at global step 14336
2026-02-23 15:38:05,055 [INFO] PPO losses — policy: -0.0014, value: 623.0340, entropy: 2.5158
2026-02-23 15:38:05,060 [INFO] PPO update completed. Buffer cleared.
2026-02-23 15:38:10,168 [INFO] Step 600: reward=-0.638, dist=3.02
2026-02-23 15:38:15,348 [INFO] Step 800: reward=-2.163, dist=2.84
2026-02-23 15:38:19,899 [INFO] Episode 14 COMPLETE | Reward -1579.37 | Steps 1000 | Terminated False | Truncated True
2026-02-23 15:38:22,517 [INFO] Step 0: reward=2.688, dist=3.99
2026-02-23 15:38:27,943 [INFO] Step 200: reward=0.401, dist=3.09
2026-02-23 15:38:33,277 [INFO] Step 400: reward=-1.395, dist=2.37
2026-02-23 15:38:39,916 [INFO] Step 600: reward=2.905, dist=1.19
2026-02-23 15:38:41,203 [INFO] Episode 15 COMPLETE | Reward 180.30 | Steps 667 | Terminated True | Truncated False
2026-02-23 15:38:41,222 [INFO] Checkpoint saved: checkpoints/ppo_ep_00015.pt
2026-02-23 15:38:41,253 [INFO] New BEST model saved! Reward = 180.30 (episode 15)
2026-02-23 15:38:44,432 [INFO] Step 0: reward=-0.254, dist=2.67
2026-02-23 15:38:50,506 [INFO] Step 200: reward=-0.453, dist=3.60
2026-02-23 15:38:57,147 [INFO] Step 400: reward=-1.441, dist=4.84
2026-02-23 15:39:03,389 [INFO] Step 600: reward=-2.005, dist=5.76
2026-02-23 15:39:07,913 [INFO] Step 800: reward=0.049, dist=6.42
2026-02-23 15:39:08,556 [INFO] Performing PPO update at global step 16384
2026-02-23 15:39:08,821 [INFO] PPO losses — policy: 0.0007, value: 632.4325, entropy: 2.4190
2026-02-23 15:39:08,826 [INFO] PPO update completed. Buffer cleared.
2026-02-23 15:39:13,970 [INFO] Episode 16 COMPLETE | Reward -1041.16 | Steps 1000 | Terminated False | Truncated True
2026-02-23 15:39:16,442 [INFO] Step 0: reward=-1.970, dist=2.88
2026-02-23 15:39:24,120 [INFO] Step 200: reward=-0.063, dist=1.77
2026-02-23 15:39:29,826 [INFO] Step 400: reward=-0.732, dist=1.20
2026-02-23 15:39:35,515 [INFO] Step 600: reward=-0.618, dist=1.36
2026-02-23 15:39:40,071 [INFO] Step 800: reward=-2.305, dist=1.81
2026-02-23 15:39:45,205 [INFO] Episode 17 COMPLETE | Reward -920.97 | Steps 1000 | Terminated False | Truncated True
2026-02-23 15:40:10,483 [INFO] Step 0: reward=-100.000, dist=344.58
2026-02-23 15:40:10,483 [INFO] Episode 18 COMPLETE | Reward -100.00 | Steps 1 | Terminated False | Truncated True
2026-02-23 15:40:13,548 [INFO] Step 0: reward=0.235, dist=3.11
2026-02-23 15:40:19,399 [INFO] Step 200: reward=-0.245, dist=2.12
2026-02-23 15:40:23,933 [INFO] Step 400: reward=-0.633, dist=1.97
2026-02-23 15:40:30,072 [INFO] Step 600: reward=-4.087, dist=2.70
2026-02-23 15:40:37,557 [INFO] Step 800: reward=-0.305, dist=3.80
2026-02-23 15:40:39,625 [INFO] Performing PPO update at global step 18432
2026-02-23 15:40:40,056 [INFO] PPO losses — policy: -0.0039, value: 322.5451, entropy: 2.3586
2026-02-23 15:40:40,064 [INFO] PPO update completed. Buffer cleared.
2026-02-23 15:40:43,825 [INFO] Episode 19 COMPLETE | Reward -953.71 | Steps 1000 | Terminated False | Truncated True
2026-02-23 15:40:47,955 [INFO] Step 0: reward=-0.643, dist=2.52
2026-02-23 15:40:53,785 [INFO] Step 200: reward=-0.298, dist=3.16
2026-02-23 15:41:00,699 [INFO] Step 400: reward=-0.030, dist=4.51
2026-02-23 15:41:09,130 [INFO] Step 600: reward=-0.005, dist=6.46
2026-02-23 15:41:13,044 [INFO] Step 800: reward=-2.101, dist=7.09
2026-02-23 15:41:19,572 [INFO] Episode 20 COMPLETE | Reward -684.28 | Steps 1000 | Terminated False | Truncated True
2026-02-23 15:41:19,591 [INFO] Checkpoint saved: checkpoints/ppo_ep_00020.pt
2026-02-23 15:41:31,004 [INFO] Step 0: reward=-0.005, dist=4.24
2026-02-23 15:41:37,909 [INFO] Step 200: reward=-0.351, dist=3.24
2026-02-23 15:41:44,307 [INFO] Step 400: reward=-3.667, dist=2.08
2026-02-23 15:41:44,944 [INFO] Policy action (normalized): v = -0.037, w = +0.086 | Cmd_vel (scaled): v = -0.037 m/s, w = +0.086 rad/s
2026-02-23 15:41:49,592 [INFO] Episode 21 COMPLETE | Reward -201.78 | Steps 561 | Terminated True | Truncated False
2026-02-23 15:41:55,308 [INFO] Step 0: reward=-0.305, dist=3.94
2026-02-23 15:42:00,696 [INFO] Step 200: reward=-2.630, dist=2.97
2026-02-23 15:42:05,239 [INFO] Performing PPO update at global step 20480
2026-02-23 15:42:05,524 [INFO] PPO losses — policy: -0.0020, value: 431.4219, entropy: 2.2826
2026-02-23 15:42:05,528 [INFO] PPO update completed. Buffer cleared.
2026-02-23 15:42:06,991 [INFO] Step 400: reward=-0.303, dist=3.91
2026-02-23 15:42:12,798 [INFO] Step 600: reward=-3.196, dist=5.12
2026-02-23 15:42:18,681 [INFO] Step 800: reward=-0.005, dist=6.60
2026-02-23 15:42:25,280 [INFO] Episode 22 COMPLETE | Reward -759.42 | Steps 1000 | Terminated False | Truncated True
2026-02-23 15:42:28,074 [INFO] Step 0: reward=-0.239, dist=3.23
2026-02-23 15:42:35,155 [INFO] Step 200: reward=-1.851, dist=4.52
2026-02-23 15:42:40,513 [INFO] Step 400: reward=-0.102, dist=5.33
2026-02-23 15:42:46,964 [INFO] Step 600: reward=0.027, dist=6.11
2026-02-23 15:42:53,178 [INFO] Step 800: reward=0.079, dist=6.54
2026-02-23 15:42:57,340 [INFO] Episode 23 COMPLETE | Reward -760.15 | Steps 1000 | Terminated False | Truncated True
2026-02-23 15:43:08,762 [INFO] Step 0: reward=-1.017, dist=4.24
2026-02-23 15:43:13,720 [INFO] Step 200: reward=-2.233, dist=3.40
2026-02-23 15:43:18,617 [INFO] Performing PPO update at global step 22528
2026-02-23 15:43:18,887 [INFO] PPO losses — policy: 0.0040, value: 256.1846, entropy: 2.2166
2026-02-23 15:43:18,891 [INFO] PPO update completed. Buffer cleared.
2026-02-23 15:43:18,994 [INFO] Step 400: reward=-0.191, dist=2.90
2026-02-23 15:43:22,547 [INFO] Step 600: reward=-2.305, dist=2.60
2026-02-23 15:43:27,146 [INFO] Step 800: reward=-2.172, dist=2.44
2026-02-23 15:43:31,535 [INFO] Episode 24 COMPLETE | Reward -1299.30 | Steps 1000 | Terminated False | Truncated True
2026-02-23 15:43:34,232 [INFO] Step 0: reward=-0.148, dist=2.11
2026-02-23 15:43:39,790 [INFO] Step 200: reward=-0.198, dist=1.29
2026-02-23 15:43:45,572 [INFO] Step 400: reward=-0.168, dist=1.95
2026-02-23 15:43:51,546 [INFO] Step 600: reward=-0.341, dist=3.31
2026-02-23 15:43:59,262 [INFO] Step 800: reward=-2.072, dist=5.34
2026-02-23 15:44:04,255 [INFO] Episode 25 COMPLETE | Reward -814.33 | Steps 1000 | Terminated False | Truncated True
2026-02-23 15:44:04,272 [INFO] Checkpoint saved: checkpoints/ppo_ep_00025.pt
2026-02-23 15:44:07,367 [INFO] Step 0: reward=-0.624, dist=2.29
2026-02-23 15:44:13,592 [INFO] Step 200: reward=-0.173, dist=1.86
2026-02-23 15:44:20,715 [INFO] Step 400: reward=-0.104, dist=2.74
2026-02-23 15:44:22,009 [INFO] Performing PPO update at global step 24576
2026-02-23 15:44:22,288 [INFO] PPO losses — policy: 0.0027, value: 310.0767, entropy: 2.1585
2026-02-23 15:44:22,293 [INFO] PPO update completed. Buffer cleared.
2026-02-23 15:44:25,976 [INFO] Step 600: reward=-0.249, dist=3.75
2026-02-23 15:44:29,007 [INFO] Step 800: reward=-1.859, dist=4.31
2026-02-23 15:44:33,783 [INFO] Episode 26 COMPLETE | Reward -967.80 | Steps 1000 | Terminated False | Truncated True
2026-02-23 15:44:35,859 [INFO] Step 0: reward=5.619, dist=3.48
2026-02-23 15:44:39,807 [INFO] Step 200: reward=-1.510, dist=2.57
2026-02-23 15:44:43,958 [INFO] Step 400: reward=-0.305, dist=1.68
2026-02-23 15:44:50,199 [INFO] Step 600: reward=-2.218, dist=1.00
2026-02-23 15:44:50,401 [INFO] Episode 27 COMPLETE | Reward 293.97 | Steps 608 | Terminated True | Truncated False
2026-02-23 15:44:50,425 [INFO] New BEST model saved! Reward = 293.97 (episode 27)
2026-02-23 15:44:55,502 [INFO] Step 0: reward=-0.225, dist=2.80
2026-02-23 15:45:02,443 [INFO] Step 200: reward=-1.180, dist=4.00
2026-02-23 15:45:08,211 [INFO] Step 400: reward=-0.111, dist=5.35
2026-02-23 15:45:14,747 [INFO] Step 600: reward=0.105, dist=6.81
2026-02-23 15:45:20,351 [INFO] Step 800: reward=-2.327, dist=8.47
2026-02-23 15:45:22,203 [INFO] Performing PPO update at global step 26624
2026-02-23 15:45:22,466 [INFO] PPO losses — policy: 0.0017, value: 512.1040, entropy: 2.1418
2026-02-23 15:45:22,471 [INFO] PPO update completed. Buffer cleared.
2026-02-23 15:45:25,403 [INFO] Episode 28 COMPLETE | Reward -462.87 | Steps 1000 | Terminated False | Truncated True
2026-02-23 15:45:28,466 [INFO] Step 0: reward=-0.634, dist=3.75
2026-02-23 15:45:33,862 [INFO] Step 200: reward=-2.503, dist=5.28
2026-02-23 15:45:39,059 [INFO] Step 400: reward=-0.150, dist=6.58
2026-02-23 15:45:45,333 [INFO] Step 600: reward=-0.357, dist=8.21
2026-02-23 15:45:51,393 [INFO] Step 800: reward=0.075, dist=9.99
2026-02-23 15:45:55,775 [INFO] Episode 29 COMPLETE | Reward -512.89 | Steps 1000 | Terminated False | Truncated True
2026-02-23 15:45:58,972 [INFO] Step 0: reward=-1.817, dist=3.32
2026-02-23 15:46:05,315 [INFO] Step 200: reward=-0.077, dist=4.00
2026-02-23 15:46:10,971 [INFO] Step 400: reward=0.096, dist=5.16
2026-02-23 15:46:16,262 [INFO] Step 600: reward=-0.037, dist=6.59
2026-02-23 15:46:21,818 [INFO] Step 800: reward=-0.203, dist=8.27
2026-02-23 15:46:25,113 [INFO] Performing PPO update at global step 28672
2026-02-23 15:46:25,380 [INFO] PPO losses — policy: 0.0057, value: 111.1523, entropy: 2.1523
2026-02-23 15:46:25,385 [INFO] PPO update completed. Buffer cleared.
2026-02-23 15:46:27,243 [INFO] Episode 30 COMPLETE | Reward -522.99 | Steps 1000 | Terminated False | Truncated True
2026-02-23 15:46:27,259 [INFO] Checkpoint saved: checkpoints/ppo_ep_00030.pt
2026-02-23 15:46:31,409 [INFO] Step 0: reward=-0.262, dist=3.96
2026-02-23 15:46:38,271 [INFO] Step 200: reward=-0.585, dist=2.97
2026-02-23 15:46:44,434 [INFO] Step 400: reward=-0.286, dist=3.39
2026-02-23 15:46:48,532 [INFO] Step 600: reward=-0.239, dist=3.81
2026-02-23 15:46:53,303 [INFO] Step 800: reward=-0.044, dist=4.41
2026-02-23 15:46:57,764 [INFO] Episode 31 COMPLETE | Reward -796.14 | Steps 1000 | Terminated False | Truncated True
2026-02-23 15:47:01,862 [INFO] Step 0: reward=-0.182, dist=2.67
2026-02-23 15:47:04,425 [INFO] Step 200: reward=-2.249, dist=2.68
2026-02-23 15:47:05,773 [INFO] Policy action (normalized): v = +0.537, w = +0.736 | Cmd_vel (scaled): v = +0.537 m/s, w = +0.736 rad/s
2026-02-23 15:47:09,642 [INFO] Step 400: reward=-0.177, dist=3.28
2026-02-23 15:47:15,448 [INFO] Step 600: reward=0.117, dist=4.39
2026-02-23 15:47:20,167 [INFO] Step 800: reward=-0.546, dist=5.55
2026-02-23 15:47:24,816 [INFO] Performing PPO update at global step 30720
2026-02-23 15:47:25,085 [INFO] PPO losses — policy: 0.0036, value: 251.3214, entropy: 2.1437
2026-02-23 15:47:25,091 [INFO] PPO update completed. Buffer cleared.
2026-02-23 15:47:25,467 [INFO] Episode 32 COMPLETE | Reward -919.92 | Steps 1000 | Terminated False | Truncated True
2026-02-23 15:47:27,665 [INFO] Step 0: reward=-0.630, dist=2.56
2026-02-23 15:47:33,239 [INFO] Step 200: reward=-2.165, dist=3.80
2026-02-23 15:47:38,148 [INFO] Step 400: reward=0.013, dist=5.08
2026-02-23 15:47:43,144 [INFO] Step 600: reward=-2.021, dist=6.33
2026-02-23 15:47:49,203 [INFO] Step 800: reward=-0.598, dist=8.10
2026-02-23 15:47:55,927 [INFO] Episode 33 COMPLETE | Reward -665.35 | Steps 1000 | Terminated False | Truncated True
2026-02-23 15:48:07,561 [INFO] Step 0: reward=-0.005, dist=4.23
2026-02-23 15:48:12,950 [INFO] Step 200: reward=-0.175, dist=3.22
2026-02-23 15:48:18,731 [INFO] Step 400: reward=-0.695, dist=3.01
2026-02-23 15:48:23,390 [INFO] Step 600: reward=-0.343, dist=3.87
2026-02-23 15:48:28,440 [INFO] Step 800: reward=-0.261, dist=4.82
2026-02-23 15:48:32,390 [INFO] Episode 34 COMPLETE | Reward -899.59 | Steps 1000 | Terminated False | Truncated True
2026-02-23 15:48:37,417 [INFO] Step 0: reward=-1.396, dist=2.76
2026-02-23 15:48:38,324 [INFO] Performing PPO update at global step 32768
2026-02-23 15:48:38,591 [INFO] PPO losses — policy: 0.0030, value: 217.3630, entropy: 2.2648
2026-02-23 15:48:38,597 [INFO] PPO update completed. Buffer cleared.
2026-02-23 15:48:42,450 [INFO] Step 200: reward=-0.229, dist=3.19
2026-02-23 15:48:48,124 [INFO] Step 400: reward=-0.071, dist=4.28
2026-02-23 15:48:52,083 [INFO] Step 600: reward=0.145, dist=5.22
2026-02-23 15:48:56,904 [INFO] Step 800: reward=0.150, dist=6.34
2026-02-23 15:49:01,752 [INFO] Episode 35 COMPLETE | Reward -926.61 | Steps 1000 | Terminated False | Truncated True
2026-02-23 15:49:01,770 [INFO] Checkpoint saved: checkpoints/ppo_ep_00035.pt
2026-02-23 15:49:04,912 [INFO] Step 0: reward=-0.147, dist=2.30
2026-02-23 15:49:11,727 [INFO] Step 200: reward=-0.005, dist=4.25
2026-02-23 15:49:15,961 [INFO] Step 400: reward=-0.461, dist=5.54
2026-02-23 15:49:21,610 [INFO] Step 600: reward=0.040, dist=7.19
2026-02-23 15:49:26,817 [INFO] Step 800: reward=-0.079, dist=8.92
2026-02-23 15:49:31,923 [INFO] Episode 36 COMPLETE | Reward -665.72 | Steps 1000 | Terminated False | Truncated True
2026-02-23 15:49:34,570 [INFO] Step 0: reward=-0.643, dist=3.54
2026-02-23 15:49:36,703 [INFO] Performing PPO update at global step 34816
2026-02-23 15:49:36,986 [INFO] PPO losses — policy: 0.0093, value: 221.3648, entropy: 2.1916
2026-02-23 15:49:36,995 [INFO] PPO update completed. Buffer cleared.
2026-02-23 15:49:40,582 [INFO] Step 200: reward=0.059, dist=4.89
2026-02-23 15:49:44,523 [INFO] Step 400: reward=-0.324, dist=6.00
2026-02-23 15:49:49,911 [INFO] Step 600: reward=-0.039, dist=7.73
2026-02-23 15:49:55,574 [INFO] Step 800: reward=-0.448, dist=9.47
2026-02-23 15:50:00,671 [INFO] Episode 37 COMPLETE | Reward -620.76 | Steps 1000 | Terminated False | Truncated True
2026-02-23 15:50:03,786 [INFO] Step 0: reward=4.016, dist=2.16
2026-02-23 15:50:08,001 [INFO] Episode 38 COMPLETE | Reward 611.80 | Steps 154 | Terminated True | Truncated False
2026-02-23 15:50:08,033 [INFO] New BEST model saved! Reward = 611.80 (episode 38)
2026-02-23 15:50:12,071 [INFO] Step 0: reward=-0.305, dist=2.84
2026-02-23 15:50:16,713 [INFO] Step 200: reward=-0.261, dist=2.99
2026-02-23 15:50:22,259 [INFO] Step 400: reward=-0.331, dist=3.45
2026-02-23 15:50:29,427 [INFO] Step 600: reward=-0.409, dist=4.94
2026-02-23 15:50:34,214 [INFO] Step 800: reward=0.098, dist=5.86
2026-02-23 15:50:38,631 [INFO] Performing PPO update at global step 36864
2026-02-23 15:50:38,932 [INFO] PPO losses — policy: 0.0160, value: 574.8839, entropy: 2.0736
2026-02-23 15:50:38,937 [INFO] PPO update completed. Buffer cleared.
2026-02-23 15:50:39,120 [INFO] Episode 39 COMPLETE | Reward -676.04 | Steps 1000 | Terminated False | Truncated True
2026-02-23 15:50:43,356 [INFO] Step 0: reward=-0.246, dist=2.45
2026-02-23 15:50:48,344 [INFO] Step 200: reward=0.764, dist=1.06
2026-02-23 15:50:48,660 [INFO] Episode 40 COMPLETE | Reward 195.34 | Steps 208 | Terminated True | Truncated False
2026-02-23 15:50:48,679 [INFO] Checkpoint saved: checkpoints/ppo_ep_00040.pt
2026-02-23 15:50:52,786 [INFO] Step 0: reward=-0.257, dist=2.26
2026-02-23 15:50:57,715 [INFO] Step 200: reward=-0.462, dist=3.44
2026-02-23 15:51:03,266 [INFO] Step 400: reward=-2.309, dist=5.06
2026-02-23 15:51:09,412 [INFO] Step 600: reward=-0.091, dist=6.83
2026-02-23 15:51:16,359 [INFO] Step 800: reward=-0.023, dist=8.54
2026-02-23 15:51:20,899 [INFO] Episode 41 COMPLETE | Reward -631.96 | Steps 1000 | Terminated False | Truncated True
2026-02-23 15:51:32,505 [INFO] Step 0: reward=0.075, dist=4.24
2026-02-23 15:51:38,680 [INFO] Step 200: reward=-0.266, dist=3.72
2026-02-23 15:51:44,824 [INFO] Step 400: reward=-2.450, dist=4.73
2026-02-23 15:51:49,814 [INFO] Step 600: reward=-2.089, dist=6.08
2026-02-23 15:51:54,997 [INFO] Step 800: reward=-0.635, dist=2.84
2026-02-23 15:51:55,235 [INFO] Performing PPO update at global step 38912
2026-02-23 15:51:55,507 [INFO] PPO losses — policy: 0.0079, value: 400.8986, entropy: 2.1570
2026-02-23 15:51:55,511 [INFO] PPO update completed. Buffer cleared.
2026-02-23 15:52:00,266 [INFO] Episode 42 COMPLETE | Reward -560.16 | Steps 1000 | Terminated False | Truncated True
2026-02-23 15:52:03,251 [INFO] Step 0: reward=-0.305, dist=3.52
2026-02-23 15:52:09,524 [INFO] Step 200: reward=-0.305, dist=3.58
2026-02-23 15:52:15,183 [INFO] Step 400: reward=-0.655, dist=3.67
2026-02-23 15:52:20,308 [INFO] Step 600: reward=-0.213, dist=3.66
2026-02-23 15:52:25,589 [INFO] Step 800: reward=-0.172, dist=3.50
2026-02-23 15:52:28,532 [INFO] Policy action (normalized): v = +0.635, w = +0.086 | Cmd_vel (scaled): v = +0.635 m/s, w = +0.086 rad/s
2026-02-23 15:52:30,818 [INFO] Episode 43 COMPLETE | Reward -702.44 | Steps 1000 | Terminated False | Truncated True
2026-02-23 15:52:34,935 [INFO] Step 0: reward=-0.198, dist=3.71
2026-02-23 15:52:37,477 [INFO] Step 200: reward=-1.917, dist=4.36
2026-02-23 15:52:41,686 [INFO] Step 400: reward=-0.205, dist=5.66
2026-02-23 15:52:45,976 [INFO] Step 600: reward=-0.005, dist=6.86
2026-02-23 15:52:49,959 [INFO] Step 800: reward=0.117, dist=7.70
2026-02-23 15:52:51,276 [INFO] Performing PPO update at global step 40960
2026-02-23 15:52:51,586 [INFO] PPO losses — policy: 0.0064, value: 195.0476, entropy: 1.9964
2026-02-23 15:52:51,591 [INFO] PPO update completed. Buffer cleared.
2026-02-23 15:52:54,586 [INFO] Episode 44 COMPLETE | Reward -856.13 | Steps 1000 | Terminated False | Truncated True
2026-02-23 15:52:58,625 [INFO] Step 0: reward=-0.637, dist=2.54
2026-02-23 15:53:03,576 [INFO] Step 200: reward=-0.137, dist=1.43
2026-02-23 15:53:09,709 [INFO] Step 400: reward=-2.218, dist=2.59
2026-02-23 15:53:14,365 [INFO] Step 600: reward=-0.082, dist=4.09
2026-02-23 15:53:18,672 [INFO] Step 800: reward=-0.063, dist=5.46
2026-02-23 15:53:22,814 [INFO] Episode 45 COMPLETE | Reward -579.99 | Steps 1000 | Terminated False | Truncated True
2026-02-23 15:53:22,834 [INFO] Checkpoint saved: checkpoints/ppo_ep_00045.pt
2026-02-23 15:53:25,899 [INFO] Step 0: reward=-0.305, dist=3.41
2026-02-23 15:53:30,890 [INFO] Step 200: reward=0.072, dist=5.01
2026-02-23 15:53:36,845 [INFO] Step 400: reward=-0.005, dist=6.49
2026-02-23 15:53:41,384 [INFO] Step 600: reward=-0.001, dist=7.18
2026-02-23 15:53:48,184 [INFO] Step 800: reward=-2.005, dist=7.52
2026-02-23 15:53:51,333 [INFO] Performing PPO update at global step 43008
2026-02-23 15:53:51,625 [INFO] PPO losses — policy: 0.0022, value: 181.3874, entropy: 1.9118
2026-02-23 15:53:51,630 [INFO] PPO update completed. Buffer cleared.
2026-02-23 15:53:53,348 [INFO] Episode 46 COMPLETE | Reward -451.84 | Steps 1000 | Terminated False | Truncated True
2026-02-23 15:53:56,501 [INFO] Step 0: reward=5.805, dist=2.02
2026-02-23 15:53:59,513 [INFO] Episode 47 COMPLETE | Reward 302.94 | Steps 74 | Terminated True | Truncated False
2026-02-23 15:54:04,366 [INFO] Step 0: reward=5.925, dist=3.72
2026-02-23 15:54:12,530 [INFO] Step 200: reward=-0.305, dist=2.10
2026-02-23 15:54:18,946 [INFO] Step 400: reward=-0.195, dist=3.49
2026-02-23 15:54:24,111 [INFO] Step 600: reward=0.130, dist=5.17
2026-02-23 15:54:29,400 [INFO] Step 800: reward=-1.916, dist=6.66
2026-02-23 15:54:35,641 [INFO] Episode 48 COMPLETE | Reward -158.98 | Steps 1000 | Terminated False | Truncated True
2026-02-23 15:54:38,782 [INFO] Step 0: reward=-0.145, dist=4.00
2026-02-23 15:54:44,747 [INFO] Step 200: reward=-0.070, dist=6.03
2026-02-23 15:54:49,565 [INFO] Step 400: reward=-0.005, dist=6.84
2026-02-23 15:54:57,773 [INFO] Step 600: reward=-1.772, dist=5.42
2026-02-23 15:55:02,627 [INFO] Step 800: reward=0.585, dist=3.97
2026-02-23 15:55:04,270 [INFO] Performing PPO update at global step 45056
2026-02-23 15:55:04,632 [INFO] PPO losses — policy: -0.0010, value: 476.3876, entropy: 1.8547
2026-02-23 15:55:04,640 [INFO] PPO update completed. Buffer cleared.
2026-02-23 15:55:07,029 [INFO] Episode 49 COMPLETE | Reward 180.81 | Steps 1000 | Terminated False | Truncated True
2026-02-23 15:55:10,400 [INFO] Step 0: reward=-0.216, dist=3.24
2026-02-23 15:55:14,531 [INFO] Step 200: reward=-0.305, dist=2.24
2026-02-23 15:55:20,849 [INFO] Step 400: reward=-0.515, dist=1.13
2026-02-23 15:55:26,609 [INFO] Step 600: reward=-0.445, dist=2.05
2026-02-23 15:55:33,473 [INFO] Step 800: reward=-0.173, dist=3.74
2026-02-23 15:55:38,409 [INFO] Episode 50 COMPLETE | Reward -601.31 | Steps 1000 | Terminated False | Truncated True
2026-02-23 15:55:38,438 [INFO] Checkpoint saved: checkpoints/ppo_ep_00050.pt
2026-02-23 15:55:41,686 [INFO] Step 0: reward=-0.264, dist=2.68
2026-02-23 15:55:47,320 [INFO] Step 200: reward=-0.171, dist=4.17
2026-02-23 15:55:53,852 [INFO] Step 400: reward=-1.956, dist=6.36
2026-02-23 15:55:59,738 [INFO] Step 600: reward=0.099, dist=7.39
2026-02-23 15:56:06,861 [INFO] Step 800: reward=0.041, dist=7.53
2026-02-23 15:56:11,188 [INFO] Performing PPO update at global step 47104
2026-02-23 15:56:11,468 [INFO] PPO losses — policy: 0.0025, value: 310.4005, entropy: 1.8940
2026-02-23 15:56:11,473 [INFO] PPO update completed. Buffer cleared.
2026-02-23 15:56:14,561 [INFO] Episode 51 COMPLETE | Reward -338.07 | Steps 1000 | Terminated False | Truncated True
2026-02-23 15:56:19,441 [INFO] Step 0: reward=-0.305, dist=2.03
2026-02-23 15:56:24,990 [INFO] Step 200: reward=-0.198, dist=3.68
2026-02-23 15:56:31,766 [INFO] Step 400: reward=-0.068, dist=5.73
2026-02-23 15:56:37,334 [INFO] Step 600: reward=-0.076, dist=6.98
2026-02-23 15:56:41,537 [INFO] Step 800: reward=0.032, dist=7.54
2026-02-23 15:56:48,072 [INFO] Episode 52 COMPLETE | Reward -507.34 | Steps 1000 | Terminated False | Truncated True
2026-02-23 15:56:52,426 [INFO] Step 0: reward=-0.189, dist=3.93
2026-02-23 15:56:57,772 [INFO] Step 200: reward=-1.963, dist=4.96
2026-02-23 15:57:03,809 [INFO] Step 400: reward=-0.136, dist=6.16
2026-02-23 15:57:09,104 [INFO] Step 600: reward=-0.377, dist=7.04
2026-02-23 15:57:14,513 [INFO] Step 800: reward=-1.953, dist=7.79
2026-02-23 15:57:19,595 [INFO] Performing PPO update at global step 49152
2026-02-23 15:57:20,013 [INFO] PPO losses — policy: 0.0060, value: 89.2658, entropy: 1.9145
2026-02-23 15:57:20,021 [INFO] PPO update completed. Buffer cleared.
2026-02-23 15:57:20,855 [INFO] Episode 53 COMPLETE | Reward -431.27 | Steps 1000 | Terminated False | Truncated True
2026-02-23 15:57:25,452 [INFO] Step 0: reward=-0.251, dist=2.41
2026-02-23 15:57:31,895 [INFO] Step 200: reward=-0.224, dist=1.01
2026-02-23 15:57:32,093 [INFO] Episode 54 COMPLETE | Reward 125.80 | Steps 218 | Terminated True | Truncated False
2026-02-23 15:57:34,215 [INFO] Step 0: reward=-0.305, dist=2.06
2026-02-23 15:57:40,733 [INFO] Step 200: reward=-0.154, dist=2.54
2026-02-23 15:57:46,197 [INFO] Step 400: reward=-2.254, dist=3.46
2026-02-23 15:57:50,282 [INFO] Step 600: reward=-0.005, dist=4.11
2026-02-23 15:57:50,313 [INFO] Policy action (normalized): v = +0.937, w = +0.046 | Cmd_vel (scaled): v = +0.937 m/s, w = +0.046 rad/s
2026-02-23 15:57:56,311 [INFO] Step 800: reward=-1.886, dist=4.74
2026-02-23 15:58:02,208 [INFO] Episode 55 COMPLETE | Reward -561.65 | Steps 1000 | Terminated False | Truncated True
2026-02-23 15:58:02,228 [INFO] Checkpoint saved: checkpoints/ppo_ep_00055.pt
2026-02-23 15:58:05,358 [INFO] Step 0: reward=-0.305, dist=2.76
2026-02-23 15:58:09,813 [INFO] Step 200: reward=-2.225, dist=2.24
2026-02-23 15:58:16,537 [INFO] Step 400: reward=-0.490, dist=3.52
2026-02-23 15:58:21,620 [INFO] Step 600: reward=0.040, dist=4.82
2026-02-23 15:58:26,875 [INFO] Step 800: reward=-0.026, dist=6.52
2026-02-23 15:58:26,998 [INFO] Performing PPO update at global step 51200
2026-02-23 15:58:27,284 [INFO] PPO losses — policy: 0.0011, value: 391.4440, entropy: 1.8802
2026-02-23 15:58:27,289 [INFO] PPO update completed. Buffer cleared.
2026-02-23 15:58:31,931 [INFO] Episode 56 COMPLETE | Reward -707.41 | Steps 1000 | Terminated False | Truncated True
2026-02-23 15:58:35,146 [INFO] Step 0: reward=-0.223, dist=2.22
2026-02-23 15:58:39,838 [INFO] Step 200: reward=-2.643, dist=2.38
2026-02-23 15:58:44,091 [INFO] Step 400: reward=-2.305, dist=2.23
2026-02-23 15:58:49,289 [INFO] Step 600: reward=-0.278, dist=2.51
2026-02-23 15:58:53,827 [INFO] Step 800: reward=-0.767, dist=2.66
2026-02-23 15:59:00,747 [INFO] Episode 57 COMPLETE | Reward -833.77 | Steps 1000 | Terminated False | Truncated True
2026-02-23 15:59:12,190 [INFO] Step 0: reward=0.066, dist=4.24
2026-02-23 15:59:18,700 [INFO] Step 200: reward=-0.250, dist=3.92
2026-02-23 15:59:24,324 [INFO] Step 400: reward=-0.335, dist=5.45
2026-02-23 15:59:28,761 [INFO] Step 600: reward=0.108, dist=6.93
2026-02-23 15:59:33,799 [INFO] Step 800: reward=-2.334, dist=4.21
2026-02-23 15:59:34,769 [INFO] Performing PPO update at global step 53248
2026-02-23 15:59:35,048 [INFO] PPO losses — policy: 0.0054, value: 177.7278, entropy: 1.8916
2026-02-23 15:59:35,055 [INFO] PPO update completed. Buffer cleared.
2026-02-23 15:59:39,299 [INFO] Episode 58 COMPLETE | Reward -508.39 | Steps 1000 | Terminated False | Truncated True
2026-02-23 15:59:42,339 [INFO] Step 0: reward=-0.256, dist=2.24
2026-02-23 15:59:46,313 [INFO] Step 200: reward=-0.262, dist=2.79
2026-02-23 15:59:51,466 [INFO] Step 400: reward=-0.011, dist=4.33
2026-02-23 15:59:56,660 [INFO] Step 600: reward=-0.336, dist=5.95
2026-02-23 16:00:02,485 [INFO] Step 800: reward=-0.089, dist=7.72
2026-02-23 16:00:07,793 [INFO] Episode 59 COMPLETE | Reward -652.59 | Steps 1000 | Terminated False | Truncated True
2026-02-23 16:00:11,999 [INFO] Step 0: reward=5.780, dist=3.72
2026-02-23 16:00:18,930 [INFO] Step 200: reward=-0.238, dist=2.57
2026-02-23 16:00:22,504 [INFO] Step 400: reward=-0.451, dist=3.08
2026-02-23 16:00:27,416 [INFO] Step 600: reward=-0.171, dist=4.46
2026-02-23 16:00:32,553 [INFO] Step 800: reward=0.111, dist=6.17
2026-02-23 16:00:35,930 [INFO] Performing PPO update at global step 55296
2026-02-23 16:00:36,343 [INFO] PPO losses — policy: 0.0140, value: 199.6215, entropy: 1.8014
2026-02-23 16:00:36,349 [INFO] PPO update completed. Buffer cleared.
2026-02-23 16:00:38,520 [INFO] Episode 60 COMPLETE | Reward -647.11 | Steps 1000 | Terminated False | Truncated True
2026-02-23 16:00:38,549 [INFO] Checkpoint saved: checkpoints/ppo_ep_00060.pt
2026-02-23 16:00:42,790 [INFO] Step 0: reward=2.740, dist=2.02
2026-02-23 16:00:46,348 [INFO] Episode 61 COMPLETE | Reward 311.11 | Steps 151 | Terminated True | Truncated False
2026-02-23 16:00:50,463 [INFO] Step 0: reward=-0.259, dist=2.05
2026-02-23 16:00:57,202 [INFO] Step 200: reward=-0.324, dist=4.12
2026-02-23 16:01:02,031 [INFO] Step 400: reward=-0.169, dist=5.41
2026-02-23 16:01:05,995 [INFO] Step 600: reward=0.094, dist=6.39
2026-02-23 16:01:12,466 [INFO] Step 800: reward=-0.023, dist=7.61
2026-02-23 16:01:17,223 [INFO] Episode 62 COMPLETE | Reward -585.73 | Steps 1000 | Terminated False | Truncated True
2026-02-23 16:01:22,231 [INFO] Step 0: reward=-0.233, dist=2.68
2026-02-23 16:01:27,309 [INFO] Step 200: reward=-0.066, dist=4.28
2026-02-23 16:01:31,737 [INFO] Step 400: reward=-0.040, dist=5.38
2026-02-23 16:01:37,152 [INFO] Step 600: reward=0.071, dist=6.25
2026-02-23 16:01:43,525 [INFO] Performing PPO update at global step 57344
2026-02-23 16:01:43,811 [INFO] PPO losses — policy: 0.0176, value: 361.5604, entropy: 1.9496
2026-02-23 16:01:43,817 [INFO] PPO update completed. Buffer cleared.
2026-02-23 16:01:43,863 [INFO] Step 800: reward=0.246, dist=5.91
2026-02-23 16:01:49,469 [INFO] Episode 63 COMPLETE | Reward -322.36 | Steps 1000 | Terminated False | Truncated True
2026-02-23 16:01:52,531 [INFO] Step 0: reward=-0.305, dist=3.40
2026-02-23 16:01:59,218 [INFO] Step 200: reward=-0.264, dist=3.26
2026-02-23 16:02:03,341 [INFO] Step 400: reward=-0.168, dist=2.90
2026-02-23 16:02:07,977 [INFO] Step 600: reward=-0.610, dist=2.33
2026-02-23 16:02:13,642 [INFO] Step 800: reward=-0.086, dist=1.42
2026-02-23 16:02:19,194 [INFO] Episode 64 COMPLETE | Reward -749.86 | Steps 1000 | Terminated False | Truncated True
2026-02-23 16:02:23,319 [INFO] Step 0: reward=-0.225, dist=3.84
2026-02-23 16:02:28,316 [INFO] Step 200: reward=0.060, dist=4.80
2026-02-23 16:02:33,661 [INFO] Step 400: reward=-0.076, dist=6.43
2026-02-23 16:02:38,115 [INFO] Step 600: reward=0.104, dist=7.28
2026-02-23 16:02:42,415 [INFO] Step 800: reward=-1.964, dist=7.45
2026-02-23 16:02:43,504 [INFO] Performing PPO update at global step 59392
2026-02-23 16:02:43,800 [INFO] PPO losses — policy: 0.0015, value: 174.2891, entropy: 1.8915
2026-02-23 16:02:43,807 [INFO] PPO update completed. Buffer cleared.
2026-02-23 16:02:47,896 [INFO] Episode 65 COMPLETE | Reward -619.58 | Steps 1000 | Terminated False | Truncated True
2026-02-23 16:02:47,916 [INFO] Checkpoint saved: checkpoints/ppo_ep_00065.pt
2026-02-23 16:02:58,422 [INFO] Step 0: reward=0.122, dist=4.24
2026-02-23 16:03:03,960 [INFO] Step 200: reward=-0.199, dist=3.92
2026-02-23 16:03:10,953 [INFO] Step 400: reward=0.060, dist=6.11
2026-02-23 16:03:12,358 [INFO] Policy action (normalized): v = +0.329, w = -0.639 | Cmd_vel (scaled): v = +0.329 m/s, w = -0.639 rad/s
2026-02-23 16:03:15,025 [INFO] Step 600: reward=-2.025, dist=7.39
2026-02-23 16:03:18,992 [INFO] Step 800: reward=0.095, dist=8.07
2026-02-23 16:03:24,858 [INFO] Episode 66 COMPLETE | Reward -595.52 | Steps 1000 | Terminated False | Truncated True
2026-02-23 16:03:27,144 [INFO] Step 0: reward=-0.305, dist=2.07
2026-02-23 16:03:31,081 [INFO] Episode 67 COMPLETE | Reward 289.68 | Steps 153 | Terminated True | Truncated False
2026-02-23 16:03:35,217 [INFO] Step 0: reward=4.452, dist=2.51
2026-02-23 16:03:40,567 [INFO] Step 200: reward=-0.281, dist=1.42
2026-02-23 16:03:46,044 [INFO] Step 400: reward=-0.168, dist=2.97
2026-02-23 16:03:50,458 [INFO] Step 600: reward=-0.241, dist=4.37
2026-02-23 16:03:53,131 [INFO] Performing PPO update at global step 61440
2026-02-23 16:03:53,416 [INFO] PPO losses — policy: -0.0008, value: 448.5112, entropy: 1.9957
2026-02-23 16:03:53,423 [INFO] PPO update completed. Buffer cleared.
2026-02-23 16:03:54,172 [INFO] Step 800: reward=-1.918, dist=5.21
2026-02-23 16:03:58,686 [INFO] Episode 68 COMPLETE | Reward -521.03 | Steps 1000 | Terminated False | Truncated True
2026-02-23 16:04:01,927 [INFO] Step 0: reward=-0.237, dist=2.23
2026-02-23 16:04:06,764 [INFO] Episode 69 COMPLETE | Reward 437.75 | Steps 154 | Terminated True | Truncated False
2026-02-23 16:04:18,447 [INFO] Step 0: reward=0.102, dist=4.24
2026-02-23 16:04:23,727 [INFO] Step 200: reward=-2.153, dist=3.06
2026-02-23 16:04:26,273 [INFO] Step 400: reward=-0.317, dist=3.03
2026-02-23 16:04:32,661 [INFO] Step 600: reward=-0.630, dist=4.52
2026-02-23 16:04:37,055 [INFO] Step 800: reward=0.035, dist=5.94
2026-02-23 16:04:42,240 [INFO] Episode 70 COMPLETE | Reward -847.09 | Steps 1000 | Terminated False | Truncated True
2026-02-23 16:04:42,265 [INFO] Checkpoint saved: checkpoints/ppo_ep_00070.pt
2026-02-23 16:04:45,605 [INFO] Step 0: reward=5.232, dist=3.65
2026-02-23 16:04:51,547 [INFO] Step 200: reward=-0.243, dist=1.89
2026-02-23 16:04:57,981 [INFO] Step 400: reward=-0.353, dist=3.02
2026-02-23 16:05:03,425 [INFO] Step 600: reward=0.092, dist=4.81
2026-02-23 16:05:04,185 [INFO] Performing PPO update at global step 63488
2026-02-23 16:05:04,582 [INFO] PPO losses — policy: 0.0006, value: 553.0383, entropy: 2.0200
2026-02-23 16:05:04,589 [INFO] PPO update completed. Buffer cleared.
2026-02-23 16:05:07,801 [INFO] Step 800: reward=0.067, dist=5.73
2026-02-23 16:05:13,352 [INFO] Episode 71 COMPLETE | Reward -292.01 | Steps 1000 | Terminated False | Truncated True
2026-02-23 16:05:15,574 [INFO] Step 0: reward=-0.216, dist=3.45
2026-02-23 16:05:20,794 [INFO] Step 200: reward=-0.474, dist=3.29
2026-02-23 16:05:24,918 [INFO] Step 400: reward=0.040, dist=4.31
2026-02-23 16:05:28,111 [INFO] Step 600: reward=-1.945, dist=5.37
2026-02-23 16:05:33,304 [INFO] Step 800: reward=-2.198, dist=7.14
2026-02-23 16:05:39,608 [INFO] Episode 72 COMPLETE | Reward -659.14 | Steps 1000 | Terminated False | Truncated True
2026-02-23 16:05:43,754 [INFO] Step 0: reward=-0.305, dist=2.25
2026-02-23 16:05:47,881 [INFO] Step 200: reward=-0.154, dist=3.20
2026-02-23 16:05:52,408 [INFO] Step 400: reward=0.116, dist=4.20
2026-02-23 16:05:59,753 [INFO] Step 600: reward=-0.063, dist=5.81
2026-02-23 16:06:01,816 [INFO] Performing PPO update at global step 65536
2026-02-23 16:06:02,102 [INFO] PPO losses — policy: 0.0123, value: 155.0057, entropy: 1.9180
2026-02-23 16:06:02,106 [INFO] PPO update completed. Buffer cleared.
2026-02-23 16:06:05,004 [INFO] Step 800: reward=-1.887, dist=6.21
2026-02-23 16:06:08,950 [INFO] Episode 73 COMPLETE | Reward -636.19 | Steps 1000 | Terminated False | Truncated True
2026-02-23 16:06:12,106 [INFO] Step 0: reward=-0.254, dist=3.31
2026-02-23 16:06:18,874 [INFO] Step 200: reward=-0.270, dist=4.28
2026-02-23 16:06:23,400 [INFO] Step 400: reward=-0.467, dist=5.72
2026-02-23 16:06:28,385 [INFO] Step 600: reward=-0.320, dist=7.64
2026-02-23 16:06:32,703 [INFO] Step 800: reward=-0.188, dist=8.95
2026-02-23 16:06:36,920 [INFO] Episode 74 COMPLETE | Reward -590.53 | Steps 1000 | Terminated False | Truncated True
2026-02-23 16:06:40,457 [INFO] Step 0: reward=-0.305, dist=3.64
2026-02-23 16:06:44,676 [INFO] Step 200: reward=0.088, dist=4.15
2026-02-23 16:06:50,705 [INFO] Step 400: reward=-2.139, dist=6.23
2026-02-23 16:06:55,148 [INFO] Step 600: reward=-0.034, dist=7.72
2026-02-23 16:06:58,026 [INFO] Performing PPO update at global step 67584
2026-02-23 16:06:58,311 [INFO] PPO losses — policy: 0.0100, value: 125.3121, entropy: 1.8308
2026-02-23 16:06:58,315 [INFO] PPO update completed. Buffer cleared.
2026-02-23 16:06:59,513 [INFO] Step 800: reward=0.038, dist=8.88
2026-02-23 16:07:05,591 [INFO] Episode 75 COMPLETE | Reward -583.75 | Steps 1000 | Terminated False | Truncated True
2026-02-23 16:07:05,611 [INFO] Checkpoint saved: checkpoints/ppo_ep_00075.pt
2026-02-23 16:07:10,431 [INFO] Step 0: reward=-0.180, dist=3.31
2026-02-23 16:07:15,784 [INFO] Step 200: reward=4.434, dist=1.26
2026-02-23 16:07:16,604 [INFO] Episode 76 COMPLETE | Reward 1350.86 | Steps 236 | Terminated True | Truncated False
2026-02-23 16:07:16,635 [INFO] New BEST model saved! Reward = 1350.86 (episode 76)
2026-02-23 16:07:18,869 [INFO] Step 0: reward=-0.305, dist=3.06
2026-02-23 16:07:23,357 [INFO] Step 200: reward=-0.005, dist=4.81
2026-02-23 16:07:28,288 [INFO] Step 400: reward=-0.172, dist=6.76
2026-02-23 16:07:33,382 [INFO] Step 600: reward=-1.896, dist=8.77
2026-02-23 16:07:38,321 [INFO] Step 800: reward=0.062, dist=10.41
2026-02-23 16:07:41,479 [INFO] Episode 77 COMPLETE | Reward -640.05 | Steps 1000 | Terminated False | Truncated True
2026-02-23 16:07:44,750 [INFO] Step 0: reward=-0.235, dist=3.22
2026-02-23 16:07:49,925 [INFO] Step 200: reward=-2.147, dist=2.56
2026-02-23 16:07:54,059 [INFO] Step 400: reward=-0.207, dist=3.20
2026-02-23 16:07:58,539 [INFO] Performing PPO update at global step 69632
2026-02-23 16:07:58,823 [INFO] PPO losses — policy: 0.0282, value: 1158.5524, entropy: 1.6721
2026-02-23 16:07:58,828 [INFO] PPO update completed. Buffer cleared.
2026-02-23 16:08:00,714 [INFO] Step 600: reward=-2.131, dist=5.65
2026-02-23 16:08:06,812 [INFO] Step 800: reward=-0.174, dist=7.91
2026-02-23 16:08:09,880 [INFO] Policy action (normalized): v = +0.975, w = -0.712 | Cmd_vel (scaled): v = +0.975 m/s, w = -0.712 rad/s
2026-02-23 16:08:11,445 [INFO] Episode 78 COMPLETE | Reward -571.01 | Steps 1000 | Terminated False | Truncated True
2026-02-23 16:08:14,546 [INFO] Step 0: reward=-0.206, dist=3.15
2026-02-23 16:08:18,321 [INFO] Step 200: reward=-0.005, dist=4.27
2026-02-23 16:08:21,672 [INFO] Step 400: reward=-0.070, dist=5.26
2026-02-23 16:08:26,704 [INFO] Step 600: reward=-1.950, dist=7.02
2026-02-23 16:08:31,401 [INFO] Step 800: reward=-1.869, dist=8.58
2026-02-23 16:08:36,029 [INFO] Episode 79 COMPLETE | Reward -780.53 | Steps 1000 | Terminated False | Truncated True
2026-02-23 16:08:40,024 [INFO] Step 0: reward=-0.188, dist=2.09
2026-02-23 16:08:45,398 [INFO] Step 200: reward=-0.635, dist=3.23
2026-02-23 16:08:48,260 [INFO] Step 400: reward=0.113, dist=4.08
2026-02-23 16:08:53,233 [INFO] Performing PPO update at global step 71680
2026-02-23 16:08:53,528 [INFO] PPO losses — policy: 0.0233, value: 174.2883, entropy: 1.7707
2026-02-23 16:08:53,534 [INFO] PPO update completed. Buffer cleared.
2026-02-23 16:08:53,800 [INFO] Step 600: reward=-0.317, dist=6.11
2026-02-23 16:08:58,642 [INFO] Step 800: reward=-0.203, dist=8.02
2026-02-23 16:09:03,779 [INFO] Episode 80 COMPLETE | Reward -569.79 | Steps 1000 | Terminated False | Truncated True
2026-02-23 16:09:03,796 [INFO] Checkpoint saved: checkpoints/ppo_ep_00080.pt
2026-02-23 16:09:07,520 [INFO] Step 0: reward=-0.235, dist=3.36
2026-02-23 16:09:10,588 [INFO] Step 200: reward=0.109, dist=4.53
2026-02-23 16:09:14,871 [INFO] Step 400: reward=0.047, dist=6.13
2026-02-23 16:09:19,626 [INFO] Step 600: reward=-0.487, dist=7.83
2026-02-23 16:09:24,219 [INFO] Step 800: reward=-1.884, dist=9.62
2026-02-23 16:09:28,009 [INFO] Episode 81 COMPLETE | Reward -778.82 | Steps 1000 | Terminated False | Truncated True
2026-02-23 16:09:32,121 [INFO] Step 0: reward=-0.305, dist=3.21
2026-02-23 16:09:35,986 [INFO] Step 200: reward=-0.153, dist=2.44
2026-02-23 16:09:41,933 [INFO] Step 400: reward=-0.163, dist=2.68
2026-02-23 16:09:47,706 [INFO] Step 600: reward=-2.002, dist=4.11
2026-02-23 16:09:48,167 [INFO] Performing PPO update at global step 73728
2026-02-23 16:09:48,458 [INFO] PPO losses — policy: 0.0215, value: 150.2983, entropy: 1.8884
2026-02-23 16:09:48,464 [INFO] PPO update completed. Buffer cleared.
2026-02-23 16:09:52,710 [INFO] Step 800: reward=-0.005, dist=6.03
2026-02-23 16:09:56,459 [INFO] Episode 82 COMPLETE | Reward -683.96 | Steps 1000 | Terminated False | Truncated True
2026-02-23 16:10:01,642 [INFO] Step 0: reward=-0.214, dist=3.90
2026-02-23 16:10:06,728 [INFO] Step 200: reward=-0.701, dist=3.25
2026-02-23 16:10:11,543 [INFO] Step 400: reward=0.104, dist=4.51
2026-02-23 16:10:17,131 [INFO] Step 600: reward=-0.264, dist=6.40
2026-02-23 16:10:21,982 [INFO] Step 800: reward=0.069, dist=8.12
2026-02-23 16:10:27,124 [INFO] Episode 83 COMPLETE | Reward -582.96 | Steps 1000 | Terminated False | Truncated True
2026-02-23 16:10:31,420 [INFO] Step 0: reward=-0.305, dist=3.12
2026-02-23 16:10:37,717 [INFO] Step 200: reward=-0.199, dist=3.05
2026-02-23 16:10:44,137 [INFO] Step 400: reward=-0.365, dist=3.62
2026-02-23 16:10:50,519 [INFO] Step 600: reward=0.125, dist=4.61
2026-02-23 16:10:53,176 [INFO] Performing PPO update at global step 75776
2026-02-23 16:10:53,459 [INFO] PPO losses — policy: 0.0109, value: 85.4637, entropy: 2.0193
2026-02-23 16:10:53,463 [INFO] PPO update completed. Buffer cleared.
2026-02-23 16:10:57,634 [INFO] Step 800: reward=-0.005, dist=5.67
2026-02-23 16:11:02,359 [INFO] Episode 84 COMPLETE | Reward -356.35 | Steps 1000 | Terminated False | Truncated True
2026-02-23 16:11:04,440 [INFO] Step 0: reward=-0.164, dist=2.58
2026-02-23 16:11:10,472 [INFO] Step 200: reward=-0.254, dist=2.59
2026-02-23 16:11:16,457 [INFO] Step 400: reward=-0.667, dist=3.14
2026-02-23 16:11:21,549 [INFO] Step 600: reward=-0.288, dist=3.55
2026-02-23 16:11:27,370 [INFO] Step 800: reward=-2.208, dist=3.93
2026-02-23 16:11:32,742 [INFO] Episode 85 COMPLETE | Reward -676.85 | Steps 1000 | Terminated False | Truncated True
2026-02-23 16:11:32,760 [INFO] Checkpoint saved: checkpoints/ppo_ep_00085.pt
2026-02-23 16:11:37,426 [INFO] Step 0: reward=-0.305, dist=2.42
2026-02-23 16:11:42,158 [INFO] Step 200: reward=-0.102, dist=1.21
2026-02-23 16:11:42,987 [INFO] Episode 86 COMPLETE | Reward 123.75 | Steps 218 | Terminated True | Truncated False
2026-02-23 16:11:46,589 [INFO] Step 0: reward=-0.258, dist=3.81
2026-02-23 16:11:52,949 [INFO] Step 200: reward=-0.305, dist=2.06
2026-02-23 16:11:57,394 [INFO] Step 400: reward=-0.637, dist=1.19
2026-02-23 16:11:59,926 [INFO] Performing PPO update at global step 77824
2026-02-23 16:12:00,222 [INFO] PPO losses — policy: 0.0013, value: 368.6707, entropy: 2.0413
2026-02-23 16:12:00,229 [INFO] PPO update completed. Buffer cleared.
2026-02-23 16:12:01,480 [INFO] Step 600: reward=-0.302, dist=1.64
2026-02-23 16:12:06,765 [INFO] Step 800: reward=-0.361, dist=3.09
2026-02-23 16:12:13,044 [INFO] Episode 87 COMPLETE | Reward -644.19 | Steps 1000 | Terminated False | Truncated True
2026-02-23 16:12:16,602 [INFO] Step 0: reward=-0.211, dist=3.15
2026-02-23 16:12:22,807 [INFO] Step 200: reward=0.150, dist=4.62
2026-02-23 16:12:27,932 [INFO] Step 400: reward=-0.085, dist=5.75
2026-02-23 16:12:34,257 [INFO] Step 600: reward=-0.139, dist=7.07
2026-02-23 16:12:38,423 [INFO] Step 800: reward=0.080, dist=7.78
2026-02-23 16:12:43,637 [INFO] Episode 88 COMPLETE | Reward -502.85 | Steps 1000 | Terminated False | Truncated True
2026-02-23 16:12:46,328 [INFO] Step 0: reward=-0.305, dist=2.87
2026-02-23 16:12:51,958 [INFO] Step 200: reward=0.825, dist=1.00
2026-02-23 16:12:51,985 [INFO] Episode 89 COMPLETE | Reward 595.94 | Steps 202 | Terminated True | Truncated False
2026-02-23 16:12:56,011 [INFO] Step 0: reward=5.835, dist=3.10
2026-02-23 16:13:00,566 [INFO] Step 200: reward=0.484, dist=1.48
2026-02-23 16:13:02,165 [INFO] Episode 90 COMPLETE | Reward 794.54 | Steps 269 | Terminated True | Truncated False
2026-02-23 16:13:02,184 [INFO] Checkpoint saved: checkpoints/ppo_ep_00090.pt
2026-02-23 16:13:04,496 [INFO] Step 0: reward=-0.305, dist=3.96
2026-02-23 16:13:06,136 [INFO] Performing PPO update at global step 79872
2026-02-23 16:13:06,429 [INFO] PPO losses — policy: 0.0043, value: 1092.4314, entropy: 2.0738
2026-02-23 16:13:06,437 [INFO] PPO update completed. Buffer cleared.
2026-02-23 16:13:09,528 [INFO] Step 200: reward=-0.187, dist=4.70
2026-02-23 16:13:10,045 [INFO] Policy action (normalized): v = +0.913, w = +0.578 | Cmd_vel (scaled): v = +0.913 m/s, w = +0.578 rad/s
2026-02-23 16:13:15,382 [INFO] Step 400: reward=-0.082, dist=6.72
2026-02-23 16:13:19,726 [INFO] Step 600: reward=-0.064, dist=7.83
2026-02-23 16:13:24,821 [INFO] Step 800: reward=0.134, dist=8.03
2026-02-23 16:13:31,399 [INFO] Episode 91 COMPLETE | Reward -374.71 | Steps 1000 | Terminated False | Truncated True
2026-02-23 16:13:35,540 [INFO] Step 0: reward=-0.252, dist=3.86
2026-02-23 16:13:39,856 [INFO] Step 200: reward=-0.069, dist=5.19
2026-02-23 16:13:46,061 [INFO] Step 400: reward=-2.005, dist=6.62
2026-02-23 16:13:52,307 [INFO] Step 600: reward=-0.061, dist=7.59
2026-02-23 16:13:58,375 [INFO] Step 800: reward=-0.321, dist=8.15
2026-02-23 16:14:02,369 [INFO] Episode 92 COMPLETE | Reward -465.58 | Steps 1000 | Terminated False | Truncated True
2026-02-23 16:14:06,536 [INFO] Step 0: reward=-0.218, dist=3.48
2026-02-23 16:14:10,222 [INFO] Performing PPO update at global step 81920
2026-02-23 16:14:10,522 [INFO] PPO losses — policy: 0.0007, value: 72.7173, entropy: 2.0405
2026-02-23 16:14:10,529 [INFO] PPO update completed. Buffer cleared.
2026-02-23 16:14:12,202 [INFO] Step 200: reward=-2.305, dist=3.37
2026-02-23 16:14:16,755 [INFO] Step 400: reward=-0.173, dist=2.47
2026-02-23 16:14:21,002 [INFO] Step 600: reward=-0.642, dist=1.55
2026-02-23 16:14:24,222 [INFO] Episode 93 COMPLETE | Reward -447.79 | Steps 752 | Terminated True | Truncated False
2026-02-23 16:14:28,625 [INFO] Step 0: reward=-0.201, dist=3.33
2026-02-23 16:14:34,889 [INFO] Step 200: reward=0.084, dist=5.26
2026-02-23 16:14:39,719 [INFO] Step 400: reward=0.027, dist=5.91
2026-02-23 16:14:46,275 [INFO] Step 600: reward=0.144, dist=4.95
2026-02-23 16:14:52,995 [INFO] Step 800: reward=-0.195, dist=2.77
2026-02-23 16:14:57,648 [INFO] Episode 94 COMPLETE | Reward -200.23 | Steps 1000 | Terminated False | Truncated True
2026-02-23 16:15:00,825 [INFO] Step 0: reward=-0.305, dist=2.31
2026-02-23 16:15:05,344 [INFO] Step 200: reward=-0.200, dist=3.75
2026-02-23 16:15:10,762 [INFO] Step 400: reward=0.117, dist=5.01
2026-02-23 16:15:12,073 [INFO] Performing PPO update at global step 83968
2026-02-23 16:15:12,359 [INFO] PPO losses — policy: -0.0011, value: 424.9588, entropy: 1.9716
2026-02-23 16:15:12,364 [INFO] PPO update completed. Buffer cleared.
2026-02-23 16:15:15,576 [INFO] Step 600: reward=0.011, dist=5.38
2026-02-23 16:15:21,563 [INFO] Step 800: reward=0.385, dist=4.46
2026-02-23 16:15:26,922 [INFO] Episode 95 COMPLETE | Reward 135.37 | Steps 1000 | Terminated False | Truncated True
2026-02-23 16:15:26,942 [INFO] Checkpoint saved: checkpoints/ppo_ep_00095.pt
2026-02-23 16:15:29,133 [INFO] Step 0: reward=-0.146, dist=2.78
2026-02-23 16:15:35,767 [INFO] Episode 96 COMPLETE | Reward 212.09 | Steps 184 | Terminated True | Truncated False
2026-02-23 16:15:38,958 [INFO] Step 0: reward=-0.233, dist=2.92
2026-02-23 16:15:43,394 [INFO] Step 200: reward=-2.259, dist=3.80
2026-02-23 16:15:47,958 [INFO] Step 400: reward=-2.326, dist=5.24
2026-02-23 16:15:53,725 [INFO] Step 600: reward=-0.005, dist=6.87
2026-02-23 16:15:58,808 [INFO] Step 800: reward=-0.042, dist=7.76
2026-02-23 16:16:03,950 [INFO] Episode 97 COMPLETE | Reward -608.11 | Steps 1000 | Terminated False | Truncated True
2026-02-23 16:16:07,117 [INFO] Step 0: reward=-0.226, dist=2.28
2026-02-23 16:16:11,104 [INFO] Step 200: reward=-2.156, dist=2.04
2026-02-23 16:16:13,143 [INFO] Performing PPO update at global step 86016
2026-02-23 16:16:13,416 [INFO] PPO losses — policy: -0.0030, value: 732.9149, entropy: 1.9628
2026-02-23 16:16:13,420 [INFO] PPO update completed. Buffer cleared.
2026-02-23 16:16:15,275 [INFO] Step 400: reward=-0.285, dist=2.99
2026-02-23 16:16:20,903 [INFO] Step 600: reward=-1.881, dist=4.75
2026-02-23 16:16:26,804 [INFO] Step 800: reward=0.115, dist=5.39
2026-02-23 16:16:34,644 [INFO] Episode 98 COMPLETE | Reward -648.49 | Steps 1000 | Terminated False | Truncated True
2026-02-23 16:16:38,775 [INFO] Step 0: reward=-0.204, dist=3.48
2026-02-23 16:16:44,600 [INFO] Step 200: reward=0.067, dist=4.52
2026-02-23 16:16:50,264 [INFO] Step 400: reward=0.085, dist=4.51
2026-02-23 16:16:54,281 [INFO] Step 600: reward=-2.639, dist=3.60
2026-02-23 16:16:59,283 [INFO] Step 800: reward=6.129, dist=1.84
2026-02-23 16:17:01,967 [INFO] Episode 99 COMPLETE | Reward 213.03 | Steps 902 | Terminated True | Truncated False
2026-02-23 16:17:05,105 [INFO] Step 0: reward=-0.261, dist=2.74
2026-02-23 16:17:10,120 [INFO] Step 200: reward=-0.632, dist=3.53
2026-02-23 16:17:15,295 [INFO] Step 400: reward=-0.220, dist=3.87
2026-02-23 16:17:16,943 [INFO] Performing PPO update at global step 88064
2026-02-23 16:17:17,293 [INFO] PPO losses — policy: 0.0100, value: 450.7155, entropy: 1.9801
2026-02-23 16:17:17,300 [INFO] PPO update completed. Buffer cleared.
2026-02-23 16:17:20,761 [INFO] Step 600: reward=0.068, dist=4.08
2026-02-23 16:17:26,457 [INFO] Step 800: reward=-0.338, dist=4.31
2026-02-23 16:17:31,007 [INFO] Episode 100 COMPLETE | Reward -603.02 | Steps 1000 | Terminated False | Truncated True
2026-02-23 16:17:31,025 [INFO] Checkpoint saved: checkpoints/ppo_ep_00100.pt
2026-02-23 16:17:35,127 [INFO] Step 0: reward=-0.625, dist=3.76
2026-02-23 16:17:39,049 [INFO] Step 200: reward=0.074, dist=4.34
2026-02-23 16:17:43,818 [INFO] Step 400: reward=0.100, dist=4.29
2026-02-23 16:17:49,205 [INFO] Step 600: reward=0.180, dist=3.35
2026-02-23 16:17:54,845 [INFO] Step 800: reward=0.583, dist=1.56
2026-02-23 16:17:56,648 [INFO] Episode 101 COMPLETE | Reward 40.17 | Steps 875 | Terminated True | Truncated False
2026-02-23 16:18:02,483 [INFO] Step 0: reward=-0.634, dist=2.19
2026-02-23 16:18:10,517 [INFO] Step 200: reward=-0.161, dist=2.51
2026-02-23 16:18:17,018 [INFO] Step 400: reward=-0.244, dist=1.60
2026-02-23 16:18:19,533 [INFO] Policy action (normalized): v = +0.745, w = +0.291 | Cmd_vel (scaled): v = +0.745 m/s, w = +0.291 rad/s
2026-02-23 16:18:21,822 [INFO] Step 600: reward=-0.305, dist=1.09
2026-02-23 16:18:22,282 [INFO] Performing PPO update at global step 90112
2026-02-23 16:18:22,569 [INFO] PPO losses — policy: 0.0085, value: 480.8466, entropy: 1.9692
2026-02-23 16:18:22,573 [INFO] PPO update completed. Buffer cleared.
2026-02-23 16:18:27,417 [INFO] Step 800: reward=-0.425, dist=1.47
2026-02-23 16:18:33,035 [INFO] Episode 102 COMPLETE | Reward -658.11 | Steps 1000 | Terminated False | Truncated True
2026-02-23 16:18:37,641 [INFO] Step 0: reward=-0.217, dist=3.07
2026-02-23 16:18:42,303 [INFO] Step 200: reward=-0.240, dist=2.05
2026-02-23 16:18:46,805 [INFO] Step 400: reward=-2.177, dist=1.04
2026-02-23 16:18:47,060 [INFO] Episode 103 COMPLETE | Reward -94.81 | Steps 409 | Terminated True | Truncated False
2026-02-23 16:18:50,098 [INFO] Step 0: reward=-0.623, dist=2.50
2026-02-23 16:18:54,917 [INFO] Step 200: reward=-0.637, dist=2.40
2026-02-23 16:19:02,299 [INFO] Step 400: reward=-0.168, dist=4.68
2026-02-23 16:19:07,122 [INFO] Step 600: reward=-0.094, dist=5.47
2026-02-23 16:19:12,026 [INFO] Step 800: reward=0.006, dist=6.02
2026-02-23 16:19:16,534 [INFO] Episode 104 COMPLETE | Reward -641.97 | Steps 1000 | Terminated False | Truncated True
2026-02-23 16:19:20,549 [INFO] Step 0: reward=-0.192, dist=3.53
2026-02-23 16:19:24,921 [INFO] Step 200: reward=-0.146, dist=2.32
2026-02-23 16:19:26,610 [INFO] Performing PPO update at global step 92160
2026-02-23 16:19:26,904 [INFO] PPO losses — policy: -0.0027, value: 390.6001, entropy: 2.0107
2026-02-23 16:19:26,912 [INFO] PPO update completed. Buffer cleared.
2026-02-23 16:19:30,156 [INFO] Step 400: reward=-2.305, dist=2.57
2026-02-23 16:19:35,726 [INFO] Step 600: reward=-2.005, dist=4.41
2026-02-23 16:19:39,880 [INFO] Step 800: reward=-0.059, dist=5.64
2026-02-23 16:19:46,635 [INFO] Episode 105 COMPLETE | Reward -477.84 | Steps 1000 | Terminated False | Truncated True
2026-02-23 16:19:46,653 [INFO] Checkpoint saved: checkpoints/ppo_ep_00105.pt
2026-02-23 16:19:48,807 [INFO] Step 0: reward=-0.258, dist=2.98
2026-02-23 16:19:53,107 [INFO] Step 200: reward=-2.305, dist=2.57
2026-02-23 16:19:58,870 [INFO] Step 400: reward=0.741, dist=1.11
2026-02-23 16:19:59,218 [INFO] Episode 106 COMPLETE | Reward -21.39 | Steps 410 | Terminated True | Truncated False
2026-02-23 16:20:03,284 [INFO] Step 0: reward=-0.241, dist=3.09
2026-02-23 16:20:09,690 [INFO] Step 200: reward=-0.103, dist=4.83
2026-02-23 16:20:15,249 [INFO] Step 400: reward=-1.907, dist=6.43
2026-02-23 16:20:19,559 [INFO] Step 600: reward=0.192, dist=6.67
2026-02-23 16:20:24,181 [INFO] Step 800: reward=-1.863, dist=6.12
2026-02-23 16:20:26,795 [INFO] Performing PPO update at global step 94208
2026-02-23 16:20:27,090 [INFO] PPO losses — policy: 0.0267, value: 449.5129, entropy: 2.0278
2026-02-23 16:20:27,095 [INFO] PPO update completed. Buffer cleared.
2026-02-23 16:20:29,998 [INFO] Episode 107 COMPLETE | Reward -183.56 | Steps 1000 | Terminated False | Truncated True
2026-02-23 16:20:34,556 [INFO] Step 0: reward=-0.245, dist=3.93
2026-02-23 16:20:41,551 [INFO] Step 200: reward=-0.126, dist=6.08
2026-02-23 16:20:48,926 [INFO] Step 400: reward=0.084, dist=7.32
2026-02-23 16:20:54,576 [INFO] Step 600: reward=0.270, dist=6.37
2026-02-23 16:21:00,726 [INFO] Step 800: reward=0.695, dist=4.49
2026-02-23 16:21:04,359 [INFO] Episode 108 COMPLETE | Reward 26.10 | Steps 1000 | Terminated False | Truncated True
2026-02-23 16:21:07,465 [INFO] Step 0: reward=5.977, dist=3.60
2026-02-23 16:21:12,783 [INFO] Step 200: reward=-0.624, dist=2.26
2026-02-23 16:21:18,215 [INFO] Step 400: reward=-0.376, dist=3.41
2026-02-23 16:21:23,349 [INFO] Step 600: reward=-0.123, dist=4.77
2026-02-23 16:21:30,382 [INFO] Step 800: reward=0.051, dist=4.15
2026-02-23 16:21:34,656 [INFO] Performing PPO update at global step 96256
2026-02-23 16:21:34,941 [INFO] PPO losses — policy: 0.0148, value: 629.9579, entropy: 2.0108
2026-02-23 16:21:34,948 [INFO] PPO update completed. Buffer cleared.
2026-02-23 16:21:36,220 [INFO] Episode 109 COMPLETE | Reward -45.96 | Steps 1000 | Terminated False | Truncated True
2026-02-23 16:21:40,565 [INFO] Step 0: reward=-0.192, dist=3.70
2026-02-23 16:21:45,098 [INFO] Step 200: reward=0.079, dist=4.12
2026-02-23 16:21:51,156 [INFO] Step 400: reward=5.844, dist=2.81
2026-02-23 16:21:56,888 [INFO] Step 600: reward=-0.260, dist=1.18
2026-02-23 16:22:04,012 [INFO] Step 800: reward=-0.282, dist=3.13
2026-02-23 16:22:08,965 [INFO] Episode 110 COMPLETE | Reward -216.60 | Steps 1000 | Terminated False | Truncated True
2026-02-23 16:22:08,984 [INFO] Checkpoint saved: checkpoints/ppo_ep_00110.pt
2026-02-23 16:22:13,173 [INFO] Step 0: reward=-0.242, dist=3.45
2026-02-23 16:22:17,906 [INFO] Step 200: reward=-0.129, dist=2.93
2026-02-23 16:22:23,543 [INFO] Episode 111 COMPLETE | Reward 428.26 | Steps 373 | Terminated True | Truncated False
2026-02-23 16:22:26,743 [INFO] Step 0: reward=-0.197, dist=2.23
2026-02-23 16:22:31,690 [INFO] Step 200: reward=-0.264, dist=3.78
2026-02-23 16:22:36,390 [INFO] Step 400: reward=0.083, dist=4.11
2026-02-23 16:22:41,494 [INFO] Step 600: reward=-1.182, dist=2.97
2026-02-23 16:22:41,651 [INFO] Performing PPO update at global step 98304
2026-02-23 16:22:41,941 [INFO] PPO losses — policy: 0.0190, value: 797.6024, entropy: 1.9801
2026-02-23 16:22:41,946 [INFO] PPO update completed. Buffer cleared.
2026-02-23 16:22:45,691 [INFO] Step 800: reward=-0.068, dist=1.65
2026-02-23 16:22:50,860 [INFO] Episode 112 COMPLETE | Reward -271.56 | Steps 1000 | Terminated False | Truncated True
2026-02-23 16:22:55,667 [INFO] Step 0: reward=-0.227, dist=3.39
2026-02-23 16:23:01,412 [INFO] Step 200: reward=0.424, dist=2.43
2026-02-23 16:23:05,796 [INFO] Episode 113 COMPLETE | Reward 530.92 | Steps 388 | Terminated True | Truncated False
2026-02-23 16:23:07,962 [INFO] Step 0: reward=-0.630, dist=2.84
2026-02-23 16:23:13,451 [INFO] Step 200: reward=-1.989, dist=4.34
2026-02-23 16:23:19,018 [INFO] Step 400: reward=0.102, dist=5.12
2026-02-23 16:23:24,793 [INFO] Step 600: reward=-0.005, dist=4.67
2026-02-23 16:23:30,045 [INFO] Step 800: reward=-1.455, dist=2.89
2026-02-23 16:23:32,937 [INFO] Policy action (normalized): v = +0.907, w = -0.639 | Cmd_vel (scaled): v = +0.907 m/s, w = -0.639 rad/s
2026-02-23 16:23:35,350 [INFO] Episode 114 COMPLETE | Reward -158.00 | Steps 1000 | Terminated False | Truncated True
2026-02-23 16:23:40,717 [INFO] Step 0: reward=5.897, dist=3.46
2026-02-23 16:23:47,119 [INFO] Step 200: reward=-0.184, dist=1.51
2026-02-23 16:23:48,351 [INFO] Performing PPO update at global step 100352
2026-02-23 16:23:48,651 [INFO] PPO losses — policy: 0.0216, value: 880.0872, entropy: 2.0417
2026-02-23 16:23:48,659 [INFO] PPO update completed. Buffer cleared.
2026-02-23 16:23:52,212 [INFO] Step 400: reward=-0.788, dist=2.07
2026-02-23 16:23:57,613 [INFO] Step 600: reward=-0.322, dist=3.74
2026-02-23 16:24:01,451 [INFO] Step 800: reward=0.152, dist=4.23
2026-02-23 16:24:06,638 [INFO] Episode 115 COMPLETE | Reward -395.48 | Steps 1000 | Terminated False | Truncated True
2026-02-23 16:24:06,657 [INFO] Checkpoint saved: checkpoints/ppo_ep_00115.pt
2026-02-23 16:24:10,442 [INFO] Step 0: reward=-0.187, dist=2.75
2026-02-23 16:24:15,899 [INFO] Step 200: reward=-0.361, dist=3.87
2026-02-23 16:24:22,056 [INFO] Step 400: reward=0.147, dist=5.19
2026-02-23 16:24:28,210 [INFO] Step 600: reward=0.224, dist=4.63
2026-02-23 16:24:33,128 [INFO] Step 800: reward=0.638, dist=3.01
2026-02-23 16:24:37,819 [INFO] Episode 116 COMPLETE | Reward -367.08 | Steps 1000 | Terminated False | Truncated True
2026-02-23 16:24:40,347 [INFO] Step 0: reward=-0.265, dist=2.57
2026-02-23 16:24:45,784 [INFO] Step 200: reward=-0.148, dist=2.04
2026-02-23 16:24:47,914 [INFO] Performing PPO update at global step 102400
2026-02-23 16:24:48,206 [INFO] PPO losses — policy: 0.0458, value: 229.3250, entropy: 2.2149
2026-02-23 16:24:48,211 [INFO] PPO update completed. Buffer cleared.
2026-02-23 16:24:50,097 [INFO] Step 400: reward=-1.443, dist=1.41
2026-02-23 16:24:52,344 [INFO] Episode 117 COMPLETE | Reward -162.41 | Steps 489 | Terminated True | Truncated False
2026-02-23 16:24:56,549 [INFO] Step 0: reward=-0.258, dist=3.39
2026-02-23 16:25:02,666 [INFO] Step 200: reward=-2.338, dist=4.58
2026-02-23 16:25:08,248 [INFO] Step 400: reward=-0.220, dist=4.07
2026-02-23 16:25:13,483 [INFO] Step 600: reward=2.450, dist=2.65
2026-02-23 16:25:19,102 [INFO] Step 800: reward=-2.294, dist=1.33
2026-02-23 16:25:26,678 [INFO] Episode 118 COMPLETE | Reward -184.81 | Steps 1000 | Terminated False | Truncated True
2026-02-23 16:25:31,466 [INFO] Step 0: reward=-0.188, dist=2.95
2026-02-23 16:25:36,336 [INFO] Step 200: reward=-0.243, dist=3.47
2026-02-23 16:25:41,350 [INFO] Step 400: reward=-2.560, dist=2.86
2026-02-23 16:25:45,747 [INFO] Step 600: reward=5.428, dist=1.75
2026-02-23 16:25:48,042 [INFO] Episode 119 COMPLETE | Reward 111.02 | Steps 724 | Terminated True | Truncated False
2026-02-23 16:25:51,084 [INFO] Step 0: reward=-0.160, dist=3.51
2026-02-23 16:25:55,305 [INFO] Performing PPO update at global step 104448
2026-02-23 16:25:55,581 [INFO] PPO losses — policy: 0.0119, value: 847.1620, entropy: 2.3020
2026-02-23 16:25:55,587 [INFO] PPO update completed. Buffer cleared.
2026-02-23 16:25:56,606 [INFO] Step 200: reward=-0.212, dist=2.60
2026-02-23 16:26:02,023 [INFO] Episode 120 COMPLETE | Reward 66.03 | Steps 384 | Terminated True | Truncated False
2026-02-23 16:26:02,041 [INFO] Checkpoint saved: checkpoints/ppo_ep_00120.pt
2026-02-23 16:26:04,372 [INFO] Step 0: reward=-0.305, dist=2.66
2026-02-23 16:26:09,429 [INFO] Step 200: reward=5.399, dist=1.07
2026-02-23 16:26:09,611 [INFO] Episode 121 COMPLETE | Reward 450.49 | Steps 204 | Terminated True | Truncated False
2026-02-23 16:26:12,761 [INFO] Step 0: reward=-0.262, dist=3.61
2026-02-23 16:26:18,357 [INFO] Step 200: reward=-0.117, dist=2.72
2026-02-23 16:26:22,549 [INFO] Step 400: reward=3.848, dist=1.51
2026-02-23 16:26:23,767 [INFO] Episode 122 COMPLETE | Reward 522.11 | Steps 434 | Terminated True | Truncated False
2026-02-23 16:26:28,519 [INFO] Step 0: reward=-0.147, dist=3.61
2026-02-23 16:26:33,680 [INFO] Step 200: reward=-0.148, dist=3.75
2026-02-23 16:26:37,389 [INFO] Step 400: reward=-0.005, dist=5.00
2026-02-23 16:26:43,693 [INFO] Step 600: reward=0.175, dist=5.46
2026-02-23 16:26:50,085 [INFO] Step 800: reward=-0.052, dist=3.80
2026-02-23 16:26:55,117 [INFO] Episode 123 COMPLETE | Reward -483.04 | Steps 1000 | Terminated False | Truncated True
2026-02-23 16:26:58,462 [INFO] Step 0: reward=-0.616, dist=3.34
2026-02-23 16:27:03,282 [INFO] Performing PPO update at global step 106496
2026-02-23 16:27:03,568 [INFO] PPO losses — policy: 0.0200, value: 1513.9057, entropy: 2.2419
2026-02-23 16:27:03,573 [INFO] PPO update completed. Buffer cleared.
2026-02-23 16:27:03,831 [INFO] Step 200: reward=0.044, dist=4.04
2026-02-23 16:27:10,409 [INFO] Step 400: reward=0.164, dist=4.06
2026-02-23 16:27:14,971 [INFO] Step 600: reward=-1.568, dist=3.20
2026-02-23 16:27:20,553 [INFO] Step 800: reward=-0.228, dist=1.08
2026-02-23 16:27:20,782 [INFO] Episode 124 COMPLETE | Reward 205.65 | Steps 809 | Terminated True | Truncated False
2026-02-23 16:27:25,628 [INFO] Step 0: reward=-0.207, dist=3.40
2026-02-23 16:27:30,429 [INFO] Step 200: reward=-0.305, dist=2.75
2026-02-23 16:27:35,064 [INFO] Episode 125 COMPLETE | Reward 392.83 | Steps 326 | Terminated True | Truncated False
2026-02-23 16:27:35,085 [INFO] Checkpoint saved: checkpoints/ppo_ep_00125.pt
2026-02-23 16:27:39,263 [INFO] Step 0: reward=-0.261, dist=2.29
2026-02-23 16:27:45,004 [INFO] Step 200: reward=-1.556, dist=3.08
2026-02-23 16:27:48,029 [INFO] Step 400: reward=-0.924, dist=2.93
2026-02-23 16:27:52,768 [INFO] Step 600: reward=-0.017, dist=2.17
2026-02-23 16:27:56,296 [INFO] Episode 126 COMPLETE | Reward -282.14 | Steps 736 | Terminated True | Truncated False
2026-02-23 16:27:59,352 [INFO] Step 0: reward=-0.305, dist=3.51
2026-02-23 16:28:04,222 [INFO] Step 200: reward=-0.073, dist=4.31
2026-02-23 16:28:09,780 [INFO] Performing PPO update at global step 108544
2026-02-23 16:28:10,066 [INFO] PPO losses — policy: 0.0115, value: 1443.9466, entropy: 2.3495
2026-02-23 16:28:10,070 [INFO] PPO update completed. Buffer cleared.
2026-02-23 16:28:11,602 [INFO] Step 400: reward=0.080, dist=6.32
2026-02-23 16:28:16,380 [INFO] Step 600: reward=-2.295, dist=6.41
2026-02-23 16:28:20,342 [INFO] Step 800: reward=0.096, dist=5.94
2026-02-23 16:28:23,867 [INFO] Episode 127 COMPLETE | Reward -591.14 | Steps 1000 | Terminated False | Truncated True
2026-02-23 16:28:28,103 [INFO] Step 0: reward=-0.305, dist=3.34
2026-02-23 16:28:33,804 [INFO] Step 200: reward=-1.952, dist=4.54
2026-02-23 16:28:39,662 [INFO] Step 400: reward=-0.066, dist=6.19
2026-02-23 16:28:47,191 [INFO] Step 600: reward=-1.818, dist=5.69
2026-02-23 16:28:51,991 [INFO] Step 800: reward=0.583, dist=4.22
2026-02-23 16:28:52,839 [INFO] Policy action (normalized): v = +0.989, w = -0.924 | Cmd_vel (scaled): v = +0.989 m/s, w = -0.924 rad/s
2026-02-23 16:28:58,600 [INFO] Episode 128 COMPLETE | Reward -333.92 | Steps 1000 | Terminated False | Truncated True
2026-02-23 16:29:01,672 [INFO] Step 0: reward=5.871, dist=3.56
2026-02-23 16:29:07,657 [INFO] Step 200: reward=-0.196, dist=2.24
2026-02-23 16:29:12,356 [INFO] Step 400: reward=-0.333, dist=3.56
2026-02-23 16:29:12,749 [INFO] Performing PPO update at global step 110592
2026-02-23 16:29:13,096 [INFO] PPO losses — policy: 0.0135, value: 189.6304, entropy: 2.4024
2026-02-23 16:29:13,102 [INFO] PPO update completed. Buffer cleared.
2026-02-23 16:29:17,322 [INFO] Step 600: reward=0.118, dist=4.84
2026-02-23 16:29:20,951 [INFO] Step 800: reward=-0.005, dist=5.65
2026-02-23 16:29:25,750 [INFO] Episode 129 COMPLETE | Reward -616.83 | Steps 1000 | Terminated False | Truncated True
2026-02-23 16:29:28,463 [INFO] Step 0: reward=-0.189, dist=3.89
2026-02-23 16:29:35,371 [INFO] Step 200: reward=2.644, dist=1.98
2026-02-23 16:29:38,242 [INFO] Episode 130 COMPLETE | Reward 1060.13 | Steps 345 | Terminated True | Truncated False
2026-02-23 16:29:38,262 [INFO] Checkpoint saved: checkpoints/ppo_ep_00130.pt
2026-02-23 16:29:40,497 [INFO] Step 0: reward=4.995, dist=2.42
2026-02-23 16:29:44,331 [INFO] Episode 131 COMPLETE | Reward 835.29 | Steps 109 | Terminated True | Truncated False
2026-02-23 16:29:48,599 [INFO] Step 0: reward=-0.189, dist=3.22
2026-02-23 16:29:52,564 [INFO] Step 200: reward=-0.792, dist=3.90
2026-02-23 16:29:57,653 [INFO] Step 400: reward=0.056, dist=4.47
2026-02-23 16:30:01,139 [INFO] Step 600: reward=-1.919, dist=4.71
2026-02-23 16:30:06,677 [INFO] Step 800: reward=0.081, dist=4.58
2026-02-23 16:30:11,773 [INFO] Episode 132 COMPLETE | Reward -817.62 | Steps 1000 | Terminated False | Truncated True
2026-02-23 16:30:16,868 [INFO] Step 0: reward=-0.305, dist=3.66
2026-02-23 16:30:16,936 [INFO] Performing PPO update at global step 112640
2026-02-23 16:30:17,245 [INFO] PPO losses — policy: 0.0553, value: 1733.0663, entropy: 2.4731
2026-02-23 16:30:17,251 [INFO] PPO update completed. Buffer cleared.
2026-02-23 16:30:22,619 [INFO] Step 200: reward=5.453, dist=2.62
2026-02-23 16:30:27,476 [INFO] Step 400: reward=229.950, dist=0.00
2026-02-23 16:30:27,476 [INFO] Episode 133 COMPLETE | Reward 1029.45 | Steps 401 | Terminated True | Truncated False
2026-02-23 16:30:31,405 [INFO] Step 0: reward=-0.305, dist=3.94
2026-02-23 16:30:34,712 [INFO] Step 200: reward=-0.258, dist=3.20
2026-02-23 16:30:38,173 [INFO] Step 400: reward=-2.211, dist=3.06
2026-02-23 16:30:43,252 [INFO] Step 600: reward=-0.527, dist=3.71
2026-02-23 16:30:48,724 [INFO] Step 800: reward=0.035, dist=5.28
2026-02-23 16:30:54,353 [INFO] Episode 134 COMPLETE | Reward -995.12 | Steps 1000 | Terminated False | Truncated True
2026-02-23 16:30:58,427 [INFO] Step 0: reward=5.910, dist=2.94
2026-02-23 16:31:02,876 [INFO] Step 200: reward=-1.475, dist=1.72
2026-02-23 16:31:05,463 [INFO] Episode 135 COMPLETE | Reward 376.49 | Steps 274 | Terminated True | Truncated False
2026-02-23 16:31:05,482 [INFO] Checkpoint saved: checkpoints/ppo_ep_00135.pt
2026-02-23 16:31:10,548 [INFO] Step 0: reward=-0.171, dist=3.05
2026-02-23 16:31:15,817 [INFO] Step 200: reward=-0.421, dist=3.18
2026-02-23 16:31:20,466 [INFO] Performing PPO update at global step 114688
2026-02-23 16:31:20,876 [INFO] PPO losses — policy: 0.0341, value: 1345.4189, entropy: 2.2564
2026-02-23 16:31:20,883 [INFO] PPO update completed. Buffer cleared.
2026-02-23 16:31:21,418 [INFO] Step 400: reward=-0.005, dist=4.26
2026-02-23 16:31:28,244 [INFO] Step 600: reward=-0.048, dist=5.28
2026-02-23 16:31:32,303 [INFO] Step 800: reward=0.039, dist=5.15
2026-02-23 16:31:37,745 [INFO] Episode 136 COMPLETE | Reward -837.97 | Steps 1000 | Terminated False | Truncated True
2026-02-23 16:31:41,878 [INFO] Step 0: reward=-0.305, dist=2.76
2026-02-23 16:31:46,394 [INFO] Step 200: reward=-3.540, dist=2.62
2026-02-23 16:31:52,931 [INFO] Step 400: reward=-0.418, dist=4.48
2026-02-23 16:31:59,861 [INFO] Step 600: reward=-0.255, dist=5.15
2026-02-23 16:32:06,394 [INFO] Step 800: reward=-1.444, dist=3.54
2026-02-23 16:32:11,974 [INFO] Episode 137 COMPLETE | Reward -329.89 | Steps 1000 | Terminated False | Truncated True
2026-02-23 16:32:16,461 [INFO] Step 0: reward=-0.305, dist=3.19
2026-02-23 16:32:21,788 [INFO] Step 200: reward=-0.161, dist=4.82
2026-02-23 16:32:27,854 [INFO] Step 400: reward=0.115, dist=5.56
2026-02-23 16:32:28,223 [INFO] Performing PPO update at global step 116736
2026-02-23 16:32:28,644 [INFO] PPO losses — policy: 0.0123, value: 273.4561, entropy: 2.5268
2026-02-23 16:32:28,650 [INFO] PPO update completed. Buffer cleared.
2026-02-23 16:32:33,591 [INFO] Step 600: reward=-2.187, dist=4.94
2026-02-23 16:32:38,476 [INFO] Step 800: reward=-2.262, dist=3.84
2026-02-23 16:32:45,623 [INFO] Episode 138 COMPLETE | Reward -182.43 | Steps 1000 | Terminated False | Truncated True
2026-02-23 16:32:49,869 [INFO] Step 0: reward=-0.226, dist=2.67
2026-02-23 16:32:56,600 [INFO] Step 200: reward=-0.171, dist=3.67
2026-02-23 16:33:01,941 [INFO] Step 400: reward=-0.618, dist=3.26
2026-02-23 16:33:07,846 [INFO] Step 600: reward=-0.017, dist=1.86
2026-02-23 16:33:10,478 [INFO] Episode 139 COMPLETE | Reward -235.90 | Steps 697 | Terminated True | Truncated False
2026-02-23 16:33:13,679 [INFO] Step 0: reward=-0.305, dist=3.94
2026-02-23 16:33:18,869 [INFO] Step 200: reward=-0.329, dist=4.59
2026-02-23 16:33:23,882 [INFO] Step 400: reward=0.171, dist=4.64
2026-02-23 16:33:31,132 [INFO] Step 600: reward=4.748, dist=2.35
2026-02-23 16:33:34,474 [INFO] Performing PPO update at global step 118784
2026-02-23 16:33:34,892 [INFO] PPO losses — policy: 0.0212, value: 763.2238, entropy: 2.4839
2026-02-23 16:33:34,900 [INFO] PPO update completed. Buffer cleared.
2026-02-23 16:33:35,532 [INFO] Step 800: reward=-0.159, dist=1.26
2026-02-23 16:33:39,523 [INFO] Episode 140 COMPLETE | Reward -284.31 | Steps 1000 | Terminated False | Truncated True
2026-02-23 16:33:39,541 [INFO] Checkpoint saved: checkpoints/ppo_ep_00140.pt
2026-02-23 16:33:43,523 [INFO] Step 0: reward=-0.154, dist=3.42
2026-02-23 16:33:48,181 [INFO] Step 200: reward=-0.289, dist=3.43
2026-02-23 16:33:54,229 [INFO] Step 400: reward=0.140, dist=5.41
2026-02-23 16:33:59,592 [INFO] Step 600: reward=-0.005, dist=6.54
2026-02-23 16:34:03,848 [INFO] Step 800: reward=0.016, dist=6.57
2026-02-23 16:34:07,641 [INFO] Policy action (normalized): v = +0.782, w = -0.026 | Cmd_vel (scaled): v = +0.782 m/s, w = -0.026 rad/s
2026-02-23 16:34:07,800 [INFO] Episode 141 COMPLETE | Reward -676.17 | Steps 1000 | Terminated False | Truncated True
2026-02-23 16:34:10,902 [INFO] Step 0: reward=-0.190, dist=2.01
2026-02-23 16:34:17,994 [INFO] Step 200: reward=-0.148, dist=2.85
2026-02-23 16:34:24,529 [INFO] Step 400: reward=-0.305, dist=2.40
2026-02-23 16:34:31,381 [INFO] Step 600: reward=-0.158, dist=2.62
2026-02-23 16:34:35,074 [INFO] Step 800: reward=-2.220, dist=2.65
2026-02-23 16:34:35,893 [INFO] Performing PPO update at global step 120832
2026-02-23 16:34:36,176 [INFO] PPO losses — policy: 0.0379, value: 144.6930, entropy: 2.6202
2026-02-23 16:34:36,182 [INFO] PPO update completed. Buffer cleared.
2026-02-23 16:34:39,925 [INFO] Episode 142 COMPLETE | Reward -721.41 | Steps 1000 | Terminated False | Truncated True
2026-02-23 16:34:44,012 [INFO] Step 0: reward=-0.219, dist=2.65
2026-02-23 16:34:51,431 [INFO] Step 200: reward=-0.248, dist=1.26
2026-02-23 16:34:55,794 [INFO] Step 400: reward=-0.303, dist=1.61
2026-02-23 16:35:01,743 [INFO] Step 600: reward=-2.305, dist=2.98
2026-02-23 16:35:07,163 [INFO] Step 800: reward=0.120, dist=4.51
2026-02-23 16:35:11,736 [INFO] Episode 143 COMPLETE | Reward -652.83 | Steps 1000 | Terminated False | Truncated True
2026-02-23 16:35:15,891 [INFO] Step 0: reward=-0.239, dist=3.79
2026-02-23 16:35:20,747 [INFO] Step 200: reward=-0.311, dist=5.37
2026-02-23 16:35:25,708 [INFO] Step 400: reward=-1.862, dist=7.07
2026-02-23 16:35:31,429 [INFO] Step 600: reward=-0.194, dist=9.07
2026-02-23 16:35:37,435 [INFO] Step 800: reward=-0.399, dist=11.14
2026-02-23 16:35:39,452 [INFO] Performing PPO update at global step 122880
2026-02-23 16:35:39,726 [INFO] PPO losses — policy: 0.0286, value: 109.9174, entropy: 2.8655
2026-02-23 16:35:39,730 [INFO] PPO update completed. Buffer cleared.
2026-02-23 16:35:42,926 [INFO] Episode 144 COMPLETE | Reward -596.42 | Steps 1000 | Terminated False | Truncated True
2026-02-23 16:35:47,208 [INFO] Step 0: reward=-0.168, dist=2.72
2026-02-23 16:35:50,919 [INFO] Step 200: reward=-0.305, dist=2.89
2026-02-23 16:35:55,925 [INFO] Step 400: reward=-0.233, dist=4.32
2026-02-23 16:36:00,042 [INFO] Step 600: reward=-0.081, dist=5.91
2026-02-23 16:36:04,875 [INFO] Step 800: reward=-0.182, dist=7.49
2026-02-23 16:36:10,569 [INFO] Episode 145 COMPLETE | Reward -824.03 | Steps 1000 | Terminated False | Truncated True
2026-02-23 16:36:10,594 [INFO] Checkpoint saved: checkpoints/ppo_ep_00145.pt
2026-02-23 16:36:13,674 [INFO] Step 0: reward=-0.305, dist=3.71
2026-02-23 16:36:20,955 [INFO] Step 200: reward=-0.161, dist=2.35
2026-02-23 16:36:28,379 [INFO] Step 400: reward=-0.360, dist=2.77
2026-02-23 16:36:34,106 [INFO] Step 600: reward=-0.102, dist=4.27
2026-02-23 16:36:38,629 [INFO] Step 800: reward=0.072, dist=5.72
2026-02-23 16:36:40,890 [INFO] Performing PPO update at global step 124928
2026-02-23 16:36:41,322 [INFO] PPO losses — policy: 0.0172, value: 142.9238, entropy: 2.7906
2026-02-23 16:36:41,329 [INFO] PPO update completed. Buffer cleared.
2026-02-23 16:36:42,510 [INFO] Episode 146 COMPLETE | Reward -628.10 | Steps 1000 | Terminated False | Truncated True
2026-02-23 16:36:45,694 [INFO] Step 0: reward=-0.152, dist=2.80
2026-02-23 16:36:50,674 [INFO] Step 200: reward=4.033, dist=1.26
2026-02-23 16:36:51,242 [INFO] Episode 147 COMPLETE | Reward 1161.99 | Steps 223 | Terminated True | Truncated False
2026-02-23 16:36:55,246 [INFO] Step 0: reward=-0.238, dist=3.32
2026-02-23 16:36:57,646 [INFO] Step 200: reward=-2.260, dist=2.94
2026-02-23 16:37:04,693 [INFO] Step 400: reward=-0.130, dist=1.33
2026-02-23 16:37:08,710 [INFO] Step 600: reward=-0.238, dist=1.27
2026-02-23 16:37:13,814 [INFO] Step 800: reward=-2.294, dist=2.71
2026-02-23 16:37:18,949 [INFO] Episode 148 COMPLETE | Reward -1031.11 | Steps 1000 | Terminated False | Truncated True
2026-02-23 16:37:22,170 [INFO] Step 0: reward=-0.305, dist=3.90
2026-02-23 16:37:28,416 [INFO] Step 200: reward=0.147, dist=5.83
2026-02-23 16:37:34,086 [INFO] Step 400: reward=-0.138, dist=7.80
2026-02-23 16:37:38,932 [INFO] Step 600: reward=-0.442, dist=9.14
2026-02-23 16:37:42,921 [INFO] Performing PPO update at global step 126976
2026-02-23 16:37:43,322 [INFO] PPO losses — policy: 0.0404, value: 1039.0945, entropy: 2.9211
2026-02-23 16:37:43,330 [INFO] PPO update completed. Buffer cleared.
2026-02-23 16:37:45,003 [INFO] Step 800: reward=-0.141, dist=10.75
2026-02-23 16:37:50,966 [INFO] Episode 149 COMPLETE | Reward -577.33 | Steps 1000 | Terminated False | Truncated True
2026-02-23 16:37:55,317 [INFO] Step 0: reward=-0.615, dist=3.89
2026-02-23 16:38:00,872 [INFO] Step 200: reward=0.027, dist=5.37
2026-02-23 16:38:07,065 [INFO] Step 400: reward=-1.935, dist=7.23
2026-02-23 16:38:12,053 [INFO] Step 600: reward=-0.698, dist=8.69
2026-02-23 16:38:19,849 [INFO] Step 800: reward=-0.170, dist=10.78
2026-02-23 16:38:26,002 [INFO] Episode 150 COMPLETE | Reward -631.98 | Steps 1000 | Terminated False | Truncated True
2026-02-23 16:38:26,022 [INFO] Checkpoint saved: checkpoints/ppo_ep_00150.pt
2026-02-23 16:38:29,137 [INFO] Step 0: reward=-0.305, dist=3.31
2026-02-23 16:38:34,273 [INFO] Step 200: reward=0.109, dist=4.72
2026-02-23 16:38:39,871 [INFO] Step 400: reward=-0.940, dist=6.11
2026-02-23 16:38:45,107 [INFO] Step 600: reward=-1.909, dist=7.64
2026-02-23 16:38:49,393 [INFO] Performing PPO update at global step 129024
2026-02-23 16:38:49,783 [INFO] PPO losses — policy: 0.0111, value: 125.4824, entropy: 3.3582
2026-02-23 16:38:49,790 [INFO] PPO update completed. Buffer cleared.
2026-02-23 16:38:49,808 [INFO] Step 800: reward=0.098, dist=8.68
2026-02-23 16:38:55,509 [INFO] Episode 151 COMPLETE | Reward -638.21 | Steps 1000 | Terminated False | Truncated True
2026-02-23 16:38:58,119 [INFO] Step 0: reward=-0.206, dist=2.69
2026-02-23 16:39:03,240 [INFO] Step 200: reward=-0.158, dist=2.41
2026-02-23 16:39:08,874 [INFO] Step 400: reward=-0.599, dist=2.08
2026-02-23 16:39:13,435 [INFO] Step 600: reward=-1.969, dist=2.17
2026-02-23 16:39:17,880 [INFO] Policy action (normalized): v = +0.985, w = +0.127 | Cmd_vel (scaled): v = +0.985 m/s, w = +0.127 rad/s
2026-02-23 16:39:18,508 [INFO] Step 800: reward=-2.617, dist=2.53
2026-02-23 16:39:24,583 [INFO] Episode 152 COMPLETE | Reward -1267.12 | Steps 1000 | Terminated False | Truncated True
2026-02-23 16:39:27,848 [INFO] Step 0: reward=-0.242, dist=2.33
2026-02-23 16:39:33,247 [INFO] Step 200: reward=-0.552, dist=2.61
2026-02-23 16:39:38,358 [INFO] Step 400: reward=-2.408, dist=3.85
2026-02-23 16:39:44,403 [INFO] Step 600: reward=-0.372, dist=5.30
2026-02-23 16:39:48,029 [INFO] Step 800: reward=-4.072, dist=5.99
2026-02-23 16:39:48,793 [INFO] Performing PPO update at global step 131072
2026-02-23 16:39:49,066 [INFO] PPO losses — policy: 0.0245, value: 338.3642, entropy: 3.5767
2026-02-23 16:39:49,071 [INFO] PPO update completed. Buffer cleared.
2026-02-23 16:39:53,655 [INFO] Episode 153 COMPLETE | Reward -1078.92 | Steps 1000 | Terminated False | Truncated True
2026-02-23 16:39:58,426 [INFO] Step 0: reward=-0.203, dist=2.00
2026-02-23 16:40:00,779 [INFO] Step 200: reward=-2.305, dist=2.05
2026-02-23 16:40:06,058 [INFO] Step 400: reward=-1.173, dist=2.90
2026-02-23 16:40:10,038 [INFO] Step 600: reward=-2.631, dist=3.64
2026-02-23 16:40:15,478 [INFO] Step 800: reward=-0.054, dist=5.15
2026-02-23 16:40:18,518 [INFO] Episode 154 COMPLETE | Reward -1513.01 | Steps 1000 | Terminated False | Truncated True
2026-02-23 16:40:21,582 [INFO] Step 0: reward=-0.305, dist=3.50
2026-02-23 16:40:28,564 [INFO] Step 200: reward=-1.120, dist=4.04
2026-02-23 16:40:34,538 [INFO] Step 400: reward=0.061, dist=5.12
2026-02-23 16:40:39,242 [INFO] Step 600: reward=-0.190, dist=6.23
2026-02-23 16:40:45,286 [INFO] Step 800: reward=-0.330, dist=7.85
2026-02-23 16:40:47,393 [INFO] Performing PPO update at global step 133120
2026-02-23 16:40:47,801 [INFO] PPO losses — policy: 0.0737, value: 384.7233, entropy: 4.1400
2026-02-23 16:40:47,807 [INFO] PPO update completed. Buffer cleared.
2026-02-23 16:40:49,547 [INFO] Episode 155 COMPLETE | Reward -913.82 | Steps 1000 | Terminated False | Truncated True
2026-02-23 16:40:49,573 [INFO] Checkpoint saved: checkpoints/ppo_ep_00155.pt
2026-02-23 16:40:52,843 [INFO] Step 0: reward=-2.362, dist=2.54
2026-02-23 16:40:59,225 [INFO] Step 200: reward=-0.710, dist=3.95
2026-02-23 16:41:05,867 [INFO] Step 400: reward=-0.322, dist=5.03
2026-02-23 16:41:09,594 [INFO] Step 600: reward=-2.281, dist=5.11
2026-02-23 16:41:13,502 [INFO] Step 800: reward=-1.898, dist=4.81
2026-02-23 16:41:20,078 [INFO] Episode 156 COMPLETE | Reward -804.19 | Steps 1000 | Terminated False | Truncated True
2026-02-23 16:41:23,245 [INFO] Step 0: reward=-0.624, dist=3.23
2026-02-23 16:41:28,378 [INFO] Step 200: reward=-2.222, dist=2.88
2026-02-23 16:41:34,227 [INFO] Step 400: reward=-2.618, dist=3.37
2026-02-23 16:41:39,050 [INFO] Step 600: reward=-0.376, dist=4.22
2026-02-23 16:41:44,337 [INFO] Step 800: reward=-2.376, dist=5.14
2026-02-23 16:41:48,027 [INFO] Performing PPO update at global step 135168
2026-02-23 16:41:48,320 [INFO] PPO losses — policy: 0.0045, value: 448.7053, entropy: 4.2086
2026-02-23 16:41:48,326 [INFO] PPO update completed. Buffer cleared.
2026-02-23 16:41:49,618 [INFO] Episode 157 COMPLETE | Reward -1339.54 | Steps 1000 | Terminated False | Truncated True
2026-02-23 16:42:14,758 [INFO] Step 0: reward=-100.000, dist=4582.38
2026-02-23 16:42:14,758 [INFO] Episode 158 COMPLETE | Reward -100.00 | Steps 1 | Terminated False | Truncated True
2026-02-23 16:42:18,792 [INFO] Step 0: reward=-0.308, dist=4.47
2026-02-23 16:42:22,169 [INFO] Step 200: reward=-1.939, dist=5.04
2026-02-23 16:42:27,047 [INFO] Step 400: reward=-0.353, dist=6.40
2026-02-23 16:42:32,522 [INFO] Step 600: reward=-3.716, dist=6.92
2026-02-23 16:42:38,167 [INFO] Step 800: reward=-0.312, dist=6.15
2026-02-23 16:42:41,913 [INFO] Episode 159 COMPLETE | Reward -953.18 | Steps 1000 | Terminated False | Truncated True
2026-02-23 16:42:44,120 [INFO] Step 0: reward=-0.149, dist=3.39
2026-02-23 16:42:50,140 [INFO] Step 200: reward=-0.305, dist=3.45
2026-02-23 16:42:55,742 [INFO] Step 400: reward=-2.607, dist=3.55
2026-02-23 16:43:00,168 [INFO] Step 600: reward=-2.176, dist=3.75
2026-02-23 16:43:07,349 [INFO] Step 800: reward=-2.642, dist=3.83
2026-02-23 16:43:13,257 [INFO] Performing PPO update at global step 137216
2026-02-23 16:43:13,702 [INFO] PPO losses — policy: 0.0179, value: 701.5284, entropy: 4.2242
2026-02-23 16:43:13,708 [INFO] PPO update completed. Buffer cleared.
2026-02-23 16:43:13,941 [INFO] Episode 160 COMPLETE | Reward -2272.26 | Steps 1000 | Terminated False | Truncated True
2026-02-23 16:43:13,967 [INFO] Checkpoint saved: checkpoints/ppo_ep_00160.pt
2026-02-23 16:43:16,538 [INFO] Step 0: reward=-0.605, dist=1.94
2026-02-23 16:43:21,593 [INFO] Step 200: reward=-0.196, dist=2.17
2026-02-23 16:43:25,235 [INFO] Step 400: reward=-2.341, dist=2.81
2026-02-23 16:43:29,048 [INFO] Step 600: reward=-0.168, dist=3.52
2026-02-23 16:43:34,070 [INFO] Step 800: reward=-2.634, dist=3.96
2026-02-23 16:43:38,680 [INFO] Episode 161 COMPLETE | Reward -1546.10 | Steps 1000 | Terminated False | Truncated True
2026-02-23 16:43:43,481 [INFO] Step 0: reward=-0.642, dist=2.10
2026-02-23 16:43:48,249 [INFO] Step 200: reward=-2.616, dist=2.06
2026-02-23 16:43:52,974 [INFO] Step 400: reward=-2.162, dist=2.41
2026-02-23 16:43:58,706 [INFO] Step 600: reward=-2.568, dist=2.87
2026-02-23 16:44:04,393 [INFO] Step 800: reward=-2.185, dist=2.90
2026-02-23 16:44:10,970 [INFO] Episode 162 COMPLETE | Reward -2228.64 | Steps 1000 | Terminated False | Truncated True
2026-02-23 16:44:13,654 [INFO] Step 0: reward=-0.307, dist=4.33
2026-02-23 16:44:14,828 [INFO] Performing PPO update at global step 139264
2026-02-23 16:44:15,115 [INFO] PPO losses — policy: 0.0060, value: 852.7212, entropy: 4.2242
2026-02-23 16:44:15,121 [INFO] PPO update completed. Buffer cleared.
2026-02-23 16:44:19,548 [INFO] Step 200: reward=-0.305, dist=5.67
2026-02-23 16:44:23,436 [INFO] Step 400: reward=0.149, dist=6.17
2026-02-23 16:44:29,137 [INFO] Step 600: reward=-0.319, dist=5.56
2026-02-23 16:44:34,825 [INFO] Policy action (normalized): v = +0.363, w = -0.923 | Cmd_vel (scaled): v = +0.363 m/s, w = -0.923 rad/s
2026-02-23 16:44:35,203 [INFO] Step 800: reward=-2.311, dist=4.88
2026-02-23 16:44:40,276 [INFO] Episode 163 COMPLETE | Reward -1081.77 | Steps 1000 | Terminated False | Truncated True
2026-02-23 16:44:43,605 [INFO] Step 0: reward=-0.160, dist=3.58
2026-02-23 16:44:48,461 [INFO] Step 200: reward=-2.121, dist=3.53
2026-02-23 16:44:53,395 [INFO] Step 400: reward=-2.640, dist=3.51
2026-02-23 16:44:59,689 [INFO] Step 600: reward=-2.211, dist=3.75
2026-02-23 16:45:05,193 [INFO] Step 800: reward=-2.209, dist=3.96
2026-02-23 16:45:10,525 [INFO] Episode 164 COMPLETE | Reward -2293.40 | Steps 1000 | Terminated False | Truncated True
2026-02-23 16:45:13,655 [INFO] Step 0: reward=-2.357, dist=3.36
2026-02-23 16:45:15,592 [INFO] Performing PPO update at global step 141312
2026-02-23 16:45:15,878 [INFO] PPO losses — policy: 0.0120, value: 765.6867, entropy: 4.2242
2026-02-23 16:45:15,883 [INFO] PPO update completed. Buffer cleared.
2026-02-23 16:45:18,453 [INFO] Step 200: reward=-2.620, dist=3.17
2026-02-23 16:45:23,031 [INFO] Step 400: reward=-2.611, dist=2.87
2026-02-23 16:45:27,052 [INFO] Step 600: reward=-2.191, dist=2.42
2026-02-23 16:45:32,185 [INFO] Step 800: reward=-2.175, dist=1.73
2026-02-23 16:45:36,657 [INFO] Episode 165 COMPLETE | Reward -1717.50 | Steps 1000 | Terminated False | Truncated True
2026-02-23 16:45:36,676 [INFO] Checkpoint saved: checkpoints/ppo_ep_00165.pt
2026-02-23 16:45:40,790 [INFO] Step 0: reward=-0.185, dist=3.61
2026-02-23 16:45:46,127 [INFO] Step 200: reward=-2.226, dist=3.49
2026-02-23 16:45:52,330 [INFO] Step 400: reward=-2.608, dist=3.52
2026-02-23 16:45:58,270 [INFO] Step 600: reward=-2.305, dist=3.99
2026-02-23 16:46:03,949 [INFO] Step 800: reward=-2.062, dist=4.20
2026-02-23 16:46:09,270 [INFO] Episode 166 COMPLETE | Reward -2131.88 | Steps 1000 | Terminated False | Truncated True
2026-02-23 16:46:13,511 [INFO] Step 0: reward=-2.088, dist=3.67
2026-02-23 16:46:15,683 [INFO] Performing PPO update at global step 143360
2026-02-23 16:46:15,978 [INFO] PPO losses — policy: 0.0313, value: 871.5214, entropy: 4.2242
2026-02-23 16:46:15,983 [INFO] PPO update completed. Buffer cleared.
2026-02-23 16:46:18,221 [INFO] Step 200: reward=0.010, dist=4.26
2026-02-23 16:46:23,780 [INFO] Step 400: reward=0.132, dist=5.02
2026-02-23 16:46:27,738 [INFO] Step 600: reward=-2.311, dist=5.53
2026-02-23 16:46:32,681 [INFO] Step 800: reward=-2.305, dist=6.46
2026-02-23 16:46:36,623 [INFO] Episode 167 COMPLETE | Reward -1330.84 | Steps 1000 | Terminated False | Truncated True
2026-02-23 16:46:39,707 [INFO] Step 0: reward=-0.613, dist=3.30
2026-02-23 16:46:44,760 [INFO] Step 200: reward=-2.275, dist=3.52
2026-02-23 16:46:52,115 [INFO] Step 400: reward=-2.607, dist=3.60
2026-02-23 16:46:58,096 [INFO] Step 600: reward=-2.270, dist=3.26
2026-02-23 16:47:04,392 [INFO] Step 800: reward=-2.172, dist=3.00
2026-02-23 16:47:12,234 [INFO] Episode 168 COMPLETE | Reward -2198.88 | Steps 1000 | Terminated False | Truncated True
2026-02-23 16:47:16,447 [INFO] Step 0: reward=-0.610, dist=2.79
2026-02-23 16:47:19,797 [INFO] Performing PPO update at global step 145408
2026-02-23 16:47:20,099 [INFO] PPO losses — policy: 0.0065, value: 790.1106, entropy: 4.2242
2026-02-23 16:47:20,106 [INFO] PPO update completed. Buffer cleared.
2026-02-23 16:47:20,548 [INFO] Step 200: reward=-0.145, dist=2.47
2026-02-23 16:47:26,839 [INFO] Step 400: reward=0.053, dist=1.44
2026-02-23 16:47:29,109 [INFO] Episode 169 COMPLETE | Reward -524.38 | Steps 507 | Terminated True | Truncated False
2026-02-23 16:47:31,482 [INFO] Step 0: reward=-0.607, dist=3.03
2026-02-23 16:47:37,327 [INFO] Step 200: reward=-2.245, dist=3.05
2026-02-23 16:47:43,689 [INFO] Step 400: reward=-2.617, dist=2.76
2026-02-23 16:47:50,115 [INFO] Step 600: reward=-2.196, dist=2.81
2026-02-23 16:47:55,898 [INFO] Step 800: reward=-4.552, dist=3.28
2026-02-23 16:48:01,691 [INFO] Episode 170 COMPLETE | Reward -2350.33 | Steps 1000 | Terminated False | Truncated True
2026-02-23 16:48:01,710 [INFO] Checkpoint saved: checkpoints/ppo_ep_00170.pt
2026-02-23 16:48:04,423 [INFO] Step 0: reward=-0.607, dist=3.54
2026-02-23 16:48:09,084 [INFO] Step 200: reward=-0.106, dist=4.10
2026-02-23 16:48:15,592 [INFO] Step 400: reward=-0.444, dist=5.39
2026-02-23 16:48:22,411 [INFO] Step 600: reward=-0.260, dist=5.54
2026-02-23 16:48:24,103 [INFO] Performing PPO update at global step 147456
2026-02-23 16:48:24,392 [INFO] PPO losses — policy: 0.0023, value: 1015.8762, entropy: 4.2242
2026-02-23 16:48:24,400 [INFO] PPO update completed. Buffer cleared.
2026-02-23 16:48:25,878 [INFO] Step 800: reward=-2.339, dist=5.42
2026-02-23 16:48:32,744 [INFO] Episode 171 COMPLETE | Reward -1010.32 | Steps 1000 | Terminated False | Truncated True
2026-02-23 16:48:35,782 [INFO] Step 0: reward=-0.185, dist=2.33
2026-02-23 16:48:41,224 [INFO] Step 200: reward=-0.250, dist=2.54
2026-02-23 16:48:45,934 [INFO] Step 400: reward=-0.486, dist=2.77
2026-02-23 16:48:51,332 [INFO] Step 600: reward=-2.537, dist=2.98
2026-02-23 16:48:55,568 [INFO] Step 800: reward=-2.595, dist=2.75
2026-02-23 16:49:01,659 [INFO] Episode 172 COMPLETE | Reward -2141.13 | Steps 1000 | Terminated False | Truncated True
2026-02-23 16:49:26,822 [INFO] Step 0: reward=0.111, dist=90.66
2026-02-23 16:49:32,299 [INFO] Step 200: reward=-1.902, dist=89.52
2026-02-23 16:49:36,499 [INFO] Step 400: reward=-2.327, dist=89.08
2026-02-23 16:49:38,471 [INFO] Step 600: reward=-2.306, dist=89.06
2026-02-23 16:49:41,923 [INFO] Performing PPO update at global step 149504
2026-02-23 16:49:42,196 [INFO] PPO losses — policy: 0.0279, value: 699.9416, entropy: 4.2242
2026-02-23 16:49:42,200 [INFO] PPO update completed. Buffer cleared.
2026-02-23 16:49:43,210 [INFO] Step 800: reward=-0.365, dist=89.55
2026-02-23 16:49:47,789 [INFO] Episode 173 COMPLETE | Reward -1091.01 | Steps 1000 | Terminated False | Truncated True
2026-02-23 16:49:52,508 [INFO] Step 0: reward=-0.607, dist=3.68
2026-02-23 16:49:58,325 [INFO] Step 200: reward=-0.258, dist=3.97
2026-02-23 16:50:00,426 [INFO] Policy action (normalized): v = +0.903, w = -0.987 | Cmd_vel (scaled): v = +0.903 m/s, w = -0.987 rad/s
2026-02-23 16:50:03,101 [INFO] Step 400: reward=-2.320, dist=4.43
2026-02-23 16:50:08,115 [INFO] Step 600: reward=-1.854, dist=4.88
2026-02-23 16:50:12,609 [INFO] Step 800: reward=-2.324, dist=4.88
2026-02-23 16:50:18,927 [INFO] Episode 174 COMPLETE | Reward -2058.76 | Steps 1000 | Terminated False | Truncated True
2026-02-23 16:50:22,056 [INFO] Step 0: reward=-0.153, dist=2.75
2026-02-23 16:50:26,893 [INFO] Step 200: reward=0.471, dist=2.09
2026-02-23 16:50:31,982 [INFO] Step 400: reward=-2.185, dist=1.38
2026-02-23 16:50:37,493 [INFO] Step 600: reward=-0.257, dist=1.65
2026-02-23 16:50:43,536 [INFO] Step 800: reward=-2.189, dist=2.58
2026-02-23 16:50:44,077 [INFO] Performing PPO update at global step 151552
2026-02-23 16:50:44,365 [INFO] PPO losses — policy: 0.0058, value: 703.3329, entropy: 4.2242
2026-02-23 16:50:44,370 [INFO] PPO update completed. Buffer cleared.
2026-02-23 16:50:50,738 [INFO] Episode 175 COMPLETE | Reward -1265.19 | Steps 1000 | Terminated False | Truncated True
2026-02-23 16:50:50,764 [INFO] Checkpoint saved: checkpoints/ppo_ep_00175.pt
2026-02-23 16:50:54,854 [INFO] Step 0: reward=-0.635, dist=2.41
2026-02-23 16:51:01,367 [INFO] Step 200: reward=-0.368, dist=1.47
2026-02-23 16:51:07,920 [INFO] Step 400: reward=-0.737, dist=2.67
2026-02-23 16:51:13,429 [INFO] Step 600: reward=-0.085, dist=4.02
2026-02-23 16:51:18,741 [INFO] Step 800: reward=-1.959, dist=4.92
2026-02-23 16:51:25,428 [INFO] Episode 176 COMPLETE | Reward -964.17 | Steps 1000 | Terminated False | Truncated True
2026-02-23 16:51:27,541 [INFO] Step 0: reward=-2.143, dist=2.90
2026-02-23 16:51:31,383 [INFO] Step 200: reward=-1.421, dist=2.15
2026-02-23 16:51:35,028 [INFO] Episode 177 COMPLETE | Reward 331.35 | Steps 345 | Terminated True | Truncated False
2026-02-23 16:51:39,263 [INFO] Step 0: reward=-0.613, dist=2.02
2026-02-23 16:51:45,019 [INFO] Step 200: reward=-2.399, dist=1.88
2026-02-23 16:51:49,795 [INFO] Step 400: reward=-1.621, dist=2.65
2026-02-23 16:51:52,247 [INFO] Performing PPO update at global step 153600
2026-02-23 16:51:52,549 [INFO] PPO losses — policy: 0.0416, value: 730.7516, entropy: 4.0162
2026-02-23 16:51:52,554 [INFO] PPO update completed. Buffer cleared.
2026-02-23 16:51:55,011 [INFO] Step 600: reward=-0.257, dist=3.51
2026-02-23 16:52:00,187 [INFO] Step 800: reward=-0.306, dist=4.59
2026-02-23 16:52:04,778 [INFO] Episode 178 COMPLETE | Reward -1294.62 | Steps 1000 | Terminated False | Truncated True
2026-02-23 16:52:07,449 [INFO] Step 0: reward=-0.526, dist=2.00
2026-02-23 16:52:10,553 [INFO] Step 200: reward=-2.614, dist=2.02
2026-02-23 16:52:14,613 [INFO] Step 400: reward=-2.501, dist=2.11
2026-02-23 16:52:20,011 [INFO] Step 600: reward=-0.231, dist=1.94
2026-02-23 16:52:24,710 [INFO] Step 800: reward=-0.204, dist=2.08
2026-02-23 16:52:29,688 [INFO] Episode 179 COMPLETE | Reward -1566.16 | Steps 1000 | Terminated False | Truncated True
2026-02-23 16:52:34,608 [INFO] Step 0: reward=-0.906, dist=2.28
2026-02-23 16:52:41,373 [INFO] Step 200: reward=-2.701, dist=2.76
2026-02-23 16:52:47,418 [INFO] Step 400: reward=-0.363, dist=3.40
2026-02-23 16:52:53,355 [INFO] Performing PPO update at global step 155648
2026-02-23 16:52:53,746 [INFO] PPO losses — policy: 0.0187, value: 416.1228, entropy: 4.2242
2026-02-23 16:52:53,753 [INFO] PPO update completed. Buffer cleared.
2026-02-23 16:52:54,125 [INFO] Step 600: reward=-2.306, dist=4.76
2026-02-23 16:52:59,989 [INFO] Step 800: reward=-2.309, dist=6.15
2026-02-23 16:53:05,935 [INFO] Episode 180 COMPLETE | Reward -989.32 | Steps 1000 | Terminated False | Truncated True
2026-02-23 16:53:05,952 [INFO] Checkpoint saved: checkpoints/ppo_ep_00180.pt
2026-02-23 16:53:10,518 [INFO] Step 0: reward=-1.382, dist=2.38
2026-02-23 16:53:14,386 [INFO] Episode 181 COMPLETE | Reward 730.32 | Steps 139 | Terminated True | Truncated False
2026-02-23 16:53:19,461 [INFO] Step 0: reward=-0.606, dist=3.92
2026-02-23 16:53:25,354 [INFO] Step 200: reward=-0.450, dist=4.87
2026-02-23 16:53:30,493 [INFO] Step 400: reward=-0.644, dist=5.64
2026-02-23 16:53:36,321 [INFO] Step 600: reward=0.110, dist=6.30
2026-02-23 16:53:44,366 [INFO] Step 800: reward=-1.591, dist=7.91
2026-02-23 16:53:48,916 [INFO] Episode 182 COMPLETE | Reward -870.38 | Steps 1000 | Terminated False | Truncated True
2026-02-23 16:53:51,861 [INFO] Step 0: reward=-0.197, dist=2.19
2026-02-23 16:53:56,341 [INFO] Step 200: reward=-2.617, dist=2.57
2026-02-23 16:54:01,305 [INFO] Step 400: reward=-0.207, dist=3.70
2026-02-23 16:54:04,201 [INFO] Performing PPO update at global step 157696
2026-02-23 16:54:04,497 [INFO] PPO losses — policy: 0.0211, value: 711.9228, entropy: 4.0744
2026-02-23 16:54:04,502 [INFO] PPO update completed. Buffer cleared.
2026-02-23 16:54:06,828 [INFO] Step 600: reward=-1.943, dist=5.31
2026-02-23 16:54:12,862 [INFO] Step 800: reward=-0.330, dist=6.90
2026-02-23 16:54:18,903 [INFO] Episode 183 COMPLETE | Reward -978.14 | Steps 1000 | Terminated False | Truncated True
2026-02-23 16:54:22,938 [INFO] Step 0: reward=-0.214, dist=2.69
2026-02-23 16:54:27,992 [INFO] Step 200: reward=-2.607, dist=3.12
2026-02-23 16:54:31,401 [INFO] Step 400: reward=-2.270, dist=3.59
2026-02-23 16:54:36,207 [INFO] Step 600: reward=-0.342, dist=4.45
2026-02-23 16:54:40,798 [INFO] Step 800: reward=0.027, dist=5.46
2026-02-23 16:54:45,705 [INFO] Episode 184 COMPLETE | Reward -1148.97 | Steps 1000 | Terminated False | Truncated True
2026-02-23 16:54:49,521 [INFO] Step 0: reward=-0.630, dist=3.02
2026-02-23 16:54:56,312 [INFO] Step 200: reward=-0.077, dist=4.07
2026-02-23 16:55:03,036 [INFO] Step 400: reward=-1.962, dist=5.35
2026-02-23 16:55:05,924 [INFO] Performing PPO update at global step 159744
2026-02-23 16:55:06,213 [INFO] PPO losses — policy: 0.0224, value: 231.5363, entropy: 4.2242
2026-02-23 16:55:06,218 [INFO] PPO update completed. Buffer cleared.
2026-02-23 16:55:08,789 [INFO] Step 600: reward=0.051, dist=6.73
2026-02-23 16:55:13,178 [INFO] Policy action (normalized): v = +0.992, w = +0.604 | Cmd_vel (scaled): v = +0.992 m/s, w = +0.604 rad/s
2026-02-23 16:55:13,528 [INFO] Step 800: reward=-1.865, dist=7.88
2026-02-23 16:55:19,882 [INFO] Episode 185 COMPLETE | Reward -770.83 | Steps 1000 | Terminated False | Truncated True
2026-02-23 16:55:19,903 [INFO] Checkpoint saved: checkpoints/ppo_ep_00185.pt
2026-02-23 16:55:22,988 [INFO] Step 0: reward=-0.619, dist=4.00
2026-02-23 16:55:28,920 [INFO] Step 200: reward=-2.613, dist=2.41
2026-02-23 16:55:35,491 [INFO] Step 400: reward=-0.608, dist=1.65
2026-02-23 16:55:39,215 [INFO] Step 600: reward=-0.251, dist=1.75
2026-02-23 16:55:44,360 [INFO] Step 800: reward=-0.157, dist=2.78
2026-02-23 16:55:49,005 [INFO] Episode 186 COMPLETE | Reward -913.88 | Steps 1000 | Terminated False | Truncated True
2026-02-23 16:55:52,001 [INFO] Step 0: reward=-0.305, dist=2.21
2026-02-23 16:55:56,234 [INFO] Step 200: reward=-2.048, dist=1.88
2026-02-23 16:56:02,971 [INFO] Step 400: reward=-0.775, dist=2.65
2026-02-23 16:56:08,239 [INFO] Performing PPO update at global step 161792
2026-02-23 16:56:08,544 [INFO] PPO losses — policy: 0.0073, value: 435.2713, entropy: 4.2148
2026-02-23 16:56:08,553 [INFO] PPO update completed. Buffer cleared.
2026-02-23 16:56:09,480 [INFO] Step 600: reward=-0.317, dist=4.47
2026-02-23 16:56:13,852 [INFO] Step 800: reward=-0.149, dist=5.73
2026-02-23 16:56:20,407 [INFO] Episode 187 COMPLETE | Reward -1008.71 | Steps 1000 | Terminated False | Truncated True
2026-02-23 16:56:25,889 [INFO] Step 0: reward=-0.635, dist=3.56
2026-02-23 16:56:29,705 [INFO] Step 200: reward=0.012, dist=4.23
2026-02-23 16:56:35,959 [INFO] Step 400: reward=-2.319, dist=5.95
2026-02-23 16:56:43,114 [INFO] Step 600: reward=-2.341, dist=7.93
2026-02-23 16:56:47,240 [INFO] Step 800: reward=-0.404, dist=8.77
2026-02-23 16:56:53,817 [INFO] Episode 188 COMPLETE | Reward -969.43 | Steps 1000 | Terminated False | Truncated True
2026-02-23 16:56:57,918 [INFO] Step 0: reward=-0.613, dist=3.13
2026-02-23 16:57:04,651 [INFO] Step 200: reward=-0.344, dist=4.78
2026-02-23 16:57:09,304 [INFO] Step 400: reward=-0.323, dist=6.04
2026-02-23 16:57:15,799 [INFO] Step 600: reward=-2.264, dist=7.54
2026-02-23 16:57:16,126 [INFO] Performing PPO update at global step 163840
2026-02-23 16:57:16,415 [INFO] PPO losses — policy: 0.0161, value: 224.3965, entropy: 4.2242
2026-02-23 16:57:16,422 [INFO] PPO update completed. Buffer cleared.
2026-02-23 16:57:21,192 [INFO] Step 800: reward=0.021, dist=8.79
2026-02-23 16:57:27,252 [INFO] Episode 189 COMPLETE | Reward -769.18 | Steps 1000 | Terminated False | Truncated True
2026-02-23 16:57:31,302 [INFO] Step 0: reward=-0.305, dist=3.47
2026-02-23 16:57:35,890 [INFO] Step 200: reward=-2.609, dist=3.26
2026-02-23 16:57:41,123 [INFO] Step 400: reward=-0.133, dist=4.33
2026-02-23 16:57:46,174 [INFO] Step 600: reward=0.040, dist=5.52
2026-02-23 16:57:50,966 [INFO] Step 800: reward=-0.032, dist=6.55
2026-02-23 16:57:57,042 [INFO] Episode 190 COMPLETE | Reward -977.65 | Steps 1000 | Terminated False | Truncated True
2026-02-23 16:57:57,061 [INFO] Checkpoint saved: checkpoints/ppo_ep_00190.pt
2026-02-23 16:58:01,165 [INFO] Step 0: reward=-0.152, dist=3.85
2026-02-23 16:58:06,283 [INFO] Step 200: reward=-1.200, dist=2.78
2026-02-23 16:58:12,213 [INFO] Step 400: reward=-0.218, dist=2.11
2026-02-23 16:58:16,903 [INFO] Step 600: reward=-0.631, dist=2.62
2026-02-23 16:58:18,443 [INFO] Performing PPO update at global step 165888
2026-02-23 16:58:18,722 [INFO] PPO losses — policy: 0.0071, value: 202.0091, entropy: 4.2242
2026-02-23 16:58:18,727 [INFO] PPO update completed. Buffer cleared.
2026-02-23 16:58:21,662 [INFO] Step 800: reward=-2.628, dist=3.55
2026-02-23 16:58:27,639 [INFO] Episode 191 COMPLETE | Reward -1074.27 | Steps 1000 | Terminated False | Truncated True
2026-02-23 16:58:31,578 [INFO] Step 0: reward=-0.151, dist=2.08
2026-02-23 16:58:36,856 [INFO] Step 200: reward=-1.958, dist=1.57
2026-02-23 16:58:42,475 [INFO] Step 400: reward=-1.108, dist=1.81
2026-02-23 16:58:49,847 [INFO] Step 600: reward=-0.411, dist=2.41
2026-02-23 16:58:55,728 [INFO] Step 800: reward=-2.607, dist=3.62
2026-02-23 16:59:01,971 [INFO] Episode 192 COMPLETE | Reward -932.93 | Steps 1000 | Terminated False | Truncated True
2026-02-23 16:59:04,118 [INFO] Step 0: reward=-0.194, dist=3.90
2026-02-23 16:59:07,791 [INFO] Step 200: reward=-0.312, dist=4.51
2026-02-23 16:59:14,383 [INFO] Step 400: reward=-0.384, dist=5.31
2026-02-23 16:59:20,539 [INFO] Step 600: reward=-0.423, dist=6.21
2026-02-23 16:59:23,946 [INFO] Performing PPO update at global step 167936
2026-02-23 16:59:24,234 [INFO] PPO losses — policy: 0.0068, value: 218.5448, entropy: 4.2242
2026-02-23 16:59:24,240 [INFO] PPO update completed. Buffer cleared.
2026-02-23 16:59:27,436 [INFO] Step 800: reward=-0.609, dist=7.30
2026-02-23 16:59:31,142 [INFO] Episode 193 COMPLETE | Reward -934.42 | Steps 1000 | Terminated False | Truncated True
2026-02-23 16:59:34,375 [INFO] Step 0: reward=-0.605, dist=3.29
2026-02-23 16:59:39,383 [INFO] Step 200: reward=-0.613, dist=3.09
2026-02-23 16:59:46,000 [INFO] Step 400: reward=-0.660, dist=3.19
2026-02-23 16:59:52,011 [INFO] Step 600: reward=-0.286, dist=3.52
2026-02-23 16:59:58,443 [INFO] Step 800: reward=-0.237, dist=3.46
2026-02-23 17:00:01,566 [INFO] Episode 194 COMPLETE | Reward -1286.54 | Steps 1000 | Terminated False | Truncated True
2026-02-23 17:00:04,691 [INFO] Step 0: reward=-2.079, dist=3.13
2026-02-23 17:00:10,170 [INFO] Step 200: reward=-0.162, dist=2.21
2026-02-23 17:00:17,415 [INFO] Step 400: reward=-0.305, dist=1.71
2026-02-23 17:00:22,343 [INFO] Step 600: reward=-4.460, dist=2.54
2026-02-23 17:00:25,549 [INFO] Performing PPO update at global step 169984
2026-02-23 17:00:25,838 [INFO] PPO losses — policy: 0.0054, value: 342.7862, entropy: 4.2242
2026-02-23 17:00:25,844 [INFO] PPO update completed. Buffer cleared.
2026-02-23 17:00:26,057 [INFO] Policy action (normalized): v = +1.000, w = -0.767 | Cmd_vel (scaled): v = +1.000 m/s, w = -0.767 rad/s
2026-02-23 17:00:26,509 [INFO] Step 800: reward=-0.158, dist=3.50
2026-02-23 17:00:30,069 [INFO] Episode 195 COMPLETE | Reward -1119.11 | Steps 1000 | Terminated False | Truncated True
2026-02-23 17:00:30,087 [INFO] Checkpoint saved: checkpoints/ppo_ep_00195.pt
2026-02-23 17:00:33,114 [INFO] Step 0: reward=-0.242, dist=2.38
2026-02-23 17:00:38,800 [INFO] Step 200: reward=-2.622, dist=1.34
2026-02-23 17:00:44,555 [INFO] Step 400: reward=-0.287, dist=2.30
2026-02-23 17:00:49,792 [INFO] Step 600: reward=-0.339, dist=3.89
2026-02-23 17:00:54,190 [INFO] Step 800: reward=0.061, dist=4.85
2026-02-23 17:00:59,066 [INFO] Episode 196 COMPLETE | Reward -1091.27 | Steps 1000 | Terminated False | Truncated True
2026-02-23 17:01:02,212 [INFO] Step 0: reward=-0.161, dist=2.00
2026-02-23 17:01:05,150 [INFO] Episode 197 COMPLETE | Reward 578.27 | Steps 76 | Terminated True | Truncated False
2026-02-23 17:01:07,600 [INFO] Step 0: reward=-0.607, dist=3.47
2026-02-23 17:01:13,815 [INFO] Step 200: reward=-0.389, dist=4.27
2026-02-23 17:01:21,719 [INFO] Step 400: reward=-0.303, dist=5.52
2026-02-23 17:01:26,409 [INFO] Step 600: reward=-1.010, dist=5.95
2026-02-23 17:01:29,624 [INFO] Performing PPO update at global step 172032
2026-02-23 17:01:29,913 [INFO] PPO losses — policy: 0.0231, value: 732.0683, entropy: 4.1867
2026-02-23 17:01:29,917 [INFO] PPO update completed. Buffer cleared.
2026-02-23 17:01:31,166 [INFO] Step 800: reward=-3.684, dist=6.09
2026-02-23 17:01:36,921 [INFO] Episode 198 COMPLETE | Reward -895.26 | Steps 1000 | Terminated False | Truncated True
2026-02-23 17:01:40,160 [INFO] Step 0: reward=-0.605, dist=2.98
2026-02-23 17:01:45,366 [INFO] Step 200: reward=-0.671, dist=3.83
2026-02-23 17:01:51,463 [INFO] Step 400: reward=0.061, dist=4.82
2026-02-23 17:01:56,028 [INFO] Step 600: reward=-2.313, dist=5.33
2026-02-23 17:02:00,880 [INFO] Step 800: reward=-0.307, dist=5.09
2026-02-23 17:02:05,772 [INFO] Episode 199 COMPLETE | Reward -977.71 | Steps 1000 | Terminated False | Truncated True
2026-02-23 17:02:10,732 [INFO] Step 0: reward=-0.610, dist=2.09
2026-02-23 17:02:15,928 [INFO] Step 200: reward=-2.179, dist=1.24
2026-02-23 17:02:17,492 [INFO] Episode 200 COMPLETE | Reward -121.63 | Steps 284 | Terminated True | Truncated False
2026-02-23 17:02:17,512 [INFO] Checkpoint saved: checkpoints/ppo_ep_00200.pt
2026-02-23 17:02:21,746 [INFO] Step 0: reward=-1.028, dist=3.09
2026-02-23 17:02:27,493 [INFO] Step 200: reward=-0.616, dist=2.78
2026-02-23 17:02:32,681 [INFO] Step 400: reward=-2.606, dist=3.00
2026-02-23 17:02:35,502 [INFO] Performing PPO update at global step 174080
2026-02-23 17:02:35,801 [INFO] PPO losses — policy: 0.0022, value: 513.1963, entropy: 4.2242
2026-02-23 17:02:35,812 [INFO] PPO update completed. Buffer cleared.
2026-02-23 17:02:37,961 [INFO] Step 600: reward=-0.636, dist=3.56
2026-02-23 17:02:42,411 [INFO] Step 800: reward=-2.605, dist=3.56
2026-02-23 17:02:47,320 [INFO] Episode 201 COMPLETE | Reward -1231.35 | Steps 1000 | Terminated False | Truncated True
2026-02-23 17:02:51,560 [INFO] Step 0: reward=-0.147, dist=3.03
2026-02-23 17:02:55,190 [INFO] Step 200: reward=-0.293, dist=3.81
2026-02-23 17:03:00,580 [INFO] Step 400: reward=-3.740, dist=4.52
2026-02-23 17:03:04,906 [INFO] Step 600: reward=0.258, dist=4.22
2026-02-23 17:03:10,871 [INFO] Step 800: reward=-0.091, dist=2.89
2026-02-23 17:03:17,601 [INFO] Episode 202 COMPLETE | Reward -1175.82 | Steps 1000 | Terminated False | Truncated True
2026-02-23 17:03:21,659 [INFO] Step 0: reward=-0.607, dist=2.06
2026-02-23 17:03:27,848 [INFO] Step 200: reward=-0.320, dist=3.48
2026-02-23 17:03:33,013 [INFO] Step 400: reward=-0.340, dist=5.12
2026-02-23 17:03:37,155 [INFO] Performing PPO update at global step 176128
2026-02-23 17:03:37,520 [INFO] PPO losses — policy: 0.0012, value: 321.4365, entropy: 4.2242
2026-02-23 17:03:37,525 [INFO] PPO update completed. Buffer cleared.
2026-02-23 17:03:39,241 [INFO] Step 600: reward=-0.387, dist=6.69
2026-02-23 17:03:44,179 [INFO] Step 800: reward=-0.016, dist=7.45
2026-02-23 17:03:49,806 [INFO] Episode 203 COMPLETE | Reward -728.42 | Steps 1000 | Terminated False | Truncated True
2026-02-23 17:03:52,830 [INFO] Step 0: reward=-0.211, dist=3.11
2026-02-23 17:04:00,749 [INFO] Step 200: reward=-0.439, dist=4.79
2026-02-23 17:04:07,362 [INFO] Step 400: reward=-0.330, dist=5.32
2026-02-23 17:04:13,351 [INFO] Step 600: reward=-0.022, dist=5.77
2026-02-23 17:04:19,938 [INFO] Step 800: reward=-2.442, dist=7.06
2026-02-23 17:04:23,897 [INFO] Episode 204 COMPLETE | Reward -735.60 | Steps 1000 | Terminated False | Truncated True
2026-02-23 17:04:26,112 [INFO] Step 0: reward=-0.149, dist=3.71
2026-02-23 17:04:31,355 [INFO] Step 200: reward=-2.448, dist=4.30
2026-02-23 17:04:36,459 [INFO] Step 400: reward=-0.398, dist=5.62
2026-02-23 17:04:42,386 [INFO] Performing PPO update at global step 178176
2026-02-23 17:04:42,664 [INFO] PPO losses — policy: 0.0545, value: 156.9360, entropy: 4.2242
2026-02-23 17:04:42,668 [INFO] PPO update completed. Buffer cleared.
2026-02-23 17:04:42,728 [INFO] Step 600: reward=-2.251, dist=6.32
2026-02-23 17:04:48,110 [INFO] Step 800: reward=-0.305, dist=7.65
2026-02-23 17:04:52,703 [INFO] Episode 205 COMPLETE | Reward -903.29 | Steps 1000 | Terminated False | Truncated True
2026-02-23 17:04:52,724 [INFO] Checkpoint saved: checkpoints/ppo_ep_00205.pt
2026-02-23 17:04:55,403 [INFO] Step 0: reward=-0.606, dist=2.69
2026-02-23 17:05:00,847 [INFO] Step 200: reward=-1.338, dist=3.93
2026-02-23 17:05:05,912 [INFO] Step 400: reward=-0.463, dist=4.88
2026-02-23 17:05:11,418 [INFO] Step 600: reward=-0.305, dist=6.19
2026-02-23 17:05:15,236 [INFO] Step 800: reward=-4.240, dist=7.14
2026-02-23 17:05:20,518 [INFO] Episode 206 COMPLETE | Reward -1129.28 | Steps 1000 | Terminated False | Truncated True
2026-02-23 17:05:24,714 [INFO] Step 0: reward=-0.614, dist=2.40
2026-02-23 17:05:29,563 [INFO] Episode 207 COMPLETE | Reward 355.82 | Steps 153 | Terminated True | Truncated False
2026-02-23 17:05:41,195 [INFO] Step 0: reward=-2.085, dist=4.24
2026-02-23 17:05:47,316 [INFO] Step 200: reward=-0.172, dist=2.97
2026-02-23 17:05:49,559 [INFO] Policy action (normalized): v = +0.129, w = -0.998 | Cmd_vel (scaled): v = +0.129 m/s, w = -0.998 rad/s
2026-02-23 17:05:53,450 [INFO] Step 400: reward=-0.546, dist=1.77
2026-02-23 17:05:54,807 [INFO] Performing PPO update at global step 180224
2026-02-23 17:05:55,073 [INFO] PPO losses — policy: 0.0482, value: 571.3664, entropy: 4.1783
2026-02-23 17:05:55,079 [INFO] PPO update completed. Buffer cleared.
2026-02-23 17:05:57,406 [INFO] Step 600: reward=-0.605, dist=1.88
2026-02-23 17:06:03,817 [INFO] Step 800: reward=-0.101, dist=2.50
2026-02-23 17:06:08,820 [INFO] Episode 208 COMPLETE | Reward -1077.96 | Steps 1000 | Terminated False | Truncated True
2026-02-23 17:06:14,002 [INFO] Step 0: reward=-0.605, dist=3.11
2026-02-23 17:06:18,729 [INFO] Step 200: reward=-2.622, dist=2.82
2026-02-23 17:06:23,946 [INFO] Step 400: reward=-0.154, dist=2.84
2026-02-23 17:06:28,755 [INFO] Step 600: reward=-0.615, dist=3.77
2026-02-23 17:06:35,501 [INFO] Step 800: reward=-2.305, dist=5.46
2026-02-23 17:06:40,859 [INFO] Episode 209 COMPLETE | Reward -1019.37 | Steps 1000 | Terminated False | Truncated True
2026-02-23 17:06:44,976 [INFO] Step 0: reward=-0.606, dist=3.18
2026-02-23 17:06:49,402 [INFO] Step 200: reward=-0.573, dist=3.04
2026-02-23 17:06:55,170 [INFO] Step 400: reward=-2.608, dist=3.45
2026-02-23 17:06:58,347 [INFO] Performing PPO update at global step 182272
2026-02-23 17:06:58,620 [INFO] PPO losses — policy: 0.0120, value: 298.2902, entropy: 4.2242
2026-02-23 17:06:58,626 [INFO] PPO update completed. Buffer cleared.
2026-02-23 17:06:59,605 [INFO] Step 600: reward=-1.863, dist=4.06
2026-02-23 17:07:04,787 [INFO] Step 800: reward=0.130, dist=5.25
2026-02-23 17:07:08,553 [INFO] Episode 210 COMPLETE | Reward -1242.77 | Steps 1000 | Terminated False | Truncated True
2026-02-23 17:07:08,571 [INFO] Checkpoint saved: checkpoints/ppo_ep_00210.pt
2026-02-23 17:07:12,709 [INFO] Step 0: reward=-0.256, dist=2.13
2026-02-23 17:07:15,726 [INFO] Step 200: reward=-2.609, dist=1.79
2026-02-23 17:07:20,117 [INFO] Step 400: reward=-0.320, dist=1.60
2026-02-23 17:07:28,220 [INFO] Step 600: reward=-0.607, dist=2.20
2026-02-23 17:07:33,461 [INFO] Step 800: reward=-0.591, dist=2.28
2026-02-23 17:07:38,640 [INFO] Episode 211 COMPLETE | Reward -1274.25 | Steps 1000 | Terminated False | Truncated True
2026-02-23 17:07:42,779 [INFO] Step 0: reward=-0.305, dist=3.70
2026-02-23 17:07:48,141 [INFO] Step 200: reward=0.018, dist=4.92
2026-02-23 17:07:55,125 [INFO] Step 400: reward=0.037, dist=6.53
2026-02-23 17:07:59,910 [INFO] Performing PPO update at global step 184320
2026-02-23 17:08:00,204 [INFO] PPO losses — policy: 0.8979, value: 313.5544, entropy: 4.2242
2026-02-23 17:08:00,211 [INFO] PPO update completed. Buffer cleared.
2026-02-23 17:08:00,405 [INFO] Step 600: reward=0.034, dist=7.92
2026-02-23 17:08:06,088 [INFO] Step 800: reward=-0.111, dist=9.57
2026-02-23 17:08:09,369 [INFO] Episode 212 COMPLETE | Reward -1109.28 | Steps 1000 | Terminated False | Truncated True
2026-02-23 17:08:11,912 [INFO] Step 0: reward=-0.606, dist=2.12
2026-02-23 17:08:16,752 [INFO] Step 200: reward=-2.692, dist=3.02
2026-02-23 17:08:23,252 [INFO] Step 400: reward=-0.146, dist=4.60
2026-02-23 17:08:29,417 [INFO] Step 600: reward=-0.055, dist=5.73
2026-02-23 17:08:33,555 [INFO] Step 800: reward=-1.940, dist=6.87
2026-02-23 17:08:38,806 [INFO] Episode 213 COMPLETE | Reward -1066.35 | Steps 1000 | Terminated False | Truncated True
2026-02-23 17:08:40,929 [INFO] Step 0: reward=-0.619, dist=3.69
2026-02-23 17:08:45,616 [INFO] Step 200: reward=-2.250, dist=3.90
2026-02-23 17:08:50,895 [INFO] Step 400: reward=-2.340, dist=4.49
2026-02-23 17:08:56,760 [INFO] Step 600: reward=-0.015, dist=5.91
2026-02-23 17:08:57,916 [INFO] Performing PPO update at global step 186368
2026-02-23 17:08:58,193 [INFO] PPO losses — policy: 0.0048, value: 297.8098, entropy: 4.2242
2026-02-23 17:08:58,199 [INFO] PPO update completed. Buffer cleared.
2026-02-23 17:09:01,688 [INFO] Step 800: reward=0.143, dist=6.95
2026-02-23 17:09:06,572 [INFO] Episode 214 COMPLETE | Reward -993.22 | Steps 1000 | Terminated False | Truncated True
2026-02-23 17:09:10,654 [INFO] Step 0: reward=5.918, dist=2.26
2026-02-23 17:09:13,821 [INFO] Episode 215 COMPLETE | Reward 734.48 | Steps 91 | Terminated True | Truncated False
2026-02-23 17:09:13,842 [INFO] Checkpoint saved: checkpoints/ppo_ep_00215.pt
2026-02-23 17:09:16,947 [INFO] Step 0: reward=-0.150, dist=2.02
2026-02-23 17:09:22,583 [INFO] Step 200: reward=-2.607, dist=1.71
2026-02-23 17:09:26,929 [INFO] Step 400: reward=-0.520, dist=2.20
2026-02-23 17:09:33,466 [INFO] Step 600: reward=-0.360, dist=3.93
2026-02-23 17:09:38,572 [INFO] Step 800: reward=0.070, dist=5.33
2026-02-23 17:09:42,596 [INFO] Episode 216 COMPLETE | Reward -1126.37 | Steps 1000 | Terminated False | Truncated True
2026-02-23 17:09:46,672 [INFO] Step 0: reward=-0.607, dist=3.65
2026-02-23 17:09:52,943 [INFO] Step 200: reward=-0.671, dist=3.49
2026-02-23 17:09:59,093 [INFO] Step 400: reward=-1.948, dist=4.62
2026-02-23 17:10:04,320 [INFO] Performing PPO update at global step 188416
2026-02-23 17:10:04,596 [INFO] PPO losses — policy: 0.0569, value: 851.5465, entropy: 4.1274
2026-02-23 17:10:04,601 [INFO] PPO update completed. Buffer cleared.
2026-02-23 17:10:04,764 [INFO] Step 600: reward=-0.961, dist=6.01
2026-02-23 17:10:09,317 [INFO] Step 800: reward=-0.416, dist=7.21
2026-02-23 17:10:14,369 [INFO] Episode 217 COMPLETE | Reward -919.05 | Steps 1000 | Terminated False | Truncated True
2026-02-23 17:10:18,637 [INFO] Step 0: reward=-0.621, dist=3.58
2026-02-23 17:10:24,114 [INFO] Step 200: reward=-0.097, dist=4.26
2026-02-23 17:10:29,332 [INFO] Step 400: reward=-0.389, dist=5.60
2026-02-23 17:10:34,954 [INFO] Step 600: reward=-0.287, dist=6.75
2026-02-23 17:10:39,701 [INFO] Step 800: reward=0.015, dist=7.84
2026-02-23 17:10:44,724 [INFO] Episode 218 COMPLETE | Reward -828.75 | Steps 1000 | Terminated False | Truncated True
2026-02-23 17:10:48,788 [INFO] Step 0: reward=-2.480, dist=2.14
2026-02-23 17:10:53,250 [INFO] Policy action (normalized): v = +0.998, w = -1.000 | Cmd_vel (scaled): v = +0.998 m/s, w = -1.000 rad/s
2026-02-23 17:10:54,390 [INFO] Step 200: reward=-0.352, dist=3.70
2026-02-23 17:10:59,767 [INFO] Step 400: reward=-2.005, dist=5.12
2026-02-23 17:11:05,304 [INFO] Step 600: reward=0.009, dist=6.67
2026-02-23 17:11:06,143 [INFO] Performing PPO update at global step 190464
2026-02-23 17:11:06,450 [INFO] PPO losses — policy: 0.0147, value: 205.3572, entropy: 4.2242
2026-02-23 17:11:06,455 [INFO] PPO update completed. Buffer cleared.
2026-02-23 17:11:10,221 [INFO] Step 800: reward=-0.106, dist=8.05
2026-02-23 17:11:15,811 [INFO] Episode 219 COMPLETE | Reward -876.20 | Steps 1000 | Terminated False | Truncated True
2026-02-23 17:11:18,878 [INFO] Step 0: reward=-0.633, dist=3.73
2026-02-23 17:11:25,629 [INFO] Step 200: reward=-0.146, dist=3.08
2026-02-23 17:11:31,627 [INFO] Step 400: reward=-0.171, dist=3.94
2026-02-23 17:11:37,321 [INFO] Step 600: reward=-0.005, dist=5.30
2026-02-23 17:11:42,646 [INFO] Step 800: reward=-0.176, dist=6.85
2026-02-23 17:11:48,086 [INFO] Episode 220 COMPLETE | Reward -887.28 | Steps 1000 | Terminated False | Truncated True
2026-02-23 17:11:48,106 [INFO] Checkpoint saved: checkpoints/ppo_ep_00220.pt
2026-02-23 17:11:51,242 [INFO] Step 0: reward=-0.261, dist=2.00
2026-02-23 17:11:56,746 [INFO] Step 200: reward=-2.627, dist=1.52
2026-02-23 17:12:00,867 [INFO] Step 400: reward=-0.277, dist=1.95
2026-02-23 17:12:04,925 [INFO] Step 600: reward=-0.221, dist=2.78
2026-02-23 17:12:05,979 [INFO] Performing PPO update at global step 192512
2026-02-23 17:12:06,296 [INFO] PPO losses — policy: 0.0417, value: 292.7455, entropy: 4.2242
2026-02-23 17:12:06,301 [INFO] PPO update completed. Buffer cleared.
2026-02-23 17:12:09,046 [INFO] Step 800: reward=-0.305, dist=3.79
2026-02-23 17:12:13,159 [INFO] Episode 221 COMPLETE | Reward -1431.56 | Steps 1000 | Terminated False | Truncated True
2026-02-23 17:12:16,151 [INFO] Step 0: reward=-0.606, dist=2.25
2026-02-23 17:12:21,310 [INFO] Step 200: reward=-0.485, dist=3.59
2026-02-23 17:12:27,151 [INFO] Step 400: reward=-2.330, dist=5.08
2026-02-23 17:12:31,615 [INFO] Step 600: reward=-0.452, dist=5.98
2026-02-23 17:12:36,025 [INFO] Step 800: reward=0.090, dist=7.12
2026-02-23 17:12:41,168 [INFO] Episode 222 COMPLETE | Reward -855.98 | Steps 1000 | Terminated False | Truncated True
2026-02-23 17:12:44,431 [INFO] Step 0: reward=-0.688, dist=3.57
2026-02-23 17:12:51,533 [INFO] Step 200: reward=0.560, dist=1.41
2026-02-23 17:12:53,165 [INFO] Episode 223 COMPLETE | Reward 461.75 | Steps 248 | Terminated True | Truncated False
2026-02-23 17:12:55,667 [INFO] Step 0: reward=-0.613, dist=2.97
2026-02-23 17:13:02,124 [INFO] Step 200: reward=-0.616, dist=2.25
2026-02-23 17:13:06,258 [INFO] Step 400: reward=-0.305, dist=2.49
2026-02-23 17:13:09,191 [INFO] Performing PPO update at global step 194560
2026-02-23 17:13:09,471 [INFO] PPO losses — policy: 0.0124, value: 562.2976, entropy: 4.1312
2026-02-23 17:13:09,477 [INFO] PPO update completed. Buffer cleared.
2026-02-23 17:13:11,884 [INFO] Step 600: reward=-2.351, dist=3.96
2026-02-23 17:13:15,853 [INFO] Step 800: reward=-2.414, dist=4.93
2026-02-23 17:13:21,039 [INFO] Episode 224 COMPLETE | Reward -1079.72 | Steps 1000 | Terminated False | Truncated True
2026-02-23 17:13:24,190 [INFO] Step 0: reward=-0.232, dist=2.46
2026-02-23 17:13:30,079 [INFO] Step 200: reward=-0.150, dist=3.85
2026-02-23 17:13:34,925 [INFO] Step 400: reward=-0.147, dist=5.24
2026-02-23 17:13:40,557 [INFO] Step 600: reward=-0.322, dist=6.52
2026-02-23 17:13:46,234 [INFO] Step 800: reward=0.031, dist=7.97
2026-02-23 17:13:52,463 [INFO] Episode 225 COMPLETE | Reward -799.44 | Steps 1000 | Terminated False | Truncated True
2026-02-23 17:13:52,481 [INFO] Checkpoint saved: checkpoints/ppo_ep_00225.pt
2026-02-23 17:13:55,632 [INFO] Step 0: reward=-0.609, dist=2.90
2026-02-23 17:14:00,395 [INFO] Step 200: reward=-2.609, dist=3.68
2026-02-23 17:14:04,358 [INFO] Step 400: reward=-2.137, dist=4.79
2026-02-23 17:14:07,665 [INFO] Performing PPO update at global step 196608
2026-02-23 17:14:07,944 [INFO] PPO losses — policy: 0.0441, value: 201.5248, entropy: 4.2242
2026-02-23 17:14:07,949 [INFO] PPO update completed. Buffer cleared.
2026-02-23 17:14:09,607 [INFO] Step 600: reward=-2.427, dist=6.10
2026-02-23 17:14:14,234 [INFO] Step 800: reward=-2.005, dist=6.90
2026-02-23 17:14:19,349 [INFO] Episode 226 COMPLETE | Reward -1122.91 | Steps 1000 | Terminated False | Truncated True
2026-02-23 17:14:22,487 [INFO] Step 0: reward=-0.633, dist=3.16
2026-02-23 17:14:27,531 [INFO] Step 200: reward=-0.307, dist=4.31
2026-02-23 17:14:32,665 [INFO] Step 400: reward=-3.029, dist=5.58
2026-02-23 17:14:36,699 [INFO] Step 600: reward=-0.305, dist=6.74
2026-02-23 17:14:41,780 [INFO] Step 800: reward=-1.643, dist=7.59
2026-02-23 17:14:47,797 [INFO] Episode 227 COMPLETE | Reward -934.79 | Steps 1000 | Terminated False | Truncated True
2026-02-23 17:14:52,550 [INFO] Step 0: reward=-0.605, dist=2.73
2026-02-23 17:14:57,094 [INFO] Step 200: reward=-0.305, dist=3.31
2026-02-23 17:15:02,872 [INFO] Step 400: reward=-2.264, dist=3.33
2026-02-23 17:15:09,486 [INFO] Performing PPO update at global step 198656
2026-02-23 17:15:09,783 [INFO] PPO losses — policy: 0.0147, value: 245.6959, entropy: 4.2242
2026-02-23 17:15:09,789 [INFO] PPO update completed. Buffer cleared.
2026-02-23 17:15:10,360 [INFO] Step 600: reward=-1.157, dist=3.77
2026-02-23 17:15:16,790 [INFO] Step 800: reward=-0.609, dist=3.61
2026-02-23 17:15:22,582 [INFO] Episode 228 COMPLETE | Reward -972.61 | Steps 1000 | Terminated False | Truncated True
2026-02-23 17:15:25,618 [INFO] Step 0: reward=-1.381, dist=3.47
2026-02-23 17:15:31,724 [INFO] Step 200: reward=0.120, dist=5.41
2026-02-23 17:15:35,722 [INFO] Step 400: reward=-2.233, dist=6.45
2026-02-23 17:15:42,185 [INFO] Step 600: reward=-0.006, dist=7.81
2026-02-23 17:15:48,077 [INFO] Step 800: reward=-0.308, dist=8.74
2026-02-23 17:15:51,434 [INFO] Policy action (normalized): v = +0.896, w = -0.987 | Cmd_vel (scaled): v = +0.896 m/s, w = -0.987 rad/s
2026-02-23 17:15:54,197 [INFO] Episode 229 COMPLETE | Reward -750.31 | Steps 1000 | Terminated False | Truncated True
2026-02-23 17:15:57,360 [INFO] Step 0: reward=-0.642, dist=3.48
2026-02-23 17:16:02,504 [INFO] Step 200: reward=-0.427, dist=4.69
2026-02-23 17:16:08,406 [INFO] Step 400: reward=-0.420, dist=5.76
2026-02-23 17:16:13,212 [INFO] Step 600: reward=-0.305, dist=6.45
2026-02-23 17:16:14,320 [INFO] Performing PPO update at global step 200704
2026-02-23 17:16:14,613 [INFO] PPO losses — policy: 0.0025, value: 171.0823, entropy: 4.2242
2026-02-23 17:16:14,620 [INFO] PPO update completed. Buffer cleared.
2026-02-23 17:16:21,028 [INFO] Step 800: reward=-0.953, dist=6.37
2026-02-23 17:16:25,851 [INFO] Episode 230 COMPLETE | Reward -929.73 | Steps 1000 | Terminated False | Truncated True
2026-02-23 17:16:25,878 [INFO] Checkpoint saved: checkpoints/ppo_ep_00230.pt
2026-02-23 17:16:29,226 [INFO] Step 0: reward=-0.169, dist=2.82
2026-02-23 17:16:34,923 [INFO] Step 200: reward=-0.318, dist=4.11
2026-02-23 17:16:40,312 [INFO] Step 400: reward=-2.314, dist=5.51
2026-02-23 17:16:45,444 [INFO] Step 600: reward=-2.204, dist=6.87
2026-02-23 17:16:50,680 [INFO] Step 800: reward=-0.380, dist=8.21
2026-02-23 17:16:57,846 [INFO] Episode 231 COMPLETE | Reward -805.28 | Steps 1000 | Terminated False | Truncated True
2026-02-23 17:17:00,054 [INFO] Step 0: reward=-0.605, dist=3.90
2026-02-23 17:17:07,476 [INFO] Step 200: reward=0.055, dist=6.29
2026-02-23 17:17:12,768 [INFO] Step 400: reward=-0.422, dist=6.87
2026-02-23 17:17:21,238 [INFO] Step 600: reward=-0.279, dist=6.53
2026-02-23 17:17:23,097 [INFO] Performing PPO update at global step 202752
2026-02-23 17:17:23,389 [INFO] PPO losses — policy: 0.0112, value: 113.3779, entropy: 4.2242
2026-02-23 17:17:23,396 [INFO] PPO update completed. Buffer cleared.
2026-02-23 17:17:28,123 [INFO] Step 800: reward=0.688, dist=5.00
2026-02-23 17:17:33,694 [INFO] Episode 232 COMPLETE | Reward -326.52 | Steps 1000 | Terminated False | Truncated True
2026-02-23 17:17:37,894 [INFO] Step 0: reward=-0.608, dist=2.33
2026-02-23 17:17:45,243 [INFO] Step 200: reward=-0.549, dist=2.34
2026-02-23 17:17:50,566 [INFO] Step 400: reward=-0.195, dist=2.53
2026-02-23 17:17:56,904 [INFO] Step 600: reward=-2.605, dist=1.76
2026-02-23 17:18:00,699 [INFO] Episode 233 COMPLETE | Reward -482.24 | Steps 764 | Terminated True | Truncated False
2026-02-23 17:18:04,951 [INFO] Step 0: reward=-0.155, dist=2.73
2026-02-23 17:18:10,570 [INFO] Step 200: reward=-2.178, dist=2.96
2026-02-23 17:18:14,322 [INFO] Step 400: reward=-2.320, dist=4.03
2026-02-23 17:18:21,293 [INFO] Step 600: reward=-0.241, dist=4.90
2026-02-23 17:18:27,549 [INFO] Step 800: reward=-0.304, dist=4.75
2026-02-23 17:18:33,068 [INFO] Performing PPO update at global step 204800
2026-02-23 17:18:33,360 [INFO] PPO losses — policy: 0.0047, value: 395.6861, entropy: 4.2107
2026-02-23 17:18:33,365 [INFO] PPO update completed. Buffer cleared.
2026-02-23 17:18:34,804 [INFO] Episode 234 COMPLETE | Reward -790.38 | Steps 1000 | Terminated False | Truncated True
2026-02-23 17:19:00,002 [INFO] Step 0: reward=-100.000, dist=832.17
2026-02-23 17:19:00,003 [INFO] Episode 235 COMPLETE | Reward -100.00 | Steps 1 | Terminated False | Truncated True
2026-02-23 17:19:00,022 [INFO] Checkpoint saved: checkpoints/ppo_ep_00235.pt
2026-02-23 17:19:04,694 [INFO] Step 0: reward=4.957, dist=2.92
2026-02-23 17:19:09,535 [INFO] Step 200: reward=4.029, dist=2.92
2026-02-23 17:19:14,578 [INFO] Step 400: reward=4.175, dist=2.92
2026-02-23 17:19:18,902 [INFO] Step 600: reward=4.193, dist=2.92
2026-02-23 17:19:25,144 [INFO] Step 800: reward=4.171, dist=2.92
2026-02-23 17:19:30,633 [INFO] Episode 236 COMPLETE | Reward 3658.53 | Steps 1000 | Terminated False | Truncated True
2026-02-23 17:19:34,694 [INFO] Step 0: reward=-0.318, dist=23.45
2026-02-23 17:19:38,806 [INFO] Step 200: reward=-1.012, dist=45.62
2026-02-23 17:19:44,146 [INFO] Step 400: reward=-1.871, dist=46.16
2026-02-23 17:19:49,027 [INFO] Step 600: reward=-2.312, dist=45.96
2026-02-23 17:19:53,882 [INFO] Step 800: reward=-2.289, dist=45.48
2026-02-23 17:19:59,091 [INFO] Episode 237 COMPLETE | Reward -1729.75 | Steps 1000 | Terminated False | Truncated True
2026-02-23 17:20:01,598 [INFO] Step 0: reward=-0.643, dist=2.88
2026-02-23 17:20:01,710 [INFO] Performing PPO update at global step 206848
2026-02-23 17:20:01,988 [INFO] PPO losses — policy: 0.0698, value: 2517.2699, entropy: 4.2199
2026-02-23 17:20:01,993 [INFO] PPO update completed. Buffer cleared.
2026-02-23 17:20:07,548 [INFO] Step 200: reward=-2.605, dist=2.88
2026-02-23 17:20:12,086 [INFO] Step 400: reward=-2.305, dist=2.88
2026-02-23 17:20:16,780 [INFO] Step 600: reward=-2.620, dist=2.88
2026-02-23 17:20:20,294 [INFO] Step 800: reward=-2.613, dist=2.88
2026-02-23 17:20:25,406 [INFO] Episode 238 COMPLETE | Reward -2515.41 | Steps 1000 | Terminated False | Truncated True
2026-02-23 17:20:35,522 [INFO] Step 0: reward=-0.306, dist=4.36
2026-02-23 17:20:39,453 [INFO] Step 200: reward=-2.314, dist=4.36
2026-02-23 17:20:45,228 [INFO] Step 400: reward=-2.305, dist=4.37
2026-02-23 17:20:50,196 [INFO] Step 600: reward=-1.872, dist=4.37
2026-02-23 17:20:54,418 [INFO] Step 800: reward=-2.307, dist=4.37
2026-02-23 17:20:57,688 [INFO] Episode 239 COMPLETE | Reward -2205.32 | Steps 1000 | Terminated False | Truncated True
2026-02-23 17:21:01,505 [INFO] Step 0: reward=-0.305, dist=2.59
2026-02-23 17:21:02,994 [INFO] Performing PPO update at global step 208896
2026-02-23 17:21:03,281 [INFO] PPO losses — policy: 0.0216, value: 1127.7925, entropy: 4.2242
2026-02-23 17:21:03,288 [INFO] PPO update completed. Buffer cleared.
2026-02-23 17:21:05,844 [INFO] Step 200: reward=-12.628, dist=44.53
2026-02-23 17:21:09,879 [INFO] Episode 240 COMPLETE | Reward -1520.23 | Steps 369 | Terminated False | Truncated True
2026-02-23 17:21:09,899 [INFO] Checkpoint saved: checkpoints/ppo_ep_00240.pt
2026-02-23 17:21:13,755 [INFO] Step 0: reward=-0.606, dist=2.30
2026-02-23 17:21:18,262 [INFO] Step 200: reward=-0.403, dist=1.80
2026-02-23 17:21:23,236 [INFO] Step 400: reward=-0.188, dist=3.15
2026-02-23 17:21:27,549 [INFO] Step 600: reward=-0.238, dist=3.73
2026-02-23 17:21:31,913 [INFO] Policy action (normalized): v = +0.999, w = +0.992 | Cmd_vel (scaled): v = +0.999 m/s, w = +0.992 rad/s
2026-02-23 17:21:32,087 [INFO] Step 800: reward=0.072, dist=3.21
2026-02-23 17:21:35,946 [INFO] Episode 241 COMPLETE | Reward -1305.95 | Steps 1000 | Terminated False | Truncated True
2026-02-23 17:21:39,178 [INFO] Step 0: reward=-0.611, dist=2.76
2026-02-23 17:21:43,911 [INFO] Step 200: reward=-2.599, dist=2.60
2026-02-23 17:21:51,481 [INFO] Step 400: reward=-2.560, dist=2.18
2026-02-23 17:21:57,370 [INFO] Step 600: reward=-2.611, dist=2.57
2026-02-23 17:22:01,367 [INFO] Performing PPO update at global step 210944
2026-02-23 17:22:01,661 [INFO] PPO losses — policy: 0.0093, value: 1273.7850, entropy: 4.2242
2026-02-23 17:22:01,667 [INFO] PPO update completed. Buffer cleared.
2026-02-23 17:22:03,755 [INFO] Step 800: reward=-0.624, dist=2.86
2026-02-23 17:22:08,384 [INFO] Episode 242 COMPLETE | Reward -2149.11 | Steps 1000 | Terminated False | Truncated True
2026-02-23 17:22:13,531 [INFO] Step 0: reward=-0.631, dist=3.80
2026-02-23 17:22:19,209 [INFO] Step 200: reward=-0.605, dist=3.75
2026-02-23 17:22:24,584 [INFO] Step 400: reward=-0.696, dist=4.54
2026-02-23 17:22:30,072 [INFO] Step 600: reward=-2.305, dist=4.24
2026-02-23 17:22:35,336 [INFO] Step 800: reward=-0.605, dist=3.66
