2026-02-25 13:34:09,161 [INFO] Starting RL Training
2026-02-25 13:34:09,161 [INFO] Using device: cuda
2026-02-25 13:34:09,174 [INFO] GPU name: NVIDIA GeForce RTX 4080
2026-02-25 13:34:09,174 [INFO] TensorBoard logging enabled (tensorboard/)
2026-02-25 13:34:09,863 [INFO] Resumed training from checkpoint: checkpoints/ppo_ep_01710.pt | episode = 1710, global_step = 1368449
2026-02-25 13:34:13,520 [INFO] Step 0: reward=-2.205, dist=3.26
2026-02-25 13:34:20,445 [INFO] Step 200: reward=-3.905, dist=5.01
2026-02-25 13:34:24,877 [INFO] Step 400: reward=-4.055, dist=3.94
2026-02-25 13:34:29,054 [INFO] Step 600: reward=-4.387, dist=3.53
2026-02-25 13:34:33,898 [INFO] Step 800: reward=-1.905, dist=5.06
2026-02-25 13:34:38,544 [INFO] Episode 1710 COMPLETE | Reward -3234.11 | Steps 1000 | Terminated False | Truncated True
2026-02-25 13:34:38,578 [INFO] Checkpoint saved: checkpoints/ppo_ep_01710.pt
2026-02-25 13:34:43,401 [INFO] Step 0: reward=-2.205, dist=2.84
2026-02-25 13:34:50,503 [INFO] Step 200: reward=-2.051, dist=1.82
2026-02-25 13:34:57,603 [INFO] Step 400: reward=-4.608, dist=1.95
2026-02-25 13:35:01,648 [INFO] Policy action (normalized): v = +0.983, w = -1.000 | Cmd_vel (scaled): v = +0.983 m/s, w = -1.000 rad/s
2026-02-25 13:35:03,016 [INFO] Step 600: reward=-1.415, dist=1.79
2026-02-25 13:35:05,285 [INFO] Performing PPO update at global step 1370112
2026-02-25 13:35:05,681 [INFO] PPO losses — policy: 0.2869, value: 6416.1029, entropy: 4.2242
2026-02-25 13:35:05,685 [INFO] PPO update completed. Buffer cleared.
2026-02-25 13:35:09,359 [INFO] Step 800: reward=-2.337, dist=3.04
2026-02-25 13:35:14,939 [INFO] Episode 1711 COMPLETE | Reward -2627.41 | Steps 1000 | Terminated False | Truncated True
2026-02-25 13:35:19,482 [INFO] Step 0: reward=-2.205, dist=3.87
2026-02-25 13:35:24,901 [INFO] Step 200: reward=-4.017, dist=5.45
2026-02-25 13:35:30,192 [INFO] Step 400: reward=-3.752, dist=4.45
2026-02-25 13:35:35,149 [INFO] Step 600: reward=-4.368, dist=4.18
2026-02-25 13:35:41,165 [INFO] Step 800: reward=-1.747, dist=5.44
2026-02-25 13:35:46,114 [INFO] Episode 1712 COMPLETE | Reward -2881.16 | Steps 1000 | Terminated False | Truncated True
2026-02-25 13:35:49,388 [INFO] Step 0: reward=-2.205, dist=2.61
2026-02-25 13:35:53,298 [INFO] Step 200: reward=-2.205, dist=2.90
2026-02-25 13:36:00,034 [INFO] Step 400: reward=-4.205, dist=1.22
2026-02-25 13:36:05,306 [INFO] Step 600: reward=-4.211, dist=2.24
2026-02-25 13:36:08,442 [INFO] Performing PPO update at global step 1372160
2026-02-25 13:36:08,786 [INFO] PPO losses — policy: 0.2693, value: 7187.3172, entropy: 4.2242
2026-02-25 13:36:08,791 [INFO] PPO update completed. Buffer cleared.
2026-02-25 13:36:12,076 [INFO] Step 800: reward=-2.205, dist=3.97
2026-02-25 13:36:17,611 [INFO] Episode 1713 COMPLETE | Reward -2988.32 | Steps 1000 | Terminated False | Truncated True
2026-02-25 13:36:22,423 [INFO] Step 0: reward=-2.205, dist=2.96
2026-02-25 13:36:29,952 [INFO] Step 200: reward=-1.849, dist=4.71
2026-02-25 13:36:35,402 [INFO] Step 400: reward=-4.205, dist=2.87
2026-02-25 13:36:41,361 [INFO] Step 600: reward=-2.222, dist=4.64
2026-02-25 13:36:46,934 [INFO] Step 800: reward=-2.205, dist=3.47
2026-02-25 13:36:52,346 [INFO] Episode 1714 COMPLETE | Reward -3022.80 | Steps 1000 | Terminated False | Truncated True
2026-02-25 13:36:55,580 [INFO] Step 0: reward=-2.205, dist=2.68
2026-02-25 13:37:02,058 [INFO] Step 200: reward=-1.760, dist=1.51
2026-02-25 13:37:08,640 [INFO] Step 400: reward=-4.240, dist=1.44
2026-02-25 13:37:13,921 [INFO] Step 600: reward=-3.596, dist=1.39
2026-02-25 13:37:19,314 [INFO] Performing PPO update at global step 1374208
2026-02-25 13:37:19,578 [INFO] PPO losses — policy: 0.2423, value: 5506.6388, entropy: 4.2242
2026-02-25 13:37:19,582 [INFO] PPO update completed. Buffer cleared.
2026-02-25 13:37:21,318 [INFO] Step 800: reward=-4.435, dist=1.22
2026-02-25 13:37:25,779 [INFO] Episode 1715 COMPLETE | Reward -2323.70 | Steps 1000 | Terminated False | Truncated True
2026-02-25 13:37:25,807 [INFO] Checkpoint saved: checkpoints/ppo_ep_01715.pt
2026-02-25 13:37:28,452 [INFO] Step 0: reward=-2.205, dist=2.62
2026-02-25 13:37:34,241 [INFO] Step 200: reward=-2.042, dist=2.05
2026-02-25 13:37:40,884 [INFO] Step 400: reward=-4.349, dist=1.43
2026-02-25 13:37:46,003 [INFO] Step 600: reward=-6.388, dist=1.33
2026-02-25 13:37:52,304 [INFO] Step 800: reward=-4.390, dist=1.33
2026-02-25 13:37:58,307 [INFO] Episode 1716 COMPLETE | Reward -2818.23 | Steps 1000 | Terminated False | Truncated True
2026-02-25 13:38:01,593 [INFO] Step 0: reward=-2.203, dist=2.16
2026-02-25 13:38:06,130 [INFO] Episode 1717 COMPLETE | Reward -103.25 | Steps 145 | Terminated True | Truncated False
2026-02-25 13:38:06,166 [INFO] New BEST model saved! Reward = -103.25 (episode 1717)
2026-02-25 13:38:10,471 [INFO] Step 0: reward=-2.205, dist=2.13
2026-02-25 13:38:17,359 [INFO] Step 200: reward=-2.359, dist=3.65
2026-02-25 13:38:25,068 [INFO] Step 400: reward=-4.205, dist=1.88
2026-02-25 13:38:30,639 [INFO] Step 600: reward=-2.558, dist=3.64
2026-02-25 13:38:32,879 [INFO] Performing PPO update at global step 1376256
2026-02-25 13:38:33,270 [INFO] PPO losses — policy: 0.2385, value: 9709.0504, entropy: 4.2242
2026-02-25 13:38:33,276 [INFO] PPO update completed. Buffer cleared.
2026-02-25 13:38:36,594 [INFO] Step 800: reward=-1.713, dist=2.51
2026-02-25 13:38:43,754 [INFO] Episode 1718 COMPLETE | Reward -3119.51 | Steps 1000 | Terminated False | Truncated True
2026-02-25 13:38:46,901 [INFO] Step 0: reward=-2.205, dist=2.89
2026-02-25 13:38:53,323 [INFO] Step 200: reward=-3.905, dist=4.42
2026-02-25 13:38:58,139 [INFO] Step 400: reward=-2.205, dist=2.81
2026-02-25 13:39:04,722 [INFO] Step 600: reward=-2.046, dist=4.44
2026-02-25 13:39:11,917 [INFO] Step 800: reward=-2.167, dist=2.57
2026-02-25 13:39:18,863 [INFO] Episode 1719 COMPLETE | Reward -3079.66 | Steps 1000 | Terminated False | Truncated True
2026-02-25 13:39:22,517 [INFO] Step 0: reward=-2.205, dist=3.20
2026-02-25 13:39:29,249 [INFO] Step 200: reward=-2.042, dist=4.65
2026-02-25 13:39:36,611 [INFO] Step 400: reward=-2.205, dist=3.10
2026-02-25 13:39:40,138 [INFO] Step 600: reward=-4.556, dist=3.49
2026-02-25 13:39:43,189 [INFO] Performing PPO update at global step 1378304
2026-02-25 13:39:43,471 [INFO] PPO losses — policy: 0.2817, value: 8520.6519, entropy: 4.2242
2026-02-25 13:39:43,475 [INFO] PPO update completed. Buffer cleared.
2026-02-25 13:39:46,332 [INFO] Step 800: reward=-1.807, dist=4.56
2026-02-25 13:39:50,627 [INFO] Episode 1720 COMPLETE | Reward -3080.40 | Steps 1000 | Terminated False | Truncated True
2026-02-25 13:39:50,649 [INFO] Checkpoint saved: checkpoints/ppo_ep_01720.pt
2026-02-25 13:39:54,772 [INFO] Step 0: reward=-2.205, dist=3.37
2026-02-25 13:40:02,392 [INFO] Step 200: reward=-1.820, dist=5.07
2026-02-25 13:40:08,668 [INFO] Step 400: reward=-2.205, dist=3.40
2026-02-25 13:40:16,261 [INFO] Step 600: reward=-1.832, dist=5.08
2026-02-25 13:40:21,565 [INFO] Step 800: reward=-4.158, dist=3.33
2026-02-25 13:40:26,621 [INFO] Episode 1721 COMPLETE | Reward -2899.70 | Steps 1000 | Terminated False | Truncated True
2026-02-25 13:40:31,624 [INFO] Step 0: reward=-2.205, dist=3.14
2026-02-25 13:40:36,647 [INFO] Step 200: reward=-4.641, dist=2.73
2026-02-25 13:40:42,128 [INFO] Step 400: reward=-1.889, dist=4.23
2026-02-25 13:40:42,363 [INFO] Policy action (normalized): v = -1.000, w = -1.000 | Cmd_vel (scaled): v = -1.000 m/s, w = -1.000 rad/s
2026-02-25 13:40:50,174 [INFO] Step 600: reward=-2.387, dist=2.58
2026-02-25 13:40:54,624 [INFO] Performing PPO update at global step 1380352
2026-02-25 13:40:54,898 [INFO] PPO losses — policy: 0.2384, value: 6613.3910, entropy: 4.2242
2026-02-25 13:40:54,903 [INFO] PPO update completed. Buffer cleared.
2026-02-25 13:40:55,885 [INFO] Step 800: reward=-1.909, dist=4.19
2026-02-25 13:41:01,426 [INFO] Episode 1722 COMPLETE | Reward -2874.44 | Steps 1000 | Terminated False | Truncated True
2026-02-25 13:41:04,667 [INFO] Step 0: reward=-2.205, dist=3.30
2026-02-25 13:41:11,914 [INFO] Step 200: reward=-2.346, dist=1.65
2026-02-25 13:41:18,714 [INFO] Step 400: reward=-2.205, dist=3.23
2026-02-25 13:41:27,473 [INFO] Step 600: reward=0.510, dist=1.89
2026-02-25 13:41:34,209 [INFO] Step 800: reward=-4.205, dist=2.62
2026-02-25 13:41:39,883 [INFO] Episode 1723 COMPLETE | Reward -2721.99 | Steps 1000 | Terminated False | Truncated True
2026-02-25 13:41:42,926 [INFO] Step 0: reward=-2.205, dist=2.28
2026-02-25 13:41:46,678 [INFO] Episode 1724 COMPLETE | Reward -134.10 | Steps 154 | Terminated True | Truncated False
2026-02-25 13:41:49,390 [INFO] Step 0: reward=-2.205, dist=2.21
2026-02-25 13:41:55,246 [INFO] Step 200: reward=-2.205, dist=3.46
2026-02-25 13:42:01,701 [INFO] Step 400: reward=-2.043, dist=2.60
2026-02-25 13:42:09,651 [INFO] Step 600: reward=-2.205, dist=3.73
2026-02-25 13:42:12,027 [INFO] Performing PPO update at global step 1382400
2026-02-25 13:42:12,319 [INFO] PPO losses — policy: 0.2592, value: 5771.9689, entropy: 4.2242
2026-02-25 13:42:12,325 [INFO] PPO update completed. Buffer cleared.
2026-02-25 13:42:18,095 [INFO] Step 800: reward=-2.315, dist=1.90
2026-02-25 13:42:24,783 [INFO] Episode 1725 COMPLETE | Reward -3155.55 | Steps 1000 | Terminated False | Truncated True
2026-02-25 13:42:24,805 [INFO] Checkpoint saved: checkpoints/ppo_ep_01725.pt
2026-02-25 13:42:29,007 [INFO] Step 0: reward=-2.205, dist=2.68
2026-02-25 13:42:34,446 [INFO] Step 200: reward=-2.186, dist=4.30
2026-02-25 13:42:41,003 [INFO] Step 400: reward=-2.059, dist=3.12
2026-02-25 13:42:45,129 [INFO] Step 600: reward=-4.315, dist=3.05
2026-02-25 13:42:51,234 [INFO] Step 800: reward=-1.851, dist=4.43
2026-02-25 13:42:57,750 [INFO] Episode 1726 COMPLETE | Reward -3198.93 | Steps 1000 | Terminated False | Truncated True
2026-02-25 13:43:00,927 [INFO] Step 0: reward=-9.205, dist=3.07
2026-02-25 13:43:09,026 [INFO] Step 200: reward=-2.200, dist=2.87
2026-02-25 13:43:15,873 [INFO] Step 400: reward=-2.354, dist=3.67
2026-02-25 13:43:22,069 [INFO] Step 600: reward=-2.205, dist=3.12
2026-02-25 13:43:24,527 [INFO] Performing PPO update at global step 1384448
2026-02-25 13:43:24,814 [INFO] PPO losses — policy: 0.2802, value: 6588.7345, entropy: 4.2242
2026-02-25 13:43:24,818 [INFO] PPO update completed. Buffer cleared.
2026-02-25 13:43:29,252 [INFO] Step 800: reward=-2.575, dist=3.71
2026-02-25 13:43:33,628 [INFO] Episode 1727 COMPLETE | Reward -2847.15 | Steps 1000 | Terminated False | Truncated True
2026-02-25 13:43:36,721 [INFO] Step 0: reward=-2.205, dist=2.68
2026-02-25 13:43:42,619 [INFO] Step 200: reward=-1.901, dist=4.38
2026-02-25 13:43:47,616 [INFO] Step 400: reward=-1.917, dist=2.88
2026-02-25 13:43:53,604 [INFO] Step 600: reward=-4.191, dist=3.65
2026-02-25 13:43:58,163 [INFO] Step 800: reward=-1.828, dist=4.15
2026-02-25 13:44:04,257 [INFO] Episode 1728 COMPLETE | Reward -2988.87 | Steps 1000 | Terminated False | Truncated True
2026-02-25 13:44:07,602 [INFO] Step 0: reward=-2.205, dist=3.73
2026-02-25 13:44:14,078 [INFO] Step 200: reward=-2.081, dist=4.98
2026-02-25 13:44:19,622 [INFO] Step 400: reward=-1.905, dist=4.31
2026-02-25 13:44:24,997 [INFO] Step 600: reward=-6.275, dist=4.05
2026-02-25 13:44:28,317 [INFO] Performing PPO update at global step 1386496
2026-02-25 13:44:28,601 [INFO] PPO losses — policy: 0.2842, value: 6279.6869, entropy: 4.2242
2026-02-25 13:44:28,606 [INFO] PPO update completed. Buffer cleared.
2026-02-25 13:44:31,037 [INFO] Step 800: reward=-1.821, dist=5.13
2026-02-25 13:44:38,003 [INFO] Episode 1729 COMPLETE | Reward -3000.55 | Steps 1000 | Terminated False | Truncated True
2026-02-25 13:44:41,099 [INFO] Step 0: reward=-2.205, dist=2.19
2026-02-25 13:44:47,843 [INFO] Step 200: reward=-4.289, dist=3.74
2026-02-25 13:44:56,530 [INFO] Step 400: reward=-2.205, dist=1.94
2026-02-25 13:45:02,772 [INFO] Step 600: reward=-2.205, dist=3.69
2026-02-25 13:45:09,952 [INFO] Step 800: reward=-2.188, dist=1.81
2026-02-25 13:45:14,931 [INFO] Episode 1730 COMPLETE | Reward -2755.90 | Steps 1000 | Terminated False | Truncated True
2026-02-25 13:45:14,952 [INFO] Checkpoint saved: checkpoints/ppo_ep_01730.pt
2026-02-25 13:45:17,991 [INFO] Step 0: reward=-2.205, dist=2.26
2026-02-25 13:45:22,947 [INFO] Step 200: reward=-5.488, dist=3.54
2026-02-25 13:45:28,388 [INFO] Step 400: reward=-2.100, dist=3.86
2026-02-25 13:45:35,120 [INFO] Step 600: reward=-4.369, dist=2.65
2026-02-25 13:45:39,243 [INFO] Performing PPO update at global step 1388544
2026-02-25 13:45:39,523 [INFO] PPO losses — policy: 0.2817, value: 6225.8839, entropy: 4.2242
2026-02-25 13:45:39,529 [INFO] PPO update completed. Buffer cleared.
2026-02-25 13:45:39,545 [INFO] Step 800: reward=-2.205, dist=3.92
2026-02-25 13:45:45,041 [INFO] Episode 1731 COMPLETE | Reward -3201.08 | Steps 1000 | Terminated False | Truncated True
2026-02-25 13:45:49,153 [INFO] Step 0: reward=-2.205, dist=3.16
2026-02-25 13:45:55,630 [INFO] Step 200: reward=-10.012, dist=3.25
2026-02-25 13:46:02,619 [INFO] Step 400: reward=-2.205, dist=3.93
2026-02-25 13:46:07,569 [INFO] Step 600: reward=-2.269, dist=2.40
2026-02-25 13:46:13,953 [INFO] Step 800: reward=-1.930, dist=4.13
2026-02-25 13:46:20,138 [INFO] Episode 1732 COMPLETE | Reward -2984.40 | Steps 1000 | Terminated False | Truncated True
2026-02-25 13:46:23,436 [INFO] Step 0: reward=-2.205, dist=3.46
2026-02-25 13:46:29,443 [INFO] Step 200: reward=-1.881, dist=4.97
2026-02-25 13:46:30,764 [INFO] Policy action (normalized): v = -1.000, w = -1.000 | Cmd_vel (scaled): v = -1.000 m/s, w = -1.000 rad/s
2026-02-25 13:46:35,434 [INFO] Step 400: reward=-2.161, dist=3.14
2026-02-25 13:46:41,320 [INFO] Step 600: reward=-2.038, dist=4.75
2026-02-25 13:46:47,421 [INFO] Step 800: reward=-2.048, dist=3.76
2026-02-25 13:46:48,818 [INFO] Performing PPO update at global step 1390592
2026-02-25 13:46:49,094 [INFO] PPO losses — policy: 0.2479, value: 5311.5516, entropy: 4.2242
2026-02-25 13:46:49,100 [INFO] PPO update completed. Buffer cleared.
2026-02-25 13:46:54,365 [INFO] Episode 1733 COMPLETE | Reward -3192.80 | Steps 1000 | Terminated False | Truncated True
2026-02-25 13:46:58,479 [INFO] Step 0: reward=-2.205, dist=3.56
2026-02-25 13:47:07,253 [INFO] Step 200: reward=-1.544, dist=2.03
2026-02-25 13:47:14,856 [INFO] Step 400: reward=-2.136, dist=3.30
2026-02-25 13:47:19,388 [INFO] Step 600: reward=-4.205, dist=1.78
2026-02-25 13:47:25,472 [INFO] Step 800: reward=-4.295, dist=2.60
2026-02-25 13:47:31,702 [INFO] Episode 1734 COMPLETE | Reward -2851.98 | Steps 1000 | Terminated False | Truncated True
2026-02-25 13:47:34,468 [INFO] Step 0: reward=-2.205, dist=3.40
2026-02-25 13:47:40,254 [INFO] Step 200: reward=-3.354, dist=4.40
2026-02-25 13:47:45,468 [INFO] Step 400: reward=-1.905, dist=4.68
2026-02-25 13:47:51,960 [INFO] Step 600: reward=-2.378, dist=3.38
2026-02-25 13:47:57,571 [INFO] Step 800: reward=-1.905, dist=4.96
2026-02-25 13:48:01,368 [INFO] Performing PPO update at global step 1392640
2026-02-25 13:48:01,650 [INFO] PPO losses — policy: 0.2530, value: 4869.9465, entropy: 4.2242
2026-02-25 13:48:01,656 [INFO] PPO update completed. Buffer cleared.
2026-02-25 13:48:05,828 [INFO] Episode 1735 COMPLETE | Reward -2716.12 | Steps 1000 | Terminated False | Truncated True
2026-02-25 13:48:05,855 [INFO] Checkpoint saved: checkpoints/ppo_ep_01735.pt
2026-02-25 13:48:10,028 [INFO] Step 0: reward=-2.205, dist=2.19
2026-02-25 13:48:15,972 [INFO] Step 200: reward=-2.379, dist=3.34
2026-02-25 13:48:23,915 [INFO] Step 400: reward=-2.074, dist=1.95
2026-02-25 13:48:31,254 [INFO] Step 600: reward=-2.248, dist=3.63
2026-02-25 13:48:38,415 [INFO] Step 800: reward=-2.159, dist=1.77
2026-02-25 13:48:44,046 [INFO] Episode 1736 COMPLETE | Reward -2940.71 | Steps 1000 | Terminated False | Truncated True
2026-02-25 13:48:47,146 [INFO] Step 0: reward=-2.205, dist=3.35
2026-02-25 13:48:53,371 [INFO] Step 200: reward=-0.036, dist=2.28
2026-02-25 13:49:00,609 [INFO] Step 400: reward=-2.144, dist=3.50
2026-02-25 13:49:06,514 [INFO] Step 600: reward=-2.205, dist=1.87
2026-02-25 13:49:12,326 [INFO] Step 800: reward=-2.205, dist=3.40
2026-02-25 13:49:16,144 [INFO] Performing PPO update at global step 1394688
2026-02-25 13:49:16,553 [INFO] PPO losses — policy: 0.2779, value: 4914.2320, entropy: 4.2242
2026-02-25 13:49:16,562 [INFO] PPO update completed. Buffer cleared.
2026-02-25 13:49:18,194 [INFO] Episode 1737 COMPLETE | Reward -2845.30 | Steps 1000 | Terminated False | Truncated True
2026-02-25 13:49:29,735 [INFO] Step 0: reward=-1.905, dist=4.25
2026-02-25 13:49:36,413 [INFO] Step 200: reward=-3.826, dist=5.73
2026-02-25 13:49:41,937 [INFO] Step 400: reward=-2.182, dist=3.95
2026-02-25 13:49:45,842 [INFO] Step 600: reward=-4.274, dist=5.12
2026-02-25 13:49:51,949 [INFO] Step 800: reward=-2.126, dist=4.58
2026-02-25 13:49:59,800 [INFO] Episode 1738 COMPLETE | Reward -2263.32 | Steps 1000 | Terminated False | Truncated True
2026-02-25 13:50:24,386 [INFO] Step 0: reward=-2.204, dist=3.14
2026-02-25 13:50:29,402 [INFO] Step 200: reward=-2.205, dist=2.34
2026-02-25 13:50:33,814 [INFO] Step 400: reward=-4.203, dist=3.75
2026-02-25 13:50:39,840 [INFO] Step 600: reward=-4.204, dist=3.16
2026-02-25 13:50:46,251 [INFO] Step 800: reward=5.330, dist=3.05
2026-02-25 13:50:51,755 [INFO] Performing PPO update at global step 1396736
2026-02-25 13:50:52,140 [INFO] PPO losses — policy: 0.1827, value: 2606.0480, entropy: 4.2242
2026-02-25 13:50:52,149 [INFO] PPO update completed. Buffer cleared.
2026-02-25 13:50:52,398 [INFO] Episode 1739 COMPLETE | Reward -2909.11 | Steps 1000 | Terminated False | Truncated True
2026-02-25 13:50:56,524 [INFO] Step 0: reward=-1.905, dist=26.98
2026-02-25 13:51:01,790 [INFO] Step 200: reward=-3.169, dist=79.35
2026-02-25 13:51:09,374 [INFO] Step 400: reward=-1.764, dist=81.06
2026-02-25 13:51:16,108 [INFO] Step 600: reward=-2.103, dist=81.21
2026-02-25 13:51:21,624 [INFO] Step 800: reward=-3.593, dist=80.93
2026-02-25 13:51:28,700 [INFO] Episode 1740 COMPLETE | Reward -2746.41 | Steps 1000 | Terminated False | Truncated True
2026-02-25 13:51:28,717 [INFO] Checkpoint saved: checkpoints/ppo_ep_01740.pt
2026-02-25 13:51:31,489 [INFO] Step 0: reward=-2.155, dist=2.78
2026-02-25 13:51:37,936 [INFO] Step 200: reward=-5.426, dist=3.73
2026-02-25 13:51:45,407 [INFO] Step 400: reward=-2.055, dist=3.44
2026-02-25 13:51:52,594 [INFO] Step 600: reward=-4.262, dist=3.50
2026-02-25 13:51:59,389 [INFO] Step 800: reward=-1.913, dist=3.53
2026-02-25 13:52:04,481 [INFO] Episode 1741 COMPLETE | Reward -2647.69 | Steps 1000 | Terminated False | Truncated True
2026-02-25 13:52:07,627 [INFO] Step 0: reward=-2.204, dist=3.75
2026-02-25 13:52:08,499 [INFO] Performing PPO update at global step 1398784
2026-02-25 13:52:08,897 [INFO] PPO losses — policy: 0.1606, value: 2798.7740, entropy: 4.2242
2026-02-25 13:52:08,902 [INFO] PPO update completed. Buffer cleared.
2026-02-25 13:52:17,218 [INFO] Step 200: reward=-2.302, dist=2.22
2026-02-25 13:52:24,444 [INFO] Step 400: reward=-1.895, dist=4.04
2026-02-25 13:52:29,690 [INFO] Step 600: reward=-2.194, dist=2.46
2026-02-25 13:52:34,733 [INFO] Step 800: reward=-4.147, dist=3.19
2026-02-25 13:52:40,614 [INFO] Episode 1742 COMPLETE | Reward -2764.27 | Steps 1000 | Terminated False | Truncated True
2026-02-25 13:52:43,393 [INFO] Step 0: reward=-2.204, dist=2.84
2026-02-25 13:52:48,703 [INFO] Step 200: reward=-2.355, dist=1.58
2026-02-25 13:52:50,477 [INFO] Policy action (normalized): v = +0.356, w = -1.000 | Cmd_vel (scaled): v = +0.356 m/s, w = -1.000 rad/s
2026-02-25 13:52:56,615 [INFO] Step 400: reward=-2.174, dist=3.03
2026-02-25 13:53:03,187 [INFO] Step 600: reward=-2.205, dist=1.31
2026-02-25 13:53:08,432 [INFO] Step 800: reward=-4.942, dist=1.59
2026-02-25 13:53:13,118 [INFO] Episode 1743 COMPLETE | Reward -2706.65 | Steps 1000 | Terminated False | Truncated True
2026-02-25 13:53:16,177 [INFO] Step 0: reward=-2.205, dist=3.19
2026-02-25 13:53:18,265 [INFO] Performing PPO update at global step 1400832
2026-02-25 13:53:18,548 [INFO] PPO losses — policy: -0.0545, value: 4212.5974, entropy: 4.2242
2026-02-25 13:53:18,555 [INFO] PPO update completed. Buffer cleared.
2026-02-25 13:53:21,818 [INFO] Step 200: reward=-2.060, dist=2.72
2026-02-25 13:53:29,523 [INFO] Step 400: reward=5.958, dist=2.51
2026-02-25 13:53:33,628 [INFO] Step 600: reward=-0.205, dist=3.37
2026-02-25 13:53:39,333 [INFO] Step 800: reward=-1.931, dist=2.68
2026-02-25 13:53:44,237 [INFO] Episode 1744 COMPLETE | Reward -2839.23 | Steps 1000 | Terminated False | Truncated True
2026-02-25 13:53:47,298 [INFO] Step 0: reward=-0.205, dist=3.55
2026-02-25 13:53:53,178 [INFO] Step 200: reward=-2.187, dist=1.80
2026-02-25 13:53:58,957 [INFO] Step 400: reward=0.580, dist=2.23
2026-02-25 13:54:05,333 [INFO] Step 600: reward=-2.204, dist=3.54
2026-02-25 13:54:10,626 [INFO] Step 800: reward=-3.938, dist=2.80
2026-02-25 13:54:18,509 [INFO] Episode 1745 COMPLETE | Reward -2737.20 | Steps 1000 | Terminated False | Truncated True
2026-02-25 13:54:18,539 [INFO] Checkpoint saved: checkpoints/ppo_ep_01745.pt
2026-02-25 13:54:21,860 [INFO] Step 0: reward=-2.204, dist=2.86
2026-02-25 13:54:26,314 [INFO] Performing PPO update at global step 1402880
2026-02-25 13:54:26,733 [INFO] PPO losses — policy: -0.0801, value: 3697.5238, entropy: 4.2242
2026-02-25 13:54:26,740 [INFO] PPO update completed. Buffer cleared.
2026-02-25 13:54:28,064 [INFO] Step 200: reward=-4.205, dist=1.16
2026-02-25 13:54:35,085 [INFO] Step 400: reward=-4.720, dist=1.43
2026-02-25 13:54:40,017 [INFO] Step 600: reward=-5.072, dist=1.50
2026-02-25 13:54:46,995 [INFO] Step 800: reward=-4.344, dist=1.44
2026-02-25 13:54:51,826 [INFO] Episode 1746 COMPLETE | Reward -2312.77 | Steps 1000 | Terminated False | Truncated True
2026-02-25 13:54:55,482 [INFO] Step 0: reward=1.216, dist=3.27
2026-02-25 13:55:01,750 [INFO] Step 200: reward=-1.905, dist=4.25
2026-02-25 13:55:07,821 [INFO] Step 400: reward=-2.170, dist=2.50
2026-02-25 13:55:13,989 [INFO] Step 600: reward=-3.847, dist=3.23
2026-02-25 13:55:21,131 [INFO] Step 800: reward=-1.689, dist=4.18
2026-02-25 13:55:25,800 [INFO] Episode 1747 COMPLETE | Reward -2715.39 | Steps 1000 | Terminated False | Truncated True
2026-02-25 13:55:28,514 [INFO] Step 0: reward=-2.197, dist=2.98
2026-02-25 13:55:32,572 [INFO] Performing PPO update at global step 1404928
2026-02-25 13:55:32,971 [INFO] PPO losses — policy: -0.0541, value: 4004.9702, entropy: 4.2242
2026-02-25 13:55:32,978 [INFO] PPO update completed. Buffer cleared.
2026-02-25 13:55:33,822 [INFO] Step 200: reward=-4.070, dist=2.70
2026-02-25 13:55:39,901 [INFO] Step 400: reward=-5.585, dist=2.57
2026-02-25 13:55:47,764 [INFO] Step 600: reward=-0.154, dist=3.97
2026-02-25 13:55:53,364 [INFO] Step 800: reward=-2.053, dist=2.32
2026-02-25 13:55:59,439 [INFO] Episode 1748 COMPLETE | Reward -2499.57 | Steps 1000 | Terminated False | Truncated True
2026-02-25 13:56:12,057 [INFO] Step 0: reward=-1.753, dist=4.24
2026-02-25 13:56:19,634 [INFO] Step 200: reward=-1.799, dist=5.51
2026-02-25 13:56:26,541 [INFO] Step 400: reward=-1.442, dist=4.58
2026-02-25 13:56:33,211 [INFO] Step 600: reward=0.095, dist=4.67
2026-02-25 13:56:39,939 [INFO] Step 800: reward=-1.493, dist=1.28
2026-02-25 13:56:40,925 [INFO] Episode 1749 COMPLETE | Reward -1348.97 | Steps 823 | Terminated True | Truncated False
2026-02-25 13:56:43,465 [INFO] Step 0: reward=-2.081, dist=3.35
2026-02-25 13:56:49,211 [INFO] Step 200: reward=-2.671, dist=4.61
2026-02-25 13:56:58,000 [INFO] Step 400: reward=-2.151, dist=3.35
2026-02-25 13:56:58,066 [INFO] Performing PPO update at global step 1406976
2026-02-25 13:56:58,332 [INFO] PPO losses — policy: -0.0050, value: 2820.8059, entropy: 4.2242
2026-02-25 13:56:58,337 [INFO] PPO update completed. Buffer cleared.
2026-02-25 13:57:04,292 [INFO] Step 600: reward=-1.941, dist=5.00
2026-02-25 13:57:11,142 [INFO] Step 800: reward=-2.199, dist=3.41
2026-02-25 13:57:19,355 [INFO] Episode 1750 COMPLETE | Reward -2537.66 | Steps 1000 | Terminated False | Truncated True
2026-02-25 13:57:19,375 [INFO] Checkpoint saved: checkpoints/ppo_ep_01750.pt
2026-02-25 13:57:23,619 [INFO] Step 0: reward=-2.203, dist=2.45
2026-02-25 13:57:30,628 [INFO] Step 200: reward=-1.736, dist=4.28
2026-02-25 13:57:37,641 [INFO] Step 400: reward=-2.205, dist=2.52
2026-02-25 13:57:43,835 [INFO] Step 600: reward=-1.973, dist=4.12
2026-02-25 13:57:51,159 [INFO] Step 800: reward=-2.186, dist=2.45
2026-02-25 13:57:56,062 [INFO] Episode 1751 COMPLETE | Reward -3125.99 | Steps 1000 | Terminated False | Truncated True
2026-02-25 13:57:59,168 [INFO] Step 0: reward=-2.205, dist=3.18
2026-02-25 13:58:04,149 [INFO] Step 200: reward=-2.459, dist=1.73
2026-02-25 13:58:10,282 [INFO] Step 400: reward=-0.205, dist=3.55
2026-02-25 13:58:11,532 [INFO] Performing PPO update at global step 1409024
2026-02-25 13:58:11,841 [INFO] PPO losses — policy: -0.0209, value: 3673.7126, entropy: 4.2242
2026-02-25 13:58:11,846 [INFO] PPO update completed. Buffer cleared.
2026-02-25 13:58:14,777 [INFO] Step 600: reward=-2.056, dist=2.68
2026-02-25 13:58:21,358 [INFO] Step 800: reward=-4.599, dist=3.05
2026-02-25 13:58:27,637 [INFO] Episode 1752 COMPLETE | Reward -2726.32 | Steps 1000 | Terminated False | Truncated True
2026-02-25 13:58:30,038 [INFO] Step 0: reward=-2.178, dist=3.24
2026-02-25 13:58:35,539 [INFO] Step 200: reward=-0.818, dist=4.40
2026-02-25 13:58:41,870 [INFO] Step 400: reward=-4.064, dist=3.54
2026-02-25 13:58:42,523 [INFO] Policy action (normalized): v = -0.999, w = -1.000 | Cmd_vel (scaled): v = -0.999 m/s, w = -1.000 rad/s
2026-02-25 13:58:47,781 [INFO] Step 600: reward=-5.166, dist=4.10
2026-02-25 13:58:52,650 [INFO] Step 800: reward=-3.905, dist=4.66
2026-02-25 13:58:58,095 [INFO] Episode 1753 COMPLETE | Reward -2782.49 | Steps 1000 | Terminated False | Truncated True
2026-02-25 13:59:01,217 [INFO] Step 0: reward=-2.205, dist=2.72
2026-02-25 13:59:06,163 [INFO] Step 200: reward=-4.497, dist=2.50
2026-02-25 13:59:10,715 [INFO] Step 400: reward=-4.186, dist=3.72
2026-02-25 13:59:14,671 [INFO] Performing PPO update at global step 1411072
2026-02-25 13:59:14,954 [INFO] PPO losses — policy: 0.0608, value: 2858.9174, entropy: 4.2242
2026-02-25 13:59:14,959 [INFO] PPO update completed. Buffer cleared.
2026-02-25 13:59:18,090 [INFO] Step 600: reward=-2.301, dist=1.98
2026-02-25 13:59:25,311 [INFO] Step 800: reward=-2.148, dist=3.44
2026-02-25 13:59:29,939 [INFO] Episode 1754 COMPLETE | Reward -2747.60 | Steps 1000 | Terminated False | Truncated True
2026-02-25 13:59:34,373 [INFO] Step 0: reward=-1.141, dist=2.98
2026-02-25 13:59:40,673 [INFO] Step 200: reward=-1.814, dist=4.46
2026-02-25 13:59:47,155 [INFO] Step 400: reward=-2.261, dist=2.76
2026-02-25 13:59:54,685 [INFO] Step 600: reward=-1.816, dist=4.42
2026-02-25 13:59:58,966 [INFO] Step 800: reward=-4.099, dist=3.04
2026-02-25 14:00:05,264 [INFO] Episode 1755 COMPLETE | Reward -2636.89 | Steps 1000 | Terminated False | Truncated True
2026-02-25 14:00:05,283 [INFO] Checkpoint saved: checkpoints/ppo_ep_01755.pt
2026-02-25 14:00:09,292 [INFO] Step 0: reward=-1.709, dist=3.90
2026-02-25 14:00:17,165 [INFO] Step 200: reward=-3.868, dist=4.59
2026-02-25 14:00:23,362 [INFO] Step 400: reward=-2.203, dist=3.79
2026-02-25 14:00:26,434 [INFO] Performing PPO update at global step 1413120
2026-02-25 14:00:26,715 [INFO] PPO losses — policy: -0.0744, value: 2689.3155, entropy: 4.2242
2026-02-25 14:00:26,720 [INFO] PPO update completed. Buffer cleared.
2026-02-25 14:00:27,402 [INFO] Step 600: reward=-4.346, dist=3.29
2026-02-25 14:00:33,323 [INFO] Step 800: reward=-1.905, dist=4.87
2026-02-25 14:00:37,972 [INFO] Episode 1756 COMPLETE | Reward -2774.92 | Steps 1000 | Terminated False | Truncated True
2026-02-25 14:00:41,083 [INFO] Step 0: reward=-9.033, dist=2.03
2026-02-25 14:00:47,908 [INFO] Step 200: reward=-1.940, dist=2.70
2026-02-25 14:00:52,972 [INFO] Step 400: reward=-2.273, dist=1.30
2026-02-25 14:00:59,452 [INFO] Step 600: reward=-2.200, dist=2.98
2026-02-25 14:01:03,712 [INFO] Step 800: reward=-4.161, dist=2.42
2026-02-25 14:01:08,801 [INFO] Episode 1757 COMPLETE | Reward -2673.05 | Steps 1000 | Terminated False | Truncated True
2026-02-25 14:01:13,021 [INFO] Step 0: reward=-2.196, dist=2.48
2026-02-25 14:01:18,012 [INFO] Step 200: reward=-11.019, dist=2.42
2026-02-25 14:01:21,643 [INFO] Step 400: reward=-2.200, dist=3.42
2026-02-25 14:01:28,252 [INFO] Performing PPO update at global step 1415168
2026-02-25 14:01:28,548 [INFO] PPO losses — policy: 0.0691, value: 2788.1748, entropy: 4.2242
2026-02-25 14:01:28,555 [INFO] PPO update completed. Buffer cleared.
2026-02-25 14:01:28,575 [INFO] Step 600: reward=-2.131, dist=1.76
2026-02-25 14:01:34,530 [INFO] Step 800: reward=-2.282, dist=3.43
2026-02-25 14:01:41,699 [INFO] Episode 1758 COMPLETE | Reward -2968.53 | Steps 1000 | Terminated False | Truncated True
2026-02-25 14:01:54,220 [INFO] Step 0: reward=-1.901, dist=4.24
2026-02-25 14:01:58,460 [INFO] Step 200: reward=-1.904, dist=5.66
2026-02-25 14:02:03,218 [INFO] Step 400: reward=-3.905, dist=5.37
2026-02-25 14:02:10,258 [INFO] Step 600: reward=-0.465, dist=4.91
2026-02-25 14:02:16,062 [INFO] Step 800: reward=-1.898, dist=4.57
2026-02-25 14:02:20,733 [INFO] Episode 1759 COMPLETE | Reward -2452.16 | Steps 1000 | Terminated False | Truncated True
2026-02-25 14:02:25,641 [INFO] Step 0: reward=-7.706, dist=2.11
2026-02-25 14:02:32,936 [INFO] Step 200: reward=-2.039, dist=2.65
2026-02-25 14:02:38,235 [INFO] Step 400: reward=-2.205, dist=1.54
2026-02-25 14:02:44,063 [INFO] Step 600: reward=-4.205, dist=3.11
2026-02-25 14:02:45,054 [INFO] Performing PPO update at global step 1417216
2026-02-25 14:02:45,325 [INFO] PPO losses — policy: 0.0434, value: 2291.5925, entropy: 4.2242
2026-02-25 14:02:45,332 [INFO] PPO update completed. Buffer cleared.
2026-02-25 14:02:49,259 [INFO] Step 800: reward=-2.205, dist=2.71
2026-02-25 14:02:55,129 [INFO] Episode 1760 COMPLETE | Reward -2387.40 | Steps 1000 | Terminated False | Truncated True
2026-02-25 14:02:55,147 [INFO] Checkpoint saved: checkpoints/ppo_ep_01760.pt
2026-02-25 14:02:59,355 [INFO] Step 0: reward=-2.205, dist=3.36
2026-02-25 14:03:03,559 [INFO] Step 200: reward=-8.848, dist=4.09
2026-02-25 14:03:10,202 [INFO] Step 400: reward=-1.670, dist=5.07
2026-02-25 14:03:15,519 [INFO] Step 600: reward=0.122, dist=5.08
2026-02-25 14:03:22,571 [INFO] Step 800: reward=-1.841, dist=3.70
2026-02-25 14:03:31,071 [INFO] Episode 1761 COMPLETE | Reward -2130.33 | Steps 1000 | Terminated False | Truncated True
2026-02-25 14:03:34,064 [INFO] Step 0: reward=-2.103, dist=3.88
2026-02-25 14:03:40,621 [INFO] Step 200: reward=-2.063, dist=3.16
2026-02-25 14:03:47,342 [INFO] Step 400: reward=-2.008, dist=4.79
2026-02-25 14:03:54,412 [INFO] Step 600: reward=-1.904, dist=4.26
2026-02-25 14:03:56,499 [INFO] Performing PPO update at global step 1419264
2026-02-25 14:03:56,834 [INFO] PPO losses — policy: -0.0151, value: 1217.2273, entropy: 4.2242
2026-02-25 14:03:56,841 [INFO] PPO update completed. Buffer cleared.
2026-02-25 14:04:00,771 [INFO] Step 800: reward=-0.226, dist=3.22
2026-02-25 14:04:09,582 [INFO] Episode 1762 COMPLETE | Reward -2058.37 | Steps 1000 | Terminated False | Truncated True
2026-02-25 14:04:13,618 [INFO] Step 0: reward=-1.761, dist=3.89
2026-02-25 14:04:19,390 [INFO] Step 200: reward=-1.795, dist=2.76
2026-02-25 14:04:24,095 [INFO] Step 400: reward=-2.205, dist=2.19
2026-02-25 14:04:24,865 [INFO] Policy action (normalized): v = -0.928, w = -1.000 | Cmd_vel (scaled): v = -0.928 m/s, w = -1.000 rad/s
2026-02-25 14:04:30,056 [INFO] Step 600: reward=-4.264, dist=3.27
2026-02-25 14:04:34,992 [INFO] Step 800: reward=-0.205, dist=3.68
2026-02-25 14:04:39,624 [INFO] Episode 1763 COMPLETE | Reward -2637.82 | Steps 1000 | Terminated False | Truncated True
2026-02-25 14:04:43,483 [INFO] Step 0: reward=-1.472, dist=3.76
2026-02-25 14:04:50,492 [INFO] Step 200: reward=0.156, dist=4.91
2026-02-25 14:04:55,650 [INFO] Step 400: reward=-2.032, dist=5.60
2026-02-25 14:05:01,870 [INFO] Step 600: reward=-1.885, dist=5.80
2026-02-25 14:05:07,508 [INFO] Performing PPO update at global step 1421312
2026-02-25 14:05:07,787 [INFO] PPO losses — policy: 0.1233, value: 2069.8507, entropy: 4.2242
2026-02-25 14:05:07,791 [INFO] PPO update completed. Buffer cleared.
2026-02-25 14:05:09,104 [INFO] Step 800: reward=-0.005, dist=4.57
2026-02-25 14:05:14,595 [INFO] Episode 1764 COMPLETE | Reward -2053.06 | Steps 1000 | Terminated False | Truncated True
2026-02-25 14:05:19,645 [INFO] Step 0: reward=-0.205, dist=2.13
2026-02-25 14:05:25,322 [INFO] Step 200: reward=-2.205, dist=2.24
2026-02-25 14:05:30,321 [INFO] Step 400: reward=-0.085, dist=2.01
2026-02-25 14:05:37,799 [INFO] Step 600: reward=-2.284, dist=1.71
2026-02-25 14:05:44,270 [INFO] Step 800: reward=-0.949, dist=1.91
2026-02-25 14:05:51,255 [INFO] Episode 1765 COMPLETE | Reward -1972.92 | Steps 1000 | Terminated False | Truncated True
2026-02-25 14:05:51,274 [INFO] Checkpoint saved: checkpoints/ppo_ep_01765.pt
2026-02-25 14:05:55,393 [INFO] Step 0: reward=-0.205, dist=2.76
2026-02-25 14:06:00,822 [INFO] Step 200: reward=-2.202, dist=2.73
2026-02-25 14:06:06,123 [INFO] Step 400: reward=-2.172, dist=2.58
2026-02-25 14:06:12,414 [INFO] Step 600: reward=-2.217, dist=2.36
2026-02-25 14:06:18,329 [INFO] Performing PPO update at global step 1423360
2026-02-25 14:06:18,617 [INFO] PPO losses — policy: 0.2225, value: 521.3919, entropy: 4.2242
2026-02-25 14:06:18,624 [INFO] PPO update completed. Buffer cleared.
2026-02-25 14:06:18,694 [INFO] Step 800: reward=-0.205, dist=2.32
2026-02-25 14:06:24,594 [INFO] Episode 1766 COMPLETE | Reward -1838.48 | Steps 1000 | Terminated False | Truncated True
2026-02-25 14:06:28,545 [INFO] Step 0: reward=-2.196, dist=2.59
2026-02-25 14:06:33,171 [INFO] Step 200: reward=-0.163, dist=2.50
2026-02-25 14:06:40,396 [INFO] Step 400: reward=-0.394, dist=2.01
2026-02-25 14:06:46,465 [INFO] Step 600: reward=-0.158, dist=1.96
2026-02-25 14:06:51,654 [INFO] Step 800: reward=-2.206, dist=1.94
2026-02-25 14:06:59,579 [INFO] Episode 1767 COMPLETE | Reward -1811.77 | Steps 1000 | Terminated False | Truncated True
2026-02-25 14:07:03,684 [INFO] Step 0: reward=-0.205, dist=2.00
2026-02-25 14:07:09,095 [INFO] Step 200: reward=-0.224, dist=2.03
2026-02-25 14:07:14,910 [INFO] Step 400: reward=-2.171, dist=1.83
2026-02-25 14:07:21,211 [INFO] Step 600: reward=-2.185, dist=1.07
2026-02-25 14:07:24,092 [INFO] Episode 1768 COMPLETE | Reward -1059.10 | Steps 673 | Terminated True | Truncated False
2026-02-25 14:07:28,165 [INFO] Step 0: reward=-0.205, dist=2.37
2026-02-25 14:07:31,836 [INFO] Performing PPO update at global step 1425408
2026-02-25 14:07:32,148 [INFO] PPO losses — policy: 0.0280, value: 792.2882, entropy: 4.2242
2026-02-25 14:07:32,153 [INFO] PPO update completed. Buffer cleared.
2026-02-25 14:07:33,646 [INFO] Step 200: reward=-2.163, dist=2.20
2026-02-25 14:07:41,677 [INFO] Step 400: reward=-0.192, dist=2.03
2026-02-25 14:07:48,549 [INFO] Step 600: reward=-0.205, dist=2.10
2026-02-25 14:07:54,633 [INFO] Step 800: reward=-2.205, dist=2.32
2026-02-25 14:07:59,342 [INFO] Episode 1769 COMPLETE | Reward -2321.46 | Steps 1000 | Terminated False | Truncated True
2026-02-25 14:08:02,601 [INFO] Step 0: reward=-2.198, dist=2.73
2026-02-25 14:08:07,657 [INFO] Step 200: reward=-1.055, dist=2.44
2026-02-25 14:08:14,482 [INFO] Step 400: reward=-1.955, dist=2.61
2026-02-25 14:08:19,330 [INFO] Step 600: reward=-2.062, dist=2.51
2026-02-25 14:08:24,842 [INFO] Step 800: reward=-2.205, dist=2.66
2026-02-25 14:08:30,078 [INFO] Episode 1770 COMPLETE | Reward -2189.19 | Steps 1000 | Terminated False | Truncated True
2026-02-25 14:08:30,097 [INFO] Checkpoint saved: checkpoints/ppo_ep_01770.pt
2026-02-25 14:08:34,830 [INFO] Step 0: reward=-2.069, dist=2.52
2026-02-25 14:08:40,259 [INFO] Step 200: reward=-0.317, dist=2.42
2026-02-25 14:08:40,382 [INFO] Performing PPO update at global step 1427456
2026-02-25 14:08:40,658 [INFO] PPO losses — policy: -0.0137, value: 1563.2126, entropy: 4.2242
2026-02-25 14:08:40,664 [INFO] PPO update completed. Buffer cleared.
2026-02-25 14:08:44,861 [INFO] Step 400: reward=-8.590, dist=3.11
2026-02-25 14:08:50,928 [INFO] Step 600: reward=-1.486, dist=3.43
2026-02-25 14:08:57,475 [INFO] Step 800: reward=-2.220, dist=3.91
2026-02-25 14:09:04,724 [INFO] Episode 1771 COMPLETE | Reward -2277.00 | Steps 1000 | Terminated False | Truncated True
2026-02-25 14:09:08,862 [INFO] Step 0: reward=-6.910, dist=2.83
2026-02-25 14:09:14,110 [INFO] Step 200: reward=-4.378, dist=3.27
2026-02-25 14:09:20,027 [INFO] Step 400: reward=-0.290, dist=3.76
2026-02-25 14:09:24,663 [INFO] Step 600: reward=-3.946, dist=3.90
2026-02-25 14:09:29,683 [INFO] Step 800: reward=-1.052, dist=3.97
2026-02-25 14:09:35,360 [INFO] Episode 1772 COMPLETE | Reward -2156.84 | Steps 1000 | Terminated False | Truncated True
2026-02-25 14:09:40,365 [INFO] Step 0: reward=-1.350, dist=3.64
2026-02-25 14:09:45,524 [INFO] Step 200: reward=-0.235, dist=3.36
2026-02-25 14:09:48,112 [INFO] Performing PPO update at global step 1429504
2026-02-25 14:09:48,379 [INFO] PPO losses — policy: -0.0543, value: 1870.9273, entropy: 4.2242
2026-02-25 14:09:48,384 [INFO] PPO update completed. Buffer cleared.
2026-02-25 14:09:52,332 [INFO] Step 400: reward=-2.563, dist=2.72
2026-02-25 14:09:57,077 [INFO] Step 600: reward=-3.593, dist=2.84
2026-02-25 14:10:02,156 [INFO] Policy action (normalized): v = -0.965, w = -1.000 | Cmd_vel (scaled): v = -0.965 m/s, w = -1.000 rad/s
2026-02-25 14:10:03,000 [INFO] Step 800: reward=-6.413, dist=3.71
2026-02-25 14:10:09,593 [INFO] Episode 1773 COMPLETE | Reward -2248.74 | Steps 1000 | Terminated False | Truncated True
2026-02-25 14:10:13,878 [INFO] Step 0: reward=-2.195, dist=3.34
2026-02-25 14:10:19,484 [INFO] Step 200: reward=-1.376, dist=3.33
2026-02-25 14:10:26,620 [INFO] Step 400: reward=-4.289, dist=3.92
2026-02-25 14:10:32,001 [INFO] Step 600: reward=-2.212, dist=3.99
2026-02-25 14:10:38,508 [INFO] Step 800: reward=-1.841, dist=4.02
2026-02-25 14:10:43,678 [INFO] Episode 1774 COMPLETE | Reward -1776.49 | Steps 1000 | Terminated False | Truncated True
2026-02-25 14:10:46,717 [INFO] Step 0: reward=-0.205, dist=2.06
2026-02-25 14:10:50,539 [INFO] Step 200: reward=-2.211, dist=1.94
2026-02-25 14:10:52,765 [INFO] Performing PPO update at global step 1431552
2026-02-25 14:10:53,042 [INFO] PPO losses — policy: -0.0174, value: 1108.0936, entropy: 4.2242
2026-02-25 14:10:53,048 [INFO] PPO update completed. Buffer cleared.
2026-02-25 14:10:54,647 [INFO] Step 400: reward=-4.001, dist=2.21
2026-02-25 14:11:00,101 [INFO] Step 600: reward=0.639, dist=2.52
2026-02-25 14:11:06,685 [INFO] Step 800: reward=-3.940, dist=3.42
2026-02-25 14:11:10,034 [INFO] Episode 1775 COMPLETE | Reward -2690.28 | Steps 1000 | Terminated False | Truncated True
2026-02-25 14:11:10,053 [INFO] Checkpoint saved: checkpoints/ppo_ep_01775.pt
2026-02-25 14:11:13,516 [INFO] Step 0: reward=-2.172, dist=3.85
2026-02-25 14:11:20,159 [INFO] Step 200: reward=-3.908, dist=4.43
2026-02-25 14:11:26,939 [INFO] Step 400: reward=-1.905, dist=5.04
2026-02-25 14:11:31,922 [INFO] Step 600: reward=-1.934, dist=5.06
2026-02-25 14:11:36,756 [INFO] Step 800: reward=0.061, dist=5.33
2026-02-25 14:11:41,982 [INFO] Episode 1776 COMPLETE | Reward -1987.00 | Steps 1000 | Terminated False | Truncated True
2026-02-25 14:11:46,692 [INFO] Step 0: reward=-0.872, dist=3.62
2026-02-25 14:11:52,683 [INFO] Step 200: reward=-0.205, dist=3.17
2026-02-25 14:11:57,618 [INFO] Performing PPO update at global step 1433600
2026-02-25 14:11:57,895 [INFO] PPO losses — policy: -0.0028, value: 1551.5038, entropy: 4.2242
2026-02-25 14:11:57,901 [INFO] PPO update completed. Buffer cleared.
2026-02-25 14:11:59,281 [INFO] Step 400: reward=-0.205, dist=2.88
2026-02-25 14:12:06,321 [INFO] Step 600: reward=-0.297, dist=2.88
2026-02-25 14:12:13,202 [INFO] Step 800: reward=-8.446, dist=3.48
2026-02-25 14:12:17,785 [INFO] Episode 1777 COMPLETE | Reward -2180.72 | Steps 1000 | Terminated False | Truncated True
2026-02-25 14:12:21,889 [INFO] Step 0: reward=-2.134, dist=2.69
2026-02-25 14:12:27,838 [INFO] Step 200: reward=-1.550, dist=2.03
2026-02-25 14:12:32,512 [INFO] Step 400: reward=-3.780, dist=2.05
2026-02-25 14:12:38,218 [INFO] Step 600: reward=0.519, dist=2.44
2026-02-25 14:12:44,177 [INFO] Step 800: reward=0.425, dist=3.14
2026-02-25 14:12:49,711 [INFO] Episode 1778 COMPLETE | Reward -2299.91 | Steps 1000 | Terminated False | Truncated True
2026-02-25 14:12:53,907 [INFO] Step 0: reward=-2.109, dist=2.32
2026-02-25 14:12:58,309 [INFO] Step 200: reward=-3.193, dist=1.88
2026-02-25 14:13:03,507 [INFO] Step 400: reward=-3.472, dist=1.58
2026-02-25 14:13:03,552 [INFO] Performing PPO update at global step 1435648
2026-02-25 14:13:03,966 [INFO] PPO losses — policy: -0.0362, value: 1811.8643, entropy: 4.2242
2026-02-25 14:13:03,974 [INFO] PPO update completed. Buffer cleared.
2026-02-25 14:13:08,556 [INFO] Step 600: reward=-0.412, dist=1.82
2026-02-25 14:13:16,196 [INFO] Step 800: reward=-4.109, dist=1.78
2026-02-25 14:13:23,282 [INFO] Episode 1779 COMPLETE | Reward -1967.49 | Steps 1000 | Terminated False | Truncated True
2026-02-25 14:13:27,333 [INFO] Step 0: reward=-0.205, dist=3.03
2026-02-25 14:13:31,719 [INFO] Step 200: reward=-3.453, dist=2.87
2026-02-25 14:13:36,323 [INFO] Step 400: reward=-2.089, dist=2.62
2026-02-25 14:13:43,167 [INFO] Step 600: reward=-2.137, dist=2.33
2026-02-25 14:13:49,005 [INFO] Step 800: reward=-4.035, dist=2.35
2026-02-25 14:13:53,338 [INFO] Episode 1780 COMPLETE | Reward -2006.27 | Steps 1000 | Terminated False | Truncated True
2026-02-25 14:13:53,360 [INFO] Checkpoint saved: checkpoints/ppo_ep_01780.pt
2026-02-25 14:13:58,566 [INFO] Step 0: reward=-0.209, dist=3.59
2026-02-25 14:14:02,850 [INFO] Step 200: reward=-3.819, dist=3.63
2026-02-25 14:14:10,069 [INFO] Step 400: reward=0.360, dist=3.82
2026-02-25 14:14:12,771 [INFO] Performing PPO update at global step 1437696
2026-02-25 14:14:13,052 [INFO] PPO losses — policy: -0.0033, value: 683.5039, entropy: 4.2242
2026-02-25 14:14:13,056 [INFO] PPO update completed. Buffer cleared.
2026-02-25 14:14:18,111 [INFO] Step 600: reward=0.495, dist=3.92
2026-02-25 14:14:24,081 [INFO] Step 800: reward=3.008, dist=4.26
2026-02-25 14:14:30,355 [INFO] Episode 1781 COMPLETE | Reward -2283.93 | Steps 1000 | Terminated False | Truncated True
2026-02-25 14:14:33,443 [INFO] Step 0: reward=-8.276, dist=3.71
2026-02-25 14:14:41,231 [INFO] Step 200: reward=0.547, dist=3.98
2026-02-25 14:14:46,043 [INFO] Step 400: reward=-3.731, dist=4.08
2026-02-25 14:14:52,056 [INFO] Step 600: reward=0.530, dist=3.80
2026-02-25 14:14:57,784 [INFO] Step 800: reward=1.540, dist=4.07
2026-02-25 14:15:04,244 [INFO] Episode 1782 COMPLETE | Reward -2393.69 | Steps 1000 | Terminated False | Truncated True
2026-02-25 14:15:06,577 [INFO] Step 0: reward=-2.173, dist=3.45
2026-02-25 14:15:09,641 [INFO] Step 200: reward=-1.418, dist=3.88
2026-02-25 14:15:14,626 [INFO] Step 400: reward=-9.788, dist=4.18
2026-02-25 14:15:17,519 [INFO] Performing PPO update at global step 1439744
2026-02-25 14:15:17,783 [INFO] PPO losses — policy: 0.2999, value: 3062.5933, entropy: 4.2242
2026-02-25 14:15:17,788 [INFO] PPO update completed. Buffer cleared.
2026-02-25 14:15:20,951 [INFO] Step 600: reward=0.513, dist=4.51
2026-02-25 14:15:26,517 [INFO] Policy action (normalized): v = +0.945, w = -1.000 | Cmd_vel (scaled): v = +0.945 m/s, w = -1.000 rad/s
2026-02-25 14:15:27,438 [INFO] Step 800: reward=-4.072, dist=4.65
2026-02-25 14:15:34,566 [INFO] Episode 1783 COMPLETE | Reward -2517.74 | Steps 1000 | Terminated False | Truncated True
2026-02-25 14:15:37,548 [INFO] Step 0: reward=-2.025, dist=2.46
2026-02-25 14:15:45,032 [INFO] Step 200: reward=-4.176, dist=2.40
2026-02-25 14:15:51,949 [INFO] Step 400: reward=-0.205, dist=2.25
2026-02-25 14:15:57,990 [INFO] Step 600: reward=0.050, dist=2.42
2026-02-25 14:16:03,597 [INFO] Step 800: reward=-2.192, dist=2.52
2026-02-25 14:16:09,297 [INFO] Episode 1784 COMPLETE | Reward -1573.13 | Steps 1000 | Terminated False | Truncated True
2026-02-25 14:16:13,419 [INFO] Step 0: reward=-0.205, dist=2.60
2026-02-25 14:16:19,674 [INFO] Step 200: reward=-0.205, dist=2.66
2026-02-25 14:16:26,233 [INFO] Step 400: reward=-2.205, dist=2.62
2026-02-25 14:16:29,288 [INFO] Performing PPO update at global step 1441792
2026-02-25 14:16:29,556 [INFO] PPO losses — policy: 0.0456, value: 582.2743, entropy: 4.2242
2026-02-25 14:16:29,563 [INFO] PPO update completed. Buffer cleared.
2026-02-25 14:16:30,743 [INFO] Step 600: reward=-0.205, dist=2.64
2026-02-25 14:16:36,111 [INFO] Step 800: reward=-4.199, dist=2.64
2026-02-25 14:16:41,135 [INFO] Episode 1785 COMPLETE | Reward -1892.61 | Steps 1000 | Terminated False | Truncated True
2026-02-25 14:16:41,155 [INFO] Checkpoint saved: checkpoints/ppo_ep_01785.pt
2026-02-25 14:16:44,250 [INFO] Step 0: reward=-6.667, dist=2.84
2026-02-25 14:16:51,171 [INFO] Step 200: reward=-5.339, dist=3.19
2026-02-25 14:16:56,081 [INFO] Step 400: reward=-4.389, dist=2.98
2026-02-25 14:17:05,221 [INFO] Step 600: reward=-0.388, dist=3.56
2026-02-25 14:17:10,124 [INFO] Step 800: reward=-2.205, dist=3.60
2026-02-25 14:17:16,026 [INFO] Episode 1786 COMPLETE | Reward -2172.22 | Steps 1000 | Terminated False | Truncated True
2026-02-25 14:17:20,218 [INFO] Step 0: reward=-1.839, dist=2.84
2026-02-25 14:17:25,266 [INFO] Step 200: reward=-2.593, dist=3.03
2026-02-25 14:17:30,663 [INFO] Step 400: reward=-0.205, dist=2.98
2026-02-25 14:17:35,952 [INFO] Performing PPO update at global step 1443840
2026-02-25 14:17:36,355 [INFO] PPO losses — policy: -0.0489, value: 1226.5443, entropy: 4.2242
2026-02-25 14:17:36,362 [INFO] PPO update completed. Buffer cleared.
2026-02-25 14:17:36,389 [INFO] Step 600: reward=-7.500, dist=3.55
2026-02-25 14:17:42,433 [INFO] Step 800: reward=6.081, dist=3.72
2026-02-25 14:17:47,297 [INFO] Episode 1787 COMPLETE | Reward -2367.15 | Steps 1000 | Terminated False | Truncated True
2026-02-25 14:17:50,364 [INFO] Step 0: reward=-0.205, dist=3.96
2026-02-25 14:17:55,524 [INFO] Step 200: reward=-4.151, dist=3.97
2026-02-25 14:18:01,702 [INFO] Step 400: reward=-2.005, dist=4.38
2026-02-25 14:18:08,672 [INFO] Step 600: reward=-1.978, dist=3.89
2026-02-25 14:18:15,239 [INFO] Step 800: reward=-1.919, dist=3.89
2026-02-25 14:18:20,655 [INFO] Episode 1788 COMPLETE | Reward -1743.78 | Steps 1000 | Terminated False | Truncated True
2026-02-25 14:18:23,773 [INFO] Step 0: reward=-0.206, dist=3.33
2026-02-25 14:18:28,044 [INFO] Step 200: reward=-3.798, dist=3.62
2026-02-25 14:18:34,792 [INFO] Step 400: reward=0.529, dist=3.95
2026-02-25 14:18:40,152 [INFO] Step 600: reward=6.077, dist=3.73
2026-02-25 14:18:41,444 [INFO] Performing PPO update at global step 1445888
2026-02-25 14:18:41,725 [INFO] PPO losses — policy: -0.0054, value: 1400.6654, entropy: 4.2242
2026-02-25 14:18:41,731 [INFO] PPO update completed. Buffer cleared.
2026-02-25 14:18:48,301 [INFO] Step 800: reward=-9.122, dist=3.74
2026-02-25 14:18:55,213 [INFO] Episode 1789 COMPLETE | Reward -1825.90 | Steps 1000 | Terminated False | Truncated True
2026-02-25 14:18:58,538 [INFO] Step 0: reward=-0.213, dist=2.57
2026-02-25 14:19:03,574 [INFO] Step 200: reward=-2.213, dist=2.57
2026-02-25 14:19:09,233 [INFO] Step 400: reward=-0.211, dist=2.57
2026-02-25 14:19:14,858 [INFO] Step 600: reward=-2.230, dist=2.54
2026-02-25 14:19:19,618 [INFO] Step 800: reward=-4.000, dist=2.74
2026-02-25 14:19:23,576 [INFO] Episode 1790 COMPLETE | Reward -1993.97 | Steps 1000 | Terminated False | Truncated True
2026-02-25 14:19:23,594 [INFO] Checkpoint saved: checkpoints/ppo_ep_01790.pt
2026-02-25 14:19:26,770 [INFO] Step 0: reward=-1.501, dist=2.31
2026-02-25 14:19:33,347 [INFO] Step 200: reward=-4.118, dist=2.28
2026-02-25 14:19:40,081 [INFO] Step 400: reward=-2.149, dist=2.37
2026-02-25 14:19:46,337 [INFO] Step 600: reward=-0.242, dist=2.40
2026-02-25 14:19:49,361 [INFO] Performing PPO update at global step 1447936
2026-02-25 14:19:49,627 [INFO] PPO losses — policy: 0.0433, value: 868.1887, entropy: 4.2242
2026-02-25 14:19:49,632 [INFO] PPO update completed. Buffer cleared.
2026-02-25 14:19:54,618 [INFO] Step 800: reward=-2.131, dist=2.68
2026-02-25 14:20:02,173 [INFO] Episode 1791 COMPLETE | Reward -1647.77 | Steps 1000 | Terminated False | Truncated True
2026-02-25 14:20:06,372 [INFO] Step 0: reward=-0.205, dist=2.37
2026-02-25 14:20:12,555 [INFO] Step 200: reward=-2.205, dist=2.46
2026-02-25 14:20:17,890 [INFO] Step 400: reward=-2.223, dist=2.79
2026-02-25 14:20:24,460 [INFO] Step 600: reward=-2.208, dist=3.65
2026-02-25 14:20:31,077 [INFO] Step 800: reward=-1.910, dist=4.06
2026-02-25 14:20:37,022 [INFO] Episode 1792 COMPLETE | Reward -1486.33 | Steps 1000 | Terminated False | Truncated True
2026-02-25 14:20:40,610 [INFO] Step 0: reward=-0.305, dist=3.98
2026-02-25 14:20:47,808 [INFO] Step 200: reward=0.168, dist=4.10
2026-02-25 14:20:54,764 [INFO] Step 400: reward=0.093, dist=4.43
2026-02-25 14:21:01,113 [INFO] Step 600: reward=-1.598, dist=5.50
2026-02-25 14:21:03,106 [INFO] Performing PPO update at global step 1449984
2026-02-25 14:21:03,500 [INFO] PPO losses — policy: 0.0026, value: 261.0665, entropy: 4.2242
2026-02-25 14:21:03,507 [INFO] PPO update completed. Buffer cleared.
2026-02-25 14:21:03,929 [INFO] Policy action (normalized): v = -0.997, w = -1.000 | Cmd_vel (scaled): v = -0.997 m/s, w = -1.000 rad/s
2026-02-25 14:21:04,589 [INFO] Step 800: reward=-1.932, dist=5.61
2026-02-25 14:21:11,171 [INFO] Episode 1793 COMPLETE | Reward -1325.15 | Steps 1000 | Terminated False | Truncated True
2026-02-25 14:21:13,886 [INFO] Step 0: reward=-0.836, dist=3.00
2026-02-25 14:21:20,004 [INFO] Step 200: reward=-0.499, dist=3.22
2026-02-25 14:21:26,016 [INFO] Step 400: reward=-2.214, dist=3.43
2026-02-25 14:21:30,938 [INFO] Step 600: reward=-2.556, dist=3.31
2026-02-25 14:21:37,841 [INFO] Step 800: reward=0.438, dist=3.12
2026-02-25 14:21:45,716 [INFO] Episode 1794 COMPLETE | Reward -1240.60 | Steps 1000 | Terminated False | Truncated True
2026-02-25 14:21:49,862 [INFO] Step 0: reward=-0.205, dist=3.47
2026-02-25 14:21:56,606 [INFO] Step 200: reward=-0.215, dist=3.60
2026-02-25 14:22:02,819 [INFO] Step 400: reward=-2.039, dist=4.40
2026-02-25 14:22:08,554 [INFO] Step 600: reward=0.103, dist=5.17
2026-02-25 14:22:15,809 [INFO] Performing PPO update at global step 1452032
2026-02-25 14:22:16,138 [INFO] PPO losses — policy: 0.0224, value: 251.5491, entropy: 4.2242
2026-02-25 14:22:16,142 [INFO] PPO update completed. Buffer cleared.
2026-02-25 14:22:16,549 [INFO] Step 800: reward=-0.425, dist=5.37
2026-02-25 14:22:23,506 [INFO] Episode 1795 COMPLETE | Reward -936.97 | Steps 1000 | Terminated False | Truncated True
2026-02-25 14:22:23,531 [INFO] Checkpoint saved: checkpoints/ppo_ep_01795.pt
2026-02-25 14:22:26,754 [INFO] Step 0: reward=-0.235, dist=2.04
2026-02-25 14:22:33,398 [INFO] Step 200: reward=-4.268, dist=1.80
2026-02-25 14:22:40,401 [INFO] Step 400: reward=-0.239, dist=1.15
2026-02-25 14:22:47,245 [INFO] Step 600: reward=-0.273, dist=2.36
2026-02-25 14:22:52,279 [INFO] Step 800: reward=-0.474, dist=2.85
2026-02-25 14:23:00,257 [INFO] Episode 1796 COMPLETE | Reward -1413.82 | Steps 1000 | Terminated False | Truncated True
2026-02-25 14:23:04,313 [INFO] Step 0: reward=-0.205, dist=3.65
2026-02-25 14:23:09,412 [INFO] Step 200: reward=-0.215, dist=3.38
2026-02-25 14:23:16,297 [INFO] Step 400: reward=-0.349, dist=4.59
2026-02-25 14:23:23,423 [INFO] Step 600: reward=-0.042, dist=5.59
2026-02-25 14:23:29,198 [INFO] Step 800: reward=0.147, dist=5.78
2026-02-25 14:23:30,088 [INFO] Performing PPO update at global step 1454080
2026-02-25 14:23:30,366 [INFO] PPO losses — policy: 0.0164, value: 637.1233, entropy: 4.2242
2026-02-25 14:23:30,370 [INFO] PPO update completed. Buffer cleared.
2026-02-25 14:23:35,833 [INFO] Episode 1797 COMPLETE | Reward -1083.91 | Steps 1000 | Terminated False | Truncated True
2026-02-25 14:23:40,361 [INFO] Step 0: reward=5.959, dist=3.06
2026-02-25 14:23:47,940 [INFO] Step 200: reward=-1.498, dist=2.77
2026-02-25 14:23:52,903 [INFO] Step 400: reward=-1.480, dist=2.51
2026-02-25 14:23:58,013 [INFO] Step 600: reward=-1.500, dist=2.42
2026-02-25 14:24:05,554 [INFO] Step 800: reward=-0.184, dist=2.07
2026-02-25 14:24:11,156 [INFO] Episode 1798 COMPLETE | Reward -1916.94 | Steps 1000 | Terminated False | Truncated True
2026-02-25 14:24:15,451 [INFO] Step 0: reward=-0.218, dist=3.80
2026-02-25 14:24:21,382 [INFO] Step 200: reward=0.088, dist=5.01
2026-02-25 14:24:28,121 [INFO] Step 400: reward=0.190, dist=4.78
2026-02-25 14:24:33,182 [INFO] Step 600: reward=3.550, dist=3.88
2026-02-25 14:24:39,730 [INFO] Step 800: reward=0.249, dist=3.39
2026-02-25 14:24:43,252 [INFO] Performing PPO update at global step 1456128
2026-02-25 14:24:43,686 [INFO] PPO losses — policy: 0.0195, value: 1172.2158, entropy: 4.2242
2026-02-25 14:24:43,693 [INFO] PPO update completed. Buffer cleared.
2026-02-25 14:24:48,603 [INFO] Episode 1799 COMPLETE | Reward -899.08 | Steps 1000 | Terminated False | Truncated True
2026-02-25 14:24:51,565 [INFO] Step 0: reward=-0.305, dist=2.01
2026-02-25 14:24:57,650 [INFO] Step 200: reward=-1.537, dist=2.77
2026-02-25 14:25:03,037 [INFO] Step 400: reward=-2.338, dist=3.80
2026-02-25 14:25:08,359 [INFO] Step 600: reward=0.055, dist=4.19
2026-02-25 14:25:15,327 [INFO] Step 800: reward=-8.787, dist=3.32
2026-02-25 14:25:21,408 [INFO] Episode 1800 COMPLETE | Reward -1190.65 | Steps 1000 | Terminated False | Truncated True
2026-02-25 14:25:21,426 [INFO] Checkpoint saved: checkpoints/ppo_ep_01800.pt
2026-02-25 14:25:25,436 [INFO] Step 0: reward=-6.786, dist=3.72
2026-02-25 14:25:31,792 [INFO] Step 200: reward=0.042, dist=3.51
2026-02-25 14:25:37,221 [INFO] Step 400: reward=-1.406, dist=3.43
2026-02-25 14:25:44,754 [INFO] Step 600: reward=-0.562, dist=3.08
2026-02-25 14:25:51,061 [INFO] Step 800: reward=-0.291, dist=4.35
2026-02-25 14:25:53,901 [INFO] Performing PPO update at global step 1458176
2026-02-25 14:25:54,166 [INFO] PPO losses — policy: -0.0284, value: 920.1295, entropy: 4.2242
2026-02-25 14:25:54,170 [INFO] PPO update completed. Buffer cleared.
2026-02-25 14:25:56,266 [INFO] Episode 1801 COMPLETE | Reward -1365.13 | Steps 1000 | Terminated False | Truncated True
2026-02-25 14:25:59,387 [INFO] Step 0: reward=-0.216, dist=2.82
2026-02-25 14:26:06,571 [INFO] Step 200: reward=-0.205, dist=2.96
2026-02-25 14:26:12,475 [INFO] Step 400: reward=-0.371, dist=4.26
2026-02-25 14:26:16,437 [INFO] Step 600: reward=-1.911, dist=4.84
2026-02-25 14:26:21,341 [INFO] Step 800: reward=0.114, dist=4.89
2026-02-25 14:26:27,994 [INFO] Episode 1802 COMPLETE | Reward -975.41 | Steps 1000 | Terminated False | Truncated True
2026-02-25 14:26:31,542 [INFO] Step 0: reward=-0.205, dist=2.63
2026-02-25 14:26:36,863 [INFO] Step 200: reward=-4.044, dist=2.78
2026-02-25 14:26:41,763 [INFO] Step 400: reward=-2.119, dist=2.58
2026-02-25 14:26:47,579 [INFO] Step 600: reward=-4.359, dist=1.61
2026-02-25 14:26:50,602 [INFO] Episode 1803 COMPLETE | Reward -498.38 | Steps 717 | Terminated True | Truncated False
2026-02-25 14:26:55,632 [INFO] Step 0: reward=-0.205, dist=3.78
2026-02-25 14:26:56,530 [INFO] Policy action (normalized): v = +1.000, w = +0.983 | Cmd_vel (scaled): v = +1.000 m/s, w = +0.983 rad/s
2026-02-25 14:27:01,274 [INFO] Step 200: reward=-0.817, dist=5.04
2026-02-25 14:27:02,959 [INFO] Performing PPO update at global step 1460224
2026-02-25 14:27:03,230 [INFO] PPO losses — policy: 0.0031, value: 525.5712, entropy: 4.2242
2026-02-25 14:27:03,235 [INFO] PPO update completed. Buffer cleared.
2026-02-25 14:27:07,576 [INFO] Step 400: reward=0.094, dist=5.67
2026-02-25 14:27:15,131 [INFO] Step 600: reward=-6.257, dist=4.35
2026-02-25 14:27:22,479 [INFO] Step 800: reward=-1.698, dist=4.34
2026-02-25 14:27:29,365 [INFO] Episode 1804 COMPLETE | Reward -725.01 | Steps 1000 | Terminated False | Truncated True
2026-02-25 14:27:33,507 [INFO] Step 0: reward=-0.205, dist=3.28
2026-02-25 14:27:38,508 [INFO] Step 200: reward=-1.840, dist=2.70
2026-02-25 14:27:42,924 [INFO] Step 400: reward=-6.067, dist=2.10
2026-02-25 14:27:49,570 [INFO] Step 600: reward=-0.206, dist=1.69
2026-02-25 14:27:55,221 [INFO] Step 800: reward=-0.390, dist=3.12
2026-02-25 14:28:02,114 [INFO] Episode 1805 COMPLETE | Reward -1140.00 | Steps 1000 | Terminated False | Truncated True
2026-02-25 14:28:02,135 [INFO] Checkpoint saved: checkpoints/ppo_ep_01805.pt
2026-02-25 14:28:04,179 [INFO] Step 0: reward=-0.205, dist=3.25
2026-02-25 14:28:10,211 [INFO] Step 200: reward=-0.858, dist=3.83
2026-02-25 14:28:13,135 [INFO] Performing PPO update at global step 1462272
2026-02-25 14:28:13,415 [INFO] PPO losses — policy: 0.0111, value: 586.0838, entropy: 4.2242
2026-02-25 14:28:13,420 [INFO] PPO update completed. Buffer cleared.
2026-02-25 14:28:15,662 [INFO] Step 400: reward=0.095, dist=5.31
2026-02-25 14:28:22,352 [INFO] Step 600: reward=-1.905, dist=4.94
2026-02-25 14:28:28,125 [INFO] Step 800: reward=0.516, dist=3.93
2026-02-25 14:28:31,984 [INFO] Episode 1806 COMPLETE | Reward -1013.99 | Steps 1000 | Terminated False | Truncated True
2026-02-25 14:28:35,114 [INFO] Step 0: reward=-0.208, dist=3.88
2026-02-25 14:28:39,582 [INFO] Step 200: reward=-1.646, dist=3.55
2026-02-25 14:28:44,931 [INFO] Step 400: reward=-2.253, dist=3.30
2026-02-25 14:28:49,757 [INFO] Step 600: reward=-1.547, dist=3.37
2026-02-25 14:28:56,479 [INFO] Step 800: reward=-0.005, dist=5.02
2026-02-25 14:29:02,208 [INFO] Episode 1807 COMPLETE | Reward -1187.80 | Steps 1000 | Terminated False | Truncated True
2026-02-25 14:29:06,382 [INFO] Step 0: reward=-2.123, dist=3.92
2026-02-25 14:29:13,885 [INFO] Step 200: reward=0.060, dist=4.07
2026-02-25 14:29:20,083 [INFO] Performing PPO update at global step 1464320
2026-02-25 14:29:20,369 [INFO] PPO losses — policy: -0.0025, value: 722.8367, entropy: 4.2242
2026-02-25 14:29:20,374 [INFO] PPO update completed. Buffer cleared.
2026-02-25 14:29:21,573 [INFO] Step 400: reward=-0.005, dist=5.78
2026-02-25 14:29:28,480 [INFO] Step 600: reward=-4.439, dist=4.25
2026-02-25 14:29:36,516 [INFO] Step 800: reward=0.092, dist=4.18
2026-02-25 14:29:42,258 [INFO] Episode 1808 COMPLETE | Reward -674.42 | Steps 1000 | Terminated False | Truncated True
2026-02-25 14:29:46,366 [INFO] Step 0: reward=-0.219, dist=3.89
2026-02-25 14:29:52,022 [INFO] Step 200: reward=-4.436, dist=2.93
2026-02-25 14:29:57,384 [INFO] Step 400: reward=-2.222, dist=2.82
2026-02-25 14:30:02,722 [INFO] Step 600: reward=-0.360, dist=3.97
2026-02-25 14:30:08,443 [INFO] Step 800: reward=0.141, dist=4.58
2026-02-25 14:30:14,465 [INFO] Episode 1809 COMPLETE | Reward -874.41 | Steps 1000 | Terminated False | Truncated True
2026-02-25 14:30:19,586 [INFO] Step 0: reward=-0.207, dist=3.97
2026-02-25 14:30:25,720 [INFO] Step 200: reward=-1.905, dist=5.14
2026-02-25 14:30:29,960 [INFO] Step 400: reward=-3.767, dist=4.47
2026-02-25 14:30:30,144 [INFO] Performing PPO update at global step 1466368
2026-02-25 14:30:30,560 [INFO] PPO losses — policy: 0.0114, value: 318.9781, entropy: 4.2242
2026-02-25 14:30:30,568 [INFO] PPO update completed. Buffer cleared.
2026-02-25 14:30:36,500 [INFO] Step 600: reward=-2.244, dist=3.54
2026-02-25 14:30:40,505 [INFO] Step 800: reward=-2.210, dist=3.35
2026-02-25 14:30:45,978 [INFO] Episode 1810 COMPLETE | Reward -1070.34 | Steps 1000 | Terminated False | Truncated True
2026-02-25 14:30:45,996 [INFO] Checkpoint saved: checkpoints/ppo_ep_01810.pt
2026-02-25 14:30:50,207 [INFO] Step 0: reward=-0.205, dist=3.64
2026-02-25 14:30:55,607 [INFO] Step 200: reward=-1.906, dist=5.16
2026-02-25 14:31:01,552 [INFO] Step 400: reward=0.086, dist=5.63
2026-02-25 14:31:06,576 [INFO] Step 600: reward=0.405, dist=4.30
2026-02-25 14:31:11,786 [INFO] Step 800: reward=-2.214, dist=3.84
2026-02-25 14:31:17,342 [INFO] Episode 1811 COMPLETE | Reward -554.98 | Steps 1000 | Terminated False | Truncated True
2026-02-25 14:31:22,510 [INFO] Step 0: reward=-0.205, dist=3.95
2026-02-25 14:31:27,745 [INFO] Step 200: reward=0.465, dist=3.32
2026-02-25 14:31:32,801 [INFO] Step 400: reward=1.023, dist=2.70
2026-02-25 14:31:34,470 [INFO] Performing PPO update at global step 1468416
2026-02-25 14:31:34,752 [INFO] PPO losses — policy: -0.0087, value: 423.9291, entropy: 4.2242
2026-02-25 14:31:34,757 [INFO] PPO update completed. Buffer cleared.
2026-02-25 14:31:38,804 [INFO] Step 600: reward=-2.317, dist=2.27
2026-02-25 14:31:43,390 [INFO] Step 800: reward=-2.889, dist=3.85
2026-02-25 14:31:49,235 [INFO] Episode 1812 COMPLETE | Reward -1057.58 | Steps 1000 | Terminated False | Truncated True
2026-02-25 14:32:00,834 [INFO] Step 0: reward=0.095, dist=4.24
2026-02-25 14:32:05,391 [INFO] Step 200: reward=-2.005, dist=4.20
2026-02-25 14:32:10,423 [INFO] Step 400: reward=0.055, dist=5.70
2026-02-25 14:32:14,587 [INFO] Step 600: reward=0.131, dist=6.13
2026-02-25 14:32:18,219 [INFO] Step 800: reward=0.380, dist=5.41
2026-02-25 14:32:23,437 [INFO] Episode 1813 COMPLETE | Reward -732.17 | Steps 1000 | Terminated False | Truncated True
2026-02-25 14:32:26,483 [INFO] Step 0: reward=-0.205, dist=3.87
2026-02-25 14:32:27,216 [INFO] Policy action (normalized): v = +0.999, w = -0.593 | Cmd_vel (scaled): v = +0.999 m/s, w = -0.593 rad/s
2026-02-25 14:32:32,787 [INFO] Step 200: reward=0.081, dist=4.09
2026-02-25 14:32:39,371 [INFO] Step 400: reward=6.126, dist=3.18
2026-02-25 14:32:41,698 [INFO] Performing PPO update at global step 1470464
2026-02-25 14:32:41,984 [INFO] PPO losses — policy: -0.0087, value: 214.5380, entropy: 4.2242
2026-02-25 14:32:41,989 [INFO] PPO update completed. Buffer cleared.
2026-02-25 14:32:45,029 [INFO] Step 600: reward=0.668, dist=2.83
2026-02-25 14:32:52,047 [INFO] Step 800: reward=-2.383, dist=3.29
2026-02-25 14:32:56,977 [INFO] Episode 1814 COMPLETE | Reward -977.70 | Steps 1000 | Terminated False | Truncated True
2026-02-25 14:33:01,888 [INFO] Step 0: reward=-0.205, dist=3.54
2026-02-25 14:33:08,913 [INFO] Step 200: reward=0.095, dist=4.81
2026-02-25 14:33:15,684 [INFO] Step 400: reward=-0.222, dist=3.51
2026-02-25 14:33:21,137 [INFO] Step 600: reward=-2.398, dist=3.94
2026-02-25 14:33:26,474 [INFO] Step 800: reward=0.095, dist=5.22
2026-02-25 14:33:32,081 [INFO] Episode 1815 COMPLETE | Reward -488.92 | Steps 1000 | Terminated False | Truncated True
2026-02-25 14:33:32,098 [INFO] Checkpoint saved: checkpoints/ppo_ep_01815.pt
2026-02-25 14:33:43,630 [INFO] Step 0: reward=0.095, dist=4.24
2026-02-25 14:33:49,467 [INFO] Step 200: reward=-0.091, dist=4.67
2026-02-25 14:33:53,450 [INFO] Step 400: reward=0.094, dist=5.73
2026-02-25 14:33:56,039 [INFO] Performing PPO update at global step 1472512
2026-02-25 14:33:56,431 [INFO] PPO losses — policy: 0.0168, value: 266.3191, entropy: 4.2242
2026-02-25 14:33:56,437 [INFO] PPO update completed. Buffer cleared.
2026-02-25 14:33:58,001 [INFO] Step 600: reward=0.244, dist=5.73
2026-02-25 14:34:04,385 [INFO] Step 800: reward=-0.217, dist=4.00
2026-02-25 14:34:11,161 [INFO] Episode 1816 COMPLETE | Reward -493.08 | Steps 1000 | Terminated False | Truncated True
2026-02-25 14:34:22,662 [INFO] Step 0: reward=0.088, dist=4.24
2026-02-25 14:34:28,552 [INFO] Step 200: reward=-0.139, dist=4.73
2026-02-25 14:34:33,447 [INFO] Step 400: reward=0.095, dist=5.93
2026-02-25 14:34:37,948 [INFO] Step 600: reward=0.093, dist=5.14
2026-02-25 14:34:41,660 [INFO] Step 800: reward=0.024, dist=4.09
2026-02-25 14:34:47,637 [INFO] Episode 1817 COMPLETE | Reward -550.71 | Steps 1000 | Terminated False | Truncated True
2026-02-25 14:34:50,049 [INFO] Step 0: reward=-0.206, dist=2.58
2026-02-25 14:34:57,072 [INFO] Step 200: reward=-1.349, dist=3.78
2026-02-25 14:35:03,980 [INFO] Step 400: reward=0.537, dist=4.03
2026-02-25 14:35:10,897 [INFO] Performing PPO update at global step 1474560
2026-02-25 14:35:11,187 [INFO] PPO losses — policy: 0.0206, value: 153.4618, entropy: 4.2242
2026-02-25 14:35:11,193 [INFO] PPO update completed. Buffer cleared.
2026-02-25 14:35:11,201 [INFO] Step 600: reward=-1.502, dist=3.32
2026-02-25 14:35:17,500 [INFO] Step 800: reward=-0.426, dist=3.71
2026-02-25 14:35:23,277 [INFO] Episode 1818 COMPLETE | Reward -528.31 | Steps 1000 | Terminated False | Truncated True
2026-02-25 14:35:26,541 [INFO] Step 0: reward=-0.205, dist=2.48
2026-02-25 14:35:32,877 [INFO] Step 200: reward=5.609, dist=1.16
2026-02-25 14:35:33,390 [INFO] Episode 1819 COMPLETE | Reward 288.54 | Steps 215 | Terminated True | Truncated False
2026-02-25 14:35:33,427 [INFO] New BEST model saved! Reward = 288.54 (episode 1819)
2026-02-25 14:35:36,482 [INFO] Step 0: reward=5.456, dist=3.68
2026-02-25 14:35:41,185 [INFO] Step 200: reward=-0.250, dist=2.92
2026-02-25 14:35:46,560 [INFO] Step 400: reward=0.095, dist=4.82
2026-02-25 14:35:52,068 [INFO] Step 600: reward=0.136, dist=5.55
2026-02-25 14:35:59,084 [INFO] Step 800: reward=-0.151, dist=3.78
2026-02-25 14:36:07,940 [INFO] Episode 1820 COMPLETE | Reward -435.68 | Steps 1000 | Terminated False | Truncated True
2026-02-25 14:36:07,963 [INFO] Checkpoint saved: checkpoints/ppo_ep_01820.pt
2026-02-25 14:36:11,125 [INFO] Step 0: reward=-0.205, dist=2.40
2026-02-25 14:36:15,249 [INFO] Step 200: reward=-2.206, dist=3.53
2026-02-25 14:36:21,147 [INFO] Step 400: reward=0.458, dist=3.04
2026-02-25 14:36:22,584 [INFO] Performing PPO update at global step 1476608
2026-02-25 14:36:22,863 [INFO] PPO losses — policy: 0.0563, value: 641.8296, entropy: 4.2242
2026-02-25 14:36:22,868 [INFO] PPO update completed. Buffer cleared.
2026-02-25 14:36:28,080 [INFO] Step 600: reward=-0.536, dist=2.21
2026-02-25 14:36:34,747 [INFO] Step 800: reward=-0.046, dist=4.14
2026-02-25 14:36:40,096 [INFO] Episode 1821 COMPLETE | Reward -705.72 | Steps 1000 | Terminated False | Truncated True
2026-02-25 14:36:44,287 [INFO] Step 0: reward=-0.240, dist=3.50
2026-02-25 14:36:50,234 [INFO] Step 200: reward=0.092, dist=5.28
2026-02-25 14:36:57,299 [INFO] Step 400: reward=0.717, dist=4.45
2026-02-25 14:37:03,547 [INFO] Step 600: reward=-1.905, dist=4.41
2026-02-25 14:37:09,657 [INFO] Step 800: reward=0.079, dist=5.93
2026-02-25 14:37:15,219 [INFO] Episode 1822 COMPLETE | Reward -67.39 | Steps 1000 | Terminated False | Truncated True
2026-02-25 14:37:19,662 [INFO] Step 0: reward=-8.251, dist=2.99
2026-02-25 14:37:23,922 [INFO] Step 200: reward=-2.211, dist=2.25
2026-02-25 14:37:29,240 [INFO] Step 400: reward=-2.218, dist=3.84
2026-02-25 14:37:30,970 [INFO] Performing PPO update at global step 1478656
2026-02-25 14:37:31,262 [INFO] PPO losses — policy: 0.1081, value: 326.4255, entropy: 4.2242
2026-02-25 14:37:31,268 [INFO] PPO update completed. Buffer cleared.
2026-02-25 14:37:35,292 [INFO] Step 600: reward=-1.905, dist=4.71
2026-02-25 14:37:40,430 [INFO] Step 800: reward=0.089, dist=4.08
2026-02-25 14:37:44,467 [INFO] Episode 1823 COMPLETE | Reward -730.93 | Steps 1000 | Terminated False | Truncated True
2026-02-25 14:37:47,700 [INFO] Step 0: reward=-0.205, dist=2.94
2026-02-25 14:37:54,930 [INFO] Step 200: reward=-1.614, dist=4.62
2026-02-25 14:38:01,343 [INFO] Step 400: reward=-1.444, dist=3.69
2026-02-25 14:38:06,819 [INFO] Step 600: reward=-2.212, dist=2.67
2026-02-25 14:38:11,872 [INFO] Step 800: reward=-2.206, dist=3.57
2026-02-25 14:38:12,356 [INFO] Policy action (normalized): v = +1.000, w = -0.957 | Cmd_vel (scaled): v = +1.000 m/s, w = -0.957 rad/s
2026-02-25 14:38:17,358 [INFO] Episode 1824 COMPLETE | Reward -707.24 | Steps 1000 | Terminated False | Truncated True
2026-02-25 14:38:28,871 [INFO] Step 0: reward=0.039, dist=4.24
2026-02-25 14:38:33,982 [INFO] Step 200: reward=-0.443, dist=4.16
2026-02-25 14:38:40,393 [INFO] Step 400: reward=0.014, dist=6.39
2026-02-25 14:38:43,740 [INFO] Performing PPO update at global step 1480704
2026-02-25 14:38:44,031 [INFO] PPO losses — policy: 0.1341, value: 238.6826, entropy: 4.2242
2026-02-25 14:38:44,037 [INFO] PPO update completed. Buffer cleared.
2026-02-25 14:38:45,504 [INFO] Step 600: reward=-2.397, dist=6.27
2026-02-25 14:38:50,330 [INFO] Step 800: reward=-1.950, dist=4.21
2026-02-25 14:38:54,047 [INFO] Episode 1825 COMPLETE | Reward -700.55 | Steps 1000 | Terminated False | Truncated True
2026-02-25 14:38:54,067 [INFO] Checkpoint saved: checkpoints/ppo_ep_01825.pt
2026-02-25 14:38:57,062 [INFO] Step 0: reward=-0.305, dist=3.06
2026-02-25 14:39:02,991 [INFO] Step 200: reward=-3.604, dist=4.61
2026-02-25 14:39:09,639 [INFO] Step 400: reward=0.209, dist=4.99
2026-02-25 14:39:14,842 [INFO] Step 600: reward=2.013, dist=3.97
2026-02-25 14:39:21,712 [INFO] Step 800: reward=-0.139, dist=3.42
2026-02-25 14:39:27,171 [INFO] Episode 1826 COMPLETE | Reward -832.70 | Steps 1000 | Terminated False | Truncated True
2026-02-25 14:39:38,655 [INFO] Step 0: reward=0.088, dist=4.24
2026-02-25 14:39:43,716 [INFO] Step 200: reward=-0.440, dist=3.94
2026-02-25 14:39:50,111 [INFO] Step 400: reward=0.050, dist=5.53
2026-02-25 14:39:56,325 [INFO] Performing PPO update at global step 1482752
2026-02-25 14:39:56,608 [INFO] PPO losses — policy: -0.0183, value: 226.3890, entropy: 4.2242
2026-02-25 14:39:56,613 [INFO] PPO update completed. Buffer cleared.
2026-02-25 14:39:57,312 [INFO] Step 600: reward=-0.589, dist=7.31
2026-02-25 14:40:03,483 [INFO] Step 800: reward=-0.589, dist=3.31
2026-02-25 14:40:11,749 [INFO] Episode 1827 COMPLETE | Reward -587.47 | Steps 1000 | Terminated False | Truncated True
2026-02-25 14:40:16,667 [INFO] Step 0: reward=-0.206, dist=2.15
2026-02-25 14:40:22,283 [INFO] Step 200: reward=-0.348, dist=3.77
2026-02-25 14:40:25,677 [INFO] Step 400: reward=-1.907, dist=4.21
2026-02-25 14:40:31,932 [INFO] Step 600: reward=-2.216, dist=3.95
2026-02-25 14:40:37,101 [INFO] Step 800: reward=-4.189, dist=2.78
2026-02-25 14:40:44,597 [INFO] Episode 1828 COMPLETE | Reward -855.79 | Steps 1000 | Terminated False | Truncated True
2026-02-25 14:40:47,747 [INFO] Step 0: reward=-0.205, dist=3.25
2026-02-25 14:40:52,592 [INFO] Step 200: reward=-0.005, dist=5.04
2026-02-25 14:40:56,642 [INFO] Step 400: reward=-1.959, dist=5.59
2026-02-25 14:41:03,013 [INFO] Step 600: reward=0.434, dist=4.80
2026-02-25 14:41:03,188 [INFO] Performing PPO update at global step 1484800
2026-02-25 14:41:03,467 [INFO] PPO losses — policy: 0.0258, value: 138.5488, entropy: 4.2242
2026-02-25 14:41:03,472 [INFO] PPO update completed. Buffer cleared.
2026-02-25 14:41:10,273 [INFO] Step 800: reward=-4.236, dist=4.63
2026-02-25 14:41:16,113 [INFO] Episode 1829 COMPLETE | Reward -1093.03 | Steps 1000 | Terminated False | Truncated True
2026-02-25 14:41:20,189 [INFO] Step 0: reward=-0.206, dist=3.41
2026-02-25 14:41:26,405 [INFO] Step 200: reward=0.027, dist=4.50
2026-02-25 14:41:29,410 [INFO] Step 400: reward=-1.911, dist=4.60
2026-02-25 14:41:36,770 [INFO] Step 600: reward=-1.580, dist=3.64
2026-02-25 14:41:42,158 [INFO] Step 800: reward=-1.517, dist=3.72
2026-02-25 14:41:47,722 [INFO] Episode 1830 COMPLETE | Reward -1551.87 | Steps 1000 | Terminated False | Truncated True
2026-02-25 14:41:47,748 [INFO] Checkpoint saved: checkpoints/ppo_ep_01830.pt
2026-02-25 14:41:50,974 [INFO] Step 0: reward=-1.708, dist=3.26
2026-02-25 14:41:57,171 [INFO] Step 200: reward=-0.075, dist=3.78
2026-02-25 14:42:03,878 [INFO] Step 400: reward=0.428, dist=2.51
2026-02-25 14:42:11,374 [INFO] Step 600: reward=-6.170, dist=2.15
2026-02-25 14:42:13,772 [INFO] Performing PPO update at global step 1486848
2026-02-25 14:42:14,157 [INFO] PPO losses — policy: -0.0369, value: 921.6798, entropy: 4.2242
2026-02-25 14:42:14,164 [INFO] PPO update completed. Buffer cleared.
2026-02-25 14:42:17,255 [INFO] Step 800: reward=-4.704, dist=2.13
2026-02-25 14:42:22,231 [INFO] Episode 1831 COMPLETE | Reward -1620.50 | Steps 1000 | Terminated False | Truncated True
2026-02-25 14:42:25,596 [INFO] Step 0: reward=-0.305, dist=2.24
2026-02-25 14:42:31,019 [INFO] Step 200: reward=0.458, dist=1.46
2026-02-25 14:42:37,862 [INFO] Step 400: reward=0.781, dist=1.74
2026-02-25 14:42:45,017 [INFO] Step 600: reward=0.643, dist=1.60
2026-02-25 14:42:51,180 [INFO] Step 800: reward=-6.299, dist=1.22
2026-02-25 14:42:54,475 [INFO] Episode 1832 COMPLETE | Reward -1394.96 | Steps 943 | Terminated True | Truncated False
2026-02-25 14:42:58,585 [INFO] Step 0: reward=-0.205, dist=3.77
2026-02-25 14:43:03,640 [INFO] Step 200: reward=0.094, dist=5.17
2026-02-25 14:43:08,022 [INFO] Step 400: reward=-1.906, dist=6.33
2026-02-25 14:43:13,961 [INFO] Step 600: reward=0.065, dist=5.88
2026-02-25 14:43:18,718 [INFO] Performing PPO update at global step 1488896
2026-02-25 14:43:19,000 [INFO] PPO losses — policy: -0.0074, value: 1054.5406, entropy: 4.2242
2026-02-25 14:43:19,004 [INFO] PPO update completed. Buffer cleared.
2026-02-25 14:43:20,091 [INFO] Step 800: reward=5.333, dist=4.89
2026-02-25 14:43:23,846 [INFO] Episode 1833 COMPLETE | Reward -980.53 | Steps 1000 | Terminated False | Truncated True
2026-02-25 14:43:28,670 [INFO] Step 0: reward=-8.993, dist=2.44
2026-02-25 14:43:35,980 [INFO] Step 200: reward=-4.582, dist=2.94
2026-02-25 14:43:42,306 [INFO] Step 400: reward=-0.209, dist=2.95
2026-02-25 14:43:49,594 [INFO] Step 600: reward=-1.581, dist=2.68
2026-02-25 14:43:56,479 [INFO] Step 800: reward=-1.586, dist=2.58
2026-02-25 14:44:00,244 [INFO] Policy action (normalized): v = +0.067, w = -1.000 | Cmd_vel (scaled): v = +0.067 m/s, w = -1.000 rad/s
2026-02-25 14:44:03,798 [INFO] Episode 1834 COMPLETE | Reward -2084.25 | Steps 1000 | Terminated False | Truncated True
2026-02-25 14:44:07,838 [INFO] Step 0: reward=-0.221, dist=3.67
2026-02-25 14:44:12,518 [INFO] Step 200: reward=-2.205, dist=2.96
2026-02-25 14:44:17,392 [INFO] Step 400: reward=-6.569, dist=2.84
2026-02-25 14:44:23,335 [INFO] Step 600: reward=-4.077, dist=2.95
2026-02-25 14:44:29,049 [INFO] Step 800: reward=-6.198, dist=2.71
2026-02-25 14:44:29,917 [INFO] Performing PPO update at global step 1490944
2026-02-25 14:44:30,193 [INFO] PPO losses — policy: -0.0116, value: 1230.8634, entropy: 4.2242
2026-02-25 14:44:30,198 [INFO] PPO update completed. Buffer cleared.
2026-02-25 14:44:36,718 [INFO] Episode 1835 COMPLETE | Reward -2054.92 | Steps 1000 | Terminated False | Truncated True
2026-02-25 14:44:36,737 [INFO] Checkpoint saved: checkpoints/ppo_ep_01835.pt
2026-02-25 14:44:39,880 [INFO] Step 0: reward=-0.225, dist=3.92
2026-02-25 14:44:45,025 [INFO] Step 200: reward=0.062, dist=5.36
2026-02-25 14:44:51,522 [INFO] Step 400: reward=0.095, dist=4.96
2026-02-25 14:44:57,845 [INFO] Step 600: reward=-2.595, dist=4.56
2026-02-25 14:45:04,341 [INFO] Step 800: reward=4.991, dist=4.24
2026-02-25 14:45:09,490 [INFO] Episode 1836 COMPLETE | Reward -1258.43 | Steps 1000 | Terminated False | Truncated True
2026-02-25 14:45:13,568 [INFO] Step 0: reward=-0.208, dist=3.22
2026-02-25 14:45:18,419 [INFO] Step 200: reward=-0.787, dist=3.37
2026-02-25 14:45:23,375 [INFO] Step 400: reward=-0.153, dist=4.92
2026-02-25 14:45:29,676 [INFO] Step 600: reward=0.686, dist=4.63
2026-02-25 14:45:37,083 [INFO] Step 800: reward=3.631, dist=4.42
2026-02-25 14:45:38,875 [INFO] Performing PPO update at global step 1492992
2026-02-25 14:45:39,170 [INFO] PPO losses — policy: -0.0181, value: 549.5321, entropy: 4.2242
2026-02-25 14:45:39,175 [INFO] PPO update completed. Buffer cleared.
2026-02-25 14:45:42,633 [INFO] Episode 1837 COMPLETE | Reward -989.48 | Steps 1000 | Terminated False | Truncated True
2026-02-25 14:45:46,799 [INFO] Step 0: reward=-0.207, dist=3.38
2026-02-25 14:45:53,007 [INFO] Step 200: reward=-4.331, dist=2.93
2026-02-25 14:45:59,706 [INFO] Step 400: reward=0.721, dist=3.07
2026-02-25 14:46:07,531 [INFO] Step 600: reward=0.421, dist=2.88
2026-02-25 14:46:14,681 [INFO] Step 800: reward=-4.385, dist=3.05
2026-02-25 14:46:22,624 [INFO] Episode 1838 COMPLETE | Reward -1866.48 | Steps 1000 | Terminated False | Truncated True
2026-02-25 14:46:25,723 [INFO] Step 0: reward=5.963, dist=3.50
2026-02-25 14:46:31,147 [INFO] Step 200: reward=0.444, dist=3.24
2026-02-25 14:46:37,952 [INFO] Step 400: reward=0.902, dist=3.22
2026-02-25 14:46:44,370 [INFO] Step 600: reward=0.537, dist=3.01
2026-02-25 14:46:50,230 [INFO] Step 800: reward=-4.238, dist=3.09
2026-02-25 14:46:52,946 [INFO] Performing PPO update at global step 1495040
2026-02-25 14:46:53,224 [INFO] PPO losses — policy: 0.0250, value: 1085.0603, entropy: 4.2242
2026-02-25 14:46:53,229 [INFO] PPO update completed. Buffer cleared.
2026-02-25 14:46:55,810 [INFO] Episode 1839 COMPLETE | Reward -2151.08 | Steps 1000 | Terminated False | Truncated True
2026-02-25 14:46:58,127 [INFO] Step 0: reward=-0.261, dist=3.78
2026-02-25 14:47:03,905 [INFO] Step 200: reward=-0.195, dist=5.29
2026-02-25 14:47:09,006 [INFO] Step 400: reward=0.080, dist=5.37
2026-02-25 14:47:14,059 [INFO] Step 600: reward=-2.986, dist=4.51
2026-02-25 14:47:19,726 [INFO] Step 800: reward=0.347, dist=4.58
2026-02-25 14:47:24,248 [INFO] Episode 1840 COMPLETE | Reward -1393.36 | Steps 1000 | Terminated False | Truncated True
2026-02-25 14:47:24,266 [INFO] Checkpoint saved: checkpoints/ppo_ep_01840.pt
2026-02-25 14:47:29,444 [INFO] Step 0: reward=-0.205, dist=3.04
2026-02-25 14:47:35,142 [INFO] Step 200: reward=-0.134, dist=4.33
2026-02-25 14:47:40,867 [INFO] Step 400: reward=0.106, dist=5.40
2026-02-25 14:47:44,366 [INFO] Step 600: reward=-1.785, dist=4.82
2026-02-25 14:47:52,512 [INFO] Step 800: reward=0.519, dist=4.06
2026-02-25 14:47:57,377 [INFO] Performing PPO update at global step 1497088
2026-02-25 14:47:57,774 [INFO] PPO losses — policy: -0.0295, value: 482.2274, entropy: 4.2242
2026-02-25 14:47:57,781 [INFO] PPO update completed. Buffer cleared.
2026-02-25 14:47:58,266 [INFO] Episode 1841 COMPLETE | Reward -1034.66 | Steps 1000 | Terminated False | Truncated True
2026-02-25 14:48:01,192 [INFO] Step 0: reward=-0.206, dist=3.13
2026-02-25 14:48:07,872 [INFO] Step 200: reward=-1.864, dist=4.04
2026-02-25 14:48:13,368 [INFO] Step 400: reward=-1.591, dist=3.11
2026-02-25 14:48:21,748 [INFO] Step 600: reward=-4.094, dist=2.65
2026-02-25 14:48:29,312 [INFO] Step 800: reward=0.573, dist=2.09
2026-02-25 14:48:35,972 [INFO] Episode 1842 COMPLETE | Reward -1101.05 | Steps 1000 | Terminated False | Truncated True
2026-02-25 14:48:39,005 [INFO] Step 0: reward=-0.205, dist=3.01
2026-02-25 14:48:45,468 [INFO] Step 200: reward=-0.528, dist=4.69
2026-02-25 14:48:49,935 [INFO] Step 400: reward=0.087, dist=4.08
2026-02-25 14:48:57,029 [INFO] Step 600: reward=-4.128, dist=3.19
2026-02-25 14:49:02,057 [INFO] Step 800: reward=-6.300, dist=3.07
2026-02-25 14:49:08,719 [INFO] Episode 1843 COMPLETE | Reward -1527.85 | Steps 1000 | Terminated False | Truncated True
2026-02-25 14:49:18,916 [INFO] Step 0: reward=0.095, dist=4.24
2026-02-25 14:49:19,389 [INFO] Performing PPO update at global step 1499136
2026-02-25 14:49:19,662 [INFO] PPO losses — policy: 0.2142, value: 678.5949, entropy: 4.2242
2026-02-25 14:49:19,667 [INFO] PPO update completed. Buffer cleared.
2026-02-25 14:49:27,106 [INFO] Step 200: reward=-0.400, dist=5.31
2026-02-25 14:49:34,882 [INFO] Step 400: reward=0.450, dist=5.44
2026-02-25 14:49:41,515 [INFO] Step 600: reward=0.179, dist=4.22
2026-02-25 14:49:47,694 [INFO] Step 800: reward=-1.842, dist=4.96
2026-02-25 14:49:50,271 [INFO] Policy action (normalized): v = +0.795, w = -0.985 | Cmd_vel (scaled): v = +0.795 m/s, w = -0.985 rad/s
2026-02-25 14:49:54,699 [INFO] Episode 1844 COMPLETE | Reward -465.64 | Steps 1000 | Terminated False | Truncated True
2026-02-25 14:49:58,543 [INFO] Step 0: reward=-0.214, dist=2.75
2026-02-25 14:50:05,977 [INFO] Step 200: reward=5.731, dist=2.50
2026-02-25 14:50:12,191 [INFO] Step 400: reward=0.496, dist=2.25
2026-02-25 14:50:18,283 [INFO] Step 600: reward=-1.390, dist=2.11
2026-02-25 14:50:26,083 [INFO] Step 800: reward=-4.363, dist=2.12
2026-02-25 14:50:31,916 [INFO] Episode 1845 COMPLETE | Reward -2111.34 | Steps 1000 | Terminated False | Truncated True
2026-02-25 14:50:31,935 [INFO] Checkpoint saved: checkpoints/ppo_ep_01845.pt
2026-02-25 14:50:34,512 [INFO] Step 0: reward=-0.305, dist=2.61
2026-02-25 14:50:37,007 [INFO] Performing PPO update at global step 1501184
2026-02-25 14:50:37,399 [INFO] PPO losses — policy: -0.0021, value: 623.6288, entropy: 4.2242
2026-02-25 14:50:37,405 [INFO] PPO update completed. Buffer cleared.
2026-02-25 14:50:42,133 [INFO] Step 200: reward=0.526, dist=2.23
2026-02-25 14:50:46,742 [INFO] Step 400: reward=0.511, dist=2.14
2026-02-25 14:50:51,060 [INFO] Step 600: reward=-4.011, dist=2.03
2026-02-25 14:50:54,780 [INFO] Step 800: reward=-1.478, dist=2.02
2026-02-25 14:51:00,469 [INFO] Episode 1846 COMPLETE | Reward -2060.36 | Steps 1000 | Terminated False | Truncated True
2026-02-25 14:51:04,620 [INFO] Step 0: reward=-0.205, dist=3.58
2026-02-25 14:51:09,458 [INFO] Step 200: reward=-0.305, dist=3.89
2026-02-25 14:51:15,791 [INFO] Step 400: reward=0.386, dist=3.07
2026-02-25 14:51:21,711 [INFO] Step 600: reward=-2.380, dist=2.28
2026-02-25 14:51:26,218 [INFO] Step 800: reward=-2.008, dist=2.25
2026-02-25 14:51:32,436 [INFO] Episode 1847 COMPLETE | Reward -1736.15 | Steps 1000 | Terminated False | Truncated True
2026-02-25 14:51:34,834 [INFO] Step 0: reward=-0.246, dist=2.27
2026-02-25 14:51:38,722 [INFO] Performing PPO update at global step 1503232
2026-02-25 14:51:39,009 [INFO] PPO losses — policy: 0.0193, value: 932.0360, entropy: 4.2242
2026-02-25 14:51:39,015 [INFO] PPO update completed. Buffer cleared.
2026-02-25 14:51:41,032 [INFO] Step 200: reward=0.094, dist=4.09
2026-02-25 14:51:46,400 [INFO] Step 400: reward=-0.079, dist=3.68
2026-02-25 14:51:54,513 [INFO] Step 600: reward=-3.979, dist=3.20
2026-02-25 14:51:59,313 [INFO] Step 800: reward=-2.170, dist=2.86
2026-02-25 14:52:04,016 [INFO] Episode 1848 COMPLETE | Reward -1530.00 | Steps 1000 | Terminated False | Truncated True
2026-02-25 14:52:07,152 [INFO] Step 0: reward=-9.188, dist=2.57
2026-02-25 14:52:13,218 [INFO] Step 200: reward=-1.424, dist=2.23
2026-02-25 14:52:19,995 [INFO] Step 400: reward=-2.365, dist=2.96
2026-02-25 14:52:24,913 [INFO] Step 600: reward=-2.098, dist=3.94
2026-02-25 14:52:29,696 [INFO] Step 800: reward=-2.205, dist=3.57
2026-02-25 14:52:35,557 [INFO] Episode 1849 COMPLETE | Reward -1220.14 | Steps 1000 | Terminated False | Truncated True
2026-02-25 14:52:40,738 [INFO] Step 0: reward=-0.226, dist=2.04
2026-02-25 14:52:44,034 [INFO] Performing PPO update at global step 1505280
2026-02-25 14:52:44,313 [INFO] PPO losses — policy: -0.0006, value: 682.5139, entropy: 4.2242
2026-02-25 14:52:44,318 [INFO] PPO update completed. Buffer cleared.
2026-02-25 14:52:45,766 [INFO] Step 200: reward=-4.123, dist=1.79
2026-02-25 14:52:53,255 [INFO] Step 400: reward=-4.061, dist=1.80
2026-02-25 14:52:58,138 [INFO] Step 600: reward=-4.219, dist=1.78
2026-02-25 14:53:02,564 [INFO] Step 800: reward=-1.704, dist=1.87
2026-02-25 14:53:09,182 [INFO] Episode 1850 COMPLETE | Reward -1756.02 | Steps 1000 | Terminated False | Truncated True
2026-02-25 14:53:09,206 [INFO] Checkpoint saved: checkpoints/ppo_ep_01850.pt
2026-02-25 14:53:12,439 [INFO] Step 0: reward=-0.205, dist=3.75
2026-02-25 14:53:18,256 [INFO] Step 200: reward=-1.913, dist=5.00
2026-02-25 14:53:23,066 [INFO] Step 400: reward=-1.915, dist=4.53
2026-02-25 14:53:27,492 [INFO] Step 600: reward=-1.588, dist=4.32
2026-02-25 14:53:33,093 [INFO] Step 800: reward=5.148, dist=3.87
2026-02-25 14:53:39,503 [INFO] Episode 1851 COMPLETE | Reward -1509.80 | Steps 1000 | Terminated False | Truncated True
2026-02-25 14:53:43,457 [INFO] Step 0: reward=-0.205, dist=3.32
2026-02-25 14:53:48,147 [INFO] Step 200: reward=0.049, dist=4.16
2026-02-25 14:53:48,357 [INFO] Performing PPO update at global step 1507328
2026-02-25 14:53:48,628 [INFO] PPO losses — policy: 0.0277, value: 863.3840, entropy: 4.2242
2026-02-25 14:53:48,633 [INFO] PPO update completed. Buffer cleared.
2026-02-25 14:53:54,684 [INFO] Step 400: reward=-0.100, dist=5.18
2026-02-25 14:54:00,702 [INFO] Step 600: reward=0.488, dist=4.76
2026-02-25 14:54:07,797 [INFO] Step 800: reward=-1.523, dist=4.89
2026-02-25 14:54:13,767 [INFO] Episode 1852 COMPLETE | Reward -1354.30 | Steps 1000 | Terminated False | Truncated True
2026-02-25 14:54:16,558 [INFO] Step 0: reward=5.931, dist=2.55
2026-02-25 14:54:22,380 [INFO] Step 200: reward=-1.435, dist=2.30
2026-02-25 14:54:27,506 [INFO] Step 400: reward=0.473, dist=2.39
2026-02-25 14:54:34,629 [INFO] Step 600: reward=0.023, dist=2.48
2026-02-25 14:54:42,293 [INFO] Step 800: reward=-4.197, dist=2.28
2026-02-25 14:54:47,079 [INFO] Episode 1853 COMPLETE | Reward -1728.73 | Steps 1000 | Terminated False | Truncated True
2026-02-25 14:54:51,237 [INFO] Step 0: reward=-0.205, dist=3.90
2026-02-25 14:54:57,086 [INFO] Step 200: reward=-1.915, dist=5.35
2026-02-25 14:54:59,147 [INFO] Performing PPO update at global step 1509376
2026-02-25 14:54:59,424 [INFO] PPO losses — policy: 0.0277, value: 712.6918, entropy: 4.2242
2026-02-25 14:54:59,430 [INFO] PPO update completed. Buffer cleared.
2026-02-25 14:55:04,081 [INFO] Step 400: reward=0.153, dist=6.09
2026-02-25 14:55:10,734 [INFO] Step 600: reward=0.548, dist=4.75
2026-02-25 14:55:16,782 [INFO] Step 800: reward=0.049, dist=4.89
2026-02-25 14:55:18,470 [INFO] Policy action (normalized): v = +1.000, w = -1.000 | Cmd_vel (scaled): v = +1.000 m/s, w = -1.000 rad/s
2026-02-25 14:55:22,836 [INFO] Episode 1854 COMPLETE | Reward -571.86 | Steps 1000 | Terminated False | Truncated True
2026-02-25 14:55:25,518 [INFO] Step 0: reward=-0.205, dist=3.05
2026-02-25 14:55:32,142 [INFO] Step 200: reward=-1.990, dist=4.37
2026-02-25 14:55:39,516 [INFO] Step 400: reward=0.180, dist=4.42
2026-02-25 14:55:44,978 [INFO] Step 600: reward=0.413, dist=4.32
2026-02-25 14:55:48,955 [INFO] Step 800: reward=-1.570, dist=4.19
2026-02-25 14:55:55,091 [INFO] Episode 1855 COMPLETE | Reward -1551.40 | Steps 1000 | Terminated False | Truncated True
2026-02-25 14:55:55,111 [INFO] Checkpoint saved: checkpoints/ppo_ep_01855.pt
2026-02-25 14:55:59,247 [INFO] Step 0: reward=-0.205, dist=2.51
2026-02-25 14:56:05,346 [INFO] Step 200: reward=-2.392, dist=3.39
2026-02-25 14:56:08,239 [INFO] Performing PPO update at global step 1511424
2026-02-25 14:56:08,523 [INFO] PPO losses — policy: 0.0133, value: 476.1819, entropy: 4.2242
2026-02-25 14:56:08,529 [INFO] PPO update completed. Buffer cleared.
2026-02-25 14:56:11,163 [INFO] Step 400: reward=0.121, dist=4.37
2026-02-25 14:56:18,909 [INFO] Step 600: reward=-7.965, dist=3.47
2026-02-25 14:56:23,340 [INFO] Step 800: reward=-2.205, dist=2.78
2026-02-25 14:56:30,391 [INFO] Episode 1856 COMPLETE | Reward -826.39 | Steps 1000 | Terminated False | Truncated True
2026-02-25 14:56:34,487 [INFO] Step 0: reward=-1.727, dist=3.13
2026-02-25 14:56:38,057 [INFO] Step 200: reward=0.040, dist=4.10
2026-02-25 14:56:41,450 [INFO] Step 400: reward=-1.901, dist=4.77
2026-02-25 14:56:45,051 [INFO] Step 600: reward=0.177, dist=4.67
2026-02-25 14:56:49,134 [INFO] Step 800: reward=0.309, dist=4.08
2026-02-25 14:56:55,229 [INFO] Episode 1857 COMPLETE | Reward -1272.67 | Steps 1000 | Terminated False | Truncated True
2026-02-25 14:56:58,595 [INFO] Step 0: reward=-0.205, dist=3.80
2026-02-25 14:57:05,319 [INFO] Step 200: reward=-3.598, dist=3.53
2026-02-25 14:57:09,024 [INFO] Performing PPO update at global step 1513472
2026-02-25 14:57:09,322 [INFO] PPO losses — policy: 0.0765, value: 334.8550, entropy: 4.2242
2026-02-25 14:57:09,327 [INFO] PPO update completed. Buffer cleared.
2026-02-25 14:57:11,410 [INFO] Step 400: reward=-4.462, dist=2.63
2026-02-25 14:57:20,037 [INFO] Step 600: reward=-0.344, dist=2.83
2026-02-25 14:57:25,459 [INFO] Step 800: reward=-0.001, dist=4.14
2026-02-25 14:57:31,898 [INFO] Episode 1858 COMPLETE | Reward -1082.79 | Steps 1000 | Terminated False | Truncated True
2026-02-25 14:57:34,658 [INFO] Step 0: reward=-0.210, dist=3.86
2026-02-25 14:57:39,499 [INFO] Step 200: reward=-0.216, dist=4.00
2026-02-25 14:57:45,853 [INFO] Step 400: reward=-1.922, dist=5.61
2026-02-25 14:57:53,065 [INFO] Step 600: reward=-4.140, dist=4.43
2026-02-25 14:57:59,603 [INFO] Step 800: reward=-0.006, dist=4.11
2026-02-25 14:58:05,171 [INFO] Episode 1859 COMPLETE | Reward -822.46 | Steps 1000 | Terminated False | Truncated True
2026-02-25 14:58:08,236 [INFO] Step 0: reward=-0.205, dist=3.13
2026-02-25 14:58:15,883 [INFO] Step 200: reward=0.061, dist=4.88
2026-02-25 14:58:21,823 [INFO] Step 400: reward=4.777, dist=3.83
2026-02-25 14:58:21,824 [INFO] Performing PPO update at global step 1515520
2026-02-25 14:58:22,226 [INFO] PPO losses — policy: 0.0194, value: 230.3551, entropy: 4.2242
2026-02-25 14:58:22,237 [INFO] PPO update completed. Buffer cleared.
2026-02-25 14:58:27,343 [INFO] Step 600: reward=-2.205, dist=3.79
2026-02-25 14:58:31,936 [INFO] Step 800: reward=0.033, dist=5.18
2026-02-25 14:58:38,176 [INFO] Episode 1860 COMPLETE | Reward -801.84 | Steps 1000 | Terminated False | Truncated True
2026-02-25 14:58:38,197 [INFO] Checkpoint saved: checkpoints/ppo_ep_01860.pt
2026-02-25 14:58:49,726 [INFO] Step 0: reward=0.095, dist=4.24
2026-02-25 14:58:54,008 [INFO] Step 200: reward=0.094, dist=4.45
2026-02-25 14:58:57,864 [INFO] Step 400: reward=-1.905, dist=5.37
2026-02-25 14:59:02,494 [INFO] Step 600: reward=0.293, dist=5.70
2026-02-25 14:59:11,212 [INFO] Step 800: reward=-0.352, dist=4.66
2026-02-25 14:59:16,814 [INFO] Episode 1861 COMPLETE | Reward -602.82 | Steps 1000 | Terminated False | Truncated True
2026-02-25 14:59:19,841 [INFO] Step 0: reward=-0.205, dist=2.40
2026-02-25 14:59:25,010 [INFO] Step 200: reward=-6.285, dist=1.36
2026-02-25 14:59:27,734 [INFO] Episode 1862 COMPLETE | Reward -162.83 | Steps 284 | Terminated True | Truncated False
2026-02-25 14:59:39,485 [INFO] Step 0: reward=0.095, dist=4.24
2026-02-25 14:59:43,836 [INFO] Performing PPO update at global step 1517568
2026-02-25 14:59:44,123 [INFO] PPO losses — policy: 0.0120, value: 582.0429, entropy: 4.2242
2026-02-25 14:59:44,128 [INFO] PPO update completed. Buffer cleared.
2026-02-25 14:59:45,379 [INFO] Step 200: reward=0.095, dist=5.32
2026-02-25 14:59:50,938 [INFO] Step 400: reward=0.185, dist=5.55
2026-02-25 14:59:58,003 [INFO] Step 600: reward=-0.430, dist=3.69
2026-02-25 15:00:04,141 [INFO] Step 800: reward=-0.585, dist=3.79
2026-02-25 15:00:09,916 [INFO] Episode 1863 COMPLETE | Reward -573.49 | Steps 1000 | Terminated False | Truncated True
2026-02-25 15:00:13,718 [INFO] Step 0: reward=-0.245, dist=2.08
2026-02-25 15:00:17,437 [INFO] Episode 1864 COMPLETE | Reward 390.05 | Steps 93 | Terminated True | Truncated False
2026-02-25 15:00:17,479 [INFO] New BEST model saved! Reward = 390.05 (episode 1864)
2026-02-25 15:00:22,448 [INFO] Step 0: reward=-0.205, dist=3.81
2026-02-25 15:00:27,654 [INFO] Step 200: reward=-1.397, dist=2.75
2026-02-25 15:00:34,193 [INFO] Step 400: reward=-0.219, dist=2.47
2026-02-25 15:00:38,907 [INFO] Step 600: reward=-0.235, dist=3.92
2026-02-25 15:00:44,229 [INFO] Step 800: reward=0.203, dist=3.91
2026-02-25 15:00:51,761 [INFO] Episode 1865 COMPLETE | Reward -588.24 | Steps 1000 | Terminated False | Truncated True
2026-02-25 15:00:51,781 [INFO] Checkpoint saved: checkpoints/ppo_ep_01865.pt
2026-02-25 15:00:55,581 [INFO] Step 0: reward=-0.214, dist=2.51
2026-02-25 15:00:59,401 [INFO] Performing PPO update at global step 1519616
2026-02-25 15:00:59,692 [INFO] PPO losses — policy: 0.0353, value: 688.8955, entropy: 4.2242
2026-02-25 15:00:59,697 [INFO] PPO update completed. Buffer cleared.
2026-02-25 15:01:02,897 [INFO] Step 200: reward=-0.134, dist=2.46
2026-02-25 15:01:09,564 [INFO] Episode 1866 COMPLETE | Reward 150.48 | Steps 395 | Terminated True | Truncated False
2026-02-25 15:01:21,250 [INFO] Step 0: reward=0.057, dist=4.24
2026-02-25 15:01:23,985 [INFO] Policy action (normalized): v = +0.281, w = -0.009 | Cmd_vel (scaled): v = +0.281 m/s, w = -0.009 rad/s
2026-02-25 15:01:26,704 [INFO] Step 200: reward=0.095, dist=4.61
2026-02-25 15:01:32,585 [INFO] Step 400: reward=-0.005, dist=6.45
2026-02-25 15:01:37,704 [INFO] Step 600: reward=-1.905, dist=6.56
2026-02-25 15:01:43,073 [INFO] Step 800: reward=-2.728, dist=4.08
2026-02-25 15:01:48,879 [INFO] Episode 1867 COMPLETE | Reward -438.88 | Steps 1000 | Terminated False | Truncated True
2026-02-25 15:01:53,034 [INFO] Step 0: reward=-0.221, dist=3.42
2026-02-25 15:01:58,497 [INFO] Step 200: reward=0.015, dist=4.90
2026-02-25 15:02:03,659 [INFO] Step 400: reward=0.091, dist=5.35
2026-02-25 15:02:10,031 [INFO] Step 600: reward=-4.001, dist=4.03
2026-02-25 15:02:13,904 [INFO] Performing PPO update at global step 1521664
2026-02-25 15:02:14,320 [INFO] PPO losses — policy: 0.0204, value: 532.8108, entropy: 4.2242
2026-02-25 15:02:14,327 [INFO] PPO update completed. Buffer cleared.
2026-02-25 15:02:15,057 [INFO] Step 800: reward=-2.211, dist=3.68
2026-02-25 15:02:20,582 [INFO] Episode 1868 COMPLETE | Reward -711.87 | Steps 1000 | Terminated False | Truncated True
2026-02-25 15:02:25,851 [INFO] Step 0: reward=-0.248, dist=2.49
2026-02-25 15:02:32,612 [INFO] Step 200: reward=-0.225, dist=2.24
2026-02-25 15:02:37,260 [INFO] Step 400: reward=-0.244, dist=3.59
2026-02-25 15:02:41,833 [INFO] Step 600: reward=-1.905, dist=4.27
2026-02-25 15:02:48,897 [INFO] Step 800: reward=-0.169, dist=2.35
2026-02-25 15:02:54,577 [INFO] Episode 1869 COMPLETE | Reward -547.68 | Steps 1000 | Terminated False | Truncated True
2026-02-25 15:02:58,619 [INFO] Step 0: reward=5.939, dist=3.62
2026-02-25 15:03:02,800 [INFO] Step 200: reward=-0.194, dist=2.83
2026-02-25 15:03:07,442 [INFO] Step 400: reward=-0.450, dist=3.80
2026-02-25 15:03:14,053 [INFO] Step 600: reward=0.092, dist=5.36
2026-02-25 15:03:20,083 [INFO] Step 800: reward=2.047, dist=4.17
2026-02-25 15:03:20,604 [INFO] Performing PPO update at global step 1523712
2026-02-25 15:03:20,986 [INFO] PPO losses — policy: 0.1697, value: 150.6785, entropy: 4.2242
2026-02-25 15:03:20,991 [INFO] PPO update completed. Buffer cleared.
2026-02-25 15:03:28,290 [INFO] Episode 1870 COMPLETE | Reward -550.73 | Steps 1000 | Terminated False | Truncated True
2026-02-25 15:03:28,318 [INFO] Checkpoint saved: checkpoints/ppo_ep_01870.pt
2026-02-25 15:03:31,467 [INFO] Step 0: reward=-0.207, dist=2.14
2026-02-25 15:03:39,686 [INFO] Step 200: reward=0.093, dist=4.07
2026-02-25 15:03:44,418 [INFO] Step 400: reward=0.079, dist=3.17
2026-02-25 15:03:51,424 [INFO] Step 600: reward=-2.210, dist=2.10
2026-02-25 15:04:00,220 [INFO] Step 800: reward=0.082, dist=4.29
2026-02-25 15:04:05,414 [INFO] Episode 1871 COMPLETE | Reward -655.09 | Steps 1000 | Terminated False | Truncated True
2026-02-25 15:04:09,602 [INFO] Step 0: reward=-0.262, dist=2.65
2026-02-25 15:04:16,782 [INFO] Step 200: reward=0.095, dist=4.64
2026-02-25 15:04:23,202 [INFO] Step 400: reward=5.392, dist=3.64
2026-02-25 15:04:30,543 [INFO] Step 600: reward=-0.648, dist=3.58
2026-02-25 15:04:36,276 [INFO] Step 800: reward=0.080, dist=4.82
2026-02-25 15:04:38,109 [INFO] Performing PPO update at global step 1525760
2026-02-25 15:04:38,509 [INFO] PPO losses — policy: 0.0434, value: 108.2664, entropy: 4.2242
2026-02-25 15:04:38,518 [INFO] PPO update completed. Buffer cleared.
2026-02-25 15:04:43,033 [INFO] Episode 1872 COMPLETE | Reward -422.24 | Steps 1000 | Terminated False | Truncated True
2026-02-25 15:04:46,495 [INFO] Step 0: reward=-0.243, dist=3.54
2026-02-25 15:04:51,276 [INFO] Step 200: reward=-4.168, dist=2.59
2026-02-25 15:04:56,749 [INFO] Step 400: reward=-0.347, dist=2.29
2026-02-25 15:05:01,183 [INFO] Step 600: reward=-0.410, dist=3.42
2026-02-25 15:05:06,480 [INFO] Step 800: reward=0.155, dist=4.25
2026-02-25 15:05:11,999 [INFO] Episode 1873 COMPLETE | Reward -637.36 | Steps 1000 | Terminated False | Truncated True
2026-02-25 15:05:16,518 [INFO] Step 0: reward=-0.205, dist=2.89
2026-02-25 15:05:22,784 [INFO] Step 200: reward=-0.027, dist=4.62
2026-02-25 15:05:30,874 [INFO] Step 400: reward=-1.483, dist=3.73
2026-02-25 15:05:36,415 [INFO] Step 600: reward=-0.561, dist=3.47
2026-02-25 15:05:41,362 [INFO] Step 800: reward=0.093, dist=5.13
2026-02-25 15:05:46,147 [INFO] Performing PPO update at global step 1527808
2026-02-25 15:05:46,439 [INFO] PPO losses — policy: 0.0727, value: 195.2780, entropy: 4.2242
2026-02-25 15:05:46,444 [INFO] PPO update completed. Buffer cleared.
2026-02-25 15:05:49,219 [INFO] Episode 1874 COMPLETE | Reward -524.95 | Steps 1000 | Terminated False | Truncated True
2026-02-25 15:05:53,369 [INFO] Step 0: reward=-0.208, dist=3.93
2026-02-25 15:05:56,916 [INFO] Step 200: reward=0.002, dist=3.51
2026-02-25 15:06:04,430 [INFO] Step 400: reward=-0.193, dist=1.92
2026-02-25 15:06:10,426 [INFO] Step 600: reward=-0.347, dist=3.74
2026-02-25 15:06:16,889 [INFO] Step 800: reward=-3.819, dist=3.42
2026-02-25 15:06:24,338 [INFO] Episode 1875 COMPLETE | Reward -571.74 | Steps 1000 | Terminated False | Truncated True
2026-02-25 15:06:24,357 [INFO] Checkpoint saved: checkpoints/ppo_ep_01875.pt
2026-02-25 15:06:28,745 [INFO] Step 0: reward=-2.095, dist=2.77
2026-02-25 15:06:33,880 [INFO] Step 200: reward=-1.630, dist=3.17
2026-02-25 15:06:39,598 [INFO] Step 400: reward=-1.714, dist=4.32
2026-02-25 15:06:44,885 [INFO] Step 600: reward=0.427, dist=2.99
2026-02-25 15:06:49,924 [INFO] Step 800: reward=-0.373, dist=2.67
2026-02-25 15:06:52,642 [INFO] Performing PPO update at global step 1529856
2026-02-25 15:06:52,924 [INFO] PPO losses — policy: 0.2808, value: 279.8915, entropy: 4.2242
2026-02-25 15:06:52,929 [INFO] PPO update completed. Buffer cleared.
2026-02-25 15:06:54,045 [INFO] Episode 1876 COMPLETE | Reward -867.76 | Steps 1000 | Terminated False | Truncated True
2026-02-25 15:06:58,597 [INFO] Step 0: reward=-0.218, dist=4.00
2026-02-25 15:07:00,589 [INFO] Policy action (normalized): v = +0.974, w = -0.997 | Cmd_vel (scaled): v = +0.974 m/s, w = -0.997 rad/s
2026-02-25 15:07:03,405 [INFO] Step 200: reward=-0.205, dist=3.39
2026-02-25 15:07:09,038 [INFO] Step 400: reward=-1.532, dist=2.42
2026-02-25 15:07:13,083 [INFO] Step 600: reward=-2.305, dist=1.97
2026-02-25 15:07:18,229 [INFO] Step 800: reward=-0.561, dist=3.36
2026-02-25 15:07:23,883 [INFO] Episode 1877 COMPLETE | Reward -1020.83 | Steps 1000 | Terminated False | Truncated True
2026-02-25 15:07:28,687 [INFO] Step 0: reward=-0.205, dist=2.02
2026-02-25 15:07:33,277 [INFO] Step 200: reward=-1.786, dist=3.42
2026-02-25 15:07:40,298 [INFO] Step 400: reward=0.077, dist=3.60
2026-02-25 15:07:46,715 [INFO] Step 600: reward=-0.149, dist=2.11
2026-02-25 15:07:53,393 [INFO] Step 800: reward=-0.205, dist=3.21
2026-02-25 15:08:01,140 [INFO] Episode 1878 COMPLETE | Reward -626.33 | Steps 1000 | Terminated False | Truncated True
2026-02-25 15:08:04,652 [INFO] Step 0: reward=-0.205, dist=2.40
2026-02-25 15:08:04,947 [INFO] Performing PPO update at global step 1531904
2026-02-25 15:08:05,310 [INFO] PPO losses — policy: 0.0919, value: 173.5579, entropy: 4.2242
2026-02-25 15:08:05,316 [INFO] PPO update completed. Buffer cleared.
2026-02-25 15:08:10,161 [INFO] Step 200: reward=-0.336, dist=3.70
2026-02-25 15:08:17,050 [INFO] Step 400: reward=-1.588, dist=2.99
2026-02-25 15:08:21,461 [INFO] Step 600: reward=-5.708, dist=2.11
2026-02-25 15:08:26,014 [INFO] Step 800: reward=-0.205, dist=2.03
2026-02-25 15:08:30,916 [INFO] Episode 1879 COMPLETE | Reward -925.76 | Steps 1000 | Terminated False | Truncated True
2026-02-25 15:08:36,134 [INFO] Step 0: reward=-0.206, dist=3.25
2026-02-25 15:08:42,482 [INFO] Step 200: reward=-0.059, dist=4.75
2026-02-25 15:08:50,122 [INFO] Step 400: reward=0.652, dist=4.19
2026-02-25 15:08:54,893 [INFO] Step 600: reward=-0.190, dist=3.28
2026-02-25 15:09:01,707 [INFO] Step 800: reward=-1.940, dist=5.14
2026-02-25 15:09:06,212 [INFO] Episode 1880 COMPLETE | Reward -620.81 | Steps 1000 | Terminated False | Truncated True
2026-02-25 15:09:06,234 [INFO] Checkpoint saved: checkpoints/ppo_ep_01880.pt
2026-02-25 15:09:08,508 [INFO] Step 0: reward=-0.205, dist=3.71
2026-02-25 15:09:10,065 [INFO] Performing PPO update at global step 1533952
2026-02-25 15:09:10,338 [INFO] PPO losses — policy: 0.1228, value: 245.3957, entropy: 4.2242
2026-02-25 15:09:10,343 [INFO] PPO update completed. Buffer cleared.
2026-02-25 15:09:14,795 [INFO] Step 200: reward=-2.009, dist=4.91
2026-02-25 15:09:19,153 [INFO] Step 400: reward=-1.905, dist=5.31
2026-02-25 15:09:26,027 [INFO] Step 600: reward=-2.248, dist=3.86
2026-02-25 15:09:32,306 [INFO] Step 800: reward=0.091, dist=5.67
2026-02-25 15:09:38,995 [INFO] Episode 1881 COMPLETE | Reward -208.93 | Steps 1000 | Terminated False | Truncated True
2026-02-25 15:09:43,417 [INFO] Step 0: reward=-0.205, dist=2.27
2026-02-25 15:09:48,892 [INFO] Step 200: reward=-1.379, dist=3.94
2026-02-25 15:09:54,786 [INFO] Step 400: reward=0.703, dist=2.79
2026-02-25 15:10:00,315 [INFO] Step 600: reward=-2.305, dist=2.91
2026-02-25 15:10:05,988 [INFO] Step 800: reward=-1.922, dist=4.08
2026-02-25 15:10:13,004 [INFO] Episode 1882 COMPLETE | Reward -496.18 | Steps 1000 | Terminated False | Truncated True
2026-02-25 15:10:16,273 [INFO] Step 0: reward=-0.205, dist=2.89
2026-02-25 15:10:18,749 [INFO] Performing PPO update at global step 1536000
2026-02-25 15:10:19,032 [INFO] PPO losses — policy: 0.0586, value: 270.0400, entropy: 4.2242
2026-02-25 15:10:19,037 [INFO] PPO update completed. Buffer cleared.
2026-02-25 15:10:21,244 [INFO] Step 200: reward=-1.144, dist=1.51
2026-02-25 15:10:28,396 [INFO] Step 400: reward=-2.305, dist=3.32
2026-02-25 15:10:32,979 [INFO] Step 600: reward=0.414, dist=2.68
2026-02-25 15:10:40,464 [INFO] Step 800: reward=-0.454, dist=2.25
2026-02-25 15:10:48,216 [INFO] Episode 1883 COMPLETE | Reward -449.26 | Steps 1000 | Terminated False | Truncated True
2026-02-25 15:10:52,604 [INFO] Step 0: reward=-0.205, dist=2.83
2026-02-25 15:10:58,357 [INFO] Step 200: reward=-0.133, dist=3.00
2026-02-25 15:11:06,159 [INFO] Step 400: reward=-0.205, dist=1.32
2026-02-25 15:11:11,967 [INFO] Step 600: reward=-0.275, dist=3.12
2026-02-25 15:11:18,940 [INFO] Step 800: reward=0.039, dist=1.49
2026-02-25 15:11:26,014 [INFO] Episode 1884 COMPLETE | Reward -279.08 | Steps 1000 | Terminated False | Truncated True
2026-02-25 15:11:28,903 [INFO] Step 0: reward=-0.305, dist=2.47
2026-02-25 15:11:33,128 [INFO] Performing PPO update at global step 1538048
2026-02-25 15:11:33,408 [INFO] PPO losses — policy: 0.0405, value: 232.8333, entropy: 4.2242
2026-02-25 15:11:33,412 [INFO] PPO update completed. Buffer cleared.
2026-02-25 15:11:34,748 [INFO] Episode 1885 COMPLETE | Reward 248.14 | Steps 183 | Terminated True | Truncated False
2026-02-25 15:11:34,771 [INFO] Checkpoint saved: checkpoints/ppo_ep_01885.pt
2026-02-25 15:11:37,620 [INFO] Step 0: reward=-0.208, dist=2.31
2026-02-25 15:11:41,522 [INFO] Episode 1886 COMPLETE | Reward 247.20 | Steps 116 | Terminated True | Truncated False
2026-02-25 15:11:44,728 [INFO] Step 0: reward=-0.222, dist=2.97
2026-02-25 15:11:51,071 [INFO] Step 200: reward=-0.342, dist=1.75
2026-02-25 15:11:58,199 [INFO] Step 400: reward=-0.151, dist=3.59
2026-02-25 15:12:04,194 [INFO] Step 600: reward=-1.618, dist=2.13
2026-02-25 15:12:10,317 [INFO] Step 800: reward=-2.219, dist=3.07
2026-02-25 15:12:18,389 [INFO] Episode 1887 COMPLETE | Reward -265.58 | Steps 1000 | Terminated False | Truncated True
2026-02-25 15:12:28,574 [INFO] Step 0: reward=-0.896, dist=4.24
2026-02-25 15:12:34,854 [INFO] Step 200: reward=-0.202, dist=5.25
2026-02-25 15:12:40,481 [INFO] Step 400: reward=-1.695, dist=5.52
2026-02-25 15:12:46,117 [INFO] Step 600: reward=-0.183, dist=3.83
2026-02-25 15:12:52,461 [INFO] Step 800: reward=-0.009, dist=4.41
2026-02-25 15:12:53,101 [INFO] Policy action (normalized): v = +0.998, w = -0.999 | Cmd_vel (scaled): v = +0.998 m/s, w = -0.999 rad/s
2026-02-25 15:12:56,357 [INFO] Performing PPO update at global step 1540096
2026-02-25 15:12:56,645 [INFO] PPO losses — policy: 0.0840, value: 915.2315, entropy: 4.2242
2026-02-25 15:12:56,649 [INFO] PPO update completed. Buffer cleared.
2026-02-25 15:13:00,606 [INFO] Episode 1888 COMPLETE | Reward -336.99 | Steps 1000 | Terminated False | Truncated True
2026-02-25 15:13:04,667 [INFO] Step 0: reward=-0.219, dist=2.30
2026-02-25 15:13:12,288 [INFO] Step 200: reward=0.167, dist=4.13
2026-02-25 15:13:19,775 [INFO] Step 400: reward=-0.242, dist=2.32
2026-02-25 15:13:24,879 [INFO] Step 600: reward=-0.487, dist=3.45
2026-02-25 15:13:30,930 [INFO] Step 800: reward=0.266, dist=4.21
2026-02-25 15:13:37,165 [INFO] Episode 1889 COMPLETE | Reward -389.50 | Steps 1000 | Terminated False | Truncated True
2026-02-25 15:13:40,307 [INFO] Step 0: reward=-0.206, dist=3.53
2026-02-25 15:13:45,704 [INFO] Step 200: reward=0.739, dist=2.73
2026-02-25 15:13:52,399 [INFO] Step 400: reward=-0.402, dist=1.90
2026-02-25 15:13:58,755 [INFO] Step 600: reward=-0.243, dist=3.82
2026-02-25 15:14:04,838 [INFO] Step 800: reward=-1.511, dist=2.93
2026-02-25 15:14:10,259 [INFO] Performing PPO update at global step 1542144
2026-02-25 15:14:10,663 [INFO] PPO losses — policy: 0.7553, value: 167.9490, entropy: 4.2242
2026-02-25 15:14:10,671 [INFO] PPO update completed. Buffer cleared.
2026-02-25 15:14:11,355 [INFO] Episode 1890 COMPLETE | Reward -500.96 | Steps 1000 | Terminated False | Truncated True
2026-02-25 15:14:11,372 [INFO] Checkpoint saved: checkpoints/ppo_ep_01890.pt
2026-02-25 15:14:14,403 [INFO] Step 0: reward=-0.205, dist=3.37
2026-02-25 15:14:20,270 [INFO] Step 200: reward=-0.119, dist=3.46
2026-02-25 15:14:25,885 [INFO] Step 400: reward=-2.526, dist=2.04
2026-02-25 15:14:32,561 [INFO] Step 600: reward=-2.203, dist=3.75
2026-02-25 15:14:38,680 [INFO] Step 800: reward=-1.404, dist=2.59
2026-02-25 15:14:44,210 [INFO] Episode 1891 COMPLETE | Reward -702.92 | Steps 1000 | Terminated False | Truncated True
2026-02-25 15:14:47,356 [INFO] Step 0: reward=-0.205, dist=3.53
2026-02-25 15:14:54,486 [INFO] Step 200: reward=-4.159, dist=3.72
2026-02-25 15:15:00,753 [INFO] Step 400: reward=0.780, dist=4.17
2026-02-25 15:15:07,141 [INFO] Step 600: reward=-0.205, dist=2.94
2026-02-25 15:15:12,657 [INFO] Step 800: reward=0.095, dist=4.26
2026-02-25 15:15:17,287 [INFO] Episode 1892 COMPLETE | Reward -530.67 | Steps 1000 | Terminated False | Truncated True
2026-02-25 15:15:19,613 [INFO] Step 0: reward=-0.205, dist=3.50
2026-02-25 15:15:19,653 [INFO] Performing PPO update at global step 1544192
2026-02-25 15:15:19,938 [INFO] PPO losses — policy: 0.3016, value: 190.8635, entropy: 4.2242
2026-02-25 15:15:19,944 [INFO] PPO update completed. Buffer cleared.
2026-02-25 15:15:25,516 [INFO] Step 200: reward=-1.973, dist=4.93
2026-02-25 15:15:31,607 [INFO] Step 400: reward=-7.990, dist=4.08
2026-02-25 15:15:37,792 [INFO] Step 600: reward=-0.209, dist=3.45
2026-02-25 15:15:42,973 [INFO] Step 800: reward=-0.270, dist=4.44
2026-02-25 15:15:49,226 [INFO] Episode 1893 COMPLETE | Reward -504.39 | Steps 1000 | Terminated False | Truncated True
2026-02-25 15:15:53,364 [INFO] Step 0: reward=-0.205, dist=2.15
2026-02-25 15:16:01,520 [INFO] Step 200: reward=-0.189, dist=3.86
2026-02-25 15:16:06,877 [INFO] Step 400: reward=0.235, dist=2.50
2026-02-25 15:16:14,017 [INFO] Step 600: reward=-2.205, dist=3.06
2026-02-25 15:16:22,108 [INFO] Step 800: reward=6.224, dist=2.90
2026-02-25 15:16:28,023 [INFO] Episode 1894 COMPLETE | Reward -222.26 | Steps 1000 | Terminated False | Truncated True
2026-02-25 15:16:31,361 [INFO] Step 0: reward=-0.205, dist=3.84
2026-02-25 15:16:31,754 [INFO] Performing PPO update at global step 1546240
2026-02-25 15:16:32,039 [INFO] PPO losses — policy: 0.2265, value: 344.3892, entropy: 4.2242
2026-02-25 15:16:32,047 [INFO] PPO update completed. Buffer cleared.
2026-02-25 15:16:35,995 [INFO] Step 200: reward=-2.361, dist=3.91
2026-02-25 15:16:39,923 [INFO] Step 400: reward=-0.048, dist=5.07
2026-02-25 15:16:45,737 [INFO] Step 600: reward=0.340, dist=5.32
2026-02-25 15:16:51,682 [INFO] Step 800: reward=-0.268, dist=3.92
2026-02-25 15:16:57,565 [INFO] Episode 1895 COMPLETE | Reward -573.19 | Steps 1000 | Terminated False | Truncated True
2026-02-25 15:16:57,586 [INFO] Checkpoint saved: checkpoints/ppo_ep_01895.pt
2026-02-25 15:17:00,679 [INFO] Step 0: reward=-0.206, dist=2.09
2026-02-25 15:17:06,767 [INFO] Step 200: reward=-2.225, dist=3.58
2026-02-25 15:17:13,775 [INFO] Step 400: reward=5.605, dist=3.09
2026-02-25 15:17:20,261 [INFO] Step 600: reward=-0.205, dist=3.00
2026-02-25 15:17:24,222 [INFO] Step 800: reward=-2.205, dist=3.95
2026-02-25 15:17:29,202 [INFO] Episode 1896 COMPLETE | Reward -573.36 | Steps 1000 | Terminated False | Truncated True
2026-02-25 15:17:32,373 [INFO] Step 0: reward=5.994, dist=2.99
2026-02-25 15:17:36,284 [INFO] Performing PPO update at global step 1548288
2026-02-25 15:17:36,546 [INFO] PPO losses — policy: 0.0903, value: 254.5368, entropy: 4.2242
2026-02-25 15:17:36,552 [INFO] PPO update completed. Buffer cleared.
2026-02-25 15:17:40,694 [INFO] Step 200: reward=-0.374, dist=3.94
2026-02-25 15:17:47,146 [INFO] Step 400: reward=0.901, dist=3.49
2026-02-25 15:17:53,923 [INFO] Step 600: reward=-0.565, dist=3.24
2026-02-25 15:18:01,546 [INFO] Step 800: reward=0.094, dist=4.56
2026-02-25 15:18:06,672 [INFO] Episode 1897 COMPLETE | Reward -337.92 | Steps 1000 | Terminated False | Truncated True
2026-02-25 15:18:10,802 [INFO] Step 0: reward=-1.658, dist=3.30
2026-02-25 15:18:15,168 [INFO] Step 200: reward=-0.178, dist=3.61
2026-02-25 15:18:20,715 [INFO] Step 400: reward=-0.134, dist=2.17
2026-02-25 15:18:27,473 [INFO] Step 600: reward=-1.633, dist=3.23
2026-02-25 15:18:32,994 [INFO] Step 800: reward=-0.150, dist=3.65
2026-02-25 15:18:33,062 [INFO] Policy action (normalized): v = +0.993, w = +0.205 | Cmd_vel (scaled): v = +0.993 m/s, w = +0.205 rad/s
2026-02-25 15:18:37,451 [INFO] Episode 1898 COMPLETE | Reward -494.51 | Steps 1000 | Terminated False | Truncated True
2026-02-25 15:18:40,577 [INFO] Step 0: reward=-0.221, dist=2.62
2026-02-25 15:18:43,939 [INFO] Performing PPO update at global step 1550336
2026-02-25 15:18:44,290 [INFO] PPO losses — policy: 0.0599, value: 246.5810, entropy: 4.2242
2026-02-25 15:18:44,297 [INFO] PPO update completed. Buffer cleared.
2026-02-25 15:18:46,618 [INFO] Step 200: reward=-0.113, dist=2.52
2026-02-25 15:18:50,661 [INFO] Episode 1899 COMPLETE | Reward 100.92 | Steps 312 | Terminated True | Truncated False
2026-02-25 15:18:55,691 [INFO] Step 0: reward=-0.236, dist=3.58
2026-02-25 15:19:01,792 [INFO] Step 200: reward=0.095, dist=5.40
2026-02-25 15:19:08,667 [INFO] Step 400: reward=0.463, dist=4.20
2026-02-25 15:19:14,781 [INFO] Step 600: reward=-1.699, dist=4.50
2026-02-25 15:19:19,197 [INFO] Step 800: reward=-0.121, dist=5.49
2026-02-25 15:19:25,199 [INFO] Episode 1900 COMPLETE | Reward -533.89 | Steps 1000 | Terminated False | Truncated True
2026-02-25 15:19:25,223 [INFO] Checkpoint saved: checkpoints/ppo_ep_01900.pt
2026-02-25 15:19:29,391 [INFO] Step 0: reward=-2.021, dist=3.87
2026-02-25 15:19:34,401 [INFO] Step 200: reward=-0.120, dist=4.60
2026-02-25 15:19:40,106 [INFO] Step 400: reward=0.175, dist=5.80
2026-02-25 15:19:45,904 [INFO] Step 600: reward=-1.911, dist=4.11
2026-02-25 15:19:52,795 [INFO] Step 800: reward=-0.582, dist=5.75
2026-02-25 15:19:54,824 [INFO] Performing PPO update at global step 1552384
2026-02-25 15:19:55,102 [INFO] PPO losses — policy: 0.0497, value: 381.1918, entropy: 4.2242
2026-02-25 15:19:55,108 [INFO] PPO update completed. Buffer cleared.
2026-02-25 15:19:58,901 [INFO] Episode 1901 COMPLETE | Reward -466.57 | Steps 1000 | Terminated False | Truncated True
2026-02-25 15:20:01,574 [INFO] Step 0: reward=5.992, dist=2.67
2026-02-25 15:20:07,938 [INFO] Step 200: reward=-0.642, dist=2.91
2026-02-25 15:20:12,426 [INFO] Step 400: reward=-0.007, dist=4.08
2026-02-25 15:20:18,844 [INFO] Step 600: reward=-1.356, dist=2.76
2026-02-25 15:20:25,431 [INFO] Step 800: reward=-0.418, dist=3.46
2026-02-25 15:20:32,913 [INFO] Episode 1902 COMPLETE | Reward -379.05 | Steps 1000 | Terminated False | Truncated True
2026-02-25 15:20:37,021 [INFO] Step 0: reward=-0.206, dist=2.67
2026-02-25 15:20:42,343 [INFO] Step 200: reward=-0.279, dist=3.16
2026-02-25 15:20:50,449 [INFO] Step 400: reward=0.092, dist=4.44
2026-02-25 15:20:55,613 [INFO] Step 600: reward=-0.192, dist=2.76
2026-02-25 15:21:01,599 [INFO] Step 800: reward=0.095, dist=4.42
2026-02-25 15:21:07,133 [INFO] Performing PPO update at global step 1554432
2026-02-25 15:21:07,422 [INFO] PPO losses — policy: 0.0705, value: 203.1823, entropy: 4.2242
2026-02-25 15:21:07,427 [INFO] PPO update completed. Buffer cleared.
2026-02-25 15:21:09,915 [INFO] Episode 1903 COMPLETE | Reward -253.30 | Steps 1000 | Terminated False | Truncated True
2026-02-25 15:21:21,543 [INFO] Step 0: reward=0.085, dist=4.24
2026-02-25 15:21:29,326 [INFO] Step 200: reward=-1.905, dist=5.76
2026-02-25 15:21:36,014 [INFO] Step 400: reward=0.239, dist=5.17
2026-02-25 15:21:41,594 [INFO] Step 600: reward=-2.244, dist=4.21
2026-02-25 15:21:48,946 [INFO] Step 800: reward=0.085, dist=4.89
2026-02-25 15:21:55,595 [INFO] Episode 1904 COMPLETE | Reward -367.78 | Steps 1000 | Terminated False | Truncated True
2026-02-25 15:22:16,096 [INFO] Step 0: reward=-0.305, dist=2.80
2026-02-25 15:22:23,805 [INFO] Step 200: reward=-0.165, dist=2.38
2026-02-25 15:22:31,191 [INFO] Step 400: reward=-0.005, dist=4.22
2026-02-25 15:22:35,407 [INFO] Step 600: reward=0.095, dist=4.75
2026-02-25 15:22:43,105 [INFO] Step 800: reward=-0.208, dist=2.79
2026-02-25 15:22:48,384 [INFO] Performing PPO update at global step 1556480
2026-02-25 15:22:48,688 [INFO] PPO losses — policy: 0.0262, value: 255.0985, entropy: 4.2242
2026-02-25 15:22:48,696 [INFO] PPO update completed. Buffer cleared.
2026-02-25 15:22:48,865 [INFO] Episode 1905 COMPLETE | Reward -280.07 | Steps 1000 | Terminated False | Truncated True
2026-02-25 15:22:48,887 [INFO] Checkpoint saved: checkpoints/ppo_ep_01905.pt
2026-02-25 15:22:52,566 [INFO] Step 0: reward=-0.207, dist=3.54
2026-02-25 15:22:59,093 [INFO] Step 200: reward=-0.035, dist=3.78
2026-02-25 15:23:04,795 [INFO] Step 400: reward=-0.208, dist=2.17
2026-02-25 15:23:10,528 [INFO] Step 600: reward=-0.305, dist=3.18
2026-02-25 15:23:17,243 [INFO] Step 800: reward=0.095, dist=4.59
2026-02-25 15:23:22,790 [INFO] Episode 1906 COMPLETE | Reward -360.87 | Steps 1000 | Terminated False | Truncated True
2026-02-25 15:23:25,884 [INFO] Step 0: reward=-0.239, dist=3.42
2026-02-25 15:23:32,976 [INFO] Step 200: reward=-0.104, dist=3.45
2026-02-25 15:23:38,267 [INFO] Step 400: reward=-0.311, dist=1.79
2026-02-25 15:23:43,777 [INFO] Step 600: reward=-0.214, dist=2.70
2026-02-25 15:23:49,457 [INFO] Step 800: reward=0.075, dist=4.53
2026-02-25 15:23:54,820 [INFO] Episode 1907 COMPLETE | Reward -539.51 | Steps 1000 | Terminated False | Truncated True
2026-02-25 15:24:06,576 [INFO] Step 0: reward=0.089, dist=4.24
2026-02-25 15:24:06,865 [INFO] Performing PPO update at global step 1558528
2026-02-25 15:24:07,168 [INFO] PPO losses — policy: 0.0020, value: 150.7931, entropy: 4.2242
2026-02-25 15:24:07,177 [INFO] PPO update completed. Buffer cleared.
2026-02-25 15:24:12,606 [INFO] Step 200: reward=-0.545, dist=4.95
2026-02-25 15:24:17,410 [INFO] Step 400: reward=-0.017, dist=6.71
2026-02-25 15:24:23,579 [INFO] Step 600: reward=0.203, dist=6.47
2026-02-25 15:24:28,936 [INFO] Step 800: reward=20.816, dist=1.88
2026-02-25 15:24:31,212 [INFO] Episode 1908 COMPLETE | Reward -154.18 | Steps 882 | Terminated True | Truncated False
2026-02-25 15:24:34,460 [INFO] Step 0: reward=-1.716, dist=3.31
2026-02-25 15:24:41,661 [INFO] Step 200: reward=-2.002, dist=5.23
2026-02-25 15:24:46,542 [INFO] Step 400: reward=0.740, dist=4.35
2026-02-25 15:24:52,894 [INFO] Step 600: reward=-0.320, dist=3.21
2026-02-25 15:24:53,658 [INFO] Policy action (normalized): v = +1.000, w = -0.983 | Cmd_vel (scaled): v = +1.000 m/s, w = -0.983 rad/s
2026-02-25 15:25:01,270 [INFO] Step 800: reward=-0.003, dist=5.64
2026-02-25 15:25:08,654 [INFO] Episode 1909 COMPLETE | Reward -276.01 | Steps 1000 | Terminated False | Truncated True
2026-02-25 15:25:12,818 [INFO] Step 0: reward=-0.305, dist=3.16
2026-02-25 15:25:19,734 [INFO] Performing PPO update at global step 1560576
2026-02-25 15:25:20,026 [INFO] PPO losses — policy: 0.0362, value: 357.0449, entropy: 4.2242
2026-02-25 15:25:20,031 [INFO] PPO update completed. Buffer cleared.
2026-02-25 15:25:20,188 [INFO] Step 200: reward=0.089, dist=5.49
2026-02-25 15:25:27,271 [INFO] Step 400: reward=-0.207, dist=3.81
2026-02-25 15:25:34,678 [INFO] Step 600: reward=0.067, dist=5.36
2026-02-25 15:25:40,252 [INFO] Step 800: reward=0.144, dist=5.41
2026-02-25 15:25:47,586 [INFO] Episode 1910 COMPLETE | Reward -162.70 | Steps 1000 | Terminated False | Truncated True
2026-02-25 15:25:47,611 [INFO] Checkpoint saved: checkpoints/ppo_ep_01910.pt
2026-02-25 15:25:50,806 [INFO] Step 0: reward=-1.148, dist=2.50
2026-02-25 15:25:57,626 [INFO] Step 200: reward=-0.057, dist=4.65
2026-02-25 15:26:04,586 [INFO] Step 400: reward=-2.150, dist=4.27
2026-02-25 15:26:12,488 [INFO] Step 600: reward=-0.354, dist=3.64
2026-02-25 15:26:19,326 [INFO] Step 800: reward=0.087, dist=5.03
2026-02-25 15:26:25,851 [INFO] Episode 1911 COMPLETE | Reward -228.00 | Steps 1000 | Terminated False | Truncated True
2026-02-25 15:26:28,742 [INFO] Step 0: reward=-0.207, dist=2.50
2026-02-25 15:26:34,414 [INFO] Step 200: reward=-1.915, dist=4.04
2026-02-25 15:26:35,277 [INFO] Performing PPO update at global step 1562624
2026-02-25 15:26:35,558 [INFO] PPO losses — policy: 0.0494, value: 228.3742, entropy: 4.2242
2026-02-25 15:26:35,563 [INFO] PPO update completed. Buffer cleared.
2026-02-25 15:26:40,556 [INFO] Step 400: reward=0.143, dist=4.17
2026-02-25 15:26:46,971 [INFO] Step 600: reward=-0.300, dist=2.60
2026-02-25 15:26:52,471 [INFO] Step 800: reward=-0.298, dist=4.53
2026-02-25 15:26:58,470 [INFO] Episode 1912 COMPLETE | Reward -554.20 | Steps 1000 | Terminated False | Truncated True
2026-02-25 15:27:01,579 [INFO] Step 0: reward=-0.206, dist=2.40
2026-02-25 15:27:07,659 [INFO] Step 200: reward=0.020, dist=2.57
2026-02-25 15:27:11,960 [INFO] Episode 1913 COMPLETE | Reward 87.81 | Steps 297 | Terminated True | Truncated False
2026-02-25 15:27:15,394 [INFO] Step 0: reward=-0.244, dist=2.73
2026-02-25 15:27:21,279 [INFO] Step 200: reward=-0.206, dist=3.48
2026-02-25 15:27:24,831 [INFO] Step 400: reward=0.822, dist=2.75
2026-02-25 15:27:30,264 [INFO] Step 600: reward=-0.626, dist=1.89
2026-02-25 15:27:37,686 [INFO] Step 800: reward=-0.005, dist=4.22
2026-02-25 15:27:42,231 [INFO] Performing PPO update at global step 1564672
2026-02-25 15:27:42,634 [INFO] PPO losses — policy: 0.0313, value: 398.4346, entropy: 4.2242
2026-02-25 15:27:42,640 [INFO] PPO update completed. Buffer cleared.
2026-02-25 15:27:42,861 [INFO] Episode 1914 COMPLETE | Reward -612.21 | Steps 1000 | Terminated False | Truncated True
2026-02-25 15:27:46,985 [INFO] Step 0: reward=-0.238, dist=2.40
2026-02-25 15:27:51,327 [INFO] Episode 1915 COMPLETE | Reward 159.14 | Steps 190 | Terminated True | Truncated False
2026-02-25 15:27:51,347 [INFO] Checkpoint saved: checkpoints/ppo_ep_01915.pt
2026-02-25 15:27:55,589 [INFO] Step 0: reward=-0.206, dist=3.56
2026-02-25 15:28:01,965 [INFO] Step 200: reward=-2.054, dist=5.57
2026-02-25 15:28:08,272 [INFO] Step 400: reward=0.163, dist=6.24
2026-02-25 15:28:15,120 [INFO] Step 600: reward=0.226, dist=4.55
2026-02-25 15:28:21,566 [INFO] Step 800: reward=-0.105, dist=5.77
2026-02-25 15:28:29,219 [INFO] Episode 1916 COMPLETE | Reward -220.84 | Steps 1000 | Terminated False | Truncated True
2026-02-25 15:28:33,481 [INFO] Step 0: reward=-0.208, dist=3.87
2026-02-25 15:28:38,555 [INFO] Step 200: reward=-1.961, dist=5.27
2026-02-25 15:28:45,361 [INFO] Step 400: reward=4.146, dist=4.08
2026-02-25 15:28:50,713 [INFO] Step 600: reward=-1.101, dist=3.17
2026-02-25 15:28:55,307 [INFO] Step 800: reward=-0.005, dist=4.12
2026-02-25 15:28:56,155 [INFO] Performing PPO update at global step 1566720
2026-02-25 15:28:56,435 [INFO] PPO losses — policy: 0.0205, value: 347.6332, entropy: 4.2242
2026-02-25 15:28:56,443 [INFO] PPO update completed. Buffer cleared.
2026-02-25 15:29:01,060 [INFO] Episode 1917 COMPLETE | Reward -493.52 | Steps 1000 | Terminated False | Truncated True
2026-02-25 15:29:04,540 [INFO] Step 0: reward=-0.205, dist=2.37
2026-02-25 15:29:13,177 [INFO] Step 200: reward=-1.905, dist=4.20
2026-02-25 15:29:19,047 [INFO] Step 400: reward=-2.206, dist=2.49
2026-02-25 15:29:25,706 [INFO] Step 600: reward=-0.242, dist=3.63
2026-02-25 15:29:31,163 [INFO] Step 800: reward=-1.905, dist=4.97
2026-02-25 15:29:38,854 [INFO] Episode 1918 COMPLETE | Reward -339.11 | Steps 1000 | Terminated False | Truncated True
2026-02-25 15:29:43,658 [INFO] Step 0: reward=-0.211, dist=2.12
2026-02-25 15:29:49,876 [INFO] Step 200: reward=-2.212, dist=3.82
2026-02-25 15:29:54,420 [INFO] Step 400: reward=-1.921, dist=4.26
2026-02-25 15:30:00,369 [INFO] Step 600: reward=-6.320, dist=2.60
2026-02-25 15:30:05,579 [INFO] Step 800: reward=-0.801, dist=2.53
2026-02-25 15:30:08,605 [INFO] Performing PPO update at global step 1568768
2026-02-25 15:30:08,957 [INFO] PPO losses — policy: 0.0481, value: 238.0004, entropy: 4.2242
2026-02-25 15:30:08,963 [INFO] PPO update completed. Buffer cleared.
2026-02-25 15:30:12,812 [INFO] Episode 1919 COMPLETE | Reward -550.84 | Steps 1000 | Terminated False | Truncated True
2026-02-25 15:30:15,951 [INFO] Step 0: reward=-0.305, dist=2.79
2026-02-25 15:30:23,499 [INFO] Step 200: reward=0.015, dist=5.00
2026-02-25 15:30:29,026 [INFO] Step 400: reward=0.154, dist=4.87
2026-02-25 15:30:35,982 [INFO] Step 600: reward=-0.241, dist=3.24
2026-02-25 15:30:42,769 [INFO] Step 800: reward=-0.089, dist=5.27
2026-02-25 15:30:49,996 [INFO] Episode 1920 COMPLETE | Reward -337.02 | Steps 1000 | Terminated False | Truncated True
2026-02-25 15:30:50,022 [INFO] Checkpoint saved: checkpoints/ppo_ep_01920.pt
2026-02-25 15:30:52,643 [INFO] Step 0: reward=-0.205, dist=3.68
2026-02-25 15:30:55,694 [INFO] Policy action (normalized): v = +0.226, w = -0.188 | Cmd_vel (scaled): v = +0.226 m/s, w = -0.188 rad/s
2026-02-25 15:30:57,840 [INFO] Step 200: reward=-2.206, dist=3.95
2026-02-25 15:31:04,674 [INFO] Step 400: reward=-0.635, dist=6.11
2026-02-25 15:31:12,047 [INFO] Step 600: reward=0.569, dist=5.58
2026-02-25 15:31:17,803 [INFO] Step 800: reward=0.113, dist=4.30
2026-02-25 15:31:22,344 [INFO] Performing PPO update at global step 1570816
2026-02-25 15:31:22,617 [INFO] PPO losses — policy: 0.0074, value: 156.0083, entropy: 4.2242
2026-02-25 15:31:22,622 [INFO] PPO update completed. Buffer cleared.
2026-02-25 15:31:23,994 [INFO] Episode 1921 COMPLETE | Reward -465.21 | Steps 1000 | Terminated False | Truncated True
2026-02-25 15:31:28,351 [INFO] Step 0: reward=-0.210, dist=2.97
2026-02-25 15:31:34,962 [INFO] Step 200: reward=-0.216, dist=5.12
2026-02-25 15:31:40,437 [INFO] Step 400: reward=-1.770, dist=5.50
2026-02-25 15:31:48,171 [INFO] Step 600: reward=-0.165, dist=3.59
2026-02-25 15:31:53,809 [INFO] Step 800: reward=-0.097, dist=4.61
2026-02-25 15:32:01,638 [INFO] Episode 1922 COMPLETE | Reward -462.06 | Steps 1000 | Terminated False | Truncated True
2026-02-25 15:32:05,827 [INFO] Step 0: reward=-0.305, dist=3.04
2026-02-25 15:32:12,938 [INFO] Step 200: reward=-1.811, dist=4.73
2026-02-25 15:32:18,740 [INFO] Step 400: reward=-1.579, dist=4.24
2026-02-25 15:32:24,937 [INFO] Step 600: reward=-0.506, dist=3.01
2026-02-25 15:32:30,984 [INFO] Step 800: reward=0.094, dist=4.81
2026-02-25 15:32:36,472 [INFO] Performing PPO update at global step 1572864
2026-02-25 15:32:36,873 [INFO] PPO losses — policy: 0.0170, value: 146.2745, entropy: 4.2242
2026-02-25 15:32:36,879 [INFO] PPO update completed. Buffer cleared.
2026-02-25 15:32:36,932 [INFO] Episode 1923 COMPLETE | Reward -595.55 | Steps 1000 | Terminated False | Truncated True
2026-02-25 15:32:40,767 [INFO] Step 0: reward=-1.955, dist=3.14
2026-02-25 15:32:49,818 [INFO] Step 200: reward=0.638, dist=1.19
2026-02-25 15:32:50,310 [INFO] Episode 1924 COMPLETE | Reward 198.37 | Steps 215 | Terminated True | Truncated False
2026-02-25 15:32:54,633 [INFO] Step 0: reward=0.078, dist=39.12
2026-02-25 15:32:58,962 [INFO] Episode 1925 COMPLETE | Reward -961.70 | Steps 183 | Terminated False | Truncated True
2026-02-25 15:32:58,978 [INFO] Checkpoint saved: checkpoints/ppo_ep_01925.pt
2026-02-25 15:33:03,120 [INFO] Step 0: reward=-0.212, dist=3.41
2026-02-25 15:33:08,410 [INFO] Step 200: reward=-0.279, dist=4.59
2026-02-25 15:33:14,935 [INFO] Step 400: reward=-1.919, dist=5.41
2026-02-25 15:33:22,943 [INFO] Step 600: reward=-0.502, dist=3.67
2026-02-25 15:33:29,089 [INFO] Step 800: reward=0.095, dist=5.87
2026-02-25 15:33:33,486 [INFO] Episode 1926 COMPLETE | Reward -530.74 | Steps 1000 | Terminated False | Truncated True
2026-02-25 15:33:37,681 [INFO] Step 0: reward=0.050, dist=4.03
2026-02-25 15:33:44,366 [INFO] Step 200: reward=-2.304, dist=3.49
2026-02-25 15:33:49,054 [INFO] Step 400: reward=-2.206, dist=3.49
2026-02-25 15:33:57,121 [INFO] Step 600: reward=-2.210, dist=3.49
2026-02-25 15:33:58,302 [INFO] Performing PPO update at global step 1574912
2026-02-25 15:33:58,587 [INFO] PPO losses — policy: 0.0138, value: 903.7733, entropy: 4.2242
2026-02-25 15:33:58,592 [INFO] PPO update completed. Buffer cleared.
2026-02-25 15:34:03,548 [INFO] Step 800: reward=-2.205, dist=3.48
2026-02-25 15:34:09,049 [INFO] Episode 1927 COMPLETE | Reward -2041.37 | Steps 1000 | Terminated False | Truncated True
2026-02-25 15:34:12,232 [INFO] Step 0: reward=-0.205, dist=3.15
2026-02-25 15:34:17,976 [INFO] Episode 1928 COMPLETE | Reward 263.53 | Steps 153 | Terminated True | Truncated False
2026-02-25 15:34:22,142 [INFO] Step 0: reward=-0.305, dist=2.89
2026-02-25 15:34:27,250 [INFO] Episode 1929 COMPLETE | Reward 235.08 | Steps 149 | Terminated True | Truncated False
2026-02-25 15:34:30,242 [INFO] Step 0: reward=-0.206, dist=3.42
2026-02-25 15:34:37,115 [INFO] Step 200: reward=-0.224, dist=3.41
2026-02-25 15:34:43,741 [INFO] Step 400: reward=0.095, dist=4.87
2026-02-25 15:34:51,388 [INFO] Step 600: reward=-0.081, dist=3.10
2026-02-25 15:35:00,091 [INFO] Step 800: reward=0.064, dist=4.75
2026-02-25 15:35:06,541 [INFO] Episode 1930 COMPLETE | Reward -159.47 | Steps 1000 | Terminated False | Truncated True
2026-02-25 15:35:06,563 [INFO] Checkpoint saved: checkpoints/ppo_ep_01930.pt
2026-02-25 15:35:10,616 [INFO] Step 0: reward=-0.205, dist=2.60
2026-02-25 15:35:17,041 [INFO] Step 200: reward=0.630, dist=1.70
2026-02-25 15:35:19,156 [INFO] Episode 1931 COMPLETE | Reward 5.79 | Steps 278 | Terminated True | Truncated False
2026-02-25 15:35:22,657 [INFO] Step 0: reward=-0.216, dist=3.11
2026-02-25 15:35:26,427 [INFO] Performing PPO update at global step 1576960
2026-02-25 15:35:26,702 [INFO] PPO losses — policy: 0.0313, value: 803.1915, entropy: 4.2242
2026-02-25 15:35:26,707 [INFO] PPO update completed. Buffer cleared.
2026-02-25 15:35:29,886 [INFO] Step 200: reward=0.136, dist=4.43
2026-02-25 15:35:34,526 [INFO] Step 400: reward=5.615, dist=3.24
2026-02-25 15:35:39,850 [INFO] Step 600: reward=-0.215, dist=2.30
2026-02-25 15:35:46,234 [INFO] Step 800: reward=-1.905, dist=4.13
2026-02-25 15:35:51,141 [INFO] Episode 1932 COMPLETE | Reward -498.29 | Steps 1000 | Terminated False | Truncated True
2026-02-25 15:35:55,319 [INFO] Step 0: reward=-0.223, dist=3.68
2026-02-25 15:36:00,668 [INFO] Step 200: reward=-2.305, dist=3.84
2026-02-25 15:36:05,720 [INFO] Step 400: reward=-0.042, dist=5.65
2026-02-25 15:36:11,919 [INFO] Step 600: reward=0.526, dist=6.01
2026-02-25 15:36:20,107 [INFO] Step 800: reward=-0.117, dist=4.70
2026-02-25 15:36:26,913 [INFO] Episode 1933 COMPLETE | Reward -402.53 | Steps 1000 | Terminated False | Truncated True
2026-02-25 15:36:31,816 [INFO] Step 0: reward=-0.205, dist=3.32
2026-02-25 15:36:37,161 [INFO] Performing PPO update at global step 1579008
2026-02-25 15:36:37,444 [INFO] PPO losses — policy: 0.0834, value: 160.4387, entropy: 4.2242
2026-02-25 15:36:37,449 [INFO] PPO update completed. Buffer cleared.
2026-02-25 15:36:38,462 [INFO] Step 200: reward=-0.005, dist=5.21
2026-02-25 15:36:43,384 [INFO] Step 400: reward=0.064, dist=5.66
2026-02-25 15:36:49,467 [INFO] Step 600: reward=0.569, dist=4.11
2026-02-25 15:36:55,856 [INFO] Step 800: reward=-0.250, dist=3.80
2026-02-25 15:37:02,149 [INFO] Episode 1934 COMPLETE | Reward -440.71 | Steps 1000 | Terminated False | Truncated True
2026-02-25 15:37:04,858 [INFO] Step 0: reward=-0.211, dist=2.09
2026-02-25 15:37:10,255 [INFO] Policy action (normalized): v = +0.489, w = -0.998 | Cmd_vel (scaled): v = +0.489 m/s, w = -0.998 rad/s
2026-02-25 15:37:12,612 [INFO] Step 200: reward=0.090, dist=4.30
2026-02-25 15:37:18,092 [INFO] Step 400: reward=0.691, dist=2.83
2026-02-25 15:37:23,217 [INFO] Step 600: reward=-0.214, dist=2.36
2026-02-25 15:37:28,442 [INFO] Step 800: reward=-1.927, dist=4.17
2026-02-25 15:37:37,536 [INFO] Episode 1935 COMPLETE | Reward -166.17 | Steps 1000 | Terminated False | Truncated True
2026-02-25 15:37:37,560 [INFO] Checkpoint saved: checkpoints/ppo_ep_01935.pt
2026-02-25 15:37:40,524 [INFO] Step 0: reward=-0.207, dist=2.59
2026-02-25 15:37:45,776 [INFO] Step 200: reward=-0.097, dist=1.99
2026-02-25 15:37:45,976 [INFO] Performing PPO update at global step 1581056
2026-02-25 15:37:46,369 [INFO] PPO losses — policy: 0.0287, value: 247.9935, entropy: 4.2242
2026-02-25 15:37:46,377 [INFO] PPO update completed. Buffer cleared.
2026-02-25 15:37:49,066 [INFO] Episode 1936 COMPLETE | Reward 115.38 | Steps 288 | Terminated True | Truncated False
2026-02-25 15:37:52,512 [INFO] Step 0: reward=-0.262, dist=2.51
2026-02-25 15:37:58,591 [INFO] Step 200: reward=-1.920, dist=4.67
2026-02-25 15:38:04,990 [INFO] Step 400: reward=0.405, dist=4.66
2026-02-25 15:38:13,106 [INFO] Step 600: reward=-0.366, dist=3.36
2026-02-25 15:38:18,019 [INFO] Step 800: reward=-2.119, dist=4.80
2026-02-25 15:38:26,042 [INFO] Episode 1937 COMPLETE | Reward -491.16 | Steps 1000 | Terminated False | Truncated True
2026-02-25 15:38:29,263 [INFO] Step 0: reward=-0.205, dist=2.22
2026-02-25 15:38:35,022 [INFO] Step 200: reward=-2.232, dist=3.41
2026-02-25 15:38:40,850 [INFO] Step 400: reward=0.007, dist=2.77
2026-02-25 15:38:45,476 [INFO] Episode 1938 COMPLETE | Reward -65.31 | Steps 575 | Terminated True | Truncated False
2026-02-25 15:38:48,433 [INFO] Step 0: reward=-0.205, dist=2.58
2026-02-25 15:38:54,337 [INFO] Step 200: reward=-0.583, dist=3.89
2026-02-25 15:39:01,172 [INFO] Performing PPO update at global step 1583104
2026-02-25 15:39:01,467 [INFO] PPO losses — policy: 0.0131, value: 473.4534, entropy: 4.2242
2026-02-25 15:39:01,473 [INFO] PPO update completed. Buffer cleared.
2026-02-25 15:39:01,620 [INFO] Step 400: reward=0.105, dist=5.34
2026-02-25 15:39:07,398 [INFO] Step 600: reward=0.269, dist=4.35
2026-02-25 15:39:17,061 [INFO] Step 800: reward=-0.206, dist=2.30
2026-02-25 15:39:24,838 [INFO] Episode 1939 COMPLETE | Reward -312.23 | Steps 1000 | Terminated False | Truncated True
2026-02-25 15:39:28,508 [INFO] Step 0: reward=-0.235, dist=3.32
2026-02-25 15:39:35,534 [INFO] Step 200: reward=-0.118, dist=5.66
2026-02-25 15:39:42,643 [INFO] Step 400: reward=0.558, dist=5.30
2026-02-25 15:39:48,535 [INFO] Step 600: reward=-0.205, dist=3.76
2026-02-25 15:39:54,821 [INFO] Step 800: reward=-2.090, dist=5.22
2026-02-25 15:40:00,575 [INFO] Episode 1940 COMPLETE | Reward -378.94 | Steps 1000 | Terminated False | Truncated True
2026-02-25 15:40:00,595 [INFO] Checkpoint saved: checkpoints/ppo_ep_01940.pt
2026-02-25 15:40:04,630 [INFO] Step 0: reward=-0.265, dist=3.23
2026-02-25 15:40:10,194 [INFO] Step 200: reward=-0.162, dist=4.80
2026-02-25 15:40:15,126 [INFO] Step 400: reward=-0.947, dist=6.09
2026-02-25 15:40:16,987 [INFO] Performing PPO update at global step 1585152
2026-02-25 15:40:17,281 [INFO] PPO losses — policy: 0.0121, value: 161.2562, entropy: 4.2242
2026-02-25 15:40:17,288 [INFO] PPO update completed. Buffer cleared.
2026-02-25 15:40:21,200 [INFO] Step 600: reward=0.086, dist=6.12
2026-02-25 15:40:27,439 [INFO] Step 800: reward=-1.905, dist=4.42
2026-02-25 15:40:34,164 [INFO] Episode 1941 COMPLETE | Reward -376.74 | Steps 1000 | Terminated False | Truncated True
2026-02-25 15:40:38,431 [INFO] Step 0: reward=-0.205, dist=3.78
2026-02-25 15:40:44,526 [INFO] Step 200: reward=-2.206, dist=1.73
2026-02-25 15:40:49,462 [INFO] Step 400: reward=-0.408, dist=1.87
2026-02-25 15:40:54,709 [INFO] Step 600: reward=-0.305, dist=3.79
2026-02-25 15:41:01,352 [INFO] Step 800: reward=0.071, dist=5.12
2026-02-25 15:41:07,101 [INFO] Episode 1942 COMPLETE | Reward -490.20 | Steps 1000 | Terminated False | Truncated True
2026-02-25 15:41:11,213 [INFO] Step 0: reward=-0.211, dist=2.14
2026-02-25 15:41:18,273 [INFO] Step 200: reward=-2.240, dist=3.55
2026-02-25 15:41:25,934 [INFO] Step 400: reward=-1.608, dist=2.64
2026-02-25 15:41:29,735 [INFO] Performing PPO update at global step 1587200
2026-02-25 15:41:30,163 [INFO] PPO losses — policy: -0.0008, value: 213.1470, entropy: 4.2242
2026-02-25 15:41:30,171 [INFO] PPO update completed. Buffer cleared.
2026-02-25 15:41:30,338 [INFO] Episode 1943 COMPLETE | Reward -7.90 | Steps 494 | Terminated True | Truncated False
2026-02-25 15:41:33,542 [INFO] Step 0: reward=-0.206, dist=2.53
2026-02-25 15:41:38,993 [INFO] Step 200: reward=-0.220, dist=4.35
2026-02-25 15:41:45,326 [INFO] Step 400: reward=-0.061, dist=5.45
2026-02-25 15:41:53,388 [INFO] Step 600: reward=-0.364, dist=3.48
2026-02-25 15:42:00,022 [INFO] Step 800: reward=0.036, dist=5.81
2026-02-25 15:42:07,840 [INFO] Episode 1944 COMPLETE | Reward -444.50 | Steps 1000 | Terminated False | Truncated True
2026-02-25 15:42:10,758 [INFO] Step 0: reward=-0.206, dist=3.89
2026-02-25 15:42:18,038 [INFO] Step 200: reward=-2.116, dist=2.48
2026-02-25 15:42:22,808 [INFO] Step 400: reward=0.405, dist=1.13
2026-02-25 15:42:23,453 [INFO] Episode 1945 COMPLETE | Reward 10.40 | Steps 421 | Terminated True | Truncated False
2026-02-25 15:42:23,477 [INFO] Checkpoint saved: checkpoints/ppo_ep_01945.pt
2026-02-25 15:42:26,748 [INFO] Step 0: reward=-0.233, dist=3.90
2026-02-25 15:42:33,084 [INFO] Step 200: reward=0.070, dist=5.35
2026-02-25 15:42:39,279 [INFO] Step 400: reward=0.141, dist=5.31
2026-02-25 15:42:47,761 [INFO] Step 600: reward=-0.216, dist=3.49
2026-02-25 15:42:48,851 [INFO] Performing PPO update at global step 1589248
2026-02-25 15:42:49,137 [INFO] PPO losses — policy: 0.0245, value: 513.3727, entropy: 4.2242
2026-02-25 15:42:49,141 [INFO] PPO update completed. Buffer cleared.
2026-02-25 15:42:54,671 [INFO] Step 800: reward=0.094, dist=4.06
2026-02-25 15:43:01,424 [INFO] Episode 1946 COMPLETE | Reward -353.73 | Steps 1000 | Terminated False | Truncated True
2026-02-25 15:43:05,636 [INFO] Step 0: reward=-0.210, dist=2.78
2026-02-25 15:43:13,066 [INFO] Step 200: reward=-1.926, dist=4.69
2026-02-25 15:43:18,212 [INFO] Policy action (normalized): v = +0.871, w = -0.884 | Cmd_vel (scaled): v = +0.871 m/s, w = -0.884 rad/s
2026-02-25 15:43:18,711 [INFO] Step 400: reward=0.132, dist=5.39
2026-02-25 15:43:26,261 [INFO] Step 600: reward=5.582, dist=3.38
2026-02-25 15:43:32,578 [INFO] Step 800: reward=-2.207, dist=2.22
2026-02-25 15:43:40,284 [INFO] Episode 1947 COMPLETE | Reward -190.76 | Steps 1000 | Terminated False | Truncated True
2026-02-25 15:43:43,544 [INFO] Step 0: reward=-100.000, dist=184.75
2026-02-25 15:43:43,545 [INFO] Episode 1948 COMPLETE | Reward -100.00 | Steps 1 | Terminated False | Truncated True
2026-02-25 15:43:46,746 [INFO] Step 0: reward=-0.260, dist=2.80
2026-02-25 15:43:51,876 [INFO] Step 200: reward=-2.166, dist=2.49
2026-02-25 15:43:56,367 [INFO] Episode 1949 COMPLETE | Reward -26.86 | Steps 355 | Terminated True | Truncated False
2026-02-25 15:44:01,587 [INFO] Step 0: reward=-0.305, dist=2.56
2026-02-25 15:44:09,668 [INFO] Step 200: reward=-0.225, dist=2.99
2026-02-25 15:44:15,089 [INFO] Performing PPO update at global step 1591296
2026-02-25 15:44:15,360 [INFO] PPO losses — policy: 0.0128, value: 544.5497, entropy: 4.2242
2026-02-25 15:44:15,364 [INFO] PPO update completed. Buffer cleared.
2026-02-25 15:44:18,066 [INFO] Step 400: reward=-2.228, dist=2.65
2026-02-25 15:44:25,100 [INFO] Step 600: reward=-0.036, dist=1.55
2026-02-25 15:44:29,872 [INFO] Step 800: reward=-2.222, dist=1.25
2026-02-25 15:44:34,721 [INFO] Episode 1950 COMPLETE | Reward -1157.70 | Steps 1000 | Terminated False | Truncated True
2026-02-25 15:44:34,744 [INFO] Checkpoint saved: checkpoints/ppo_ep_01950.pt
2026-02-25 15:44:37,843 [INFO] Step 0: reward=-0.468, dist=4.04
2026-02-25 15:44:43,964 [INFO] Step 200: reward=-0.211, dist=3.55
2026-02-25 15:44:48,624 [INFO] Step 400: reward=-0.340, dist=3.93
2026-02-25 15:44:54,194 [INFO] Step 600: reward=-1.913, dist=4.88
2026-02-25 15:45:01,033 [INFO] Step 800: reward=-1.899, dist=5.18
2026-02-25 15:45:07,664 [INFO] Episode 1951 COMPLETE | Reward -1073.43 | Steps 1000 | Terminated False | Truncated True
2026-02-25 15:45:10,719 [INFO] Step 0: reward=-0.206, dist=2.02
2026-02-25 15:45:17,799 [INFO] Step 200: reward=-0.295, dist=2.65
2026-02-25 15:45:24,833 [INFO] Performing PPO update at global step 1593344
2026-02-25 15:45:25,126 [INFO] PPO losses — policy: 0.0043, value: 221.2787, entropy: 4.2242
2026-02-25 15:45:25,132 [INFO] PPO update completed. Buffer cleared.
2026-02-25 15:45:27,117 [INFO] Step 400: reward=-0.128, dist=2.01
2026-02-25 15:45:34,572 [INFO] Step 600: reward=-0.248, dist=1.06
2026-02-25 15:45:41,550 [INFO] Step 800: reward=-0.347, dist=2.26
2026-02-25 15:45:48,398 [INFO] Episode 1952 COMPLETE | Reward -807.79 | Steps 1000 | Terminated False | Truncated True
2026-02-25 15:45:52,434 [INFO] Step 0: reward=-0.305, dist=3.14
2026-02-25 15:45:59,518 [INFO] Step 200: reward=-1.907, dist=4.28
2026-02-25 15:46:04,513 [INFO] Step 400: reward=-2.005, dist=4.68
2026-02-25 15:46:13,010 [INFO] Step 600: reward=-1.911, dist=4.30
2026-02-25 15:46:18,288 [INFO] Step 800: reward=-0.217, dist=3.47
2026-02-25 15:46:24,566 [INFO] Episode 1953 COMPLETE | Reward -961.25 | Steps 1000 | Terminated False | Truncated True
2026-02-25 15:46:28,747 [INFO] Step 0: reward=-0.245, dist=3.54
2026-02-25 15:46:34,568 [INFO] Step 200: reward=-0.205, dist=2.87
2026-02-25 15:46:39,422 [INFO] Step 400: reward=-0.184, dist=2.16
2026-02-25 15:46:39,872 [INFO] Performing PPO update at global step 1595392
2026-02-25 15:46:40,150 [INFO] PPO losses — policy: 0.0301, value: 172.8218, entropy: 4.2242
2026-02-25 15:46:40,155 [INFO] PPO update completed. Buffer cleared.
2026-02-25 15:46:49,426 [INFO] Step 600: reward=-0.351, dist=3.02
2026-02-25 15:46:54,786 [INFO] Step 800: reward=-0.239, dist=3.59
2026-02-25 15:47:02,183 [INFO] Episode 1954 COMPLETE | Reward -1051.45 | Steps 1000 | Terminated False | Truncated True
2026-02-25 15:47:06,719 [INFO] Step 0: reward=-0.221, dist=2.53
2026-02-25 15:47:12,187 [INFO] Step 200: reward=-2.259, dist=3.42
2026-02-25 15:47:19,375 [INFO] Step 400: reward=-2.015, dist=4.11
2026-02-25 15:47:25,929 [INFO] Step 600: reward=-0.149, dist=3.83
2026-02-25 15:47:34,239 [INFO] Step 800: reward=-0.210, dist=2.43
2026-02-25 15:47:40,744 [INFO] Episode 1955 COMPLETE | Reward -895.29 | Steps 1000 | Terminated False | Truncated True
2026-02-25 15:47:40,763 [INFO] Checkpoint saved: checkpoints/ppo_ep_01955.pt
2026-02-25 15:47:43,895 [INFO] Step 0: reward=-0.212, dist=2.45
2026-02-25 15:47:50,858 [INFO] Step 200: reward=-0.237, dist=3.36
2026-02-25 15:47:57,672 [INFO] Step 400: reward=-1.967, dist=3.88
2026-02-25 15:47:58,729 [INFO] Performing PPO update at global step 1597440
2026-02-25 15:47:59,132 [INFO] PPO losses — policy: 0.0242, value: 151.8645, entropy: 4.2242
2026-02-25 15:47:59,136 [INFO] PPO update completed. Buffer cleared.
2026-02-25 15:48:01,414 [INFO] Step 600: reward=-2.205, dist=3.77
2026-02-25 15:48:09,072 [INFO] Step 800: reward=-0.089, dist=2.78
2026-02-25 15:48:15,379 [INFO] Episode 1956 COMPLETE | Reward -1208.83 | Steps 1000 | Terminated False | Truncated True
2026-02-25 15:48:40,620 [INFO] Step 0: reward=-100.000, dist=1181.25
2026-02-25 15:48:40,620 [INFO] Episode 1957 COMPLETE | Reward -100.00 | Steps 1 | Terminated False | Truncated True
2026-02-25 15:48:43,611 [INFO] Step 0: reward=-0.213, dist=3.61
2026-02-25 15:48:48,865 [INFO] Step 200: reward=-0.205, dist=2.78
2026-02-25 15:48:53,160 [INFO] Step 400: reward=-0.008, dist=1.22
2026-02-25 15:48:58,097 [INFO] Step 600: reward=-0.476, dist=2.03
2026-02-25 15:49:03,218 [INFO] Step 800: reward=0.095, dist=4.01
2026-02-25 15:49:08,390 [INFO] Episode 1958 COMPLETE | Reward -915.40 | Steps 1000 | Terminated False | Truncated True
2026-02-25 15:49:19,921 [INFO] Step 0: reward=-1.214, dist=4.40
2026-02-25 15:49:27,291 [INFO] Step 200: reward=-0.335, dist=3.85
2026-02-25 15:49:32,417 [INFO] Step 400: reward=-1.905, dist=4.55
2026-02-25 15:49:35,193 [INFO] Performing PPO update at global step 1599488
2026-02-25 15:49:35,481 [INFO] PPO losses — policy: 0.0382, value: 173.8565, entropy: 4.2242
2026-02-25 15:49:35,487 [INFO] PPO update completed. Buffer cleared.
2026-02-25 15:49:37,881 [INFO] Step 600: reward=-1.913, dist=5.28
2026-02-25 15:49:45,507 [INFO] Step 800: reward=-0.206, dist=3.20
2026-02-25 15:49:52,445 [INFO] Episode 1959 COMPLETE | Reward -973.21 | Steps 1000 | Terminated False | Truncated True
2026-02-25 15:49:56,664 [INFO] Step 0: reward=-0.226, dist=3.60
2026-02-25 15:49:56,908 [INFO] Policy action (normalized): v = +1.000, w = +0.841 | Cmd_vel (scaled): v = +1.000 m/s, w = +0.841 rad/s
2026-02-25 15:50:03,850 [INFO] Step 200: reward=0.108, dist=4.19
2026-02-25 15:50:11,337 [INFO] Step 400: reward=-0.618, dist=3.63
2026-02-25 15:50:19,361 [INFO] Step 600: reward=-2.214, dist=2.63
2026-02-25 15:50:28,145 [INFO] Step 800: reward=-0.259, dist=2.72
2026-02-25 15:50:33,926 [INFO] Episode 1960 COMPLETE | Reward -961.01 | Steps 1000 | Terminated False | Truncated True
2026-02-25 15:50:33,949 [INFO] Checkpoint saved: checkpoints/ppo_ep_01960.pt
2026-02-25 15:50:37,795 [INFO] Step 0: reward=-0.255, dist=2.88
2026-02-25 15:50:43,865 [INFO] Step 200: reward=-2.207, dist=2.51
2026-02-25 15:50:50,565 [INFO] Step 400: reward=-0.315, dist=2.98
2026-02-25 15:50:54,736 [INFO] Performing PPO update at global step 1601536
2026-02-25 15:50:55,022 [INFO] PPO losses — policy: 0.0007, value: 144.3693, entropy: 4.2242
2026-02-25 15:50:55,027 [INFO] PPO update completed. Buffer cleared.
2026-02-25 15:50:57,285 [INFO] Step 600: reward=-0.223, dist=3.96
2026-02-25 15:51:02,866 [INFO] Step 800: reward=-2.133, dist=3.90
2026-02-25 15:51:08,397 [INFO] Episode 1961 COMPLETE | Reward -1143.96 | Steps 1000 | Terminated False | Truncated True
2026-02-25 15:51:18,450 [INFO] Step 0: reward=0.076, dist=4.51
2026-02-25 15:51:24,575 [INFO] Step 200: reward=-2.239, dist=3.81
2026-02-25 15:51:30,763 [INFO] Step 400: reward=-0.261, dist=3.47
2026-02-25 15:51:36,160 [INFO] Step 600: reward=-2.156, dist=4.04
2026-02-25 15:51:45,119 [INFO] Step 800: reward=-0.140, dist=3.78
2026-02-25 15:51:51,306 [INFO] Episode 1962 COMPLETE | Reward -1307.42 | Steps 1000 | Terminated False | Truncated True
2026-02-25 15:52:02,700 [INFO] Step 0: reward=-0.005, dist=4.46
2026-02-25 15:52:08,218 [INFO] Step 200: reward=-0.206, dist=3.63
2026-02-25 15:52:15,165 [INFO] Step 400: reward=-2.205, dist=3.50
2026-02-25 15:52:19,270 [INFO] Performing PPO update at global step 1603584
2026-02-25 15:52:19,560 [INFO] PPO losses — policy: 0.0064, value: 272.9739, entropy: 4.2242
2026-02-25 15:52:19,565 [INFO] PPO update completed. Buffer cleared.
2026-02-25 15:52:19,569 [INFO] Step 600: reward=-2.005, dist=4.08
2026-02-25 15:52:26,218 [INFO] Step 800: reward=0.087, dist=4.33
2026-02-25 15:52:32,566 [INFO] Episode 1963 COMPLETE | Reward -1060.49 | Steps 1000 | Terminated False | Truncated True
2026-02-25 15:52:37,578 [INFO] Step 0: reward=-0.205, dist=2.51
2026-02-25 15:52:43,228 [INFO] Step 200: reward=-0.214, dist=2.15
2026-02-25 15:52:50,300 [INFO] Step 400: reward=-0.362, dist=3.16
2026-02-25 15:52:59,468 [INFO] Step 600: reward=-0.184, dist=3.92
2026-02-25 15:53:04,437 [INFO] Step 800: reward=-0.305, dist=3.73
2026-02-25 15:53:12,930 [INFO] Episode 1964 COMPLETE | Reward -924.62 | Steps 1000 | Terminated False | Truncated True
2026-02-25 15:53:16,735 [INFO] Step 0: reward=-0.205, dist=2.72
2026-02-25 15:53:22,849 [INFO] Step 200: reward=-1.223, dist=3.04
2026-02-25 15:53:28,592 [INFO] Step 400: reward=-0.361, dist=3.94
2026-02-25 15:53:35,212 [INFO] Step 600: reward=0.044, dist=4.25
2026-02-25 15:53:37,686 [INFO] Performing PPO update at global step 1605632
2026-02-25 15:53:37,967 [INFO] PPO losses — policy: 0.0022, value: 177.8826, entropy: 4.2242
2026-02-25 15:53:37,972 [INFO] PPO update completed. Buffer cleared.
2026-02-25 15:53:42,737 [INFO] Step 800: reward=-0.289, dist=3.53
2026-02-25 15:53:49,755 [INFO] Episode 1965 COMPLETE | Reward -965.18 | Steps 1000 | Terminated False | Truncated True
2026-02-25 15:53:49,773 [INFO] Checkpoint saved: checkpoints/ppo_ep_01965.pt
2026-02-25 15:54:00,147 [INFO] Step 0: reward=0.082, dist=4.46
2026-02-25 15:54:06,690 [INFO] Step 200: reward=-2.137, dist=3.30
2026-02-25 15:54:15,039 [INFO] Step 400: reward=-1.930, dist=4.45
2026-02-25 15:54:20,782 [INFO] Step 600: reward=-1.960, dist=5.02
2026-02-25 15:54:27,039 [INFO] Step 800: reward=-0.269, dist=3.69
2026-02-25 15:54:32,686 [INFO] Episode 1966 COMPLETE | Reward -798.36 | Steps 1000 | Terminated False | Truncated True
2026-02-25 15:54:37,741 [INFO] Step 0: reward=-0.205, dist=3.93
2026-02-25 15:54:42,625 [INFO] Step 200: reward=-2.305, dist=3.46
2026-02-25 15:54:50,407 [INFO] Step 400: reward=-1.578, dist=2.45
2026-02-25 15:54:56,668 [INFO] Step 600: reward=-0.292, dist=2.98
2026-02-25 15:54:59,500 [INFO] Performing PPO update at global step 1607680
2026-02-25 15:54:59,792 [INFO] PPO losses — policy: 0.1390, value: 148.6304, entropy: 4.2242
2026-02-25 15:54:59,798 [INFO] PPO update completed. Buffer cleared.
2026-02-25 15:55:02,809 [INFO] Step 800: reward=-2.207, dist=3.81
2026-02-25 15:55:07,709 [INFO] Episode 1967 COMPLETE | Reward -1135.31 | Steps 1000 | Terminated False | Truncated True
2026-02-25 15:55:11,094 [INFO] Step 0: reward=-0.231, dist=3.59
2026-02-25 15:55:16,606 [INFO] Step 200: reward=-2.103, dist=4.37
2026-02-25 15:55:23,629 [INFO] Step 400: reward=0.093, dist=5.10
2026-02-25 15:55:31,785 [INFO] Step 600: reward=0.083, dist=4.98
2026-02-25 15:55:38,815 [INFO] Step 800: reward=0.059, dist=4.15
2026-02-25 15:55:45,289 [INFO] Episode 1968 COMPLETE | Reward -922.23 | Steps 1000 | Terminated False | Truncated True
2026-02-25 15:55:49,986 [INFO] Step 0: reward=-0.305, dist=2.88
2026-02-25 15:55:58,176 [INFO] Step 200: reward=-0.251, dist=3.56
2026-02-25 15:56:02,926 [INFO] Step 400: reward=-1.905, dist=4.17
2026-02-25 15:56:08,381 [INFO] Step 600: reward=0.000, dist=4.55
2026-02-25 15:56:13,159 [INFO] Performing PPO update at global step 1609728
2026-02-25 15:56:13,579 [INFO] PPO losses — policy: 0.0160, value: 198.2735, entropy: 4.2242
2026-02-25 15:56:13,587 [INFO] PPO update completed. Buffer cleared.
2026-02-25 15:56:15,203 [INFO] Step 800: reward=-2.211, dist=3.97
2026-02-25 15:56:20,432 [INFO] Episode 1969 COMPLETE | Reward -1140.43 | Steps 1000 | Terminated False | Truncated True
2026-02-25 15:56:22,769 [INFO] Step 0: reward=-0.210, dist=2.35
2026-02-25 15:56:23,246 [INFO] Policy action (normalized): v = +0.995, w = -0.993 | Cmd_vel (scaled): v = +0.995 m/s, w = -0.993 rad/s
2026-02-25 15:56:29,037 [INFO] Step 200: reward=-2.233, dist=1.51
2026-02-25 15:56:32,771 [INFO] Step 400: reward=-0.260, dist=1.53
2026-02-25 15:56:38,649 [INFO] Step 600: reward=-2.207, dist=2.48
2026-02-25 15:56:44,820 [INFO] Step 800: reward=-0.233, dist=3.09
2026-02-25 15:56:51,483 [INFO] Episode 1970 COMPLETE | Reward -1274.66 | Steps 1000 | Terminated False | Truncated True
2026-02-25 15:56:51,509 [INFO] Checkpoint saved: checkpoints/ppo_ep_01970.pt
2026-02-25 15:56:54,867 [INFO] Step 0: reward=-0.208, dist=2.72
2026-02-25 15:57:02,065 [INFO] Step 200: reward=-0.214, dist=3.43
2026-02-25 15:57:08,999 [INFO] Step 400: reward=-0.082, dist=4.45
2026-02-25 15:57:16,597 [INFO] Step 600: reward=-1.900, dist=3.98
2026-02-25 15:57:22,840 [INFO] Performing PPO update at global step 1611776
2026-02-25 15:57:23,110 [INFO] PPO losses — policy: 0.0460, value: 195.7971, entropy: 4.2242
2026-02-25 15:57:23,116 [INFO] PPO update completed. Buffer cleared.
2026-02-25 15:57:23,331 [INFO] Step 800: reward=-2.179, dist=2.90
2026-02-25 15:57:29,711 [INFO] Episode 1971 COMPLETE | Reward -747.57 | Steps 1000 | Terminated False | Truncated True
2026-02-25 15:57:34,912 [INFO] Step 0: reward=-0.305, dist=3.20
2026-02-25 15:57:42,387 [INFO] Step 200: reward=0.071, dist=4.22
2026-02-25 15:57:46,386 [INFO] Step 400: reward=-1.882, dist=4.55
2026-02-25 15:57:52,354 [INFO] Step 600: reward=-1.905, dist=5.10
2026-02-25 15:57:58,126 [INFO] Step 800: reward=-1.871, dist=4.60
2026-02-25 15:58:04,807 [INFO] Episode 1972 COMPLETE | Reward -1157.22 | Steps 1000 | Terminated False | Truncated True
2026-02-25 15:58:16,352 [INFO] Step 0: reward=0.084, dist=4.49
2026-02-25 15:58:21,966 [INFO] Step 200: reward=-0.185, dist=3.71
2026-02-25 15:58:28,812 [INFO] Step 400: reward=-0.210, dist=3.37
2026-02-25 15:58:33,899 [INFO] Step 600: reward=-2.305, dist=3.91
2026-02-25 15:58:40,126 [INFO] Step 800: reward=-0.212, dist=2.17
2026-02-25 15:58:41,696 [INFO] Performing PPO update at global step 1613824
2026-02-25 15:58:42,031 [INFO] PPO losses — policy: 0.0153, value: 234.8924, entropy: 4.2242
2026-02-25 15:58:42,039 [INFO] PPO update completed. Buffer cleared.
2026-02-25 15:58:47,727 [INFO] Episode 1973 COMPLETE | Reward -1118.25 | Steps 1000 | Terminated False | Truncated True
2026-02-25 15:58:50,792 [INFO] Step 0: reward=-0.235, dist=3.65
2026-02-25 15:58:57,537 [INFO] Step 200: reward=-1.939, dist=4.47
2026-02-25 15:59:03,081 [INFO] Step 400: reward=0.036, dist=5.13
2026-02-25 15:59:08,597 [INFO] Step 600: reward=-3.419, dist=5.44
2026-02-25 15:59:16,578 [INFO] Step 800: reward=0.154, dist=4.46
2026-02-25 15:59:24,400 [INFO] Episode 1974 COMPLETE | Reward -923.13 | Steps 1000 | Terminated False | Truncated True
2026-02-25 15:59:27,587 [INFO] Step 0: reward=-0.207, dist=2.36
2026-02-25 15:59:32,229 [INFO] Step 200: reward=-2.238, dist=2.20
2026-02-25 15:59:38,541 [INFO] Step 400: reward=-0.100, dist=1.66
2026-02-25 15:59:43,533 [INFO] Episode 1975 COMPLETE | Reward -635.61 | Steps 595 | Terminated True | Truncated False
2026-02-25 15:59:43,561 [INFO] Checkpoint saved: checkpoints/ppo_ep_01975.pt
2026-02-25 15:59:47,671 [INFO] Step 0: reward=-0.219, dist=2.18
2026-02-25 15:59:53,739 [INFO] Step 200: reward=-2.187, dist=1.91
2026-02-25 15:59:56,812 [INFO] Performing PPO update at global step 1615872
2026-02-25 15:59:57,180 [INFO] PPO losses — policy: 0.0328, value: 539.7505, entropy: 4.2242
2026-02-25 15:59:57,186 [INFO] PPO update completed. Buffer cleared.
2026-02-25 15:59:59,389 [INFO] Step 400: reward=-2.254, dist=2.65
2026-02-25 16:00:04,027 [INFO] Step 600: reward=-2.267, dist=3.15
2026-02-25 16:00:09,507 [INFO] Step 800: reward=-0.220, dist=3.44
2026-02-25 16:00:15,996 [INFO] Episode 1976 COMPLETE | Reward -1445.59 | Steps 1000 | Terminated False | Truncated True
2026-02-25 16:00:19,174 [INFO] Step 0: reward=-0.220, dist=3.62
2026-02-25 16:00:24,076 [INFO] Step 200: reward=-2.073, dist=3.03
2026-02-25 16:00:29,276 [INFO] Step 400: reward=-2.145, dist=2.37
2026-02-25 16:00:35,250 [INFO] Step 600: reward=-0.218, dist=2.20
2026-02-25 16:00:41,604 [INFO] Step 800: reward=-0.473, dist=2.88
2026-02-25 16:00:46,872 [INFO] Episode 1977 COMPLETE | Reward -1527.38 | Steps 1000 | Terminated False | Truncated True
2026-02-25 16:00:50,016 [INFO] Step 0: reward=-0.305, dist=3.59
2026-02-25 16:00:57,820 [INFO] Step 200: reward=-0.174, dist=4.50
2026-02-25 16:01:03,661 [INFO] Performing PPO update at global step 1617920
2026-02-25 16:01:03,946 [INFO] PPO losses — policy: 0.0489, value: 307.4064, entropy: 4.2242
2026-02-25 16:01:03,950 [INFO] PPO update completed. Buffer cleared.
2026-02-25 16:01:05,474 [INFO] Step 400: reward=-1.956, dist=5.20
2026-02-25 16:01:11,550 [INFO] Step 600: reward=-1.811, dist=5.03
2026-02-25 16:01:17,499 [INFO] Step 800: reward=-1.906, dist=4.38
2026-02-25 16:01:24,262 [INFO] Episode 1978 COMPLETE | Reward -1028.50 | Steps 1000 | Terminated False | Truncated True
2026-02-25 16:01:28,850 [INFO] Step 0: reward=-0.206, dist=2.83
2026-02-25 16:01:35,010 [INFO] Step 200: reward=-2.231, dist=3.80
2026-02-25 16:01:39,616 [INFO] Step 400: reward=-1.956, dist=4.34
2026-02-25 16:01:44,833 [INFO] Step 600: reward=-0.005, dist=4.63
2026-02-25 16:01:50,508 [INFO] Step 800: reward=0.096, dist=4.49
2026-02-25 16:01:58,780 [INFO] Episode 1979 COMPLETE | Reward -1166.17 | Steps 1000 | Terminated False | Truncated True
2026-02-25 16:02:01,931 [INFO] Step 0: reward=-0.205, dist=3.04
2026-02-25 16:02:05,901 [INFO] Step 200: reward=-3.270, dist=2.90
2026-02-25 16:02:11,403 [INFO] Performing PPO update at global step 1619968
2026-02-25 16:02:11,819 [INFO] PPO losses — policy: -0.0006, value: 266.6897, entropy: 4.2242
2026-02-25 16:02:11,827 [INFO] PPO update completed. Buffer cleared.
2026-02-25 16:02:11,919 [INFO] Step 400: reward=-2.217, dist=3.39
2026-02-25 16:02:12,335 [INFO] Policy action (normalized): v = +1.000, w = -0.410 | Cmd_vel (scaled): v = +1.000 m/s, w = -0.410 rad/s
2026-02-25 16:02:18,845 [INFO] Step 600: reward=0.001, dist=4.34
2026-02-25 16:02:25,770 [INFO] Step 800: reward=0.095, dist=4.66
2026-02-25 16:02:30,253 [INFO] Episode 1980 COMPLETE | Reward -1545.11 | Steps 1000 | Terminated False | Truncated True
2026-02-25 16:02:30,273 [INFO] Checkpoint saved: checkpoints/ppo_ep_01980.pt
2026-02-25 16:02:34,492 [INFO] Step 0: reward=-2.215, dist=3.14
2026-02-25 16:02:42,541 [INFO] Step 200: reward=-2.305, dist=2.20
2026-02-25 16:02:48,034 [INFO] Step 400: reward=-2.205, dist=2.77
2026-02-25 16:02:54,429 [INFO] Step 600: reward=-0.209, dist=3.60
2026-02-25 16:03:00,446 [INFO] Step 800: reward=-0.297, dist=3.96
2026-02-25 16:03:05,771 [INFO] Episode 1981 COMPLETE | Reward -1311.98 | Steps 1000 | Terminated False | Truncated True
2026-02-25 16:03:10,892 [INFO] Step 0: reward=-0.305, dist=2.69
2026-02-25 16:03:18,902 [INFO] Step 200: reward=-0.137, dist=2.37
2026-02-25 16:03:25,290 [INFO] Step 400: reward=-0.213, dist=1.44
2026-02-25 16:03:25,779 [INFO] Performing PPO update at global step 1622016
2026-02-25 16:03:26,058 [INFO] PPO losses — policy: 0.0275, value: 218.3785, entropy: 4.2242
2026-02-25 16:03:26,063 [INFO] PPO update completed. Buffer cleared.
2026-02-25 16:03:29,051 [INFO] Episode 1982 COMPLETE | Reward -197.06 | Steps 499 | Terminated True | Truncated False
2026-02-25 16:03:32,236 [INFO] Step 0: reward=-0.206, dist=2.26
2026-02-25 16:03:40,836 [INFO] Step 200: reward=-2.129, dist=3.02
2026-02-25 16:03:47,218 [INFO] Step 400: reward=-1.059, dist=2.82
2026-02-25 16:03:53,353 [INFO] Step 600: reward=-2.221, dist=2.13
2026-02-25 16:04:00,242 [INFO] Step 800: reward=-0.205, dist=1.53
2026-02-25 16:04:05,019 [INFO] Episode 1983 COMPLETE | Reward -1192.47 | Steps 1000 | Terminated False | Truncated True
2026-02-25 16:04:07,819 [INFO] Step 0: reward=-0.242, dist=2.81
2026-02-25 16:04:13,661 [INFO] Step 200: reward=-0.205, dist=2.29
2026-02-25 16:04:20,677 [INFO] Step 400: reward=-2.205, dist=1.40
2026-02-25 16:04:25,772 [INFO] Step 600: reward=-0.238, dist=1.64
2026-02-25 16:04:32,735 [INFO] Step 800: reward=-0.378, dist=2.52
2026-02-25 16:04:37,834 [INFO] Performing PPO update at global step 1624064
2026-02-25 16:04:38,134 [INFO] PPO losses — policy: 0.0301, value: 617.2832, entropy: 4.2242
2026-02-25 16:04:38,140 [INFO] PPO update completed. Buffer cleared.
2026-02-25 16:04:38,220 [INFO] Episode 1984 COMPLETE | Reward -1474.09 | Steps 1000 | Terminated False | Truncated True
2026-02-25 16:04:40,972 [INFO] Step 0: reward=-2.177, dist=2.00
2026-02-25 16:04:47,296 [INFO] Step 200: reward=-0.600, dist=2.72
2026-02-25 16:04:52,306 [INFO] Step 400: reward=-0.238, dist=3.22
2026-02-25 16:04:58,490 [INFO] Step 600: reward=-2.243, dist=3.45
2026-02-25 16:05:03,553 [INFO] Step 800: reward=-0.198, dist=3.23
2026-02-25 16:05:10,234 [INFO] Episode 1985 COMPLETE | Reward -1532.92 | Steps 1000 | Terminated False | Truncated True
2026-02-25 16:05:10,259 [INFO] Checkpoint saved: checkpoints/ppo_ep_01985.pt
2026-02-25 16:05:13,290 [INFO] Step 0: reward=-0.205, dist=2.99
2026-02-25 16:05:19,780 [INFO] Step 200: reward=-2.247, dist=3.41
2026-02-25 16:05:26,374 [INFO] Step 400: reward=-2.209, dist=3.15
2026-02-25 16:05:31,905 [INFO] Step 600: reward=-2.222, dist=2.76
2026-02-25 16:05:39,005 [INFO] Step 800: reward=-2.110, dist=2.04
2026-02-25 16:05:45,951 [INFO] Episode 1986 COMPLETE | Reward -1464.88 | Steps 1000 | Terminated False | Truncated True
2026-02-25 16:05:49,334 [INFO] Step 0: reward=-0.212, dist=3.59
2026-02-25 16:05:50,430 [INFO] Performing PPO update at global step 1626112
2026-02-25 16:05:50,718 [INFO] PPO losses — policy: 0.0036, value: 308.7665, entropy: 4.2242
2026-02-25 16:05:50,723 [INFO] PPO update completed. Buffer cleared.
2026-02-25 16:05:55,839 [INFO] Step 200: reward=-0.206, dist=3.00
2026-02-25 16:06:01,799 [INFO] Step 400: reward=-0.211, dist=2.31
2026-02-25 16:06:09,232 [INFO] Step 600: reward=-2.207, dist=2.12
2026-02-25 16:06:14,696 [INFO] Step 800: reward=-2.205, dist=2.80
2026-02-25 16:06:22,526 [INFO] Episode 1987 COMPLETE | Reward -1380.71 | Steps 1000 | Terminated False | Truncated True
2026-02-25 16:06:25,640 [INFO] Step 0: reward=-0.305, dist=3.33
2026-02-25 16:06:30,616 [INFO] Step 200: reward=-2.556, dist=3.68
2026-02-25 16:06:34,010 [INFO] Step 400: reward=-2.217, dist=3.78
2026-02-25 16:06:38,261 [INFO] Step 600: reward=-2.209, dist=3.73
2026-02-25 16:06:43,795 [INFO] Step 800: reward=-0.148, dist=3.16
2026-02-25 16:06:48,236 [INFO] Episode 1988 COMPLETE | Reward -1868.68 | Steps 1000 | Terminated False | Truncated True
2026-02-25 16:06:52,057 [INFO] Step 0: reward=-0.305, dist=3.08
2026-02-25 16:06:55,139 [INFO] Performing PPO update at global step 1628160
2026-02-25 16:06:55,428 [INFO] PPO losses — policy: -0.0030, value: 382.5258, entropy: 4.2242
2026-02-25 16:06:55,433 [INFO] PPO update completed. Buffer cleared.
2026-02-25 16:06:59,695 [INFO] Step 200: reward=-2.221, dist=2.17
2026-02-25 16:07:06,346 [INFO] Step 400: reward=-0.205, dist=2.76
2026-02-25 16:07:12,856 [INFO] Step 600: reward=-0.305, dist=3.41
2026-02-25 16:07:23,925 [INFO] Step 800: reward=-0.010, dist=0.00
2026-02-25 16:08:25,202 [INFO] Step 1000: reward=-0.010, dist=0.00
2026-02-25 16:09:26,559 [INFO] Step 1200: reward=-0.010, dist=0.00
2026-02-25 16:10:27,867 [INFO] Step 1400: reward=-0.010, dist=0.00
2026-02-25 16:11:29,227 [INFO] Step 1600: reward=-0.010, dist=0.00
2026-02-25 16:12:30,573 [INFO] Step 1800: reward=-0.010, dist=0.00
2026-02-25 16:13:07,692 [INFO] Policy action (normalized): v = +1.000, w = -1.000 | Cmd_vel (scaled): v = +1.000 m/s, w = -1.000 rad/s
2026-02-25 16:13:31,959 [INFO] Step 2000: reward=-0.010, dist=0.00
2026-02-25 16:14:11,596 [INFO] Performing PPO update at global step 1630208
2026-02-25 16:14:11,827 [INFO] PPO losses — policy: 0.0126, value: 164.5918, entropy: 4.2242
2026-02-25 16:14:11,831 [INFO] PPO update completed. Buffer cleared.
2026-02-25 16:14:33,577 [INFO] Step 2200: reward=-0.010, dist=0.00
2026-02-25 16:15:34,879 [INFO] Step 2400: reward=-0.010, dist=0.00
2026-02-25 16:16:36,164 [INFO] Step 2600: reward=-0.010, dist=0.00
2026-02-25 16:17:37,449 [INFO] Step 2800: reward=-0.010, dist=0.00
2026-02-25 16:18:38,747 [INFO] Step 3000: reward=-0.010, dist=0.00
2026-02-25 16:19:40,046 [INFO] Step 3200: reward=-0.010, dist=0.00
2026-02-25 16:20:41,354 [INFO] Step 3400: reward=-0.010, dist=0.00
2026-02-25 16:21:42,683 [INFO] Step 3600: reward=-0.010, dist=0.00
2026-02-25 16:22:43,965 [INFO] Step 3800: reward=-0.010, dist=0.00
2026-02-25 16:23:45,351 [INFO] Step 4000: reward=-0.010, dist=0.00
2026-02-25 16:24:39,661 [INFO] Performing PPO update at global step 1632256
2026-02-25 16:24:39,897 [INFO] PPO losses — policy: 0.0086, value: 136.7394, entropy: 4.2242
2026-02-25 16:24:39,901 [INFO] PPO update completed. Buffer cleared.
2026-02-25 16:24:46,949 [INFO] Step 4200: reward=-0.010, dist=0.00
2026-02-25 16:25:48,266 [INFO] Step 4400: reward=-0.010, dist=0.00
2026-02-25 16:26:49,590 [INFO] Step 4600: reward=-0.010, dist=0.00
2026-02-25 16:27:50,851 [INFO] Step 4800: reward=-0.010, dist=0.00
2026-02-25 16:28:52,203 [INFO] Step 5000: reward=-0.010, dist=0.00
2026-02-25 16:29:53,555 [INFO] Step 5200: reward=-0.010, dist=0.00
2026-02-25 16:30:54,910 [INFO] Step 5400: reward=-0.010, dist=0.00
2026-02-25 16:31:56,314 [INFO] Step 5600: reward=-0.010, dist=0.00
2026-02-25 16:32:57,668 [INFO] Step 5800: reward=-0.010, dist=0.00
2026-02-25 16:33:59,013 [INFO] Step 6000: reward=-0.010, dist=0.00
2026-02-25 16:35:00,382 [INFO] Step 6200: reward=-0.010, dist=0.00
2026-02-25 16:35:08,056 [INFO] Performing PPO update at global step 1634304
2026-02-25 16:35:08,299 [INFO] PPO losses — policy: 0.0083, value: 107.6868, entropy: 4.2242
2026-02-25 16:35:08,303 [INFO] PPO update completed. Buffer cleared.
2026-02-25 16:36:01,902 [INFO] Step 6400: reward=-0.010, dist=0.00
2026-02-25 16:37:03,199 [INFO] Step 6600: reward=-0.010, dist=0.00
2026-02-25 16:38:04,515 [INFO] Step 6800: reward=-0.010, dist=0.00
2026-02-25 16:39:05,793 [INFO] Step 7000: reward=-0.010, dist=0.00
2026-02-25 16:40:07,083 [INFO] Step 7200: reward=-0.010, dist=0.00
2026-02-25 16:41:08,432 [INFO] Step 7400: reward=-0.010, dist=0.00
2026-02-25 16:42:09,786 [INFO] Step 7600: reward=-0.010, dist=0.00
2026-02-25 16:43:11,131 [INFO] Step 7800: reward=-0.010, dist=0.00
2026-02-25 16:44:12,473 [INFO] Step 8000: reward=-0.010, dist=0.00
2026-02-25 16:45:13,819 [INFO] Step 8200: reward=-0.010, dist=0.00
2026-02-25 16:45:36,199 [INFO] Performing PPO update at global step 1636352
2026-02-25 16:45:36,435 [INFO] PPO losses — policy: 0.0059, value: 78.5013, entropy: 4.2242
2026-02-25 16:45:36,440 [INFO] PPO update completed. Buffer cleared.
2026-02-25 16:46:15,390 [INFO] Step 8400: reward=-0.010, dist=0.00
2026-02-25 16:47:16,668 [INFO] Step 8600: reward=-0.010, dist=0.00
2026-02-25 16:48:18,011 [INFO] Step 8800: reward=-0.010, dist=0.00
2026-02-25 16:49:19,282 [INFO] Step 9000: reward=-0.010, dist=0.00
2026-02-25 16:50:20,563 [INFO] Step 9200: reward=-0.010, dist=0.00
2026-02-25 16:51:21,857 [INFO] Step 9400: reward=-0.010, dist=0.00
2026-02-25 16:52:23,180 [INFO] Step 9600: reward=-0.010, dist=0.00
2026-02-25 16:53:24,518 [INFO] Step 9800: reward=-0.010, dist=0.00
2026-02-25 16:54:25,901 [INFO] Step 10000: reward=-0.010, dist=0.00
2026-02-25 16:55:27,193 [INFO] Step 10200: reward=-0.010, dist=0.00
2026-02-25 16:56:04,288 [INFO] Performing PPO update at global step 1638400
2026-02-25 16:56:04,522 [INFO] PPO losses — policy: 0.0046, value: 58.0268, entropy: 4.2242
2026-02-25 16:56:04,526 [INFO] PPO update completed. Buffer cleared.
2026-02-25 16:56:28,726 [INFO] Step 10400: reward=-0.010, dist=0.00
2026-02-25 16:57:30,062 [INFO] Step 10600: reward=-0.010, dist=0.00
2026-02-25 16:58:31,321 [INFO] Step 10800: reward=-0.010, dist=0.00
2026-02-25 16:59:32,638 [INFO] Step 11000: reward=-0.010, dist=0.00
2026-02-25 17:00:33,936 [INFO] Step 11200: reward=-0.010, dist=0.00
2026-02-25 17:01:35,249 [INFO] Step 11400: reward=-0.010, dist=0.00
2026-02-25 17:02:36,545 [INFO] Step 11600: reward=-0.010, dist=0.00
2026-02-25 17:03:37,871 [INFO] Step 11800: reward=-0.010, dist=0.00
2026-02-25 17:04:15,013 [INFO] Policy action (normalized): v = +1.000, w = -0.548 | Cmd_vel (scaled): v = +1.000 m/s, w = -0.548 rad/s
2026-02-25 17:04:39,237 [INFO] Step 12000: reward=-0.010, dist=0.00
2026-02-25 17:05:40,583 [INFO] Step 12200: reward=-0.010, dist=0.00
2026-02-25 17:06:32,453 [INFO] Performing PPO update at global step 1640448
2026-02-25 17:06:32,688 [INFO] PPO losses — policy: 0.0068, value: 44.6325, entropy: 4.2242
2026-02-25 17:06:32,692 [INFO] PPO update completed. Buffer cleared.
2026-02-25 17:06:42,182 [INFO] Step 12400: reward=-0.010, dist=0.00
2026-02-25 17:07:43,485 [INFO] Step 12600: reward=-0.010, dist=0.00
2026-02-25 17:08:44,764 [INFO] Step 12800: reward=-0.010, dist=0.00
2026-02-25 17:09:46,103 [INFO] Step 13000: reward=-0.010, dist=0.00
2026-02-25 17:10:47,460 [INFO] Step 13200: reward=-0.010, dist=0.00
2026-02-25 17:11:48,855 [INFO] Step 13400: reward=-0.010, dist=0.00
2026-02-25 17:12:50,223 [INFO] Step 13600: reward=-0.010, dist=0.00
2026-02-25 17:13:51,553 [INFO] Step 13800: reward=-0.010, dist=0.00
2026-02-25 17:14:52,881 [INFO] Step 14000: reward=-0.010, dist=0.00
2026-02-25 17:15:54,241 [INFO] Step 14200: reward=-0.010, dist=0.00
2026-02-25 17:16:55,616 [INFO] Step 14400: reward=-0.010, dist=0.00
2026-02-25 17:17:00,825 [INFO] Performing PPO update at global step 1642496
2026-02-25 17:17:01,059 [INFO] PPO losses — policy: 0.0083, value: 33.5395, entropy: 4.2242
2026-02-25 17:17:01,063 [INFO] PPO update completed. Buffer cleared.
2026-02-25 17:17:57,178 [INFO] Step 14600: reward=-0.010, dist=0.00
2026-02-25 17:18:58,531 [INFO] Step 14800: reward=-0.010, dist=0.00
2026-02-25 17:19:59,877 [INFO] Step 15000: reward=-0.010, dist=0.00
2026-02-25 17:21:01,196 [INFO] Step 15200: reward=-0.010, dist=0.00
2026-02-25 17:22:02,509 [INFO] Step 15400: reward=-0.010, dist=0.00
2026-02-25 17:23:03,841 [INFO] Step 15600: reward=-0.010, dist=0.00
2026-02-25 17:24:05,139 [INFO] Step 15800: reward=-0.010, dist=0.00
2026-02-25 17:25:06,444 [INFO] Step 16000: reward=-0.010, dist=0.00
2026-02-25 17:26:07,730 [INFO] Step 16200: reward=-0.010, dist=0.00
2026-02-25 17:27:09,045 [INFO] Step 16400: reward=-0.010, dist=0.00
2026-02-25 17:27:28,955 [INFO] Performing PPO update at global step 1644544
2026-02-25 17:27:29,191 [INFO] PPO losses — policy: 0.0062, value: 23.9602, entropy: 4.2242
2026-02-25 17:27:29,194 [INFO] PPO update completed. Buffer cleared.
2026-02-25 17:28:10,586 [INFO] Step 16600: reward=-0.010, dist=0.00
2026-02-25 17:29:11,869 [INFO] Step 16800: reward=-0.010, dist=0.00
2026-02-25 17:30:13,202 [INFO] Step 17000: reward=-0.010, dist=0.00
2026-02-25 17:31:14,557 [INFO] Step 17200: reward=-0.010, dist=0.00
2026-02-25 17:32:15,879 [INFO] Step 17400: reward=-0.010, dist=0.00
2026-02-25 17:33:17,195 [INFO] Step 17600: reward=-0.010, dist=0.00
2026-02-25 17:34:18,549 [INFO] Step 17800: reward=-0.010, dist=0.00
2026-02-25 17:35:19,875 [INFO] Step 18000: reward=-0.010, dist=0.00
2026-02-25 17:36:21,190 [INFO] Step 18200: reward=-0.010, dist=0.00
2026-02-25 17:37:22,500 [INFO] Step 18400: reward=-0.010, dist=0.00
2026-02-25 17:37:57,152 [INFO] Performing PPO update at global step 1646592
2026-02-25 17:37:57,393 [INFO] PPO losses — policy: 0.0055, value: 16.4412, entropy: 4.2242
2026-02-25 17:37:57,398 [INFO] PPO update completed. Buffer cleared.
2026-02-25 17:38:24,074 [INFO] Step 18600: reward=-0.010, dist=0.00
2026-02-25 17:39:25,353 [INFO] Step 18800: reward=-0.010, dist=0.00
2026-02-25 17:40:26,707 [INFO] Step 19000: reward=-0.010, dist=0.00
2026-02-25 17:41:27,999 [INFO] Step 19200: reward=-0.010, dist=0.00
2026-02-25 17:42:29,305 [INFO] Step 19400: reward=-0.010, dist=0.00
2026-02-25 17:43:30,684 [INFO] Step 19600: reward=-0.010, dist=0.00
2026-02-25 17:44:31,976 [INFO] Step 19800: reward=-0.010, dist=0.00
2026-02-25 17:45:33,286 [INFO] Step 20000: reward=-0.010, dist=0.00
2026-02-25 17:46:34,637 [INFO] Step 20200: reward=-0.010, dist=0.00
2026-02-25 17:47:35,976 [INFO] Step 20400: reward=-0.010, dist=0.00
2026-02-25 17:48:25,324 [INFO] Performing PPO update at global step 1648640
2026-02-25 17:48:25,559 [INFO] PPO losses — policy: 0.0091, value: 11.6225, entropy: 4.2242
2026-02-25 17:48:25,564 [INFO] PPO update completed. Buffer cleared.
2026-02-25 17:48:37,514 [INFO] Step 20600: reward=-0.010, dist=0.00
2026-02-25 17:49:38,845 [INFO] Step 20800: reward=-0.010, dist=0.00
2026-02-25 17:50:40,146 [INFO] Step 21000: reward=-0.010, dist=0.00
2026-02-25 17:51:41,463 [INFO] Step 21200: reward=-0.010, dist=0.00
2026-02-25 17:52:42,764 [INFO] Step 21400: reward=-0.010, dist=0.00
2026-02-25 17:53:44,144 [INFO] Step 21600: reward=-0.010, dist=0.00
2026-02-25 17:54:45,536 [INFO] Step 21800: reward=-0.010, dist=0.00
2026-02-25 17:55:22,673 [INFO] Policy action (normalized): v = -0.080, w = +0.832 | Cmd_vel (scaled): v = -0.080 m/s, w = +0.832 rad/s
2026-02-25 17:55:46,938 [INFO] Step 22000: reward=-0.010, dist=0.00
2026-02-25 17:56:48,292 [INFO] Step 22200: reward=-0.010, dist=0.00
2026-02-25 17:57:49,603 [INFO] Step 22400: reward=-0.010, dist=0.00
2026-02-25 17:58:50,926 [INFO] Step 22600: reward=-0.010, dist=0.00
2026-02-25 17:58:53,691 [INFO] Performing PPO update at global step 1650688
2026-02-25 17:58:53,927 [INFO] PPO losses — policy: 0.0022, value: 7.2909, entropy: 4.2242
2026-02-25 17:58:53,931 [INFO] PPO update completed. Buffer cleared.
2026-02-25 17:59:52,498 [INFO] Step 22800: reward=-0.010, dist=0.00
2026-02-25 18:00:53,796 [INFO] Step 23000: reward=-0.010, dist=0.00
2026-02-25 18:01:55,117 [INFO] Step 23200: reward=-0.010, dist=0.00
2026-02-25 18:02:56,475 [INFO] Step 23400: reward=-0.010, dist=0.00
2026-02-25 18:03:57,833 [INFO] Step 23600: reward=-0.010, dist=0.00
2026-02-25 18:04:59,138 [INFO] Step 23800: reward=-0.010, dist=0.00
2026-02-25 18:06:00,437 [INFO] Step 24000: reward=-0.010, dist=0.00
2026-02-25 18:07:01,762 [INFO] Step 24200: reward=-0.010, dist=0.00
2026-02-25 18:08:03,124 [INFO] Step 24400: reward=-0.010, dist=0.00
2026-02-25 18:09:04,485 [INFO] Step 24600: reward=-0.010, dist=0.00
2026-02-25 18:09:22,044 [INFO] Performing PPO update at global step 1652736
2026-02-25 18:09:22,278 [INFO] PPO losses — policy: 0.0033, value: 4.6024, entropy: 4.2240
2026-02-25 18:09:22,282 [INFO] PPO update completed. Buffer cleared.
2026-02-25 18:10:06,133 [INFO] Step 24800: reward=-0.010, dist=0.00
2026-02-25 18:11:07,463 [INFO] Step 25000: reward=-0.010, dist=0.00
2026-02-25 18:12:08,765 [INFO] Step 25200: reward=-0.010, dist=0.00
2026-02-25 18:13:10,068 [INFO] Step 25400: reward=-0.010, dist=0.00
2026-02-25 18:14:11,430 [INFO] Step 25600: reward=-0.010, dist=0.00
2026-02-25 18:15:12,774 [INFO] Step 25800: reward=-0.010, dist=0.00
2026-02-25 18:16:14,120 [INFO] Step 26000: reward=-0.010, dist=0.00
2026-02-25 18:17:15,447 [INFO] Step 26200: reward=-0.010, dist=0.00
2026-02-25 18:18:16,808 [INFO] Step 26400: reward=-0.010, dist=0.00
2026-02-25 18:19:18,131 [INFO] Step 26600: reward=-0.010, dist=0.00
2026-02-25 18:19:50,319 [INFO] Performing PPO update at global step 1654784
2026-02-25 18:19:50,559 [INFO] PPO losses — policy: 0.0032, value: 2.7348, entropy: 4.2242
2026-02-25 18:19:50,563 [INFO] PPO update completed. Buffer cleared.
2026-02-25 18:20:19,673 [INFO] Step 26800: reward=-0.010, dist=0.00
2026-02-25 18:21:21,025 [INFO] Step 27000: reward=-0.010, dist=0.00
2026-02-25 18:22:22,299 [INFO] Step 27200: reward=-0.010, dist=0.00
2026-02-25 18:23:23,654 [INFO] Step 27400: reward=-0.010, dist=0.00
2026-02-25 18:24:24,946 [INFO] Step 27600: reward=-0.010, dist=0.00
2026-02-25 18:25:26,183 [INFO] Step 27800: reward=-0.010, dist=0.00
2026-02-25 18:26:27,550 [INFO] Step 28000: reward=-0.010, dist=0.00
2026-02-25 18:27:28,862 [INFO] Step 28200: reward=-0.010, dist=0.00
2026-02-25 18:28:30,168 [INFO] Step 28400: reward=-0.010, dist=0.00
2026-02-25 18:29:31,471 [INFO] Step 28600: reward=-0.010, dist=0.00
2026-02-25 18:30:18,410 [INFO] Performing PPO update at global step 1656832
2026-02-25 18:30:18,652 [INFO] PPO losses — policy: -0.0003, value: 1.6816, entropy: 4.2242
2026-02-25 18:30:18,656 [INFO] PPO update completed. Buffer cleared.
2026-02-25 18:30:33,055 [INFO] Step 28800: reward=-0.010, dist=0.00
2026-02-25 18:31:34,370 [INFO] Step 29000: reward=-0.010, dist=0.00
2026-02-25 18:32:35,612 [INFO] Step 29200: reward=-0.010, dist=0.00
2026-02-25 18:33:37,018 [INFO] Step 29400: reward=-0.010, dist=0.00
2026-02-25 18:34:38,325 [INFO] Step 29600: reward=-0.010, dist=0.00
2026-02-25 18:35:39,617 [INFO] Step 29800: reward=-0.010, dist=0.00
2026-02-25 18:36:40,862 [INFO] Step 30000: reward=-0.010, dist=0.00
2026-02-25 18:37:42,180 [INFO] Step 30200: reward=-0.010, dist=0.00
2026-02-25 18:38:43,509 [INFO] Step 30400: reward=-0.010, dist=0.00
2026-02-25 18:39:44,804 [INFO] Step 30600: reward=-0.010, dist=0.00
2026-02-25 18:40:46,074 [INFO] Step 30800: reward=-0.010, dist=0.00
2026-02-25 18:40:46,381 [INFO] Performing PPO update at global step 1658880
2026-02-25 18:40:46,614 [INFO] PPO losses — policy: 0.0002, value: 0.9260, entropy: 4.2242
2026-02-25 18:40:46,618 [INFO] PPO update completed. Buffer cleared.
2026-02-25 18:41:47,648 [INFO] Step 31000: reward=-0.010, dist=0.00
2026-02-25 18:42:48,925 [INFO] Step 31200: reward=-0.010, dist=0.00
2026-02-25 18:43:50,220 [INFO] Step 31400: reward=-0.010, dist=0.00
2026-02-25 18:44:51,587 [INFO] Step 31600: reward=-0.010, dist=0.00
2026-02-25 18:45:52,860 [INFO] Step 31800: reward=-0.010, dist=0.00
2026-02-25 18:46:29,970 [INFO] Policy action (normalized): v = +1.000, w = -0.966 | Cmd_vel (scaled): v = +1.000 m/s, w = -0.966 rad/s
2026-02-25 18:46:54,212 [INFO] Step 32000: reward=-0.010, dist=0.00
2026-02-25 18:47:55,488 [INFO] Step 32200: reward=-0.010, dist=0.00
2026-02-25 18:48:56,853 [INFO] Step 32400: reward=-0.010, dist=0.00
2026-02-25 18:49:58,193 [INFO] Step 32600: reward=-0.010, dist=0.00
2026-02-25 18:50:59,572 [INFO] Step 32800: reward=-0.010, dist=0.00
2026-02-25 18:51:14,617 [INFO] Performing PPO update at global step 1660928
2026-02-25 18:51:14,855 [INFO] PPO losses — policy: -0.0002, value: 0.5861, entropy: 4.2236
2026-02-25 18:51:14,859 [INFO] PPO update completed. Buffer cleared.
2026-02-25 18:52:01,147 [INFO] Step 33000: reward=-0.010, dist=0.00
2026-02-25 18:53:02,499 [INFO] Step 33200: reward=-0.010, dist=0.00
2026-02-25 18:54:03,831 [INFO] Step 33400: reward=-0.010, dist=0.00
2026-02-25 18:55:05,189 [INFO] Step 33600: reward=-0.010, dist=0.00
2026-02-25 18:56:06,516 [INFO] Step 33800: reward=-0.010, dist=0.00
2026-02-25 18:57:07,852 [INFO] Step 34000: reward=-0.010, dist=0.00
2026-02-25 18:58:09,166 [INFO] Step 34200: reward=-0.010, dist=0.00
2026-02-25 18:59:10,535 [INFO] Step 34400: reward=-0.010, dist=0.00
2026-02-25 19:00:11,861 [INFO] Step 34600: reward=-0.010, dist=0.00
2026-02-25 19:01:13,230 [INFO] Step 34800: reward=-0.010, dist=0.00
2026-02-25 19:01:43,005 [INFO] Performing PPO update at global step 1662976
2026-02-25 19:01:43,238 [INFO] PPO losses — policy: 0.0026, value: 0.3032, entropy: 4.1722
2026-02-25 19:01:43,242 [INFO] PPO update completed. Buffer cleared.
2026-02-25 19:02:14,856 [INFO] Step 35000: reward=-0.010, dist=0.00
2026-02-25 19:03:16,126 [INFO] Step 35200: reward=-0.010, dist=0.00
2026-02-25 19:04:17,446 [INFO] Step 35400: reward=-0.010, dist=0.00
2026-02-25 19:05:18,763 [INFO] Step 35600: reward=-0.010, dist=0.00
2026-02-25 19:06:20,029 [INFO] Step 35800: reward=-0.010, dist=0.00
2026-02-25 19:07:21,339 [INFO] Step 36000: reward=-0.010, dist=0.00
2026-02-25 19:08:22,647 [INFO] Step 36200: reward=-0.010, dist=0.00
2026-02-25 19:09:24,014 [INFO] Step 36400: reward=-0.010, dist=0.00
2026-02-25 19:10:25,353 [INFO] Step 36600: reward=-0.010, dist=0.00
2026-02-25 19:11:26,690 [INFO] Step 36800: reward=-0.010, dist=0.00
2026-02-25 19:12:11,159 [INFO] Performing PPO update at global step 1665024
2026-02-25 19:12:11,394 [INFO] PPO losses — policy: 0.0013, value: 0.1730, entropy: 4.2242
2026-02-25 19:12:11,398 [INFO] PPO update completed. Buffer cleared.
2026-02-25 19:12:28,254 [INFO] Step 37000: reward=-0.010, dist=0.00
2026-02-25 19:13:29,604 [INFO] Step 37200: reward=-0.010, dist=0.00
2026-02-25 19:14:30,904 [INFO] Step 37400: reward=-0.010, dist=0.00
2026-02-25 19:15:32,232 [INFO] Step 37600: reward=-0.010, dist=0.00
2026-02-25 19:16:33,524 [INFO] Step 37800: reward=-0.010, dist=0.00
2026-02-25 19:17:34,778 [INFO] Step 38000: reward=-0.010, dist=0.00
2026-02-25 19:18:36,075 [INFO] Step 38200: reward=-0.010, dist=0.00
2026-02-25 19:19:37,411 [INFO] Step 38400: reward=-0.010, dist=0.00
2026-02-25 19:20:38,727 [INFO] Step 38600: reward=-0.010, dist=0.00
2026-02-25 19:21:40,095 [INFO] Step 38800: reward=-0.010, dist=0.00
2026-02-25 19:22:39,308 [INFO] Performing PPO update at global step 1667072
2026-02-25 19:22:39,537 [INFO] PPO losses — policy: -0.0013, value: 0.1492, entropy: 4.2121
2026-02-25 19:22:39,541 [INFO] PPO update completed. Buffer cleared.
2026-02-25 19:22:41,695 [INFO] Step 39000: reward=-0.010, dist=0.00
2026-02-25 19:23:43,008 [INFO] Step 39200: reward=-0.010, dist=0.00
2026-02-25 19:24:44,272 [INFO] Step 39400: reward=-0.010, dist=0.00
2026-02-25 19:25:45,583 [INFO] Step 39600: reward=-0.010, dist=0.00
2026-02-25 19:26:46,875 [INFO] Step 39800: reward=-0.010, dist=0.00
2026-02-25 19:27:48,203 [INFO] Step 40000: reward=-0.010, dist=0.00
2026-02-25 19:28:49,561 [INFO] Step 40200: reward=-0.010, dist=0.00
2026-02-25 19:29:50,930 [INFO] Step 40400: reward=-0.010, dist=0.00
2026-02-25 19:30:52,256 [INFO] Step 40600: reward=-0.010, dist=0.00
2026-02-25 19:31:53,596 [INFO] Step 40800: reward=-0.010, dist=0.00
2026-02-25 19:32:54,938 [INFO] Step 41000: reward=-0.010, dist=0.00
2026-02-25 19:33:07,531 [INFO] Performing PPO update at global step 1669120
2026-02-25 19:33:07,767 [INFO] PPO losses — policy: 0.0003, value: 0.0992, entropy: 4.2179
2026-02-25 19:33:07,771 [INFO] PPO update completed. Buffer cleared.
2026-02-25 19:33:56,521 [INFO] Step 41200: reward=-0.010, dist=0.00
2026-02-25 19:34:57,846 [INFO] Step 41400: reward=-0.010, dist=0.00
2026-02-25 19:35:59,129 [INFO] Step 41600: reward=-0.010, dist=0.00
2026-02-25 19:37:00,435 [INFO] Step 41800: reward=-0.010, dist=0.00
2026-02-25 19:37:37,562 [INFO] Policy action (normalized): v = +0.966, w = +0.073 | Cmd_vel (scaled): v = +0.966 m/s, w = +0.073 rad/s
2026-02-25 19:38:01,796 [INFO] Step 42000: reward=-0.010, dist=0.00
2026-02-25 19:39:03,168 [INFO] Step 42200: reward=-0.010, dist=0.00
2026-02-25 19:40:04,499 [INFO] Step 42400: reward=-0.010, dist=0.00
2026-02-25 19:41:05,832 [INFO] Step 42600: reward=-0.010, dist=0.00
2026-02-25 19:42:07,126 [INFO] Step 42800: reward=-0.010, dist=0.00
2026-02-25 19:43:08,494 [INFO] Step 43000: reward=-0.010, dist=0.00
2026-02-25 19:43:35,822 [INFO] Performing PPO update at global step 1671168
2026-02-25 19:43:36,054 [INFO] PPO losses — policy: -0.0015, value: 0.0615, entropy: 4.2242
2026-02-25 19:43:36,058 [INFO] PPO update completed. Buffer cleared.
2026-02-25 19:44:10,112 [INFO] Step 43200: reward=-0.010, dist=0.00
2026-02-25 19:45:11,409 [INFO] Step 43400: reward=-0.010, dist=0.00
2026-02-25 19:46:12,718 [INFO] Step 43600: reward=-0.010, dist=0.00
2026-02-25 19:47:14,034 [INFO] Step 43800: reward=-0.010, dist=0.00
2026-02-25 19:48:15,331 [INFO] Step 44000: reward=-0.010, dist=0.00
2026-02-25 19:49:16,679 [INFO] Step 44200: reward=-0.010, dist=0.00
2026-02-25 19:50:17,989 [INFO] Step 44400: reward=-0.010, dist=0.00
2026-02-25 19:51:19,315 [INFO] Step 44600: reward=-0.010, dist=0.00
2026-02-25 19:52:20,634 [INFO] Step 44800: reward=-0.010, dist=0.00
2026-02-25 19:53:21,973 [INFO] Step 45000: reward=-0.010, dist=0.00
2026-02-25 19:54:04,016 [INFO] Performing PPO update at global step 1673216
2026-02-25 19:54:04,243 [INFO] PPO losses — policy: -0.0022, value: 0.0628, entropy: 4.2242
2026-02-25 19:54:04,248 [INFO] PPO update completed. Buffer cleared.
2026-02-25 19:54:23,558 [INFO] Step 45200: reward=-0.010, dist=0.00
2026-02-25 19:55:24,906 [INFO] Step 45400: reward=-0.010, dist=0.00
2026-02-25 19:56:26,219 [INFO] Step 45600: reward=-0.010, dist=0.00
2026-02-25 19:57:27,501 [INFO] Step 45800: reward=-0.010, dist=0.00
2026-02-25 19:58:28,836 [INFO] Step 46000: reward=-0.010, dist=0.00
2026-02-25 19:59:30,208 [INFO] Step 46200: reward=-0.010, dist=0.00
2026-02-25 20:00:31,529 [INFO] Step 46400: reward=-0.010, dist=0.00
2026-02-25 20:01:32,832 [INFO] Step 46600: reward=-0.010, dist=0.00
2026-02-25 20:02:34,155 [INFO] Step 46800: reward=-0.010, dist=0.00
2026-02-25 20:03:35,472 [INFO] Step 47000: reward=-0.010, dist=0.00
2026-02-25 20:04:32,205 [INFO] Performing PPO update at global step 1675264
2026-02-25 20:04:32,437 [INFO] PPO losses — policy: -0.0006, value: 0.0469, entropy: 4.2242
2026-02-25 20:04:32,441 [INFO] PPO update completed. Buffer cleared.
2026-02-25 20:04:37,053 [INFO] Step 47200: reward=-0.010, dist=0.00
2026-02-25 20:05:38,389 [INFO] Step 47400: reward=-0.010, dist=0.00
2026-02-25 20:06:39,681 [INFO] Step 47600: reward=-0.010, dist=0.00
2026-02-25 20:07:40,989 [INFO] Step 47800: reward=-0.010, dist=0.00
2026-02-25 20:08:42,324 [INFO] Step 48000: reward=-0.010, dist=0.00
2026-02-25 20:09:43,622 [INFO] Step 48200: reward=-0.010, dist=0.00
2026-02-25 20:10:44,928 [INFO] Step 48400: reward=-0.010, dist=0.00
2026-02-25 20:11:46,257 [INFO] Step 48600: reward=-0.010, dist=0.00
2026-02-25 20:12:47,601 [INFO] Step 48800: reward=-0.010, dist=0.00
2026-02-25 20:13:48,899 [INFO] Step 49000: reward=-0.010, dist=0.00
2026-02-25 20:14:50,221 [INFO] Step 49200: reward=-0.010, dist=0.00
2026-02-25 20:15:00,343 [INFO] Performing PPO update at global step 1677312
2026-02-25 20:15:00,579 [INFO] PPO losses — policy: 0.0004, value: 0.0246, entropy: 4.2241
2026-02-25 20:15:00,583 [INFO] PPO update completed. Buffer cleared.
2026-02-25 20:15:51,794 [INFO] Step 49400: reward=-0.010, dist=0.00
2026-02-25 20:16:53,114 [INFO] Step 49600: reward=-0.010, dist=0.00
2026-02-25 20:17:54,409 [INFO] Step 49800: reward=-0.010, dist=0.00
2026-02-25 20:18:55,691 [INFO] Step 50000: reward=-0.010, dist=0.00
2026-02-25 20:19:56,951 [INFO] Step 50200: reward=-0.010, dist=0.00
2026-02-25 20:20:58,247 [INFO] Step 50400: reward=-0.010, dist=0.00
2026-02-25 20:21:59,577 [INFO] Step 50600: reward=-0.010, dist=0.00
2026-02-25 20:23:00,926 [INFO] Step 50800: reward=-0.010, dist=0.00
2026-02-25 20:24:02,242 [INFO] Step 51000: reward=-0.010, dist=0.00
2026-02-25 20:25:03,569 [INFO] Step 51200: reward=-0.010, dist=0.00
2026-02-25 20:25:28,401 [INFO] Performing PPO update at global step 1679360
2026-02-25 20:25:28,645 [INFO] PPO losses — policy: 0.0001, value: 0.0190, entropy: 4.2092
2026-02-25 20:25:28,649 [INFO] PPO update completed. Buffer cleared.
2026-02-25 20:26:05,142 [INFO] Step 51400: reward=-0.010, dist=0.00
2026-02-25 20:27:06,430 [INFO] Step 51600: reward=-0.010, dist=0.00
2026-02-25 20:28:07,733 [INFO] Step 51800: reward=-0.010, dist=0.00
2026-02-25 20:28:44,821 [INFO] Policy action (normalized): v = +0.870, w = +0.878 | Cmd_vel (scaled): v = +0.870 m/s, w = +0.878 rad/s
2026-02-25 20:29:09,040 [INFO] Step 52000: reward=-0.010, dist=0.00
2026-02-25 20:30:10,375 [INFO] Step 52200: reward=-0.010, dist=0.00
2026-02-25 20:31:11,714 [INFO] Step 52400: reward=-0.010, dist=0.00
2026-02-25 20:32:13,059 [INFO] Step 52600: reward=-0.010, dist=0.00
2026-02-25 20:33:14,339 [INFO] Step 52800: reward=-0.010, dist=0.00
2026-02-25 20:34:15,663 [INFO] Step 53000: reward=-0.010, dist=0.00
2026-02-25 20:35:17,004 [INFO] Step 53200: reward=-0.010, dist=0.00
2026-02-25 20:35:56,555 [INFO] Performing PPO update at global step 1681408
2026-02-25 20:35:56,792 [INFO] PPO losses — policy: -0.0033, value: 0.0158, entropy: 4.1879
2026-02-25 20:35:56,796 [INFO] PPO update completed. Buffer cleared.
2026-02-25 20:36:18,563 [INFO] Step 53400: reward=-0.010, dist=0.00
2026-02-25 20:37:19,903 [INFO] Step 53600: reward=-0.010, dist=0.00
2026-02-25 20:38:21,222 [INFO] Step 53800: reward=-0.010, dist=0.00
2026-02-25 20:39:22,555 [INFO] Step 54000: reward=-0.010, dist=0.00
2026-02-25 20:40:23,880 [INFO] Step 54200: reward=-0.010, dist=0.00
2026-02-25 20:41:25,200 [INFO] Step 54400: reward=-0.010, dist=0.00
2026-02-25 20:42:26,548 [INFO] Step 54600: reward=-0.010, dist=0.00
2026-02-25 20:43:27,928 [INFO] Step 54800: reward=-0.010, dist=0.00
2026-02-25 20:44:29,291 [INFO] Step 55000: reward=-0.010, dist=0.00
2026-02-25 20:45:30,656 [INFO] Step 55200: reward=-0.010, dist=0.00
2026-02-25 20:46:24,936 [INFO] Performing PPO update at global step 1683456
2026-02-25 20:46:25,170 [INFO] PPO losses — policy: -0.0018, value: 0.0128, entropy: 4.2069
2026-02-25 20:46:25,174 [INFO] PPO update completed. Buffer cleared.
2026-02-25 20:46:32,230 [INFO] Step 55400: reward=-0.010, dist=0.00
2026-02-25 20:47:33,585 [INFO] Step 55600: reward=-0.010, dist=0.00
2026-02-25 20:48:34,912 [INFO] Step 55800: reward=-0.010, dist=0.00
2026-02-25 20:49:36,247 [INFO] Step 56000: reward=-0.010, dist=0.00
2026-02-25 20:50:37,542 [INFO] Step 56200: reward=-0.010, dist=0.00
2026-02-25 20:51:38,841 [INFO] Step 56400: reward=-0.010, dist=0.00
2026-02-25 20:52:40,118 [INFO] Step 56600: reward=-0.010, dist=0.00
2026-02-25 20:53:41,427 [INFO] Step 56800: reward=-0.010, dist=0.00
2026-02-25 20:54:42,812 [INFO] Step 57000: reward=-0.010, dist=0.00
2026-02-25 20:55:44,109 [INFO] Step 57200: reward=-0.010, dist=0.00
2026-02-25 20:56:45,450 [INFO] Step 57400: reward=-0.010, dist=0.00
2026-02-25 20:56:53,106 [INFO] Performing PPO update at global step 1685504
2026-02-25 20:56:53,339 [INFO] PPO losses — policy: -0.0022, value: 0.0112, entropy: 4.0557
2026-02-25 20:56:53,343 [INFO] PPO update completed. Buffer cleared.
2026-02-25 20:57:47,039 [INFO] Step 57600: reward=-0.010, dist=0.00
2026-02-25 20:58:48,345 [INFO] Step 57800: reward=-0.010, dist=0.00
2026-02-25 20:59:49,596 [INFO] Step 58000: reward=-0.010, dist=0.00
2026-02-25 21:00:50,914 [INFO] Step 58200: reward=-0.010, dist=0.00
2026-02-25 21:01:52,220 [INFO] Step 58400: reward=-0.010, dist=0.00
2026-02-25 21:02:53,508 [INFO] Step 58600: reward=-0.010, dist=0.00
2026-02-25 21:03:54,821 [INFO] Step 58800: reward=-0.010, dist=0.00
2026-02-25 21:04:56,157 [INFO] Step 59000: reward=-0.010, dist=0.00
2026-02-25 21:05:57,517 [INFO] Step 59200: reward=-0.010, dist=0.00
2026-02-25 21:06:58,891 [INFO] Step 59400: reward=-0.010, dist=0.00
2026-02-25 21:07:21,306 [INFO] Performing PPO update at global step 1687552
2026-02-25 21:07:21,541 [INFO] PPO losses — policy: -0.0021, value: 0.0091, entropy: 3.8949
2026-02-25 21:07:21,545 [INFO] PPO update completed. Buffer cleared.
2026-02-25 21:08:00,557 [INFO] Step 59600: reward=-0.010, dist=0.00
2026-02-25 21:09:01,817 [INFO] Step 59800: reward=-0.010, dist=0.00
2026-02-25 21:10:03,139 [INFO] Step 60000: reward=-0.010, dist=0.00
2026-02-25 21:11:04,460 [INFO] Step 60200: reward=-0.010, dist=0.00
2026-02-25 21:12:05,777 [INFO] Step 60400: reward=-0.010, dist=0.00
2026-02-25 21:13:07,114 [INFO] Step 60600: reward=-0.010, dist=0.00
2026-02-25 21:14:08,446 [INFO] Step 60800: reward=-0.010, dist=0.00
2026-02-25 21:15:09,756 [INFO] Step 61000: reward=-0.010, dist=0.00
2026-02-25 21:16:11,048 [INFO] Step 61200: reward=-0.010, dist=0.00
2026-02-25 21:17:12,361 [INFO] Step 61400: reward=-0.010, dist=0.00
2026-02-25 21:17:49,482 [INFO] Performing PPO update at global step 1689600
2026-02-25 21:17:49,718 [INFO] PPO losses — policy: 0.0005, value: 0.0065, entropy: 3.8887
2026-02-25 21:17:49,722 [INFO] PPO update completed. Buffer cleared.
2026-02-25 21:18:13,961 [INFO] Step 61600: reward=-0.010, dist=0.00
2026-02-25 21:19:15,249 [INFO] Step 61800: reward=-0.010, dist=0.00
2026-02-25 21:19:52,333 [INFO] Policy action (normalized): v = -0.681, w = +0.317 | Cmd_vel (scaled): v = -0.681 m/s, w = +0.317 rad/s
2026-02-25 21:20:16,524 [INFO] Step 62000: reward=-0.010, dist=0.00
2026-02-25 21:21:17,792 [INFO] Step 62200: reward=-0.010, dist=0.00
2026-02-25 21:22:19,110 [INFO] Step 62400: reward=-0.010, dist=0.00
2026-02-25 21:23:20,479 [INFO] Step 62600: reward=-0.010, dist=0.00
2026-02-25 21:24:21,800 [INFO] Step 62800: reward=-0.010, dist=0.00
2026-02-25 21:25:23,190 [INFO] Step 63000: reward=-0.010, dist=0.00
2026-02-25 21:26:24,540 [INFO] Step 63200: reward=-0.010, dist=0.00
2026-02-25 21:27:25,914 [INFO] Step 63400: reward=-0.010, dist=0.00
2026-02-25 21:28:17,761 [INFO] Performing PPO update at global step 1691648
2026-02-25 21:28:17,994 [INFO] PPO losses — policy: -0.0014, value: 0.0071, entropy: 3.7758
2026-02-25 21:28:17,997 [INFO] PPO update completed. Buffer cleared.
2026-02-25 21:28:27,490 [INFO] Step 63600: reward=-0.010, dist=0.00
2026-02-25 21:29:28,794 [INFO] Step 63800: reward=-0.010, dist=0.00
2026-02-25 21:30:30,135 [INFO] Step 64000: reward=-0.010, dist=0.00
2026-02-25 21:31:31,390 [INFO] Step 64200: reward=-0.010, dist=0.00
2026-02-25 21:32:32,705 [INFO] Step 64400: reward=-0.010, dist=0.00
2026-02-25 21:33:34,003 [INFO] Step 64600: reward=-0.010, dist=0.00
2026-02-25 21:34:35,327 [INFO] Step 64800: reward=-0.010, dist=0.00
2026-02-25 21:35:36,681 [INFO] Step 65000: reward=-0.010, dist=0.00
2026-02-25 21:36:38,005 [INFO] Step 65200: reward=-0.010, dist=0.00
2026-02-25 21:37:39,326 [INFO] Step 65400: reward=-0.010, dist=0.00
2026-02-25 21:38:40,632 [INFO] Step 65600: reward=-0.010, dist=0.00
2026-02-25 21:38:45,846 [INFO] Performing PPO update at global step 1693696
2026-02-25 21:38:46,082 [INFO] PPO losses — policy: -0.0013, value: 0.0052, entropy: 3.6885
2026-02-25 21:38:46,087 [INFO] PPO update completed. Buffer cleared.
2026-02-25 21:39:42,196 [INFO] Step 65800: reward=-0.010, dist=0.00
2026-02-25 21:40:43,448 [INFO] Step 66000: reward=-0.010, dist=0.00
2026-02-25 21:41:44,738 [INFO] Step 66200: reward=-0.010, dist=0.00
2026-02-25 21:42:46,013 [INFO] Step 66400: reward=-0.010, dist=0.00
2026-02-25 21:43:47,296 [INFO] Step 66600: reward=-0.010, dist=0.00
2026-02-25 21:44:48,618 [INFO] Step 66800: reward=-0.010, dist=0.00
2026-02-25 21:45:49,982 [INFO] Step 67000: reward=-0.010, dist=0.00
2026-02-25 21:46:51,321 [INFO] Step 67200: reward=-0.010, dist=0.00
2026-02-25 21:47:52,685 [INFO] Step 67400: reward=-0.010, dist=0.00
2026-02-25 21:48:54,027 [INFO] Step 67600: reward=-0.010, dist=0.00
2026-02-25 21:49:13,964 [INFO] Performing PPO update at global step 1695744
2026-02-25 21:49:14,205 [INFO] PPO losses — policy: -0.0025, value: 0.0076, entropy: 3.6715
2026-02-25 21:49:14,209 [INFO] PPO update completed. Buffer cleared.
2026-02-25 21:49:55,628 [INFO] Step 67800: reward=-0.010, dist=0.00
2026-02-25 21:50:56,924 [INFO] Step 68000: reward=-0.010, dist=0.00
2026-02-25 21:51:58,224 [INFO] Step 68200: reward=-0.010, dist=0.00
2026-02-25 21:52:59,559 [INFO] Step 68400: reward=-0.010, dist=0.00
2026-02-25 21:54:00,898 [INFO] Step 68600: reward=-0.010, dist=0.00
2026-02-25 21:55:02,207 [INFO] Step 68800: reward=-0.010, dist=0.00
2026-02-25 21:56:03,546 [INFO] Step 69000: reward=-0.010, dist=0.00
2026-02-25 21:57:04,909 [INFO] Step 69200: reward=-0.010, dist=0.00
2026-02-25 21:58:06,328 [INFO] Step 69400: reward=-0.010, dist=0.00
2026-02-25 21:59:07,660 [INFO] Step 69600: reward=-0.010, dist=0.00
2026-02-25 21:59:42,308 [INFO] Performing PPO update at global step 1697792
2026-02-25 21:59:42,541 [INFO] PPO losses — policy: -0.0014, value: 0.0059, entropy: 3.6474
2026-02-25 21:59:42,544 [INFO] PPO update completed. Buffer cleared.
2026-02-25 22:00:09,211 [INFO] Step 69800: reward=-0.010, dist=0.00
2026-02-25 22:01:10,487 [INFO] Step 70000: reward=-0.010, dist=0.00
2026-02-25 22:02:11,783 [INFO] Step 70200: reward=-0.010, dist=0.00
2026-02-25 22:03:13,079 [INFO] Step 70400: reward=-0.010, dist=0.00
2026-02-25 22:04:14,395 [INFO] Step 70600: reward=-0.010, dist=0.00
2026-02-25 22:05:15,693 [INFO] Step 70800: reward=-0.010, dist=0.00
2026-02-25 22:06:17,025 [INFO] Step 71000: reward=-0.010, dist=0.00
2026-02-25 22:07:18,348 [INFO] Step 71200: reward=-0.010, dist=0.00
2026-02-25 22:08:19,720 [INFO] Step 71400: reward=-0.010, dist=0.00
2026-02-25 22:09:21,069 [INFO] Step 71600: reward=-0.010, dist=0.00
2026-02-25 22:10:10,456 [INFO] Performing PPO update at global step 1699840
2026-02-25 22:10:10,694 [INFO] PPO losses — policy: -0.0009, value: 0.0072, entropy: 3.6301
2026-02-25 22:10:10,698 [INFO] PPO update completed. Buffer cleared.
2026-02-25 22:10:22,667 [INFO] Step 71800: reward=-0.010, dist=0.00
2026-02-25 22:10:59,786 [INFO] Policy action (normalized): v = +0.843, w = -0.822 | Cmd_vel (scaled): v = +0.843 m/s, w = -0.822 rad/s
2026-02-25 22:11:23,980 [INFO] Step 72000: reward=-0.010, dist=0.00
2026-02-25 22:12:25,224 [INFO] Step 72200: reward=-0.010, dist=0.00
2026-02-25 22:13:26,491 [INFO] Step 72400: reward=-0.010, dist=0.00
2026-02-25 22:14:27,849 [INFO] Step 72600: reward=-0.010, dist=0.00
2026-02-25 22:15:29,148 [INFO] Step 72800: reward=-0.010, dist=0.00
2026-02-25 22:16:30,494 [INFO] Step 73000: reward=-0.010, dist=0.00
2026-02-25 22:17:31,824 [INFO] Step 73200: reward=-0.010, dist=0.00
2026-02-25 22:18:33,137 [INFO] Step 73400: reward=-0.010, dist=0.00
2026-02-25 22:19:34,506 [INFO] Step 73600: reward=-0.010, dist=0.00
2026-02-25 22:20:35,846 [INFO] Step 73800: reward=-0.010, dist=0.00
2026-02-25 22:20:38,608 [INFO] Performing PPO update at global step 1701888
2026-02-25 22:20:38,845 [INFO] PPO losses — policy: -0.0037, value: 0.0067, entropy: 3.5226
2026-02-25 22:20:38,849 [INFO] PPO update completed. Buffer cleared.
2026-02-25 22:21:37,428 [INFO] Step 74000: reward=-0.010, dist=0.00
2026-02-25 22:22:38,761 [INFO] Step 74200: reward=-0.010, dist=0.00
2026-02-25 22:23:40,029 [INFO] Step 74400: reward=-0.010, dist=0.00
2026-02-25 22:24:41,379 [INFO] Step 74600: reward=-0.010, dist=0.00
2026-02-25 22:25:42,729 [INFO] Step 74800: reward=-0.010, dist=0.00
2026-02-25 22:26:44,080 [INFO] Step 75000: reward=-0.010, dist=0.00
2026-02-25 22:27:45,381 [INFO] Step 75200: reward=-0.010, dist=0.00
2026-02-25 22:28:46,723 [INFO] Step 75400: reward=-0.010, dist=0.00
2026-02-25 22:29:48,066 [INFO] Step 75600: reward=-0.010, dist=0.00
2026-02-25 22:30:49,364 [INFO] Step 75800: reward=-0.010, dist=0.00
2026-02-25 22:31:06,861 [INFO] Performing PPO update at global step 1703936
2026-02-25 22:31:07,098 [INFO] PPO losses — policy: -0.0013, value: 0.0062, entropy: 3.4461
2026-02-25 22:31:07,102 [INFO] PPO update completed. Buffer cleared.
2026-02-25 22:31:50,950 [INFO] Step 76000: reward=-0.010, dist=0.00
2026-02-25 22:32:52,234 [INFO] Step 76200: reward=-0.010, dist=0.00
2026-02-25 22:33:53,567 [INFO] Step 76400: reward=-0.010, dist=0.00
2026-02-25 22:34:54,882 [INFO] Step 76600: reward=-0.010, dist=0.00
2026-02-25 22:35:56,165 [INFO] Step 76800: reward=-0.010, dist=0.00
2026-02-25 22:36:57,490 [INFO] Step 77000: reward=-0.010, dist=0.00
2026-02-25 22:37:58,799 [INFO] Step 77200: reward=-0.010, dist=0.00
2026-02-25 22:39:00,079 [INFO] Step 77400: reward=-0.010, dist=0.00
2026-02-25 22:40:01,405 [INFO] Step 77600: reward=-0.010, dist=0.00
2026-02-25 22:41:02,696 [INFO] Step 77800: reward=-0.010, dist=0.00
2026-02-25 22:41:34,881 [INFO] Performing PPO update at global step 1705984
2026-02-25 22:41:35,119 [INFO] PPO losses — policy: -0.0008, value: 0.0051, entropy: 3.2977
2026-02-25 22:41:35,123 [INFO] PPO update completed. Buffer cleared.
2026-02-25 22:42:04,284 [INFO] Step 78000: reward=-0.010, dist=0.00
2026-02-25 22:43:05,598 [INFO] Step 78200: reward=-0.010, dist=0.00
2026-02-25 22:44:06,878 [INFO] Step 78400: reward=-0.010, dist=0.00
2026-02-25 22:45:08,179 [INFO] Step 78600: reward=-0.010, dist=0.00
2026-02-25 22:46:09,490 [INFO] Step 78800: reward=-0.010, dist=0.00
2026-02-25 22:47:10,861 [INFO] Step 79000: reward=-0.010, dist=0.00
2026-02-25 22:48:12,231 [INFO] Step 79200: reward=-0.010, dist=0.00
2026-02-25 22:49:13,554 [INFO] Step 79400: reward=-0.010, dist=0.00
2026-02-25 22:50:14,860 [INFO] Step 79600: reward=-0.010, dist=0.00
2026-02-25 22:51:16,139 [INFO] Step 79800: reward=-0.010, dist=0.00
2026-02-25 22:52:03,077 [INFO] Performing PPO update at global step 1708032
2026-02-25 22:52:03,310 [INFO] PPO losses — policy: -0.0029, value: 0.0044, entropy: 3.1718
2026-02-25 22:52:03,314 [INFO] PPO update completed. Buffer cleared.
2026-02-25 22:52:17,724 [INFO] Step 80000: reward=-0.010, dist=0.00
2026-02-25 22:53:19,093 [INFO] Step 80200: reward=-0.010, dist=0.00
2026-02-25 22:54:20,366 [INFO] Step 80400: reward=-0.010, dist=0.00
2026-02-25 22:55:21,665 [INFO] Step 80600: reward=-0.010, dist=0.00
2026-02-25 22:56:23,034 [INFO] Step 80800: reward=-0.010, dist=0.00
2026-02-25 22:57:24,354 [INFO] Step 81000: reward=-0.010, dist=0.00
2026-02-25 22:58:25,660 [INFO] Step 81200: reward=-0.010, dist=0.00
2026-02-25 22:59:26,978 [INFO] Step 81400: reward=-0.010, dist=0.00
2026-02-25 23:00:28,300 [INFO] Step 81600: reward=-0.010, dist=0.00
2026-02-25 23:01:29,668 [INFO] Step 81800: reward=-0.010, dist=0.00
2026-02-25 23:02:06,822 [INFO] Policy action (normalized): v = +0.167, w = +0.746 | Cmd_vel (scaled): v = +0.167 m/s, w = +0.746 rad/s
2026-02-25 23:02:31,063 [INFO] Step 82000: reward=-0.010, dist=0.00
2026-02-25 23:02:31,370 [INFO] Performing PPO update at global step 1710080
2026-02-25 23:02:31,612 [INFO] PPO losses — policy: 0.0001, value: 0.0043, entropy: 3.0616
2026-02-25 23:02:31,616 [INFO] PPO update completed. Buffer cleared.
2026-02-25 23:03:32,664 [INFO] Step 82200: reward=-0.010, dist=0.00
2026-02-25 23:04:33,997 [INFO] Step 82400: reward=-0.010, dist=0.00
2026-02-25 23:05:35,335 [INFO] Step 82600: reward=-0.010, dist=0.00
2026-02-25 23:06:36,626 [INFO] Step 82800: reward=-0.010, dist=0.00
2026-02-25 23:07:37,917 [INFO] Step 83000: reward=-0.010, dist=0.00
2026-02-25 23:08:39,212 [INFO] Step 83200: reward=-0.010, dist=0.00
2026-02-25 23:09:40,550 [INFO] Step 83400: reward=-0.010, dist=0.00
2026-02-25 23:10:41,847 [INFO] Step 83600: reward=-0.010, dist=0.00
2026-02-25 23:11:43,205 [INFO] Step 83800: reward=-0.010, dist=0.00
2026-02-25 23:12:44,542 [INFO] Step 84000: reward=-0.010, dist=0.00
2026-02-25 23:12:59,562 [INFO] Performing PPO update at global step 1712128
2026-02-25 23:12:59,796 [INFO] PPO losses — policy: -0.0047, value: 0.0041, entropy: 2.9484
2026-02-25 23:12:59,800 [INFO] PPO update completed. Buffer cleared.
2026-02-25 23:13:46,112 [INFO] Step 84200: reward=-0.010, dist=0.00
2026-02-25 23:14:47,416 [INFO] Step 84400: reward=-0.010, dist=0.00
2026-02-25 23:15:48,679 [INFO] Step 84600: reward=-0.010, dist=0.00
2026-02-25 23:16:49,989 [INFO] Step 84800: reward=-0.010, dist=0.00
2026-02-25 23:17:51,331 [INFO] Step 85000: reward=-0.010, dist=0.00
2026-02-25 23:18:52,665 [INFO] Step 85200: reward=-0.010, dist=0.00
2026-02-25 23:19:53,974 [INFO] Step 85400: reward=-0.010, dist=0.00
2026-02-25 23:20:55,274 [INFO] Step 85600: reward=-0.010, dist=0.00
2026-02-25 23:21:56,590 [INFO] Step 85800: reward=-0.010, dist=0.00
2026-02-25 23:22:57,951 [INFO] Step 86000: reward=-0.010, dist=0.00
2026-02-25 23:23:27,702 [INFO] Performing PPO update at global step 1714176
2026-02-25 23:23:27,941 [INFO] PPO losses — policy: -0.0039, value: 0.0041, entropy: 2.9745
2026-02-25 23:23:27,945 [INFO] PPO update completed. Buffer cleared.
2026-02-25 23:23:59,524 [INFO] Step 86200: reward=-0.010, dist=0.00
2026-02-25 23:25:00,831 [INFO] Step 86400: reward=-0.010, dist=0.00
2026-02-25 23:26:02,150 [INFO] Step 86600: reward=-0.010, dist=0.00
2026-02-25 23:27:03,499 [INFO] Step 86800: reward=-0.010, dist=0.00
2026-02-25 23:28:04,832 [INFO] Step 87000: reward=-0.010, dist=0.00
2026-02-25 23:29:06,193 [INFO] Step 87200: reward=-0.010, dist=0.00
2026-02-25 23:30:07,568 [INFO] Step 87400: reward=-0.010, dist=0.00
2026-02-25 23:31:08,939 [INFO] Step 87600: reward=-0.010, dist=0.00
2026-02-25 23:32:10,238 [INFO] Step 87800: reward=-0.010, dist=0.00
2026-02-25 23:33:11,659 [INFO] Step 88000: reward=-0.010, dist=0.00
2026-02-25 23:33:56,152 [INFO] Performing PPO update at global step 1716224
2026-02-25 23:33:56,394 [INFO] PPO losses — policy: -0.0038, value: 0.0040, entropy: 3.0397
2026-02-25 23:33:56,398 [INFO] PPO update completed. Buffer cleared.
2026-02-25 23:34:13,235 [INFO] Step 88200: reward=-0.010, dist=0.00
2026-02-25 23:35:14,567 [INFO] Step 88400: reward=-0.010, dist=0.00
2026-02-25 23:36:15,835 [INFO] Step 88600: reward=-0.010, dist=0.00
2026-02-25 23:37:17,119 [INFO] Step 88800: reward=-0.010, dist=0.00
2026-02-25 23:38:18,487 [INFO] Step 89000: reward=-0.010, dist=0.00
2026-02-25 23:39:19,786 [INFO] Step 89200: reward=-0.010, dist=0.00
2026-02-25 23:40:21,102 [INFO] Step 89400: reward=-0.010, dist=0.00
2026-02-25 23:41:22,431 [INFO] Step 89600: reward=-0.010, dist=0.00
2026-02-25 23:42:23,807 [INFO] Step 89800: reward=-0.010, dist=0.00
2026-02-25 23:43:25,156 [INFO] Step 90000: reward=-0.010, dist=0.00
2026-02-25 23:44:24,427 [INFO] Performing PPO update at global step 1718272
2026-02-25 23:44:24,663 [INFO] PPO losses — policy: 0.0008, value: 0.0038, entropy: 2.9747
2026-02-25 23:44:24,667 [INFO] PPO update completed. Buffer cleared.
2026-02-25 23:44:26,811 [INFO] Step 90200: reward=-0.010, dist=0.00
2026-02-25 23:45:28,155 [INFO] Step 90400: reward=-0.010, dist=0.00
2026-02-25 23:46:29,435 [INFO] Step 90600: reward=-0.010, dist=0.00
2026-02-25 23:47:30,721 [INFO] Step 90800: reward=-0.010, dist=0.00
2026-02-25 23:48:32,057 [INFO] Step 91000: reward=-0.010, dist=0.00
2026-02-25 23:49:33,369 [INFO] Step 91200: reward=-0.010, dist=0.00
2026-02-25 23:50:34,684 [INFO] Step 91400: reward=-0.010, dist=0.00
2026-02-25 23:51:35,982 [INFO] Step 91600: reward=-0.010, dist=0.00
2026-02-25 23:52:37,288 [INFO] Step 91800: reward=-0.010, dist=0.00
2026-02-25 23:53:14,372 [INFO] Policy action (normalized): v = +0.961, w = +0.974 | Cmd_vel (scaled): v = +0.961 m/s, w = +0.974 rad/s
2026-02-25 23:53:38,578 [INFO] Step 92000: reward=-0.010, dist=0.00
2026-02-25 23:54:39,985 [INFO] Step 92200: reward=-0.010, dist=0.00
2026-02-25 23:54:52,549 [INFO] Performing PPO update at global step 1720320
2026-02-25 23:54:52,786 [INFO] PPO losses — policy: -0.0015, value: 0.0040, entropy: 2.9871
2026-02-25 23:54:52,790 [INFO] PPO update completed. Buffer cleared.
2026-02-25 23:55:41,565 [INFO] Step 92400: reward=-0.010, dist=0.00
2026-02-25 23:56:42,895 [INFO] Step 92600: reward=-0.010, dist=0.00
2026-02-25 23:57:44,208 [INFO] Step 92800: reward=-0.010, dist=0.00
2026-02-25 23:58:45,532 [INFO] Step 93000: reward=-0.010, dist=0.00
2026-02-25 23:59:46,840 [INFO] Step 93200: reward=-0.010, dist=0.00
2026-02-26 00:00:48,192 [INFO] Step 93400: reward=-0.010, dist=0.00
2026-02-26 00:01:49,536 [INFO] Step 93600: reward=-0.010, dist=0.00
2026-02-26 00:02:50,925 [INFO] Step 93800: reward=-0.010, dist=0.00
2026-02-26 00:03:52,306 [INFO] Step 94000: reward=-0.010, dist=0.00
2026-02-26 00:04:53,651 [INFO] Step 94200: reward=-0.010, dist=0.00
2026-02-26 00:05:20,931 [INFO] Performing PPO update at global step 1722368
2026-02-26 00:05:21,166 [INFO] PPO losses — policy: -0.0028, value: 0.0052, entropy: 2.8952
2026-02-26 00:05:21,170 [INFO] PPO update completed. Buffer cleared.
2026-02-26 00:05:55,215 [INFO] Step 94400: reward=-0.010, dist=0.00
2026-02-26 00:06:56,561 [INFO] Step 94600: reward=-0.010, dist=0.00
2026-02-26 00:07:57,842 [INFO] Step 94800: reward=-0.010, dist=0.00
2026-02-26 00:08:59,194 [INFO] Step 95000: reward=-0.010, dist=0.00
2026-02-26 00:10:00,549 [INFO] Step 95200: reward=-0.010, dist=0.00
2026-02-26 00:11:01,868 [INFO] Step 95400: reward=-0.010, dist=0.00
2026-02-26 00:12:03,198 [INFO] Step 95600: reward=-0.010, dist=0.00
2026-02-26 00:13:04,491 [INFO] Step 95800: reward=-0.010, dist=0.00
2026-02-26 00:14:05,885 [INFO] Step 96000: reward=-0.010, dist=0.00
2026-02-26 00:15:07,244 [INFO] Step 96200: reward=-0.010, dist=0.00
2026-02-26 00:15:49,281 [INFO] Performing PPO update at global step 1724416
2026-02-26 00:15:49,519 [INFO] PPO losses — policy: -0.0005, value: 0.0042, entropy: 2.9625
2026-02-26 00:15:49,524 [INFO] PPO update completed. Buffer cleared.
2026-02-26 00:16:08,832 [INFO] Step 96400: reward=-0.010, dist=0.00
2026-02-26 00:17:10,163 [INFO] Step 96600: reward=-0.010, dist=0.00
2026-02-26 00:18:11,499 [INFO] Step 96800: reward=-0.010, dist=0.00
2026-02-26 00:19:12,792 [INFO] Step 97000: reward=-0.010, dist=0.00
2026-02-26 00:20:14,105 [INFO] Step 97200: reward=-0.010, dist=0.00
2026-02-26 00:21:15,350 [INFO] Step 97400: reward=-0.010, dist=0.00
2026-02-26 00:22:16,622 [INFO] Step 97600: reward=-0.010, dist=0.00
2026-02-26 00:23:17,899 [INFO] Step 97800: reward=-0.010, dist=0.00
2026-02-26 00:24:19,188 [INFO] Step 98000: reward=-0.010, dist=0.00
2026-02-26 00:25:20,589 [INFO] Step 98200: reward=-0.010, dist=0.00
2026-02-26 00:26:17,332 [INFO] Performing PPO update at global step 1726464
2026-02-26 00:26:17,569 [INFO] PPO losses — policy: -0.0014, value: 0.0045, entropy: 2.9609
2026-02-26 00:26:17,573 [INFO] PPO update completed. Buffer cleared.
2026-02-26 00:26:22,175 [INFO] Step 98400: reward=-0.010, dist=0.00
2026-02-26 00:27:23,502 [INFO] Step 98600: reward=-0.010, dist=0.00
2026-02-26 00:28:24,834 [INFO] Step 98800: reward=-0.010, dist=0.00
2026-02-26 00:29:26,134 [INFO] Step 99000: reward=-0.010, dist=0.00
2026-02-26 00:30:27,406 [INFO] Step 99200: reward=-0.010, dist=0.00
2026-02-26 00:31:28,721 [INFO] Step 99400: reward=-0.010, dist=0.00
2026-02-26 00:32:30,094 [INFO] Step 99600: reward=-0.010, dist=0.00
2026-02-26 00:33:31,443 [INFO] Step 99800: reward=-0.010, dist=0.00
2026-02-26 00:34:32,767 [INFO] Step 100000: reward=-0.010, dist=0.00
2026-02-26 00:35:34,103 [INFO] Step 100200: reward=-0.010, dist=0.00
2026-02-26 00:36:35,444 [INFO] Step 100400: reward=-0.010, dist=0.00
2026-02-26 00:36:45,569 [INFO] Performing PPO update at global step 1728512
2026-02-26 00:36:45,802 [INFO] PPO losses — policy: 0.0005, value: 0.0053, entropy: 2.9428
2026-02-26 00:36:45,806 [INFO] PPO update completed. Buffer cleared.
2026-02-26 00:37:37,040 [INFO] Step 100600: reward=-0.010, dist=0.00
2026-02-26 00:38:38,327 [INFO] Step 100800: reward=-0.010, dist=0.00
2026-02-26 00:39:39,618 [INFO] Step 101000: reward=-0.010, dist=0.00
2026-02-26 00:40:40,897 [INFO] Step 101200: reward=-0.010, dist=0.00
2026-02-26 00:41:42,215 [INFO] Step 101400: reward=-0.010, dist=0.00
2026-02-26 00:42:43,547 [INFO] Step 101600: reward=-0.010, dist=0.00
2026-02-26 00:43:44,872 [INFO] Step 101800: reward=-0.010, dist=0.00
2026-02-26 00:44:21,976 [INFO] Policy action (normalized): v = +0.916, w = +0.039 | Cmd_vel (scaled): v = +0.916 m/s, w = +0.039 rad/s
2026-02-26 00:44:46,191 [INFO] Step 102000: reward=-0.010, dist=0.00
2026-02-26 00:45:47,555 [INFO] Step 102200: reward=-0.010, dist=0.00
2026-02-26 00:46:48,905 [INFO] Step 102400: reward=-0.010, dist=0.00
2026-02-26 00:47:13,728 [INFO] Performing PPO update at global step 1730560
2026-02-26 00:47:13,968 [INFO] PPO losses — policy: -0.0034, value: 0.0041, entropy: 2.7879
2026-02-26 00:47:13,972 [INFO] PPO update completed. Buffer cleared.
2026-02-26 00:47:50,495 [INFO] Step 102600: reward=-0.010, dist=0.00
2026-02-26 00:48:51,795 [INFO] Step 102800: reward=-0.010, dist=0.00
2026-02-26 00:49:53,126 [INFO] Step 103000: reward=-0.010, dist=0.00
2026-02-26 00:50:54,421 [INFO] Step 103200: reward=-0.010, dist=0.00
2026-02-26 00:51:55,680 [INFO] Step 103400: reward=-0.010, dist=0.00
2026-02-26 00:52:56,978 [INFO] Step 103600: reward=-0.010, dist=0.00
2026-02-26 00:53:58,335 [INFO] Step 103800: reward=-0.010, dist=0.00
2026-02-26 00:54:59,641 [INFO] Step 104000: reward=-0.010, dist=0.00
2026-02-26 00:56:00,983 [INFO] Step 104200: reward=-0.010, dist=0.00
2026-02-26 00:57:02,288 [INFO] Step 104400: reward=-0.010, dist=0.00
2026-02-26 00:57:41,885 [INFO] Performing PPO update at global step 1732608
2026-02-26 00:57:42,116 [INFO] PPO losses — policy: -0.0029, value: 0.0037, entropy: 2.7000
2026-02-26 00:57:42,120 [INFO] PPO update completed. Buffer cleared.
2026-02-26 00:58:03,900 [INFO] Step 104600: reward=-0.010, dist=0.00
2026-02-26 00:59:05,222 [INFO] Step 104800: reward=-0.010, dist=0.00
2026-02-26 01:00:06,518 [INFO] Step 105000: reward=-0.010, dist=0.00
2026-02-26 01:01:07,874 [INFO] Step 105200: reward=-0.010, dist=0.00
2026-02-26 01:02:09,198 [INFO] Step 105400: reward=-0.010, dist=0.00
2026-02-26 01:03:10,523 [INFO] Step 105600: reward=-0.010, dist=0.00
2026-02-26 01:04:11,818 [INFO] Step 105800: reward=-0.010, dist=0.00
2026-02-26 01:05:13,170 [INFO] Step 106000: reward=-0.010, dist=0.00
2026-02-26 01:06:14,524 [INFO] Step 106200: reward=-0.010, dist=0.00
2026-02-26 01:07:15,819 [INFO] Step 106400: reward=-0.010, dist=0.00
2026-02-26 01:08:10,061 [INFO] Performing PPO update at global step 1734656
2026-02-26 01:08:10,295 [INFO] PPO losses — policy: -0.0005, value: 0.0037, entropy: 2.5614
2026-02-26 01:08:10,299 [INFO] PPO update completed. Buffer cleared.
2026-02-26 01:08:17,348 [INFO] Step 106600: reward=-0.010, dist=0.00
2026-02-26 01:09:18,750 [INFO] Step 106800: reward=-0.010, dist=0.00
2026-02-26 01:10:20,088 [INFO] Step 107000: reward=-0.010, dist=0.00
2026-02-26 01:11:21,451 [INFO] Step 107200: reward=-0.010, dist=0.00
2026-02-26 01:12:22,746 [INFO] Step 107400: reward=-0.010, dist=0.00
2026-02-26 01:13:24,123 [INFO] Step 107600: reward=-0.010, dist=0.00
2026-02-26 01:14:25,465 [INFO] Step 107800: reward=-0.010, dist=0.00
2026-02-26 01:15:26,778 [INFO] Step 108000: reward=-0.010, dist=0.00
2026-02-26 01:16:28,112 [INFO] Step 108200: reward=-0.010, dist=0.00
2026-02-26 01:17:29,426 [INFO] Step 108400: reward=-0.010, dist=0.00
2026-02-26 01:18:30,761 [INFO] Step 108600: reward=-0.010, dist=0.00
2026-02-26 01:18:38,419 [INFO] Performing PPO update at global step 1736704
2026-02-26 01:18:38,656 [INFO] PPO losses — policy: -0.0010, value: 0.0042, entropy: 2.4330
2026-02-26 01:18:38,660 [INFO] PPO update completed. Buffer cleared.
2026-02-26 01:19:32,349 [INFO] Step 108800: reward=-0.010, dist=0.00
2026-02-26 01:20:33,626 [INFO] Step 109000: reward=-0.010, dist=0.00
2026-02-26 01:21:34,948 [INFO] Step 109200: reward=-0.010, dist=0.00
2026-02-26 01:22:36,216 [INFO] Step 109400: reward=-0.010, dist=0.00
2026-02-26 01:23:37,546 [INFO] Step 109600: reward=-0.010, dist=0.00
2026-02-26 01:24:38,900 [INFO] Step 109800: reward=-0.010, dist=0.00
2026-02-26 01:25:40,238 [INFO] Step 110000: reward=-0.010, dist=0.00
2026-02-26 01:26:41,571 [INFO] Step 110200: reward=-0.010, dist=0.00
2026-02-26 01:27:42,926 [INFO] Step 110400: reward=-0.010, dist=0.00
2026-02-26 01:28:44,269 [INFO] Step 110600: reward=-0.010, dist=0.00
2026-02-26 01:29:06,697 [INFO] Performing PPO update at global step 1738752
2026-02-26 01:29:06,936 [INFO] PPO losses — policy: -0.0024, value: 0.0037, entropy: 2.3115
2026-02-26 01:29:06,940 [INFO] PPO update completed. Buffer cleared.
2026-02-26 01:29:45,900 [INFO] Step 110800: reward=-0.010, dist=0.00
2026-02-26 01:30:47,124 [INFO] Step 111000: reward=-0.010, dist=0.00
2026-02-26 01:31:48,429 [INFO] Step 111200: reward=-0.010, dist=0.00
2026-02-26 01:32:49,723 [INFO] Step 111400: reward=-0.010, dist=0.00
2026-02-26 01:33:51,058 [INFO] Step 111600: reward=-0.010, dist=0.00
2026-02-26 01:34:52,379 [INFO] Step 111800: reward=-0.010, dist=0.00
2026-02-26 01:35:29,444 [INFO] Policy action (normalized): v = +0.384, w = -0.540 | Cmd_vel (scaled): v = +0.384 m/s, w = -0.540 rad/s
2026-02-26 01:35:53,675 [INFO] Step 112000: reward=-0.010, dist=0.00
2026-02-26 01:36:54,979 [INFO] Step 112200: reward=-0.010, dist=0.00
2026-02-26 01:37:56,294 [INFO] Step 112400: reward=-0.010, dist=0.00
2026-02-26 01:38:57,638 [INFO] Step 112600: reward=-0.010, dist=0.00
2026-02-26 01:39:34,777 [INFO] Performing PPO update at global step 1740800
2026-02-26 01:39:35,010 [INFO] PPO losses — policy: -0.0061, value: 0.0035, entropy: 2.2215
2026-02-26 01:39:35,015 [INFO] PPO update completed. Buffer cleared.
2026-02-26 01:39:59,233 [INFO] Step 112800: reward=-0.010, dist=0.00
2026-02-26 01:41:00,562 [INFO] Step 113000: reward=-0.010, dist=0.00
2026-02-26 01:42:01,835 [INFO] Step 113200: reward=-0.010, dist=0.00
2026-02-26 01:43:03,150 [INFO] Step 113400: reward=-0.010, dist=0.00
2026-02-26 01:44:04,496 [INFO] Step 113600: reward=-0.010, dist=0.00
2026-02-26 01:45:05,788 [INFO] Step 113800: reward=-0.010, dist=0.00
2026-02-26 01:46:07,096 [INFO] Step 114000: reward=-0.010, dist=0.00
2026-02-26 01:47:08,429 [INFO] Step 114200: reward=-0.010, dist=0.00
2026-02-26 01:48:09,746 [INFO] Step 114400: reward=-0.010, dist=0.00
2026-02-26 01:49:11,126 [INFO] Step 114600: reward=-0.010, dist=0.00
2026-02-26 01:50:02,963 [INFO] Performing PPO update at global step 1742848
2026-02-26 01:50:03,202 [INFO] PPO losses — policy: -0.0011, value: 0.0043, entropy: 2.1686
2026-02-26 01:50:03,206 [INFO] PPO update completed. Buffer cleared.
2026-02-26 01:50:12,694 [INFO] Step 114800: reward=-0.010, dist=0.00
2026-02-26 01:51:14,039 [INFO] Step 115000: reward=-0.010, dist=0.00
2026-02-26 01:52:15,353 [INFO] Step 115200: reward=-0.010, dist=0.00
2026-02-26 01:53:16,621 [INFO] Step 115400: reward=-0.010, dist=0.00
2026-02-26 01:54:17,934 [INFO] Step 115600: reward=-0.010, dist=0.00
2026-02-26 01:55:19,242 [INFO] Step 115800: reward=-0.010, dist=0.00
2026-02-26 01:56:20,544 [INFO] Step 116000: reward=-0.010, dist=0.00
2026-02-26 01:57:21,887 [INFO] Step 116200: reward=-0.010, dist=0.00
2026-02-26 01:58:23,233 [INFO] Step 116400: reward=-0.010, dist=0.00
2026-02-26 01:59:24,629 [INFO] Step 116600: reward=-0.010, dist=0.00
2026-02-26 02:00:25,948 [INFO] Step 116800: reward=-0.010, dist=0.00
2026-02-26 02:00:31,172 [INFO] Performing PPO update at global step 1744896
2026-02-26 02:00:31,406 [INFO] PPO losses — policy: -0.0035, value: 0.0042, entropy: 2.1061
2026-02-26 02:00:31,409 [INFO] PPO update completed. Buffer cleared.
2026-02-26 02:01:27,552 [INFO] Step 117000: reward=-0.010, dist=0.00
2026-02-26 02:02:28,843 [INFO] Step 117200: reward=-0.010, dist=0.00
2026-02-26 02:03:30,173 [INFO] Step 117400: reward=-0.010, dist=0.00
2026-02-26 02:04:31,524 [INFO] Step 117600: reward=-0.010, dist=0.00
2026-02-26 02:05:32,828 [INFO] Step 117800: reward=-0.010, dist=0.00
2026-02-26 02:06:34,129 [INFO] Step 118000: reward=-0.010, dist=0.00
2026-02-26 02:07:35,486 [INFO] Step 118200: reward=-0.010, dist=0.00
2026-02-26 02:08:36,853 [INFO] Step 118400: reward=-0.010, dist=0.00
2026-02-26 02:09:38,232 [INFO] Step 118600: reward=-0.010, dist=0.00
2026-02-26 02:10:39,568 [INFO] Step 118800: reward=-0.010, dist=0.00
2026-02-26 02:10:59,479 [INFO] Performing PPO update at global step 1746944
2026-02-26 02:10:59,711 [INFO] PPO losses — policy: 0.0004, value: 0.0041, entropy: 2.0115
2026-02-26 02:10:59,715 [INFO] PPO update completed. Buffer cleared.
2026-02-26 02:11:41,150 [INFO] Step 119000: reward=-0.010, dist=0.00
2026-02-26 02:12:42,422 [INFO] Step 119200: reward=-0.010, dist=0.00
2026-02-26 02:13:43,710 [INFO] Step 119400: reward=-0.010, dist=0.00
2026-02-26 02:14:44,981 [INFO] Step 119600: reward=-0.010, dist=0.00
2026-02-26 02:15:46,277 [INFO] Step 119800: reward=-0.010, dist=0.00
2026-02-26 02:16:47,618 [INFO] Step 120000: reward=-0.010, dist=0.00
2026-02-26 02:17:48,944 [INFO] Step 120200: reward=-0.010, dist=0.00
2026-02-26 02:18:50,274 [INFO] Step 120400: reward=-0.010, dist=0.00
2026-02-26 02:19:51,610 [INFO] Step 120600: reward=-0.010, dist=0.00
2026-02-26 02:20:52,950 [INFO] Step 120800: reward=-0.010, dist=0.00
2026-02-26 02:21:27,629 [INFO] Performing PPO update at global step 1748992
2026-02-26 02:21:27,864 [INFO] PPO losses — policy: -0.0013, value: 0.0047, entropy: 1.9170
2026-02-26 02:21:27,868 [INFO] PPO update completed. Buffer cleared.
2026-02-26 02:21:54,546 [INFO] Step 121000: reward=-0.010, dist=0.00
2026-02-26 02:22:55,819 [INFO] Step 121200: reward=-0.010, dist=0.00
2026-02-26 02:23:57,114 [INFO] Step 121400: reward=-0.010, dist=0.00
2026-02-26 02:24:58,425 [INFO] Step 121600: reward=-0.010, dist=0.00
2026-02-26 02:25:59,693 [INFO] Step 121800: reward=-0.010, dist=0.00
2026-02-26 02:26:36,761 [INFO] Policy action (normalized): v = +0.675, w = -0.561 | Cmd_vel (scaled): v = +0.675 m/s, w = -0.561 rad/s
2026-02-26 02:27:00,983 [INFO] Step 122000: reward=-0.010, dist=0.00
2026-02-26 02:28:02,297 [INFO] Step 122200: reward=-0.010, dist=0.00
2026-02-26 02:29:03,635 [INFO] Step 122400: reward=-0.010, dist=0.00
2026-02-26 02:30:04,969 [INFO] Step 122600: reward=-0.010, dist=0.00
2026-02-26 02:31:06,266 [INFO] Step 122800: reward=-0.010, dist=0.00
2026-02-26 02:31:55,637 [INFO] Performing PPO update at global step 1751040
2026-02-26 02:31:55,873 [INFO] PPO losses — policy: -0.0018, value: 0.0050, entropy: 1.8790
2026-02-26 02:31:55,878 [INFO] PPO update completed. Buffer cleared.
2026-02-26 02:32:07,833 [INFO] Step 123000: reward=-0.010, dist=0.00
2026-02-26 02:33:09,183 [INFO] Step 123200: reward=-0.010, dist=0.00
2026-02-26 02:34:10,472 [INFO] Step 123400: reward=-0.010, dist=0.00
2026-02-26 02:35:11,773 [INFO] Step 123600: reward=-0.010, dist=0.00
2026-02-26 02:36:13,087 [INFO] Step 123800: reward=-0.010, dist=0.00
2026-02-26 02:37:14,381 [INFO] Step 124000: reward=-0.010, dist=0.00
2026-02-26 02:38:15,661 [INFO] Step 124200: reward=-0.010, dist=0.00
2026-02-26 02:39:16,992 [INFO] Step 124400: reward=-0.010, dist=0.00
2026-02-26 02:40:18,321 [INFO] Step 124600: reward=-0.010, dist=0.00
2026-02-26 02:41:19,685 [INFO] Step 124800: reward=-0.010, dist=0.00
2026-02-26 02:42:21,005 [INFO] Step 125000: reward=-0.010, dist=0.00
2026-02-26 02:42:23,762 [INFO] Performing PPO update at global step 1753088
2026-02-26 02:42:24,002 [INFO] PPO losses — policy: -0.0018, value: 0.0045, entropy: 1.8640
2026-02-26 02:42:24,007 [INFO] PPO update completed. Buffer cleared.
2026-02-26 02:43:22,545 [INFO] Step 125200: reward=-0.010, dist=0.00
2026-02-26 02:44:23,816 [INFO] Step 125400: reward=-0.010, dist=0.00
2026-02-26 02:45:25,153 [INFO] Step 125600: reward=-0.010, dist=0.00
2026-02-26 02:46:26,481 [INFO] Step 125800: reward=-0.010, dist=0.00
2026-02-26 02:47:27,842 [INFO] Step 126000: reward=-0.010, dist=0.00
2026-02-26 02:48:29,136 [INFO] Step 126200: reward=-0.010, dist=0.00
2026-02-26 02:49:30,452 [INFO] Step 126400: reward=-0.010, dist=0.00
2026-02-26 02:50:31,767 [INFO] Step 126600: reward=-0.010, dist=0.00
2026-02-26 02:51:33,068 [INFO] Step 126800: reward=-0.010, dist=0.00
2026-02-26 02:52:34,432 [INFO] Step 127000: reward=-0.010, dist=0.00
2026-02-26 02:52:51,963 [INFO] Performing PPO update at global step 1755136
2026-02-26 02:52:52,204 [INFO] PPO losses — policy: -0.0064, value: 0.0047, entropy: 1.6679
2026-02-26 02:52:52,208 [INFO] PPO update completed. Buffer cleared.
2026-02-26 02:53:36,051 [INFO] Step 127200: reward=-0.010, dist=0.00
2026-02-26 02:54:37,351 [INFO] Step 127400: reward=-0.010, dist=0.00
2026-02-26 02:55:38,673 [INFO] Step 127600: reward=-0.010, dist=0.00
2026-02-26 02:56:39,957 [INFO] Step 127800: reward=-0.010, dist=0.00
2026-02-26 02:57:41,269 [INFO] Step 128000: reward=-0.010, dist=0.00
2026-02-26 02:58:42,565 [INFO] Step 128200: reward=-0.010, dist=0.00
2026-02-26 02:59:43,869 [INFO] Step 128400: reward=-0.010, dist=0.00
2026-02-26 03:00:45,187 [INFO] Step 128600: reward=-0.010, dist=0.00
2026-02-26 03:01:46,501 [INFO] Step 128800: reward=-0.010, dist=0.00
2026-02-26 03:02:47,809 [INFO] Step 129000: reward=-0.010, dist=0.00
2026-02-26 03:03:20,037 [INFO] Performing PPO update at global step 1757184
2026-02-26 03:03:20,268 [INFO] PPO losses — policy: -0.0032, value: 0.0047, entropy: 1.5647
2026-02-26 03:03:20,272 [INFO] PPO update completed. Buffer cleared.
2026-02-26 03:03:49,434 [INFO] Step 129200: reward=-0.010, dist=0.00
2026-02-26 03:04:50,719 [INFO] Step 129400: reward=-0.010, dist=0.00
2026-02-26 03:05:52,019 [INFO] Step 129600: reward=-0.010, dist=0.00
2026-02-26 03:06:53,385 [INFO] Step 129800: reward=-0.010, dist=0.00
2026-02-26 03:07:54,682 [INFO] Step 130000: reward=-0.010, dist=0.00
2026-02-26 03:08:56,015 [INFO] Step 130200: reward=-0.010, dist=0.00
2026-02-26 03:09:57,340 [INFO] Step 130400: reward=-0.010, dist=0.00
2026-02-26 03:10:58,708 [INFO] Step 130600: reward=-0.010, dist=0.00
2026-02-26 03:12:00,026 [INFO] Step 130800: reward=-0.010, dist=0.00
2026-02-26 03:13:01,342 [INFO] Step 131000: reward=-0.010, dist=0.00
2026-02-26 03:13:48,264 [INFO] Performing PPO update at global step 1759232
2026-02-26 03:13:48,504 [INFO] PPO losses — policy: 0.0004, value: 0.0046, entropy: 1.4782
2026-02-26 03:13:48,507 [INFO] PPO update completed. Buffer cleared.
2026-02-26 03:14:02,909 [INFO] Step 131200: reward=-0.010, dist=0.00
2026-02-26 03:15:04,267 [INFO] Step 131400: reward=-0.010, dist=0.00
2026-02-26 03:16:05,563 [INFO] Step 131600: reward=-0.010, dist=0.00
2026-02-26 03:17:06,851 [INFO] Step 131800: reward=-0.010, dist=0.00
2026-02-26 03:17:43,951 [INFO] Policy action (normalized): v = +0.229, w = +0.724 | Cmd_vel (scaled): v = +0.229 m/s, w = +0.724 rad/s
2026-02-26 03:18:08,188 [INFO] Step 132000: reward=-0.010, dist=0.00
2026-02-26 03:19:09,497 [INFO] Step 132200: reward=-0.010, dist=0.00
2026-02-26 03:20:10,813 [INFO] Step 132400: reward=-0.010, dist=0.00
2026-02-26 03:21:12,120 [INFO] Step 132600: reward=-0.010, dist=0.00
2026-02-26 03:22:13,474 [INFO] Step 132800: reward=-0.010, dist=0.00
2026-02-26 03:23:14,818 [INFO] Step 133000: reward=-0.010, dist=0.00
2026-02-26 03:24:16,176 [INFO] Step 133200: reward=-0.010, dist=0.00
2026-02-26 03:24:16,483 [INFO] Performing PPO update at global step 1761280
2026-02-26 03:24:16,722 [INFO] PPO losses — policy: -0.0009, value: 0.0043, entropy: 1.4127
2026-02-26 03:24:16,727 [INFO] PPO update completed. Buffer cleared.
2026-02-26 03:25:17,776 [INFO] Step 133400: reward=-0.010, dist=0.00
2026-02-26 03:26:19,125 [INFO] Step 133600: reward=-0.010, dist=0.00
2026-02-26 03:27:20,445 [INFO] Step 133800: reward=-0.010, dist=0.00
2026-02-26 03:28:21,780 [INFO] Step 134000: reward=-0.010, dist=0.00
2026-02-26 03:29:23,084 [INFO] Step 134200: reward=-0.010, dist=0.00
2026-02-26 03:30:24,367 [INFO] Step 134400: reward=-0.010, dist=0.00
2026-02-26 03:31:25,733 [INFO] Step 134600: reward=-0.010, dist=0.00
2026-02-26 03:32:27,094 [INFO] Step 134800: reward=-0.010, dist=0.00
2026-02-26 03:33:28,420 [INFO] Step 135000: reward=-0.010, dist=0.00
2026-02-26 03:34:29,785 [INFO] Step 135200: reward=-0.010, dist=0.00
2026-02-26 03:34:44,794 [INFO] Performing PPO update at global step 1763328
2026-02-26 03:34:45,028 [INFO] PPO losses — policy: -0.0033, value: 0.0045, entropy: 1.5265
2026-02-26 03:34:45,032 [INFO] PPO update completed. Buffer cleared.
2026-02-26 03:35:31,314 [INFO] Step 135400: reward=-0.010, dist=0.00
2026-02-26 03:36:32,592 [INFO] Step 135600: reward=-0.010, dist=0.00
2026-02-26 03:37:33,928 [INFO] Step 135800: reward=-0.010, dist=0.00
2026-02-26 03:38:35,216 [INFO] Step 136000: reward=-0.010, dist=0.00
2026-02-26 03:39:36,517 [INFO] Step 136200: reward=-0.010, dist=0.00
2026-02-26 03:40:37,806 [INFO] Step 136400: reward=-0.010, dist=0.00
2026-02-26 03:41:39,129 [INFO] Step 136600: reward=-0.010, dist=0.00
2026-02-26 03:42:40,454 [INFO] Step 136800: reward=-0.010, dist=0.00
2026-02-26 03:43:41,761 [INFO] Step 137000: reward=-0.010, dist=0.00
2026-02-26 03:44:43,087 [INFO] Step 137200: reward=-0.010, dist=0.00
2026-02-26 03:45:12,861 [INFO] Performing PPO update at global step 1765376
2026-02-26 03:45:13,101 [INFO] PPO losses — policy: -0.0056, value: 0.0043, entropy: 1.4037
2026-02-26 03:45:13,106 [INFO] PPO update completed. Buffer cleared.
2026-02-26 03:45:44,711 [INFO] Step 137400: reward=-0.010, dist=0.00
2026-02-26 03:46:46,014 [INFO] Step 137600: reward=-0.010, dist=0.00
2026-02-26 03:47:47,320 [INFO] Step 137800: reward=-0.010, dist=0.00
2026-02-26 03:48:48,617 [INFO] Step 138000: reward=-0.010, dist=0.00
2026-02-26 03:49:49,921 [INFO] Step 138200: reward=-0.010, dist=0.00
2026-02-26 03:50:51,211 [INFO] Step 138400: reward=-0.010, dist=0.00
2026-02-26 03:51:52,506 [INFO] Step 138600: reward=-0.010, dist=0.00
2026-02-26 03:52:53,830 [INFO] Step 138800: reward=-0.010, dist=0.00
2026-02-26 03:53:55,151 [INFO] Step 139000: reward=-0.010, dist=0.00
2026-02-26 03:54:56,532 [INFO] Step 139200: reward=-0.010, dist=0.00
2026-02-26 03:55:40,992 [INFO] Performing PPO update at global step 1767424
2026-02-26 03:55:41,234 [INFO] PPO losses — policy: 0.0012, value: 0.0043, entropy: 1.3936
2026-02-26 03:55:41,238 [INFO] PPO update completed. Buffer cleared.
2026-02-26 03:55:58,099 [INFO] Step 139400: reward=-0.010, dist=0.00
2026-02-26 03:56:59,453 [INFO] Step 139600: reward=-0.010, dist=0.00
2026-02-26 03:58:00,742 [INFO] Step 139800: reward=-0.010, dist=0.00
2026-02-26 03:59:02,068 [INFO] Step 140000: reward=-0.010, dist=0.00
2026-02-26 04:00:03,417 [INFO] Step 140200: reward=-0.010, dist=0.00
2026-02-26 04:01:04,722 [INFO] Step 140400: reward=-0.010, dist=0.00
2026-02-26 04:02:06,056 [INFO] Step 140600: reward=-0.010, dist=0.00
2026-02-26 04:03:07,375 [INFO] Step 140800: reward=-0.010, dist=0.00
2026-02-26 04:04:08,679 [INFO] Step 141000: reward=-0.010, dist=0.00
2026-02-26 04:05:10,079 [INFO] Step 141200: reward=-0.010, dist=0.00
2026-02-26 04:06:09,275 [INFO] Performing PPO update at global step 1769472
2026-02-26 04:06:09,514 [INFO] PPO losses — policy: -0.0006, value: 0.0042, entropy: 1.3649
2026-02-26 04:06:09,518 [INFO] PPO update completed. Buffer cleared.
2026-02-26 04:06:11,660 [INFO] Step 141400: reward=-0.010, dist=0.00
2026-02-26 04:07:12,992 [INFO] Step 141600: reward=-0.010, dist=0.00
2026-02-26 04:08:14,321 [INFO] Step 141800: reward=-0.010, dist=0.00
2026-02-26 04:08:51,436 [INFO] Policy action (normalized): v = +0.106, w = -0.008 | Cmd_vel (scaled): v = +0.106 m/s, w = -0.008 rad/s
2026-02-26 04:09:15,653 [INFO] Step 142000: reward=-0.010, dist=0.00
2026-02-26 04:10:16,943 [INFO] Step 142200: reward=-0.010, dist=0.00
2026-02-26 04:11:18,267 [INFO] Step 142400: reward=-0.010, dist=0.00
2026-02-26 04:12:19,581 [INFO] Step 142600: reward=-0.010, dist=0.00
2026-02-26 04:13:20,899 [INFO] Step 142800: reward=-0.010, dist=0.00
2026-02-26 04:14:22,187 [INFO] Step 143000: reward=-0.010, dist=0.00
2026-02-26 04:15:23,554 [INFO] Step 143200: reward=-0.010, dist=0.00
2026-02-26 04:16:24,917 [INFO] Step 143400: reward=-0.010, dist=0.00
2026-02-26 04:16:37,486 [INFO] Performing PPO update at global step 1771520
2026-02-26 04:16:37,718 [INFO] PPO losses — policy: 0.0001, value: 0.0041, entropy: 1.2585
2026-02-26 04:16:37,722 [INFO] PPO update completed. Buffer cleared.
2026-02-26 04:17:26,481 [INFO] Step 143600: reward=-0.010, dist=0.00
2026-02-26 04:18:27,740 [INFO] Step 143800: reward=-0.010, dist=0.00
2026-02-26 04:19:29,061 [INFO] Step 144000: reward=-0.010, dist=0.00
2026-02-26 04:20:30,325 [INFO] Step 144200: reward=-0.010, dist=0.00
2026-02-26 04:21:31,649 [INFO] Step 144400: reward=-0.010, dist=0.00
2026-02-26 04:22:32,923 [INFO] Step 144600: reward=-0.010, dist=0.00
2026-02-26 04:23:34,240 [INFO] Step 144800: reward=-0.010, dist=0.00
2026-02-26 04:24:35,616 [INFO] Step 145000: reward=-0.010, dist=0.00
2026-02-26 04:25:36,935 [INFO] Step 145200: reward=-0.010, dist=0.00
2026-02-26 04:26:38,295 [INFO] Step 145400: reward=-0.010, dist=0.00
2026-02-26 04:27:05,601 [INFO] Performing PPO update at global step 1773568
2026-02-26 04:27:05,836 [INFO] PPO losses — policy: -0.0048, value: 0.0040, entropy: 1.0963
2026-02-26 04:27:05,839 [INFO] PPO update completed. Buffer cleared.
2026-02-26 04:27:39,900 [INFO] Step 145600: reward=-0.010, dist=0.00
2026-02-26 04:28:41,221 [INFO] Step 145800: reward=-0.010, dist=0.00
2026-02-26 04:29:42,495 [INFO] Step 146000: reward=-0.010, dist=0.00
2026-02-26 04:30:43,766 [INFO] Step 146200: reward=-0.010, dist=0.00
2026-02-26 04:31:45,130 [INFO] Step 146400: reward=-0.010, dist=0.00
2026-02-26 04:32:46,484 [INFO] Step 146600: reward=-0.010, dist=0.00
2026-02-26 04:33:47,809 [INFO] Step 146800: reward=-0.010, dist=0.00
2026-02-26 04:34:49,152 [INFO] Step 147000: reward=-0.010, dist=0.00
2026-02-26 04:35:50,511 [INFO] Step 147200: reward=-0.010, dist=0.00
2026-02-26 04:36:51,838 [INFO] Step 147400: reward=-0.010, dist=0.00
2026-02-26 04:37:33,849 [INFO] Performing PPO update at global step 1775616
2026-02-26 04:37:34,089 [INFO] PPO losses — policy: -0.0032, value: 0.0047, entropy: 1.0570
2026-02-26 04:37:34,093 [INFO] PPO update completed. Buffer cleared.
2026-02-26 04:37:53,401 [INFO] Step 147600: reward=-0.010, dist=0.00
2026-02-26 04:38:54,751 [INFO] Step 147800: reward=-0.010, dist=0.00
2026-02-26 04:39:56,101 [INFO] Step 148000: reward=-0.010, dist=0.00
2026-02-26 04:40:57,408 [INFO] Step 148200: reward=-0.010, dist=0.00
2026-02-26 04:41:58,716 [INFO] Step 148400: reward=-0.010, dist=0.00
2026-02-26 04:43:00,046 [INFO] Step 148600: reward=-0.010, dist=0.00
2026-02-26 04:44:01,372 [INFO] Step 148800: reward=-0.010, dist=0.00
2026-02-26 04:45:02,682 [INFO] Step 149000: reward=-0.010, dist=0.00
2026-02-26 04:46:04,029 [INFO] Step 149200: reward=-0.010, dist=0.00
2026-02-26 04:47:05,412 [INFO] Step 149400: reward=-0.010, dist=0.00
2026-02-26 04:48:02,152 [INFO] Performing PPO update at global step 1777664
2026-02-26 04:48:02,383 [INFO] PPO losses — policy: -0.0022, value: 0.0046, entropy: 0.9921
2026-02-26 04:48:02,387 [INFO] PPO update completed. Buffer cleared.
2026-02-26 04:48:06,980 [INFO] Step 149600: reward=-0.010, dist=0.00
2026-02-26 04:49:08,325 [INFO] Step 149800: reward=-0.010, dist=0.00
2026-02-26 04:50:09,630 [INFO] Step 150000: reward=-0.010, dist=0.00
2026-02-26 04:51:10,980 [INFO] Step 150200: reward=-0.010, dist=0.00
2026-02-26 04:52:12,308 [INFO] Step 150400: reward=-0.010, dist=0.00
2026-02-26 04:53:13,626 [INFO] Step 150600: reward=-0.010, dist=0.00
2026-02-26 04:54:14,930 [INFO] Step 150800: reward=-0.010, dist=0.00
2026-02-26 04:55:16,278 [INFO] Step 151000: reward=-0.010, dist=0.00
2026-02-26 04:56:17,577 [INFO] Step 151200: reward=-0.010, dist=0.00
2026-02-26 04:57:18,930 [INFO] Step 151400: reward=-0.010, dist=0.00
2026-02-26 04:58:20,276 [INFO] Step 151600: reward=-0.010, dist=0.00
2026-02-26 04:58:30,411 [INFO] Performing PPO update at global step 1779712
2026-02-26 04:58:30,645 [INFO] PPO losses — policy: -0.0011, value: 0.0046, entropy: 0.8312
2026-02-26 04:58:30,649 [INFO] PPO update completed. Buffer cleared.
2026-02-26 04:59:21,840 [INFO] Step 151800: reward=-0.010, dist=0.00
2026-02-26 04:59:58,920 [INFO] Policy action (normalized): v = +0.696, w = +0.321 | Cmd_vel (scaled): v = +0.696 m/s, w = +0.321 rad/s
2026-02-26 05:00:23,140 [INFO] Step 152000: reward=-0.010, dist=0.00
2026-02-26 05:01:24,496 [INFO] Step 152200: reward=-0.010, dist=0.00
2026-02-26 05:02:25,826 [INFO] Step 152400: reward=-0.010, dist=0.00
2026-02-26 05:03:27,168 [INFO] Step 152600: reward=-0.010, dist=0.00
2026-02-26 05:04:28,494 [INFO] Step 152800: reward=-0.010, dist=0.00
2026-02-26 05:05:29,846 [INFO] Step 153000: reward=-0.010, dist=0.00
2026-02-26 05:06:31,204 [INFO] Step 153200: reward=-0.010, dist=0.00
2026-02-26 05:07:32,497 [INFO] Step 153400: reward=-0.010, dist=0.00
2026-02-26 05:08:33,839 [INFO] Step 153600: reward=-0.010, dist=0.00
2026-02-26 05:08:58,721 [INFO] Performing PPO update at global step 1781760
2026-02-26 05:08:58,958 [INFO] PPO losses — policy: 0.0028, value: 0.0046, entropy: 0.7706
2026-02-26 05:08:58,962 [INFO] PPO update completed. Buffer cleared.
2026-02-26 05:09:35,451 [INFO] Step 153800: reward=-0.010, dist=0.00
2026-02-26 05:10:36,689 [INFO] Step 154000: reward=-0.010, dist=0.00
2026-02-26 05:11:37,945 [INFO] Step 154200: reward=-0.010, dist=0.00
2026-02-26 05:12:39,231 [INFO] Step 154400: reward=-0.010, dist=0.00
2026-02-26 05:13:40,521 [INFO] Step 154600: reward=-0.010, dist=0.00
2026-02-26 05:14:41,847 [INFO] Step 154800: reward=-0.010, dist=0.00
2026-02-26 05:15:43,182 [INFO] Step 155000: reward=-0.010, dist=0.00
2026-02-26 05:16:44,476 [INFO] Step 155200: reward=-0.010, dist=0.00
2026-02-26 05:17:45,842 [INFO] Step 155400: reward=-0.010, dist=0.00
2026-02-26 05:18:47,173 [INFO] Step 155600: reward=-0.010, dist=0.00
2026-02-26 05:19:26,746 [INFO] Performing PPO update at global step 1783808
2026-02-26 05:19:26,983 [INFO] PPO losses — policy: -0.0011, value: 0.0047, entropy: 0.6880
2026-02-26 05:19:26,987 [INFO] PPO update completed. Buffer cleared.
2026-02-26 05:19:48,750 [INFO] Step 155800: reward=-0.010, dist=0.00
2026-02-26 05:20:50,123 [INFO] Step 156000: reward=-0.010, dist=0.00
2026-02-26 05:21:51,365 [INFO] Step 156200: reward=-0.010, dist=0.00
2026-02-26 05:22:52,725 [INFO] Step 156400: reward=-0.010, dist=0.00
2026-02-26 05:23:54,073 [INFO] Step 156600: reward=-0.010, dist=0.00
2026-02-26 05:24:55,367 [INFO] Step 156800: reward=-0.010, dist=0.00
2026-02-26 05:25:56,722 [INFO] Step 157000: reward=-0.010, dist=0.00
2026-02-26 05:26:58,018 [INFO] Step 157200: reward=-0.010, dist=0.00
2026-02-26 05:27:59,343 [INFO] Step 157400: reward=-0.010, dist=0.00
2026-02-26 05:29:00,636 [INFO] Step 157600: reward=-0.010, dist=0.00
2026-02-26 05:29:54,918 [INFO] Performing PPO update at global step 1785856
2026-02-26 05:29:55,157 [INFO] PPO losses — policy: -0.0026, value: 0.0045, entropy: 0.7388
2026-02-26 05:29:55,162 [INFO] PPO update completed. Buffer cleared.
2026-02-26 05:30:02,218 [INFO] Step 157800: reward=-0.010, dist=0.00
2026-02-26 05:31:03,546 [INFO] Step 158000: reward=-0.010, dist=0.00
2026-02-26 05:32:04,809 [INFO] Step 158200: reward=-0.010, dist=0.00
2026-02-26 05:33:06,135 [INFO] Step 158400: reward=-0.010, dist=0.00
2026-02-26 05:34:07,455 [INFO] Step 158600: reward=-0.010, dist=0.00
2026-02-26 05:35:08,753 [INFO] Step 158800: reward=-0.010, dist=0.00
2026-02-26 05:36:10,104 [INFO] Step 159000: reward=-0.010, dist=0.00
2026-02-26 05:37:11,411 [INFO] Step 159200: reward=-0.010, dist=0.00
2026-02-26 05:38:12,748 [INFO] Step 159400: reward=-0.010, dist=0.00
2026-02-26 05:39:14,097 [INFO] Step 159600: reward=-0.010, dist=0.00
2026-02-26 05:40:15,404 [INFO] Step 159800: reward=-0.010, dist=0.00
2026-02-26 05:40:23,073 [INFO] Performing PPO update at global step 1787904
2026-02-26 05:40:23,311 [INFO] PPO losses — policy: -0.0016, value: 0.0044, entropy: 0.8404
2026-02-26 05:40:23,315 [INFO] PPO update completed. Buffer cleared.
2026-02-26 05:41:17,009 [INFO] Step 160000: reward=-0.010, dist=0.00
2026-02-26 05:42:18,288 [INFO] Step 160200: reward=-0.010, dist=0.00
2026-02-26 05:43:19,587 [INFO] Step 160400: reward=-0.010, dist=0.00
2026-02-26 05:44:20,914 [INFO] Step 160600: reward=-0.010, dist=0.00
2026-02-26 05:45:22,236 [INFO] Step 160800: reward=-0.010, dist=0.00
2026-02-26 05:46:23,620 [INFO] Step 161000: reward=-0.010, dist=0.00
2026-02-26 05:47:24,944 [INFO] Step 161200: reward=-0.010, dist=0.00
2026-02-26 05:48:26,288 [INFO] Step 161400: reward=-0.010, dist=0.00
2026-02-26 05:49:27,631 [INFO] Step 161600: reward=-0.010, dist=0.00
2026-02-26 05:50:28,993 [INFO] Step 161800: reward=-0.010, dist=0.00
2026-02-26 05:50:51,391 [INFO] Performing PPO update at global step 1789952
2026-02-26 05:50:51,631 [INFO] PPO losses — policy: -0.0031, value: 0.0046, entropy: 0.9023
2026-02-26 05:50:51,635 [INFO] PPO update completed. Buffer cleared.
2026-02-26 05:51:06,347 [INFO] Policy action (normalized): v = +0.718, w = +0.063 | Cmd_vel (scaled): v = +0.718 m/s, w = +0.063 rad/s
2026-02-26 05:51:30,607 [INFO] Step 162000: reward=-0.010, dist=0.00
2026-02-26 05:52:31,955 [INFO] Step 162200: reward=-0.010, dist=0.00
2026-02-26 05:53:33,268 [INFO] Step 162400: reward=-0.010, dist=0.00
2026-02-26 05:54:34,622 [INFO] Step 162600: reward=-0.010, dist=0.00
2026-02-26 05:55:35,926 [INFO] Step 162800: reward=-0.010, dist=0.00
2026-02-26 05:56:37,279 [INFO] Step 163000: reward=-0.010, dist=0.00
2026-02-26 05:57:38,598 [INFO] Step 163200: reward=-0.010, dist=0.00
2026-02-26 05:58:39,898 [INFO] Step 163400: reward=-0.010, dist=0.00
2026-02-26 05:59:41,256 [INFO] Step 163600: reward=-0.010, dist=0.00
2026-02-26 06:00:42,630 [INFO] Step 163800: reward=-0.010, dist=0.00
2026-02-26 06:01:19,760 [INFO] Performing PPO update at global step 1792000
2026-02-26 06:01:19,998 [INFO] PPO losses — policy: -0.0018, value: 0.0043, entropy: 0.8667
2026-02-26 06:01:20,002 [INFO] PPO update completed. Buffer cleared.
2026-02-26 06:01:44,234 [INFO] Step 164000: reward=-0.010, dist=0.00
2026-02-26 06:02:45,543 [INFO] Step 164200: reward=-0.010, dist=0.00
2026-02-26 06:03:46,783 [INFO] Step 164400: reward=-0.010, dist=0.00
2026-02-26 06:04:48,085 [INFO] Step 164600: reward=-0.010, dist=0.00
2026-02-26 06:05:49,388 [INFO] Step 164800: reward=-0.010, dist=0.00
2026-02-26 06:06:50,711 [INFO] Step 165000: reward=-0.010, dist=0.00
2026-02-26 06:07:52,039 [INFO] Step 165200: reward=-0.010, dist=0.00
2026-02-26 06:08:53,327 [INFO] Step 165400: reward=-0.010, dist=0.00
2026-02-26 06:09:54,657 [INFO] Step 165600: reward=-0.010, dist=0.00
2026-02-26 06:10:56,047 [INFO] Step 165800: reward=-0.010, dist=0.00
2026-02-26 06:11:47,916 [INFO] Performing PPO update at global step 1794048
2026-02-26 06:11:48,151 [INFO] PPO losses — policy: -0.0011, value: 0.0043, entropy: 0.8402
2026-02-26 06:11:48,155 [INFO] PPO update completed. Buffer cleared.
2026-02-26 06:11:57,663 [INFO] Step 166000: reward=-0.010, dist=0.00
2026-02-26 06:12:58,968 [INFO] Step 166200: reward=-0.010, dist=0.00
2026-02-26 06:14:00,242 [INFO] Step 166400: reward=-0.010, dist=0.00
2026-02-26 06:15:01,550 [INFO] Step 166600: reward=-0.010, dist=0.00
2026-02-26 06:16:02,849 [INFO] Step 166800: reward=-0.010, dist=0.00
2026-02-26 06:17:04,150 [INFO] Step 167000: reward=-0.010, dist=0.00
2026-02-26 06:18:05,479 [INFO] Step 167200: reward=-0.010, dist=0.00
2026-02-26 06:19:06,808 [INFO] Step 167400: reward=-0.010, dist=0.00
2026-02-26 06:20:08,140 [INFO] Step 167600: reward=-0.010, dist=0.00
2026-02-26 06:21:09,422 [INFO] Step 167800: reward=-0.010, dist=0.00
2026-02-26 06:22:10,801 [INFO] Step 168000: reward=-0.010, dist=0.00
2026-02-26 06:22:16,005 [INFO] Performing PPO update at global step 1796096
2026-02-26 06:22:16,242 [INFO] PPO losses — policy: -0.0031, value: 0.0041, entropy: 0.8043
2026-02-26 06:22:16,247 [INFO] PPO update completed. Buffer cleared.
2026-02-26 06:23:12,362 [INFO] Step 168200: reward=-0.010, dist=0.00
2026-02-26 06:24:13,668 [INFO] Step 168400: reward=-0.010, dist=0.00
2026-02-26 06:25:15,002 [INFO] Step 168600: reward=-0.010, dist=0.00
2026-02-26 06:26:16,303 [INFO] Step 168800: reward=-0.010, dist=0.00
2026-02-26 06:27:17,613 [INFO] Step 169000: reward=-0.010, dist=0.00
2026-02-26 06:28:18,956 [INFO] Step 169200: reward=-0.010, dist=0.00
2026-02-26 06:29:20,294 [INFO] Step 169400: reward=-0.010, dist=0.00
2026-02-26 06:30:21,642 [INFO] Step 169600: reward=-0.010, dist=0.00
2026-02-26 06:31:23,080 [INFO] Step 169800: reward=-0.010, dist=0.00
2026-02-26 06:32:24,422 [INFO] Step 170000: reward=-0.010, dist=0.00
2026-02-26 06:32:44,345 [INFO] Performing PPO update at global step 1798144
2026-02-26 06:32:44,580 [INFO] PPO losses — policy: 0.0003, value: 0.0043, entropy: 0.7665
2026-02-26 06:32:44,584 [INFO] PPO update completed. Buffer cleared.
2026-02-26 06:33:25,993 [INFO] Step 170200: reward=-0.010, dist=0.00
2026-02-26 06:34:27,302 [INFO] Step 170400: reward=-0.010, dist=0.00
2026-02-26 06:35:28,618 [INFO] Step 170600: reward=-0.010, dist=0.00
2026-02-26 06:36:29,928 [INFO] Step 170800: reward=-0.010, dist=0.00
2026-02-26 06:37:31,250 [INFO] Step 171000: reward=-0.010, dist=0.00
2026-02-26 06:38:32,565 [INFO] Step 171200: reward=-0.010, dist=0.00
2026-02-26 06:39:33,900 [INFO] Step 171400: reward=-0.010, dist=0.00
2026-02-26 06:40:35,283 [INFO] Step 171600: reward=-0.010, dist=0.00
2026-02-26 06:41:36,590 [INFO] Step 171800: reward=-0.010, dist=0.00
2026-02-26 06:42:13,695 [INFO] Policy action (normalized): v = +0.621, w = +0.121 | Cmd_vel (scaled): v = +0.621 m/s, w = +0.121 rad/s
2026-02-26 06:42:37,916 [INFO] Step 172000: reward=-0.010, dist=0.00
2026-02-26 06:43:12,583 [INFO] Performing PPO update at global step 1800192
2026-02-26 06:43:12,816 [INFO] PPO losses — policy: -0.0016, value: 0.0039, entropy: 0.6781
2026-02-26 06:43:12,822 [INFO] PPO update completed. Buffer cleared.
2026-02-26 06:43:39,495 [INFO] Step 172200: reward=-0.010, dist=0.00
2026-02-26 06:44:40,809 [INFO] Step 172400: reward=-0.010, dist=0.00
2026-02-26 06:45:42,133 [INFO] Step 172600: reward=-0.010, dist=0.00
2026-02-26 06:46:43,453 [INFO] Step 172800: reward=-0.010, dist=0.00
2026-02-26 06:47:44,796 [INFO] Step 173000: reward=-0.010, dist=0.00
2026-02-26 06:48:46,128 [INFO] Step 173200: reward=-0.010, dist=0.00
2026-02-26 06:49:47,458 [INFO] Step 173400: reward=-0.010, dist=0.00
2026-02-26 06:50:48,765 [INFO] Step 173600: reward=-0.010, dist=0.00
2026-02-26 06:51:50,067 [INFO] Step 173800: reward=-0.010, dist=0.00
2026-02-26 06:52:51,386 [INFO] Step 174000: reward=-0.010, dist=0.00
2026-02-26 06:53:40,796 [INFO] Performing PPO update at global step 1802240
2026-02-26 06:53:41,026 [INFO] PPO losses — policy: -0.0011, value: 0.0042, entropy: 0.7671
2026-02-26 06:53:41,030 [INFO] PPO update completed. Buffer cleared.
2026-02-26 06:53:52,991 [INFO] Step 174200: reward=-0.010, dist=0.00
2026-02-26 06:54:54,306 [INFO] Step 174400: reward=-0.010, dist=0.00
2026-02-26 06:55:55,696 [INFO] Step 174600: reward=-0.010, dist=0.00
2026-02-26 06:56:57,002 [INFO] Step 174800: reward=-0.010, dist=0.00
2026-02-26 06:57:58,293 [INFO] Step 175000: reward=-0.010, dist=0.00
2026-02-26 06:58:59,624 [INFO] Step 175200: reward=-0.010, dist=0.00
2026-02-26 07:00:00,951 [INFO] Step 175400: reward=-0.010, dist=0.00
2026-02-26 07:01:02,304 [INFO] Step 175600: reward=-0.010, dist=0.00
2026-02-26 07:02:03,617 [INFO] Step 175800: reward=-0.010, dist=0.00
2026-02-26 07:03:04,952 [INFO] Step 176000: reward=-0.010, dist=0.00
2026-02-26 07:04:06,288 [INFO] Step 176200: reward=-0.010, dist=0.00
2026-02-26 07:04:09,050 [INFO] Performing PPO update at global step 1804288
2026-02-26 07:04:09,285 [INFO] PPO losses — policy: -0.0004, value: 0.0041, entropy: 0.7538
2026-02-26 07:04:09,289 [INFO] PPO update completed. Buffer cleared.
2026-02-26 07:05:07,837 [INFO] Step 176400: reward=-0.010, dist=0.00
2026-02-26 07:06:09,194 [INFO] Step 176600: reward=-0.010, dist=0.00
2026-02-26 07:07:10,490 [INFO] Step 176800: reward=-0.010, dist=0.00
2026-02-26 07:08:11,789 [INFO] Step 177000: reward=-0.010, dist=0.00
2026-02-26 07:09:13,117 [INFO] Step 177200: reward=-0.010, dist=0.00
2026-02-26 07:10:14,467 [INFO] Step 177400: reward=-0.010, dist=0.00
2026-02-26 07:11:15,785 [INFO] Step 177600: reward=-0.010, dist=0.00
2026-02-26 07:12:17,134 [INFO] Step 177800: reward=-0.010, dist=0.00
2026-02-26 07:13:18,413 [INFO] Step 178000: reward=-0.010, dist=0.00
2026-02-26 07:14:19,774 [INFO] Step 178200: reward=-0.010, dist=0.00
2026-02-26 07:14:37,269 [INFO] Performing PPO update at global step 1806336
2026-02-26 07:14:37,505 [INFO] PPO losses — policy: 0.0000, value: 0.0047, entropy: 0.5936
2026-02-26 07:14:37,509 [INFO] PPO update completed. Buffer cleared.
2026-02-26 07:15:21,347 [INFO] Step 178400: reward=-0.010, dist=0.00
2026-02-26 07:16:22,635 [INFO] Step 178600: reward=-0.010, dist=0.00
2026-02-26 07:17:23,908 [INFO] Step 178800: reward=-0.010, dist=0.00
2026-02-26 07:18:25,230 [INFO] Step 179000: reward=-0.010, dist=0.00
2026-02-26 07:19:26,593 [INFO] Step 179200: reward=-0.010, dist=0.00
2026-02-26 07:20:27,924 [INFO] Step 179400: reward=-0.010, dist=0.00
2026-02-26 07:21:29,247 [INFO] Step 179600: reward=-0.010, dist=0.00
2026-02-26 07:22:30,564 [INFO] Step 179800: reward=-0.010, dist=0.00
2026-02-26 07:23:31,895 [INFO] Step 180000: reward=-0.010, dist=0.00
2026-02-26 07:24:33,251 [INFO] Step 180200: reward=-0.010, dist=0.00
2026-02-26 07:25:05,426 [INFO] Performing PPO update at global step 1808384
2026-02-26 07:25:05,658 [INFO] PPO losses — policy: 0.0024, value: 0.0041, entropy: 0.5877
2026-02-26 07:25:05,662 [INFO] PPO update completed. Buffer cleared.
2026-02-26 07:25:34,823 [INFO] Step 180400: reward=-0.010, dist=0.00
2026-02-26 07:26:36,129 [INFO] Step 180600: reward=-0.010, dist=0.00
2026-02-26 07:27:37,426 [INFO] Step 180800: reward=-0.010, dist=0.00
2026-02-26 07:28:38,758 [INFO] Step 181000: reward=-0.010, dist=0.00
2026-02-26 07:29:40,062 [INFO] Step 181200: reward=-0.010, dist=0.00
2026-02-26 07:30:41,424 [INFO] Step 181400: reward=-0.010, dist=0.00
2026-02-26 07:31:42,768 [INFO] Step 181600: reward=-0.010, dist=0.00
2026-02-26 07:32:44,087 [INFO] Step 181800: reward=-0.010, dist=0.00
2026-02-26 07:33:21,210 [INFO] Policy action (normalized): v = +0.553, w = +0.264 | Cmd_vel (scaled): v = +0.553 m/s, w = +0.264 rad/s
2026-02-26 07:33:45,426 [INFO] Step 182000: reward=-0.010, dist=0.00
2026-02-26 07:34:46,772 [INFO] Step 182200: reward=-0.010, dist=0.00
2026-02-26 07:35:33,721 [INFO] Performing PPO update at global step 1810432
2026-02-26 07:35:33,953 [INFO] PPO losses — policy: 0.0003, value: 0.0043, entropy: 0.4261
2026-02-26 07:35:33,959 [INFO] PPO update completed. Buffer cleared.
2026-02-26 07:35:48,363 [INFO] Step 182400: reward=-0.010, dist=0.00
2026-02-26 07:36:49,689 [INFO] Step 182600: reward=-0.010, dist=0.00
2026-02-26 07:37:50,972 [INFO] Step 182800: reward=-0.010, dist=0.00
2026-02-26 07:38:52,267 [INFO] Step 183000: reward=-0.010, dist=0.00
2026-02-26 07:39:53,587 [INFO] Step 183200: reward=-0.010, dist=0.00
2026-02-26 07:40:54,892 [INFO] Step 183400: reward=-0.010, dist=0.00
2026-02-26 07:41:56,185 [INFO] Step 183600: reward=-0.010, dist=0.00
2026-02-26 07:42:57,530 [INFO] Step 183800: reward=-0.010, dist=0.00
2026-02-26 07:43:58,867 [INFO] Step 184000: reward=-0.010, dist=0.00
2026-02-26 07:45:00,233 [INFO] Step 184200: reward=-0.010, dist=0.00
2026-02-26 07:46:01,629 [INFO] Step 184400: reward=-0.010, dist=0.00
2026-02-26 07:46:01,935 [INFO] Performing PPO update at global step 1812480
2026-02-26 07:46:02,171 [INFO] PPO losses — policy: -0.0049, value: 0.0041, entropy: 0.2497
2026-02-26 07:46:02,175 [INFO] PPO update completed. Buffer cleared.
2026-02-26 07:47:03,223 [INFO] Step 184600: reward=-0.010, dist=0.00
2026-02-26 07:48:04,535 [INFO] Step 184800: reward=-0.010, dist=0.00
2026-02-26 07:49:05,823 [INFO] Step 185000: reward=-0.010, dist=0.00
2026-02-26 07:50:07,106 [INFO] Step 185200: reward=-0.010, dist=0.00
2026-02-26 07:51:08,457 [INFO] Step 185400: reward=-0.010, dist=0.00
2026-02-26 07:52:09,779 [INFO] Step 185600: reward=-0.010, dist=0.00
2026-02-26 07:53:11,088 [INFO] Step 185800: reward=-0.010, dist=0.00
2026-02-26 07:54:12,439 [INFO] Step 186000: reward=-0.010, dist=0.00
2026-02-26 07:55:13,768 [INFO] Step 186200: reward=-0.010, dist=0.00
2026-02-26 07:56:15,065 [INFO] Step 186400: reward=-0.010, dist=0.00
2026-02-26 07:56:30,093 [INFO] Performing PPO update at global step 1814528
2026-02-26 07:56:30,332 [INFO] PPO losses — policy: 0.0005, value: 0.0040, entropy: 0.2255
2026-02-26 07:56:30,337 [INFO] PPO update completed. Buffer cleared.
2026-02-26 07:57:16,621 [INFO] Step 186600: reward=-0.010, dist=0.00
2026-02-26 07:58:17,876 [INFO] Step 186800: reward=-0.010, dist=0.00
2026-02-26 07:59:19,154 [INFO] Step 187000: reward=-0.010, dist=0.00
2026-02-26 08:00:20,428 [INFO] Step 187200: reward=-0.010, dist=0.00
2026-02-26 08:01:21,719 [INFO] Step 187400: reward=-0.010, dist=0.00
2026-02-26 08:02:23,060 [INFO] Step 187600: reward=-0.010, dist=0.00
2026-02-26 08:03:24,427 [INFO] Step 187800: reward=-0.010, dist=0.00
2026-02-26 08:04:25,770 [INFO] Step 188000: reward=-0.010, dist=0.00
2026-02-26 08:05:27,080 [INFO] Step 188200: reward=-0.010, dist=0.00
2026-02-26 08:06:28,440 [INFO] Step 188400: reward=-0.010, dist=0.00
2026-02-26 08:06:58,150 [INFO] Performing PPO update at global step 1816576
2026-02-26 08:06:58,388 [INFO] PPO losses — policy: -0.0000, value: 0.0039, entropy: 0.2467
2026-02-26 08:06:58,392 [INFO] PPO update completed. Buffer cleared.
2026-02-26 08:07:29,989 [INFO] Step 188600: reward=-0.010, dist=0.00
2026-02-26 08:08:31,315 [INFO] Step 188800: reward=-0.010, dist=0.00
2026-02-26 08:09:32,626 [INFO] Step 189000: reward=-0.010, dist=0.00
2026-02-26 08:10:33,938 [INFO] Step 189200: reward=-0.010, dist=0.00
2026-02-26 08:11:35,268 [INFO] Step 189400: reward=-0.010, dist=0.00
2026-02-26 08:12:36,598 [INFO] Step 189600: reward=-0.010, dist=0.00
2026-02-26 08:13:37,940 [INFO] Step 189800: reward=-0.010, dist=0.00
2026-02-26 08:14:39,263 [INFO] Step 190000: reward=-0.010, dist=0.00
2026-02-26 08:15:40,585 [INFO] Step 190200: reward=-0.010, dist=0.00
2026-02-26 08:16:41,916 [INFO] Step 190400: reward=-0.010, dist=0.00
2026-02-26 08:17:26,352 [INFO] Performing PPO update at global step 1818624
2026-02-26 08:17:26,588 [INFO] PPO losses — policy: -0.0032, value: 0.0040, entropy: 0.2712
2026-02-26 08:17:26,592 [INFO] PPO update completed. Buffer cleared.
2026-02-26 08:17:43,465 [INFO] Step 190600: reward=-0.010, dist=0.00
2026-02-26 08:18:44,775 [INFO] Step 190800: reward=-0.010, dist=0.00
2026-02-26 08:19:46,073 [INFO] Step 191000: reward=-0.010, dist=0.00
2026-02-26 08:20:47,371 [INFO] Step 191200: reward=-0.010, dist=0.00
2026-02-26 08:21:48,704 [INFO] Step 191400: reward=-0.010, dist=0.00
2026-02-26 08:22:50,013 [INFO] Step 191600: reward=-0.010, dist=0.00
2026-02-26 08:23:51,373 [INFO] Step 191800: reward=-0.010, dist=0.00
2026-02-26 08:24:28,529 [INFO] Policy action (normalized): v = +0.757, w = -0.087 | Cmd_vel (scaled): v = +0.757 m/s, w = -0.087 rad/s
2026-02-26 08:24:52,753 [INFO] Step 192000: reward=-0.010, dist=0.00
2026-02-26 08:25:54,082 [INFO] Step 192200: reward=-0.010, dist=0.00
2026-02-26 08:26:55,422 [INFO] Step 192400: reward=-0.010, dist=0.00
2026-02-26 08:27:54,606 [INFO] Performing PPO update at global step 1820672
2026-02-26 08:27:54,845 [INFO] PPO losses — policy: -0.0030, value: 0.0039, entropy: 0.2971
2026-02-26 08:27:54,849 [INFO] PPO update completed. Buffer cleared.
2026-02-26 08:27:56,992 [INFO] Step 192600: reward=-0.010, dist=0.00
2026-02-26 08:28:58,338 [INFO] Step 192800: reward=-0.010, dist=0.00
2026-02-26 08:29:59,646 [INFO] Step 193000: reward=-0.010, dist=0.00
2026-02-26 08:31:01,001 [INFO] Step 193200: reward=-0.010, dist=0.00
2026-02-26 08:32:02,387 [INFO] Step 193400: reward=-0.010, dist=0.00
2026-02-26 08:33:03,733 [INFO] Step 193600: reward=-0.010, dist=0.00
2026-02-26 08:34:05,097 [INFO] Step 193800: reward=-0.010, dist=0.00
2026-02-26 08:35:06,407 [INFO] Step 194000: reward=-0.010, dist=0.00
2026-02-26 08:36:07,723 [INFO] Step 194200: reward=-0.010, dist=0.00
2026-02-26 08:37:09,027 [INFO] Step 194400: reward=-0.010, dist=0.00
2026-02-26 08:38:10,322 [INFO] Step 194600: reward=-0.010, dist=0.00
2026-02-26 08:38:22,914 [INFO] Performing PPO update at global step 1822720
2026-02-26 08:38:23,152 [INFO] PPO losses — policy: 0.0002, value: 0.0039, entropy: 0.2045
2026-02-26 08:38:23,156 [INFO] PPO update completed. Buffer cleared.
2026-02-26 08:39:11,872 [INFO] Step 194800: reward=-0.010, dist=0.00
2026-02-26 08:40:13,176 [INFO] Step 195000: reward=-0.010, dist=0.00
2026-02-26 08:41:14,541 [INFO] Step 195200: reward=-0.010, dist=0.00
2026-02-26 08:42:15,829 [INFO] Step 195400: reward=-0.010, dist=0.00
2026-02-26 08:43:17,180 [INFO] Step 195600: reward=-0.010, dist=0.00
2026-02-26 08:44:18,534 [INFO] Step 195800: reward=-0.010, dist=0.00
2026-02-26 08:45:19,881 [INFO] Step 196000: reward=-0.010, dist=0.00
2026-02-26 08:46:21,207 [INFO] Step 196200: reward=-0.010, dist=0.00
2026-02-26 08:47:22,520 [INFO] Step 196400: reward=-0.010, dist=0.00
2026-02-26 08:48:23,866 [INFO] Step 196600: reward=-0.010, dist=0.00
2026-02-26 08:48:51,128 [INFO] Performing PPO update at global step 1824768
2026-02-26 08:48:51,369 [INFO] PPO losses — policy: -0.0010, value: 0.0043, entropy: 0.1133
2026-02-26 08:48:51,373 [INFO] PPO update completed. Buffer cleared.
2026-02-26 08:49:25,450 [INFO] Step 196800: reward=-0.010, dist=0.00
2026-02-26 08:50:26,743 [INFO] Step 197000: reward=-0.010, dist=0.00
2026-02-26 08:51:28,064 [INFO] Step 197200: reward=-0.010, dist=0.00
2026-02-26 08:52:29,380 [INFO] Step 197400: reward=-0.010, dist=0.00
2026-02-26 08:53:30,711 [INFO] Step 197600: reward=-0.010, dist=0.00
2026-02-26 08:54:32,002 [INFO] Step 197800: reward=-0.010, dist=0.00
2026-02-26 08:55:33,305 [INFO] Step 198000: reward=-0.010, dist=0.00
2026-02-26 08:56:34,626 [INFO] Step 198200: reward=-0.010, dist=0.00
2026-02-26 08:57:35,898 [INFO] Step 198400: reward=-0.010, dist=0.00
2026-02-26 08:58:37,239 [INFO] Step 198600: reward=-0.010, dist=0.00
2026-02-26 08:59:19,252 [INFO] Performing PPO update at global step 1826816
2026-02-26 08:59:19,485 [INFO] PPO losses — policy: 0.0012, value: 0.0043, entropy: 0.0207
2026-02-26 08:59:19,489 [INFO] PPO update completed. Buffer cleared.
2026-02-26 08:59:38,803 [INFO] Step 198800: reward=-0.010, dist=0.00
2026-02-26 09:00:40,095 [INFO] Step 199000: reward=-0.010, dist=0.00
2026-02-26 09:01:41,430 [INFO] Step 199200: reward=-0.010, dist=0.00
2026-02-26 09:02:42,791 [INFO] Step 199400: reward=-0.010, dist=0.00
2026-02-26 09:03:44,150 [INFO] Step 199600: reward=-0.010, dist=0.00
2026-02-26 09:04:45,512 [INFO] Step 199800: reward=-0.010, dist=0.00
2026-02-26 09:05:46,799 [INFO] Step 200000: reward=-0.010, dist=0.00
2026-02-26 09:06:48,091 [INFO] Step 200200: reward=-0.010, dist=0.00
2026-02-26 09:07:49,441 [INFO] Step 200400: reward=-0.010, dist=0.00
2026-02-26 09:08:50,752 [INFO] Step 200600: reward=-0.010, dist=0.00
2026-02-26 09:09:47,520 [INFO] Performing PPO update at global step 1828864
2026-02-26 09:09:47,752 [INFO] PPO losses — policy: 0.0010, value: 0.0039, entropy: 0.0568
2026-02-26 09:09:47,756 [INFO] PPO update completed. Buffer cleared.
2026-02-26 09:09:52,342 [INFO] Step 200800: reward=-0.010, dist=0.00
2026-02-26 09:10:53,658 [INFO] Step 201000: reward=-0.010, dist=0.00
2026-02-26 09:11:54,969 [INFO] Step 201200: reward=-0.010, dist=0.00
2026-02-26 09:12:56,302 [INFO] Step 201400: reward=-0.010, dist=0.00
2026-02-26 09:13:57,662 [INFO] Step 201600: reward=-0.010, dist=0.00
2026-02-26 09:14:58,983 [INFO] Step 201800: reward=-0.010, dist=0.00
2026-02-26 09:15:36,065 [INFO] Policy action (normalized): v = +0.766, w = -0.098 | Cmd_vel (scaled): v = +0.766 m/s, w = -0.098 rad/s
2026-02-26 09:16:00,290 [INFO] Step 202000: reward=-0.010, dist=0.00
2026-02-26 09:17:01,580 [INFO] Step 202200: reward=-0.010, dist=0.00
2026-02-26 09:18:02,923 [INFO] Step 202400: reward=-0.010, dist=0.00
2026-02-26 09:19:04,260 [INFO] Step 202600: reward=-0.010, dist=0.00
2026-02-26 09:20:05,609 [INFO] Step 202800: reward=-0.010, dist=0.00
2026-02-26 09:20:15,730 [INFO] Performing PPO update at global step 1830912
2026-02-26 09:20:15,961 [INFO] PPO losses — policy: -0.0046, value: 0.0040, entropy: 0.0096
2026-02-26 09:20:15,964 [INFO] PPO update completed. Buffer cleared.
2026-02-26 09:21:07,185 [INFO] Step 203000: reward=-0.010, dist=0.00
2026-02-26 09:22:08,514 [INFO] Step 203200: reward=-0.010, dist=0.00
2026-02-26 09:23:09,836 [INFO] Step 203400: reward=-0.010, dist=0.00
2026-02-26 09:24:11,114 [INFO] Step 203600: reward=-0.010, dist=0.00
2026-02-26 09:25:12,466 [INFO] Step 203800: reward=-0.010, dist=0.00
2026-02-26 09:26:13,828 [INFO] Step 204000: reward=-0.010, dist=0.00
2026-02-26 09:27:15,187 [INFO] Step 204200: reward=-0.010, dist=0.00
2026-02-26 09:28:16,472 [INFO] Step 204400: reward=-0.010, dist=0.00
2026-02-26 09:29:17,802 [INFO] Step 204600: reward=-0.010, dist=0.00
2026-02-26 09:30:19,129 [INFO] Step 204800: reward=-0.010, dist=0.00
2026-02-26 09:30:43,977 [INFO] Performing PPO update at global step 1832960
2026-02-26 09:30:44,208 [INFO] PPO losses — policy: 0.0011, value: 0.0040, entropy: 0.0439
2026-02-26 09:30:44,213 [INFO] PPO update completed. Buffer cleared.
2026-02-26 09:31:20,740 [INFO] Step 205000: reward=-0.010, dist=0.00
2026-02-26 09:32:22,029 [INFO] Step 205200: reward=-0.010, dist=0.00
2026-02-26 09:33:23,347 [INFO] Step 205400: reward=-0.010, dist=0.00
2026-02-26 09:34:24,695 [INFO] Step 205600: reward=-0.010, dist=0.00
2026-02-26 09:35:26,000 [INFO] Step 205800: reward=-0.010, dist=0.00
2026-02-26 09:36:27,295 [INFO] Step 206000: reward=-0.010, dist=0.00
2026-02-26 09:37:28,631 [INFO] Step 206200: reward=-0.010, dist=0.00
2026-02-26 09:38:29,937 [INFO] Step 206400: reward=-0.010, dist=0.00
2026-02-26 09:39:31,257 [INFO] Step 206600: reward=-0.010, dist=0.00
2026-02-26 09:40:32,630 [INFO] Step 206800: reward=-0.010, dist=0.00
2026-02-26 09:41:12,211 [INFO] Performing PPO update at global step 1835008
2026-02-26 09:41:12,440 [INFO] PPO losses — policy: 0.0006, value: 0.0039, entropy: -0.0745
2026-02-26 09:41:12,444 [INFO] PPO update completed. Buffer cleared.
2026-02-26 09:41:34,202 [INFO] Step 207000: reward=-0.010, dist=0.00
2026-02-26 09:42:35,512 [INFO] Step 207200: reward=-0.010, dist=0.00
2026-02-26 09:43:36,792 [INFO] Step 207400: reward=-0.010, dist=0.00
2026-02-26 09:44:38,108 [INFO] Step 207600: reward=-0.010, dist=0.00
2026-02-26 09:45:39,390 [INFO] Step 207800: reward=-0.010, dist=0.00
2026-02-26 09:46:40,717 [INFO] Step 208000: reward=-0.010, dist=0.00
2026-02-26 09:47:42,082 [INFO] Step 208200: reward=-0.010, dist=0.00
2026-02-26 09:48:43,437 [INFO] Step 208400: reward=-0.010, dist=0.00
2026-02-26 09:49:44,734 [INFO] Step 208600: reward=-0.010, dist=0.00
2026-02-26 09:50:46,046 [INFO] Step 208800: reward=-0.010, dist=0.00
2026-02-26 09:51:40,368 [INFO] Performing PPO update at global step 1837056
2026-02-26 09:51:40,610 [INFO] PPO losses — policy: 0.0007, value: 0.0039, entropy: -0.1544
2026-02-26 09:51:40,614 [INFO] PPO update completed. Buffer cleared.
2026-02-26 09:51:47,657 [INFO] Step 209000: reward=-0.010, dist=0.00
2026-02-26 09:52:48,958 [INFO] Step 209200: reward=-0.010, dist=0.00
2026-02-26 09:53:50,226 [INFO] Step 209400: reward=-0.010, dist=0.00
2026-02-26 09:54:51,516 [INFO] Step 209600: reward=-0.010, dist=0.00
2026-02-26 09:55:52,836 [INFO] Step 209800: reward=-0.010, dist=0.00
2026-02-26 09:56:54,188 [INFO] Step 210000: reward=-0.010, dist=0.00
2026-02-26 09:57:55,470 [INFO] Step 210200: reward=-0.010, dist=0.00
2026-02-26 09:58:56,786 [INFO] Step 210400: reward=-0.010, dist=0.00
2026-02-26 09:59:58,071 [INFO] Step 210600: reward=-0.010, dist=0.00
2026-02-26 10:00:59,474 [INFO] Step 210800: reward=-0.010, dist=0.00
2026-02-26 10:02:00,811 [INFO] Step 211000: reward=-0.010, dist=0.00
2026-02-26 10:02:08,469 [INFO] Performing PPO update at global step 1839104
2026-02-26 10:02:08,700 [INFO] PPO losses — policy: -0.0014, value: 0.0041, entropy: -0.1811
2026-02-26 10:02:08,704 [INFO] PPO update completed. Buffer cleared.
2026-02-26 10:03:02,363 [INFO] Step 211200: reward=-0.010, dist=0.00
2026-02-26 10:04:03,684 [INFO] Step 211400: reward=-0.010, dist=0.00
2026-02-26 10:05:04,988 [INFO] Step 211600: reward=-0.010, dist=0.00
2026-02-26 10:06:06,315 [INFO] Step 211800: reward=-0.010, dist=0.00
2026-02-26 10:06:43,453 [INFO] Policy action (normalized): v = +0.546, w = -0.091 | Cmd_vel (scaled): v = +0.546 m/s, w = -0.091 rad/s
2026-02-26 10:07:07,676 [INFO] Step 212000: reward=-0.010, dist=0.00
2026-02-26 10:08:08,997 [INFO] Step 212200: reward=-0.010, dist=0.00
2026-02-26 10:09:10,319 [INFO] Step 212400: reward=-0.010, dist=0.00
2026-02-26 10:10:11,615 [INFO] Step 212600: reward=-0.010, dist=0.00
2026-02-26 10:11:12,944 [INFO] Step 212800: reward=-0.010, dist=0.00
2026-02-26 10:12:14,261 [INFO] Step 213000: reward=-0.010, dist=0.00
2026-02-26 10:12:36,677 [INFO] Performing PPO update at global step 1841152
2026-02-26 10:12:36,909 [INFO] PPO losses — policy: 0.0000, value: 0.0040, entropy: -0.1303
2026-02-26 10:12:36,913 [INFO] PPO update completed. Buffer cleared.
2026-02-26 10:13:15,850 [INFO] Step 213200: reward=-0.010, dist=0.00
2026-02-26 10:14:17,144 [INFO] Step 213400: reward=-0.010, dist=0.00
2026-02-26 10:15:18,440 [INFO] Step 213600: reward=-0.010, dist=0.00
2026-02-26 10:16:19,753 [INFO] Step 213800: reward=-0.010, dist=0.00
2026-02-26 10:17:21,033 [INFO] Step 214000: reward=-0.010, dist=0.00
2026-02-26 10:18:22,350 [INFO] Step 214200: reward=-0.010, dist=0.00
2026-02-26 10:19:23,690 [INFO] Step 214400: reward=-0.010, dist=0.00
2026-02-26 10:20:25,018 [INFO] Step 214600: reward=-0.010, dist=0.00
2026-02-26 10:21:26,377 [INFO] Step 214800: reward=-0.010, dist=0.00
2026-02-26 10:22:27,742 [INFO] Step 215000: reward=-0.010, dist=0.00
2026-02-26 10:23:04,863 [INFO] Performing PPO update at global step 1843200
2026-02-26 10:23:05,096 [INFO] PPO losses — policy: 0.0013, value: 0.0038, entropy: -0.1311
2026-02-26 10:23:05,100 [INFO] PPO update completed. Buffer cleared.
2026-02-26 10:23:29,339 [INFO] Step 215200: reward=-0.010, dist=0.00
2026-02-26 10:24:30,568 [INFO] Step 215400: reward=-0.010, dist=0.00
2026-02-26 10:25:31,879 [INFO] Step 215600: reward=-0.010, dist=0.00
2026-02-26 10:26:33,159 [INFO] Step 215800: reward=-0.010, dist=0.00
2026-02-26 10:27:34,456 [INFO] Step 216000: reward=-0.010, dist=0.00
2026-02-26 10:28:35,775 [INFO] Step 216200: reward=-0.010, dist=0.00
2026-02-26 10:29:37,103 [INFO] Step 216400: reward=-0.010, dist=0.00
2026-02-26 10:30:38,413 [INFO] Step 216600: reward=-0.010, dist=0.00
2026-02-26 10:31:39,779 [INFO] Step 216800: reward=-0.010, dist=0.00
2026-02-26 10:32:41,121 [INFO] Step 217000: reward=-0.010, dist=0.00
2026-02-26 10:33:32,947 [INFO] Performing PPO update at global step 1845248
2026-02-26 10:33:33,176 [INFO] PPO losses — policy: 0.0000, value: 0.0038, entropy: -0.1523
2026-02-26 10:33:33,179 [INFO] PPO update completed. Buffer cleared.
2026-02-26 10:33:42,672 [INFO] Step 217200: reward=-0.010, dist=0.00
2026-02-26 10:34:44,022 [INFO] Step 217400: reward=-0.010, dist=0.00
2026-02-26 10:35:45,353 [INFO] Step 217600: reward=-0.010, dist=0.00
2026-02-26 10:36:46,658 [INFO] Step 217800: reward=-0.010, dist=0.00
2026-02-26 10:37:47,999 [INFO] Step 218000: reward=-0.010, dist=0.00
2026-02-26 10:38:49,370 [INFO] Step 218200: reward=-0.010, dist=0.00
2026-02-26 10:39:50,713 [INFO] Step 218400: reward=-0.010, dist=0.00
2026-02-26 10:40:52,043 [INFO] Step 218600: reward=-0.010, dist=0.00
2026-02-26 10:41:53,366 [INFO] Step 218800: reward=-0.010, dist=0.00
2026-02-26 10:42:54,725 [INFO] Step 219000: reward=-0.010, dist=0.00
2026-02-26 10:43:56,079 [INFO] Step 219200: reward=-0.010, dist=0.00
2026-02-26 10:44:01,297 [INFO] Performing PPO update at global step 1847296
2026-02-26 10:44:01,534 [INFO] PPO losses — policy: -0.0005, value: 0.0038, entropy: -0.2487
2026-02-26 10:44:01,538 [INFO] PPO update completed. Buffer cleared.
2026-02-26 10:44:57,667 [INFO] Step 219400: reward=-0.010, dist=0.00
2026-02-26 10:45:58,980 [INFO] Step 219600: reward=-0.010, dist=0.00
2026-02-26 10:47:00,263 [INFO] Step 219800: reward=-0.010, dist=0.00
2026-02-26 10:48:01,630 [INFO] Step 220000: reward=-0.010, dist=0.00
2026-02-26 10:49:02,938 [INFO] Step 220200: reward=-0.010, dist=0.00
2026-02-26 10:50:04,242 [INFO] Step 220400: reward=-0.010, dist=0.00
2026-02-26 10:51:05,561 [INFO] Step 220600: reward=-0.010, dist=0.00
2026-02-26 10:52:06,908 [INFO] Step 220800: reward=-0.010, dist=0.00
2026-02-26 10:53:08,246 [INFO] Step 221000: reward=-0.010, dist=0.00
2026-02-26 10:54:09,615 [INFO] Step 221200: reward=-0.010, dist=0.00
2026-02-26 10:54:29,532 [INFO] Performing PPO update at global step 1849344
2026-02-26 10:54:29,765 [INFO] PPO losses — policy: -0.0012, value: 0.0043, entropy: -0.1618
2026-02-26 10:54:29,769 [INFO] PPO update completed. Buffer cleared.
2026-02-26 10:55:11,160 [INFO] Step 221400: reward=-0.010, dist=0.00
2026-02-26 10:56:12,400 [INFO] Step 221600: reward=-0.010, dist=0.00
2026-02-26 10:57:13,735 [INFO] Step 221800: reward=-0.010, dist=0.00
2026-02-26 10:57:50,802 [INFO] Policy action (normalized): v = +0.319, w = -0.191 | Cmd_vel (scaled): v = +0.319 m/s, w = -0.191 rad/s
2026-02-26 10:58:15,023 [INFO] Step 222000: reward=-0.010, dist=0.00
2026-02-26 10:59:16,334 [INFO] Step 222200: reward=-0.010, dist=0.00
2026-02-26 11:00:17,672 [INFO] Step 222400: reward=-0.010, dist=0.00
2026-02-26 11:01:18,997 [INFO] Step 222600: reward=-0.010, dist=0.00
2026-02-26 11:02:20,322 [INFO] Step 222800: reward=-0.010, dist=0.00
2026-02-26 11:03:21,633 [INFO] Step 223000: reward=-0.010, dist=0.00
2026-02-26 11:04:22,958 [INFO] Step 223200: reward=-0.010, dist=0.00
2026-02-26 11:04:57,610 [INFO] Performing PPO update at global step 1851392
2026-02-26 11:04:57,850 [INFO] PPO losses — policy: 0.0021, value: 0.0039, entropy: -0.2083
2026-02-26 11:04:57,854 [INFO] PPO update completed. Buffer cleared.
2026-02-26 11:05:24,535 [INFO] Step 223400: reward=-0.010, dist=0.00
2026-02-26 11:06:25,794 [INFO] Step 223600: reward=-0.010, dist=0.00
2026-02-26 11:07:27,105 [INFO] Step 223800: reward=-0.010, dist=0.00
2026-02-26 11:08:28,388 [INFO] Step 224000: reward=-0.010, dist=0.00
2026-02-26 11:09:29,689 [INFO] Step 224200: reward=-0.010, dist=0.00
2026-02-26 11:10:30,972 [INFO] Step 224400: reward=-0.010, dist=0.00
2026-02-26 11:11:32,369 [INFO] Step 224600: reward=-0.010, dist=0.00
2026-02-26 11:12:33,643 [INFO] Step 224800: reward=-0.010, dist=0.00
2026-02-26 11:13:34,974 [INFO] Step 225000: reward=-0.010, dist=0.00
2026-02-26 11:14:36,329 [INFO] Step 225200: reward=-0.010, dist=0.00
2026-02-26 11:15:25,722 [INFO] Performing PPO update at global step 1853440
2026-02-26 11:15:25,953 [INFO] PPO losses — policy: -0.0043, value: 0.0039, entropy: -0.3397
2026-02-26 11:15:25,957 [INFO] PPO update completed. Buffer cleared.
2026-02-26 11:15:37,932 [INFO] Step 225400: reward=-0.010, dist=0.00
2026-02-26 11:16:39,262 [INFO] Step 225600: reward=-0.010, dist=0.00
2026-02-26 11:17:40,563 [INFO] Step 225800: reward=-0.010, dist=0.00
2026-02-26 11:18:41,878 [INFO] Step 226000: reward=-0.010, dist=0.00
2026-02-26 11:19:43,206 [INFO] Step 226200: reward=-0.010, dist=0.00
2026-02-26 11:20:44,564 [INFO] Step 226400: reward=-0.010, dist=0.00
2026-02-26 11:21:45,828 [INFO] Step 226600: reward=-0.010, dist=0.00
2026-02-26 11:22:47,150 [INFO] Step 226800: reward=-0.010, dist=0.00
2026-02-26 11:23:48,432 [INFO] Step 227000: reward=-0.010, dist=0.00
2026-02-26 11:24:49,770 [INFO] Step 227200: reward=-0.010, dist=0.00
2026-02-26 11:25:51,105 [INFO] Step 227400: reward=-0.010, dist=0.00
2026-02-26 11:25:53,866 [INFO] Performing PPO update at global step 1855488
2026-02-26 11:25:54,099 [INFO] PPO losses — policy: 0.0037, value: 0.0041, entropy: -0.4227
2026-02-26 11:25:54,104 [INFO] PPO update completed. Buffer cleared.
2026-02-26 11:26:52,702 [INFO] Step 227600: reward=-0.010, dist=0.00
2026-02-26 11:27:53,983 [INFO] Step 227800: reward=-0.010, dist=0.00
2026-02-26 11:28:55,275 [INFO] Step 228000: reward=-0.010, dist=0.00
2026-02-26 11:29:56,580 [INFO] Step 228200: reward=-0.010, dist=0.00
2026-02-26 11:30:57,872 [INFO] Step 228400: reward=-0.010, dist=0.00
2026-02-26 11:31:59,174 [INFO] Step 228600: reward=-0.010, dist=0.00
2026-02-26 11:33:00,480 [INFO] Step 228800: reward=-0.010, dist=0.00
2026-02-26 11:34:01,825 [INFO] Step 229000: reward=-0.010, dist=0.00
2026-02-26 11:35:03,150 [INFO] Step 229200: reward=-0.010, dist=0.00
2026-02-26 11:36:04,456 [INFO] Step 229400: reward=-0.010, dist=0.00
2026-02-26 11:36:21,947 [INFO] Performing PPO update at global step 1857536
2026-02-26 11:36:22,180 [INFO] PPO losses — policy: 0.0001, value: 0.0039, entropy: -0.4068
2026-02-26 11:36:22,184 [INFO] PPO update completed. Buffer cleared.
2026-02-26 11:37:06,075 [INFO] Step 229600: reward=-0.010, dist=0.00
2026-02-26 11:38:07,389 [INFO] Step 229800: reward=-0.010, dist=0.00
2026-02-26 11:39:08,649 [INFO] Step 230000: reward=-0.010, dist=0.00
2026-02-26 11:40:09,989 [INFO] Step 230200: reward=-0.010, dist=0.00
2026-02-26 11:41:11,358 [INFO] Step 230400: reward=-0.010, dist=0.00
2026-02-26 11:42:12,674 [INFO] Step 230600: reward=-0.010, dist=0.00
2026-02-26 11:43:14,058 [INFO] Step 230800: reward=-0.010, dist=0.00
2026-02-26 11:44:15,344 [INFO] Step 231000: reward=-0.010, dist=0.00
2026-02-26 11:45:16,666 [INFO] Step 231200: reward=-0.010, dist=0.00
2026-02-26 11:46:18,030 [INFO] Step 231400: reward=-0.010, dist=0.00
2026-02-26 11:46:50,254 [INFO] Performing PPO update at global step 1859584
2026-02-26 11:46:50,484 [INFO] PPO losses — policy: 0.0027, value: 0.0040, entropy: -0.4313
2026-02-26 11:46:50,488 [INFO] PPO update completed. Buffer cleared.
2026-02-26 11:47:19,633 [INFO] Step 231600: reward=-0.010, dist=0.00
2026-02-26 11:48:20,902 [INFO] Step 231800: reward=-0.010, dist=0.00
2026-02-26 11:48:58,009 [INFO] Policy action (normalized): v = +0.253, w = +0.108 | Cmd_vel (scaled): v = +0.253 m/s, w = +0.108 rad/s
2026-02-26 11:49:22,185 [INFO] Step 232000: reward=-0.010, dist=0.00
2026-02-26 11:50:23,473 [INFO] Step 232200: reward=-0.010, dist=0.00
2026-02-26 11:51:24,784 [INFO] Step 232400: reward=-0.010, dist=0.00
2026-02-26 11:52:26,155 [INFO] Step 232600: reward=-0.010, dist=0.00
2026-02-26 11:53:27,456 [INFO] Step 232800: reward=-0.010, dist=0.00
2026-02-26 11:54:28,766 [INFO] Step 233000: reward=-0.010, dist=0.00
2026-02-26 11:55:30,109 [INFO] Step 233200: reward=-0.010, dist=0.00
2026-02-26 11:56:31,423 [INFO] Step 233400: reward=-0.010, dist=0.00
2026-02-26 11:57:18,287 [INFO] Performing PPO update at global step 1861632
2026-02-26 11:57:18,519 [INFO] PPO losses — policy: -0.0020, value: 0.0040, entropy: -0.5686
2026-02-26 11:57:18,523 [INFO] PPO update completed. Buffer cleared.
2026-02-26 11:57:32,927 [INFO] Step 233600: reward=-0.010, dist=0.00
2026-02-26 11:58:34,207 [INFO] Step 233800: reward=-0.010, dist=0.00
2026-02-26 11:59:35,529 [INFO] Step 234000: reward=-0.010, dist=0.00
2026-02-26 12:00:36,867 [INFO] Step 234200: reward=-0.010, dist=0.00
2026-02-26 12:01:38,174 [INFO] Step 234400: reward=-0.010, dist=0.00
2026-02-26 12:02:39,436 [INFO] Step 234600: reward=-0.010, dist=0.00
2026-02-26 12:03:40,762 [INFO] Step 234800: reward=-0.010, dist=0.00
2026-02-26 12:04:42,078 [INFO] Step 235000: reward=-0.010, dist=0.00
2026-02-26 12:05:43,364 [INFO] Step 235200: reward=-0.010, dist=0.00
2026-02-26 12:06:44,638 [INFO] Step 235400: reward=-0.010, dist=0.00
2026-02-26 12:07:45,935 [INFO] Step 235600: reward=-0.010, dist=0.00
2026-02-26 12:07:46,244 [INFO] Performing PPO update at global step 1863680
2026-02-26 12:07:46,487 [INFO] PPO losses — policy: 0.0028, value: 0.0042, entropy: -0.5633
2026-02-26 12:07:46,491 [INFO] PPO update completed. Buffer cleared.
2026-02-26 12:08:47,600 [INFO] Step 235800: reward=-0.010, dist=0.00
2026-02-26 12:09:48,883 [INFO] Step 236000: reward=-0.010, dist=0.00
2026-02-26 12:10:50,241 [INFO] Step 236200: reward=-0.010, dist=0.00
2026-02-26 12:11:51,541 [INFO] Step 236400: reward=-0.010, dist=0.00
2026-02-26 12:12:52,827 [INFO] Step 236600: reward=-0.010, dist=0.00
2026-02-26 12:13:54,103 [INFO] Step 236800: reward=-0.010, dist=0.00
2026-02-26 12:14:55,474 [INFO] Step 237000: reward=-0.010, dist=0.00
2026-02-26 12:15:56,764 [INFO] Step 237200: reward=-0.010, dist=0.00
2026-02-26 12:16:58,097 [INFO] Step 237400: reward=-0.010, dist=0.00
2026-02-26 12:17:59,435 [INFO] Step 237600: reward=-0.010, dist=0.00
2026-02-26 12:18:14,461 [INFO] Performing PPO update at global step 1865728
2026-02-26 12:18:14,699 [INFO] PPO losses — policy: 0.0010, value: 0.0039, entropy: -0.5474
2026-02-26 12:18:14,703 [INFO] PPO update completed. Buffer cleared.
2026-02-26 12:19:00,996 [INFO] Step 237800: reward=-0.010, dist=0.00
2026-02-26 12:20:02,263 [INFO] Step 238000: reward=-0.010, dist=0.00
2026-02-26 12:21:03,532 [INFO] Step 238200: reward=-0.010, dist=0.00
2026-02-26 12:22:04,849 [INFO] Step 238400: reward=-0.010, dist=0.00
2026-02-26 12:23:06,186 [INFO] Step 238600: reward=-0.010, dist=0.00
2026-02-26 12:24:07,579 [INFO] Step 238800: reward=-0.010, dist=0.00
2026-02-26 12:25:08,867 [INFO] Step 239000: reward=-0.010, dist=0.00
2026-02-26 12:26:10,189 [INFO] Step 239200: reward=-0.010, dist=0.00
2026-02-26 12:27:11,495 [INFO] Step 239400: reward=-0.010, dist=0.00
2026-02-26 12:28:12,844 [INFO] Step 239600: reward=-0.010, dist=0.00
2026-02-26 12:28:42,626 [INFO] Performing PPO update at global step 1867776
2026-02-26 12:28:42,863 [INFO] PPO losses — policy: 0.0023, value: 0.0039, entropy: -0.7092
2026-02-26 12:28:42,867 [INFO] PPO update completed. Buffer cleared.
2026-02-26 12:29:14,505 [INFO] Step 239800: reward=-0.010, dist=0.00
2026-02-26 12:30:15,791 [INFO] Step 240000: reward=-0.010, dist=0.00
2026-02-26 12:31:17,120 [INFO] Step 240200: reward=-0.010, dist=0.00
2026-02-26 12:32:18,388 [INFO] Step 240400: reward=-0.010, dist=0.00
2026-02-26 12:33:19,774 [INFO] Step 240600: reward=-0.010, dist=0.00
2026-02-26 12:34:21,089 [INFO] Step 240800: reward=-0.010, dist=0.00
2026-02-26 12:35:22,392 [INFO] Step 241000: reward=-0.010, dist=0.00
2026-02-26 12:36:23,702 [INFO] Step 241200: reward=-0.010, dist=0.00
2026-02-26 12:37:25,017 [INFO] Step 241400: reward=-0.010, dist=0.00
2026-02-26 12:38:26,346 [INFO] Step 241600: reward=-0.010, dist=0.00
2026-02-26 12:39:10,804 [INFO] Performing PPO update at global step 1869824
2026-02-26 12:39:11,036 [INFO] PPO losses — policy: 0.0037, value: 0.0038, entropy: -0.7343
2026-02-26 12:39:11,040 [INFO] PPO update completed. Buffer cleared.
2026-02-26 12:39:27,895 [INFO] Step 241800: reward=-0.010, dist=0.00
2026-02-26 12:40:04,997 [INFO] Policy action (normalized): v = +0.513, w = +0.045 | Cmd_vel (scaled): v = +0.513 m/s, w = +0.045 rad/s
2026-02-26 12:40:29,187 [INFO] Step 242000: reward=-0.010, dist=0.00
2026-02-26 12:41:30,462 [INFO] Step 242200: reward=-0.010, dist=0.00
2026-02-26 12:42:31,743 [INFO] Step 242400: reward=-0.010, dist=0.00
2026-02-26 12:43:33,064 [INFO] Step 242600: reward=-0.010, dist=0.00
2026-02-26 12:44:34,398 [INFO] Step 242800: reward=-0.010, dist=0.00
2026-02-26 12:45:35,773 [INFO] Step 243000: reward=-0.010, dist=0.00
2026-02-26 12:46:37,082 [INFO] Step 243200: reward=-0.010, dist=0.00
2026-02-26 12:47:38,373 [INFO] Step 243400: reward=-0.010, dist=0.00
2026-02-26 12:48:39,689 [INFO] Step 243600: reward=-0.010, dist=0.00
2026-02-26 12:49:38,914 [INFO] Performing PPO update at global step 1871872
2026-02-26 12:49:39,153 [INFO] PPO losses — policy: 0.0030, value: 0.0041, entropy: -0.8090
2026-02-26 12:49:39,157 [INFO] PPO update completed. Buffer cleared.
2026-02-26 12:49:41,301 [INFO] Step 243800: reward=-0.010, dist=0.00
2026-02-26 12:50:42,668 [INFO] Step 244000: reward=-0.010, dist=0.00
2026-02-26 12:51:43,973 [INFO] Step 244200: reward=-0.010, dist=0.00
2026-02-26 12:52:45,258 [INFO] Step 244400: reward=-0.010, dist=0.00
2026-02-26 12:53:46,566 [INFO] Step 244600: reward=-0.010, dist=0.00
2026-02-26 12:54:47,879 [INFO] Step 244800: reward=-0.010, dist=0.00
2026-02-26 12:55:49,197 [INFO] Step 245000: reward=-0.010, dist=0.00
2026-02-26 12:56:50,512 [INFO] Step 245200: reward=-0.010, dist=0.00
2026-02-26 12:57:51,791 [INFO] Step 245400: reward=-0.010, dist=0.00
2026-02-26 12:58:53,170 [INFO] Step 245600: reward=-0.010, dist=0.00
2026-02-26 12:59:54,525 [INFO] Step 245800: reward=-0.010, dist=0.00
2026-02-26 13:00:07,081 [INFO] Performing PPO update at global step 1873920
2026-02-26 13:00:07,318 [INFO] PPO losses — policy: -0.0009, value: 0.0040, entropy: -0.7588
2026-02-26 13:00:07,322 [INFO] PPO update completed. Buffer cleared.
2026-02-26 13:00:56,083 [INFO] Step 246000: reward=-0.010, dist=0.00
2026-02-26 13:01:57,376 [INFO] Step 246200: reward=-0.010, dist=0.00
2026-02-26 13:02:58,708 [INFO] Step 246400: reward=-0.010, dist=0.00
2026-02-26 13:04:00,042 [INFO] Step 246600: reward=-0.010, dist=0.00
2026-02-26 13:05:01,333 [INFO] Step 246800: reward=-0.010, dist=0.00
2026-02-26 13:06:02,643 [INFO] Step 247000: reward=-0.010, dist=0.00
2026-02-26 13:07:03,908 [INFO] Step 247200: reward=-0.010, dist=0.00
2026-02-26 13:08:05,213 [INFO] Step 247400: reward=-0.010, dist=0.00
2026-02-26 13:09:06,549 [INFO] Step 247600: reward=-0.010, dist=0.00
2026-02-26 13:10:07,889 [INFO] Step 247800: reward=-0.010, dist=0.00
2026-02-26 13:10:35,198 [INFO] Performing PPO update at global step 1875968
2026-02-26 13:10:35,434 [INFO] PPO losses — policy: -0.0018, value: 0.0039, entropy: -0.7545
2026-02-26 13:10:35,438 [INFO] PPO update completed. Buffer cleared.
2026-02-26 13:11:09,494 [INFO] Step 248000: reward=-0.010, dist=0.00
2026-02-26 13:12:10,789 [INFO] Step 248200: reward=-0.010, dist=0.00
2026-02-26 13:13:12,086 [INFO] Step 248400: reward=-0.010, dist=0.00
2026-02-26 13:14:13,387 [INFO] Step 248600: reward=-0.010, dist=0.00
2026-02-26 13:15:14,702 [INFO] Step 248800: reward=-0.010, dist=0.00
2026-02-26 13:16:15,975 [INFO] Step 249000: reward=-0.010, dist=0.00
2026-02-26 13:17:17,304 [INFO] Step 249200: reward=-0.010, dist=0.00
2026-02-26 13:18:18,599 [INFO] Step 249400: reward=-0.010, dist=0.00
2026-02-26 13:19:19,874 [INFO] Step 249600: reward=-0.010, dist=0.00
2026-02-26 13:20:21,195 [INFO] Step 249800: reward=-0.010, dist=0.00
2026-02-26 13:21:03,231 [INFO] Performing PPO update at global step 1878016
2026-02-26 13:21:03,473 [INFO] PPO losses — policy: 0.0041, value: 0.0044, entropy: -0.8596
2026-02-26 13:21:03,478 [INFO] PPO update completed. Buffer cleared.
2026-02-26 13:21:22,781 [INFO] Step 250000: reward=-0.010, dist=0.00
2026-02-26 13:22:24,082 [INFO] Step 250200: reward=-0.010, dist=0.00
2026-02-26 13:23:25,373 [INFO] Step 250400: reward=-0.010, dist=0.00
2026-02-26 13:24:26,734 [INFO] Step 250600: reward=-0.010, dist=0.00
2026-02-26 13:25:28,063 [INFO] Step 250800: reward=-0.010, dist=0.00
2026-02-26 13:26:29,371 [INFO] Step 251000: reward=-0.010, dist=0.00
2026-02-26 13:27:30,773 [INFO] Step 251200: reward=-0.010, dist=0.00
2026-02-26 13:28:32,103 [INFO] Step 251400: reward=-0.010, dist=0.00
2026-02-26 13:29:33,449 [INFO] Step 251600: reward=-0.010, dist=0.00
2026-02-26 13:30:34,782 [INFO] Step 251800: reward=-0.010, dist=0.00
2026-02-26 13:31:11,870 [INFO] Policy action (normalized): v = +0.248, w = -0.083 | Cmd_vel (scaled): v = +0.248 m/s, w = -0.083 rad/s
2026-02-26 13:31:31,496 [INFO] Performing PPO update at global step 1880064
2026-02-26 13:31:31,736 [INFO] PPO losses — policy: 0.0006, value: 0.0040, entropy: -0.9676
2026-02-26 13:31:31,740 [INFO] PPO update completed. Buffer cleared.
2026-02-26 13:31:36,331 [INFO] Step 252000: reward=-0.010, dist=0.00
2026-02-26 13:32:37,642 [INFO] Step 252200: reward=-0.010, dist=0.00
2026-02-26 13:33:38,935 [INFO] Step 252400: reward=-0.010, dist=0.00
2026-02-26 13:34:40,217 [INFO] Step 252600: reward=-0.010, dist=0.00
2026-02-26 13:35:41,492 [INFO] Step 252800: reward=-0.010, dist=0.00
2026-02-26 13:36:42,770 [INFO] Step 253000: reward=-0.010, dist=0.00
2026-02-26 13:37:44,067 [INFO] Step 253200: reward=-0.010, dist=0.00
2026-02-26 13:38:45,412 [INFO] Step 253400: reward=-0.010, dist=0.00
2026-02-26 13:39:46,725 [INFO] Step 253600: reward=-0.010, dist=0.00
2026-02-26 13:40:48,023 [INFO] Step 253800: reward=-0.010, dist=0.00
2026-02-26 13:41:49,358 [INFO] Step 254000: reward=-0.010, dist=0.00
2026-02-26 13:41:59,492 [INFO] Performing PPO update at global step 1882112
2026-02-26 13:41:59,729 [INFO] PPO losses — policy: 0.0021, value: 0.0040, entropy: -1.0019
2026-02-26 13:41:59,733 [INFO] PPO update completed. Buffer cleared.
2026-02-26 13:42:51,006 [INFO] Step 254200: reward=-0.010, dist=0.00
2026-02-26 13:43:52,302 [INFO] Step 254400: reward=-0.010, dist=0.00
2026-02-26 13:44:53,679 [INFO] Step 254600: reward=-0.010, dist=0.00
2026-02-26 13:45:55,025 [INFO] Step 254800: reward=-0.010, dist=0.00
2026-02-26 13:46:56,355 [INFO] Step 255000: reward=-0.010, dist=0.00
2026-02-26 13:47:57,679 [INFO] Step 255200: reward=-0.010, dist=0.00
2026-02-26 13:48:58,998 [INFO] Step 255400: reward=-0.010, dist=0.00
2026-02-26 13:50:00,310 [INFO] Step 255600: reward=-0.010, dist=0.00
2026-02-26 13:51:01,722 [INFO] Step 255800: reward=-0.010, dist=0.00
2026-02-26 13:52:03,056 [INFO] Step 256000: reward=-0.010, dist=0.00
2026-02-26 13:52:27,889 [INFO] Performing PPO update at global step 1884160
2026-02-26 13:52:28,120 [INFO] PPO losses — policy: 0.0052, value: 0.0046, entropy: -1.0674
2026-02-26 13:52:28,124 [INFO] PPO update completed. Buffer cleared.
2026-02-26 13:53:04,627 [INFO] Step 256200: reward=-0.010, dist=0.00
2026-02-26 13:54:05,890 [INFO] Step 256400: reward=-0.010, dist=0.00
2026-02-26 13:55:07,239 [INFO] Step 256600: reward=-0.010, dist=0.00
2026-02-26 13:56:08,573 [INFO] Step 256800: reward=-0.010, dist=0.00
2026-02-26 13:57:09,886 [INFO] Step 257000: reward=-0.010, dist=0.00
2026-02-26 13:58:11,223 [INFO] Step 257200: reward=-0.010, dist=0.00
2026-02-26 13:59:12,534 [INFO] Step 257400: reward=-0.010, dist=0.00
2026-02-26 14:00:13,818 [INFO] Step 257600: reward=-0.010, dist=0.00
2026-02-26 14:01:15,153 [INFO] Step 257800: reward=-0.010, dist=0.00
2026-02-26 14:02:16,498 [INFO] Step 258000: reward=-0.010, dist=0.00
2026-02-26 14:02:56,057 [INFO] Performing PPO update at global step 1886208
2026-02-26 14:02:56,290 [INFO] PPO losses — policy: 0.0019, value: 0.0040, entropy: -1.0097
2026-02-26 14:02:56,295 [INFO] PPO update completed. Buffer cleared.
2026-02-26 14:03:18,036 [INFO] Step 258200: reward=-0.010, dist=0.00
2026-02-26 14:04:19,378 [INFO] Step 258400: reward=-0.010, dist=0.00
2026-02-26 14:05:20,671 [INFO] Step 258600: reward=-0.010, dist=0.00
2026-02-26 14:06:21,965 [INFO] Step 258800: reward=-0.010, dist=0.00
2026-02-26 14:07:23,303 [INFO] Step 259000: reward=-0.010, dist=0.00
2026-02-26 14:08:24,594 [INFO] Step 259200: reward=-0.010, dist=0.00
2026-02-26 14:09:25,958 [INFO] Step 259400: reward=-0.010, dist=0.00
2026-02-26 14:10:27,259 [INFO] Step 259600: reward=-0.010, dist=0.00
2026-02-26 14:11:28,547 [INFO] Step 259800: reward=-0.010, dist=0.00
2026-02-26 14:12:29,858 [INFO] Step 260000: reward=-0.010, dist=0.00
2026-02-26 14:13:24,160 [INFO] Performing PPO update at global step 1888256
2026-02-26 14:13:24,390 [INFO] PPO losses — policy: 0.0054, value: 0.0039, entropy: -1.0169
2026-02-26 14:13:24,394 [INFO] PPO update completed. Buffer cleared.
2026-02-26 14:13:31,435 [INFO] Step 260200: reward=-0.010, dist=0.00
2026-02-26 14:14:32,759 [INFO] Step 260400: reward=-0.010, dist=0.00
2026-02-26 14:15:34,028 [INFO] Step 260600: reward=-0.010, dist=0.00
2026-02-26 14:16:35,382 [INFO] Step 260800: reward=-0.010, dist=0.00
2026-02-26 14:17:36,714 [INFO] Step 261000: reward=-0.010, dist=0.00
2026-02-26 14:18:37,967 [INFO] Step 261200: reward=-0.010, dist=0.00
2026-02-26 14:19:39,240 [INFO] Step 261400: reward=-0.010, dist=0.00
2026-02-26 14:20:40,540 [INFO] Step 261600: reward=-0.010, dist=0.00
2026-02-26 14:21:41,856 [INFO] Step 261800: reward=-0.010, dist=0.00
2026-02-26 14:22:18,973 [INFO] Policy action (normalized): v = +0.431, w = +0.106 | Cmd_vel (scaled): v = +0.431 m/s, w = +0.106 rad/s
2026-02-26 14:22:43,202 [INFO] Step 262000: reward=-0.010, dist=0.00
2026-02-26 14:23:44,530 [INFO] Step 262200: reward=-0.010, dist=0.00
2026-02-26 14:23:52,209 [INFO] Performing PPO update at global step 1890304
2026-02-26 14:23:52,436 [INFO] PPO losses — policy: 0.0032, value: 0.0039, entropy: -0.9885
2026-02-26 14:23:52,440 [INFO] PPO update completed. Buffer cleared.
2026-02-26 14:24:46,132 [INFO] Step 262400: reward=-0.010, dist=0.00
